# https://github.com/mikedh/trimesh
mtllib material.mtl
usemtl material_0
v 0.00026419 0.00757339 0.04191781
v 0.00044031 0.00739726 0.04244618
v 0.00035225 0.00774951 0.04244618
v 0.00035225 0.00722113 0.04182974
v 0.00026419 0.00863014 0.04253425
v 0.00017613 0.00854207 0.04191781
v 0.00017613 0.00634051 0.03275929
v 0.00017613 0.00572407 0.03267123
v 0.00061644 0.00748532 0.04262231
v 0.00079256 0.00748532 0.04271037
v 0.00070450 0.00783757 0.04279843
v 0.00061644 0.00730920 0.04253425
v 0.00052838 0.00774951 0.04271037
v 0.00061644 0.00748532 0.04262231
v 0.00052838 0.00774951 0.04271037
v 0.00044031 0.00739726 0.04244618
v 0.00035225 0.00774951 0.04244618
v 0.00079256 0.00730920 0.04262231
v 0.00140900 0.00757339 0.04279843
v 0.00079256 0.00730920 0.04262231
v 0.00061644 0.00730920 0.04253425
v 0.00079256 0.00713307 0.04235812
v 0.00140900 0.00713307 0.04244618
v 0.00140900 0.00730920 0.04271037
v 0.00140900 0.00730920 0.04271037
v 0.00132094 0.00792564 0.04288650
v 0.00070450 0.00880626 0.04288650
v 0.00044031 0.00871820 0.04279843
v 0.00044031 0.00871820 0.04279843
v 0.00132094 0.00889432 0.04297456
v 0.00044031 0.00739726 0.04244618
v 0.00061644 0.00722113 0.04235812
v 0.00035225 0.00722113 0.04182974
v 0.00052838 0.00704501 0.04182974
v 0.00061644 0.00722113 0.04235812
v 0.00052838 0.00704501 0.04182974
v 0.00140900 0.00695695 0.04174168
v 0.00070450 0.00695695 0.04182974
v 0.01100783 0.00880626 0.04244618
v 0.01100783 0.00880626 0.04244618
v 0.01100783 0.00907045 0.04262231
v 0.01100783 0.00942270 0.04271037
v 0.01100783 0.00863014 0.04227006
v 0.00017613 0.03487280 0.04367906
v 0.00035225 0.03487280 0.04394325
v 0.00000000 0.03487280 0.04306262
v 0.00061644 0.03478473 0.04411937
v 0.00035225 0.03487280 0.04394325
v 0.00123288 0.03478473 0.04429550
v 0.01100783 0.00995108 0.04279843
v 0.00044031 0.00519569 0.03267123
v 0.00140900 0.00510763 0.03275929
v 0.00070450 0.00510763 0.03267123
v 0.00026419 0.00537182 0.03267123
v 0.00044031 0.00519569 0.03267123
v 0.00343444 0.00695695 0.03962818
v 0.00440313 0.00730920 0.04050881
v 0.00255382 0.00660470 0.03865949
v 0.01100783 0.00845401 0.04156556
v 0.00343444 0.00695695 0.03962818
v 0.00343444 0.00748532 0.03962818
v 0.00431507 0.00766145 0.04006849
v 0.00299413 0.00722113 0.03865949
v 0.00343444 0.00748532 0.03962818
v 0.00343444 0.00695695 0.03962818
v 0.00457926 0.00730920 0.04015655
v 0.00457926 0.00730920 0.04015655
v 0.00290607 0.00669276 0.03848336
v 0.00290607 0.00669276 0.03848336
v 0.00352250 0.01039139 0.03954012
v 0.00308219 0.01012720 0.03857143
v 0.00352250 0.01039139 0.03954012
v 0.01100783 0.00810176 0.04006849
v 0.01100783 0.00827789 0.04059687
v 0.01047945 0.00863014 0.04006849
v 0.00440313 0.01065558 0.03998043
v 0.01100783 0.00810176 0.04006849
v 0.00228963 0.03372798 0.04147749
v 0.00228963 0.03372798 0.04147749
v 0.01091977 0.01144814 0.03998043
v 0.01118395 0.01197652 0.03989237
v 0.01276908 0.03381605 0.04042074
v 0.00281801 0.00537182 0.03302348
v 0.00211350 0.00519569 0.03284736
v 0.00281801 0.00572407 0.03337573
v 0.00281801 0.00537182 0.03302348
v 0.00290607 0.00871820 0.03284736
v 0.00299413 0.00907045 0.03258317
v 0.00035225 0.00325832 0.02219178
v 0.00026419 0.00361057 0.02219178
v 0.00079256 0.00290607 0.02227984
v 0.00052838 0.00308219 0.02219178
v 0.00052838 0.00308219 0.02219178
v 0.00149707 0.00299413 0.02227984
v 0.00228963 0.00299413 0.02227984
v 0.00281801 0.00537182 0.03302348
v 0.00308219 0.00537182 0.03267123
v 0.00325832 0.00590020 0.03275929
v 0.00308219 0.00317025 0.02227984
v 0.00308219 0.00537182 0.03267123
v 0.00343444 0.00880626 0.03258317
v 0.00343444 0.00880626 0.03258317
v 0.00290607 0.00871820 0.03284736
v 0.00281801 0.00537182 0.03302348
v 0.00281801 0.00308219 0.02227984
v 0.00308219 0.00537182 0.03267123
v 0.00272994 0.00572407 0.03214286
v 0.00325832 0.00590020 0.03275929
v 0.00325832 0.00325832 0.02236791
v 0.00272994 0.00572407 0.03214286
v 0.00308219 0.00537182 0.03267123
v 0.00325832 0.00325832 0.02236791
v 0.00026419 0.00413894 0.02210372
v 0.00008806 0.03601761 0.02210372
v 0.00290607 0.00854207 0.03231898
v 0.00299413 0.00642857 0.02210372
v 0.00281801 0.00387476 0.02272016
v 0.00281801 0.00387476 0.02272016
v 0.00325832 0.00590020 0.03275929
v 0.00290607 0.00854207 0.03231898
v 0.00343444 0.00880626 0.03258317
v 0.00299413 0.00907045 0.03258317
v 0.00325832 0.00933464 0.03258317
v 0.00290607 0.00854207 0.03231898
v 0.00299413 0.00907045 0.03258317
v 0.00325832 0.00704501 0.02201565
v 0.00325832 0.00933464 0.03258317
v 0.00237769 0.03478473 0.02201565
v 0.00325832 0.00933464 0.03258317
v 0.00035225 0.00167319 0.01162427
v 0.00035225 0.00228963 0.01144814
v 0.00052838 0.00132094 0.01171233
v 0.00088063 0.00105675 0.01171233
v 0.00061644 0.00114481 0.01171233
v 0.00061644 0.00114481 0.01171233
v 0.00158513 0.00096869 0.01171233
v 0.00220157 0.00096869 0.01171233
v 0.00317026 0.00096869 0.01153620
v 0.00334638 0.00114481 0.01197652
v 0.00343444 0.00343444 0.02227984
v 0.00325832 0.00325832 0.02236791
v 0.00308219 0.00317025 0.02227984
v 0.00308219 0.00317025 0.02227984
v 0.00325832 0.00317025 0.02219178
v 0.00343444 0.00343444 0.02227984
v 0.00325832 0.00317025 0.02219178
v 0.00281801 0.00387476 0.02272016
v 0.00325832 0.00325832 0.02236791
v 0.00299413 0.00642857 0.02210372
v 0.00325832 0.00325832 0.02236791
v 0.00343444 0.00343444 0.02227984
v 0.00299413 0.00642857 0.02210372
v 0.00299413 0.00563601 0.02201565
v 0.00343444 0.00343444 0.02227984
v 0.00325832 0.00317025 0.02219178
v 0.00325832 0.00317025 0.02219178
v 0.00281801 0.00361057 0.02157534
v 0.00299413 0.00563601 0.02201565
v 0.00334638 0.00114481 0.01197652
v 0.00281801 0.00361057 0.02157534
v 0.00325832 0.00317025 0.02219178
v 0.00343444 0.00590020 0.02201565
v 0.00343444 0.00590020 0.02201565
v 0.02183953 0.01074364 0.04244618
v 0.02183953 0.01056752 0.04227006
v 0.02183953 0.01056752 0.04227006
v 0.02183953 0.01074364 0.04244618
v 0.01100783 0.00907045 0.04262231
v 0.02183953 0.01109589 0.04253425
v 0.02183953 0.01030333 0.04200587
v 0.02183953 0.01162427 0.04262231
v 0.02192759 0.01012720 0.04024462
v 0.02183953 0.01021527 0.04138943
v 0.01109589 0.00854208 0.03962818
v 0.01118395 0.00810176 0.03980430
v 0.01100783 0.00810176 0.04006849
v 0.01100783 0.00810176 0.04006849
v 0.01118395 0.00810176 0.03980430
v 0.02113503 0.00968689 0.03945205
v 0.01091977 0.01144814 0.03998043
v 0.01109589 0.00854208 0.03962818
v 0.01100783 0.00810176 0.04006849
v 0.01100783 0.00810176 0.04006849
v 0.02113503 0.00968689 0.03945205
v 0.02148728 0.00986301 0.03945205
v 0.02148728 0.00986301 0.03945205
v 0.01118395 0.00810176 0.03980430
v 0.01109589 0.00854208 0.03962818
v 0.01118395 0.01153620 0.03945205
v 0.01118395 0.00810176 0.03980430
v 0.01162427 0.00880626 0.04006849
v 0.02175147 0.01056752 0.03936399
v 0.01136008 0.01162427 0.03998043
v 0.02148728 0.00986301 0.03945205
v 0.02113503 0.00968689 0.03945205
v 0.01136008 0.01162427 0.03998043
v 0.01118395 0.01153620 0.03945205
v 0.03275930 0.01224071 0.04209393
v 0.03275930 0.01206458 0.04182974
v 0.03275930 0.01250489 0.04227006
v 0.03275930 0.01224071 0.04209393
v 0.03275930 0.01285714 0.04235812
v 0.03275930 0.01197652 0.04121331
v 0.02175147 0.00995108 0.03962818
v 0.03293542 0.01188846 0.03980430
v 0.03293542 0.01206458 0.04033268
v 0.02192759 0.01003914 0.03980430
v 0.02175147 0.00995108 0.03962818
v 0.02201566 0.01206458 0.03989237
v 0.03267123 0.01171233 0.03927593
v 0.02175147 0.00995108 0.03962818
v 0.02192759 0.01003914 0.03980430
v 0.02192759 0.01003914 0.03980430
v 0.02201566 0.01206458 0.03989237
v 0.03267123 0.01171233 0.03927593
v 0.02175147 0.01056752 0.03936399
v 0.02148728 0.00986301 0.03945205
v 0.02192759 0.01268102 0.03945205
v 0.03267123 0.01171233 0.03927593
v 0.03205479 0.01153621 0.03945205
v 0.02175147 0.00995108 0.03962818
v 0.03205479 0.01153621 0.03945205
v 0.02175147 0.01356164 0.04006849
v 0.02175147 0.01056752 0.03936399
v 0.02175147 0.01356164 0.04006849
v 0.02192759 0.01268102 0.03945205
v 0.01091977 0.01144814 0.03998043
v 0.01118395 0.01197652 0.03989237
v 0.01127202 0.01206458 0.03980430
v 0.01118395 0.01153620 0.03945205
v 0.01127202 0.01206458 0.03980430
v 0.01118395 0.01197652 0.03989237
v 0.01136008 0.01162427 0.03998043
v 0.01127202 0.01206458 0.03980430
v 0.01461839 0.03363992 0.04042074
v 0.04306262 0.03082192 0.04297456
v 0.03284736 0.01338552 0.04235812
v 0.02201566 0.01364971 0.03962818
v 0.02210372 0.01373777 0.04006849
v 0.02210372 0.01373777 0.04006849
v 0.03275929 0.01593934 0.04050881
v 0.03258317 0.01232877 0.03945205
v 0.02201566 0.01364971 0.03962818
v 0.02192759 0.01268102 0.03945205
v 0.02175147 0.01356164 0.04006849
v 0.02183953 0.01409002 0.03980430
v 0.02201566 0.01364971 0.03962818
v 0.02175147 0.01356164 0.04006849
v 0.02201566 0.01409002 0.03998043
v 0.02183953 0.01409002 0.03980430
v 0.02175147 0.01356164 0.04006849
v 0.02201566 0.01409002 0.03998043
v 0.02219178 0.01417808 0.03980430
v 0.02210372 0.01373777 0.04006849
v 0.02219178 0.01417808 0.03980430
v 0.03302348 0.01637965 0.04042074
v 0.03302348 0.01637965 0.04042074
v 0.02201566 0.01364971 0.03962818
v 0.02183953 0.01409002 0.03980430
v 0.02201566 0.01409002 0.03998043
v 0.02201566 0.01364971 0.03962818
v 0.02201566 0.01409002 0.03998043
v 0.02219178 0.01417808 0.03980430
v 0.02192759 0.01268102 0.03143836
v 0.02201566 0.01259296 0.03126223
v 0.02201566 0.01409002 0.03998043
v 0.02219178 0.01268102 0.03126223
v 0.01805284 0.03372798 0.03258317
v 0.02192759 0.01268102 0.03143836
v 0.02201566 0.01409002 0.03998043
v 0.01461839 0.03363992 0.04042074
v 0.02219178 0.01417808 0.03980430
v 0.01312133 0.00951076 0.03055773
v 0.01312133 0.01065558 0.03117417
v 0.01268102 0.01047945 0.03099804
v 0.01268102 0.01047945 0.03099804
v 0.01312133 0.01065558 0.03117417
v 0.02201566 0.00942270 0.02192759
v 0.01250489 0.01039139 0.03046967
v 0.01312133 0.00951076 0.03055773
v 0.01268102 0.01047945 0.03099804
v 0.01250489 0.01039139 0.03046967
v 0.01382583 0.00968689 0.03090998
v 0.02201566 0.01232877 0.03108610
v 0.01312133 0.01065558 0.03117417
v 0.02201566 0.01232877 0.03108610
v 0.02192759 0.01268102 0.03143836
v 0.02192759 0.01268102 0.03143836
v 0.01347358 0.00863014 0.03020548
v 0.01285714 0.00924658 0.02985323
v 0.01320939 0.00836595 0.02941291
v 0.01285714 0.00757339 0.02236791
v 0.01391389 0.00792564 0.02994129
v 0.01382583 0.00774951 0.02923679
v 0.01391389 0.00792564 0.02994129
v 0.01320939 0.00836595 0.02941291
v 0.01303327 0.00528376 0.02245597
v 0.01303327 0.00528376 0.02245597
v 0.01268102 0.00863014 0.02183953
v 0.01347358 0.00863014 0.03020548
v 0.01426615 0.00880626 0.03055773
v 0.01391389 0.00792564 0.02994129
v 0.01250489 0.00889433 0.02192759
v 0.01250489 0.00889433 0.02192759
v 0.02157534 0.01091977 0.03090998
v 0.02166341 0.00695695 0.02324853
v 0.01461840 0.00801370 0.03002935
v 0.01461840 0.00801370 0.03002935
v 0.02104697 0.00660470 0.02254403
v 0.02166341 0.00871820 0.03082192
v 0.02166341 0.00871820 0.03082192
v 0.01285714 0.00537182 0.02219178
v 0.01294521 0.00519570 0.02219178
v 0.01294521 0.00519570 0.02219178
v 0.01285714 0.00537182 0.02219178
v 0.01276908 0.00642857 0.02201565
v 0.02104697 0.00660470 0.02227984
v 0.01294521 0.00519570 0.02219178
v 0.02104697 0.00651664 0.02192759
v 0.01276908 0.00642857 0.02201565
v 0.01294521 0.00510763 0.02201565
v 0.01294521 0.00519570 0.02219178
v 0.01294521 0.00510763 0.02201565
v 0.01241683 0.00722114 0.02192759
v 0.01268102 0.00863014 0.02183953
v 0.01241683 0.00722114 0.02192759
v 0.01285714 0.00537182 0.02219178
v 0.02192759 0.00871820 0.03090998
v 0.02192759 0.00898239 0.03090998
v 0.02192759 0.00695695 0.02316047
v 0.02192759 0.00871820 0.03090998
v 0.02210372 0.00880626 0.03082192
v 0.02227984 0.00704501 0.02324853
v 0.02210372 0.00880626 0.03082192
v 0.02192759 0.01012720 0.03108610
v 0.02192759 0.01012720 0.03108610
v 0.02201566 0.01100783 0.03143836
v 0.02192759 0.00898239 0.03090998
v 0.02192759 0.00898239 0.03090998
v 0.02201566 0.01100783 0.03143836
v 0.02201566 0.01232877 0.03108610
v 0.02985323 0.01180039 0.03038160
v 0.02950098 0.01091977 0.02976517
v 0.02210372 0.00880626 0.03082192
v 0.02950098 0.01091977 0.02976517
v 0.02985323 0.01180039 0.03038160
v 0.02210372 0.01232877 0.03135029
v 0.02210372 0.01232877 0.03135029
v 0.02236791 0.01109589 0.03090998
v 0.02210372 0.01232877 0.03135029
v 0.02192759 0.01012720 0.03108610
v 0.03038160 0.01276908 0.03082192
v 0.02236791 0.01109589 0.03090998
v 0.02139922 0.00660470 0.02227984
v 0.02139922 0.00669276 0.02263209
v 0.02166341 0.00678082 0.02254403
v 0.02166341 0.00686889 0.02280822
v 0.02166341 0.00669276 0.02219178
v 0.02139922 0.00660470 0.02192759
v 0.02201566 0.00695695 0.02280822
v 0.02201566 0.00686889 0.02254403
v 0.02201566 0.00678082 0.02219178
v 0.02201566 0.00669276 0.02192759
v 0.02166341 0.00669276 0.02192759
v 0.02227984 0.00695695 0.02289628
v 0.02227984 0.00695695 0.02254403
v 0.02227984 0.00678082 0.02183953
v 0.02254403 0.00686889 0.02219178
v 0.02201566 0.01259296 0.03126223
v 0.02219178 0.01268102 0.03126223
v 0.02201566 0.01259296 0.03126223
v 0.02210372 0.01232877 0.03135029
v 0.02236791 0.01109589 0.03090998
v 0.02201566 0.01232877 0.03108610
v 0.02210372 0.01232877 0.03135029
v 0.02192759 0.01268102 0.03143836
v 0.02201566 0.01232877 0.03108610
v 0.02201566 0.01259296 0.03126223
v 0.02201566 0.01259296 0.03126223
v 0.03099804 0.01409002 0.03126223
v 0.02201566 0.00942270 0.02192759
v 0.03099804 0.01409002 0.03126223
v 0.02201566 0.00942270 0.02192759
v 0.02201566 0.01259296 0.03126223
v 0.01805284 0.03372798 0.03258317
v 0.01021526 0.03478474 0.02747554
v 0.02192759 0.01268102 0.03143836
v 0.00519569 0.03487280 0.03152642
v 0.00607632 0.03434442 0.03777886
v 0.00228963 0.03372798 0.04147749
v 0.01276908 0.03381605 0.04042074
v 0.00237769 0.03478473 0.02201565
v 0.00017613 0.03487280 0.04367906
v 0.00035225 0.03487280 0.04394325
v 0.00052838 0.03610567 0.04385518
v 0.00035225 0.03619374 0.04359100
v 0.00035225 0.03619374 0.04359100
v 0.00070450 0.03619374 0.04403131
v 0.00070450 0.03619374 0.04403131
v 0.00061644 0.03645792 0.04376712
v 0.00079256 0.03645792 0.04394325
v 0.00132094 0.03610567 0.04411937
v 0.00079256 0.03645792 0.04394325
v 0.00061644 0.03654599 0.04367906
v 0.00044031 0.03645792 0.04359100
v 0.00061644 0.03663405 0.04350293
v 0.00088063 0.03663405 0.04376712
v 0.00079256 0.03672211 0.04350293
v 0.00044031 0.03645792 0.04359100
v 0.00017613 0.03619374 0.04297456
v 0.00035225 0.03654599 0.04297456
v 0.00035225 0.03654599 0.04297456
v 0.00140900 0.03645792 0.04403131
v 0.00140900 0.03645792 0.04403131
v 0.00017613 0.03733855 0.02210372
v 0.00052838 0.03672211 0.04297456
v 0.00035225 0.03769080 0.02210372
v 0.00035225 0.03769080 0.02210372
v 0.04306262 0.03205480 0.04288650
v 0.04315068 0.03240705 0.04279843
v 0.00140900 0.03663405 0.04385518
v 0.04315068 0.03258317 0.04271037
v 0.04315068 0.03258317 0.04271037
v 0.00061644 0.03663405 0.04350293
v 0.00079256 0.03672211 0.04350293
v 0.00052838 0.03672211 0.04297456
v 0.00140900 0.03681018 0.04359100
v 0.00088063 0.03663405 0.04376712
v 0.00140900 0.03681018 0.04359100
v 0.00079256 0.03681018 0.04297456
v 0.00140900 0.03689824 0.04297456
v 0.00052838 0.03786693 0.02210372
v 0.00052838 0.03786693 0.02210372
v 0.00079256 0.03804305 0.02210372
v 0.04315068 0.03275930 0.04244618
v 0.00140900 0.03663405 0.04385518
v 0.04315068 0.03258317 0.04271037
v 0.04315068 0.03293542 0.04174168
v 0.00510763 0.03742661 0.03804305
v 0.00405088 0.03769080 0.03557730
v 0.00616438 0.03725049 0.03909980
v 0.00396282 0.03795499 0.03267123
v 0.00722113 0.03707436 0.03998043
v 0.00863014 0.03689824 0.04050881
v 0.00995108 0.03681018 0.04103718
v 0.01276908 0.03654599 0.04094912
v 0.00140900 0.03804305 0.02210372
v 0.03214286 0.03452055 0.04015655
v 0.00510763 0.03742661 0.03804305
v 0.00475538 0.03769080 0.03689824
v 0.00405088 0.03769080 0.03557730
v 0.00537182 0.03751468 0.03804305
v 0.00475538 0.03769080 0.03689824
v 0.00510763 0.03742661 0.03804305
v 0.00510763 0.03742661 0.03804305
v 0.00616438 0.03725049 0.03909980
v 0.00537182 0.03751468 0.03804305
v 0.00440313 0.03777886 0.03557730
v 0.00475538 0.03769080 0.03689824
v 0.00484344 0.03760274 0.03672211
v 0.00545988 0.03742661 0.03786693
v 0.00484344 0.03760274 0.03672211
v 0.00493151 0.03769080 0.03681018
v 0.00440313 0.03777886 0.03557730
v 0.00554795 0.03760274 0.03786693
v 0.00545988 0.03742661 0.03786693
v 0.00440313 0.03777886 0.03557730
v 0.00475538 0.03769080 0.03689824
v 0.00537182 0.03751468 0.03804305
v 0.00501957 0.03786693 0.03672211
v 0.00563601 0.03769080 0.03777886
v 0.00510763 0.03804305 0.03663405
v 0.00475538 0.03821918 0.03548924
v 0.00563601 0.03795499 0.03777886
v 0.00457925 0.03795499 0.03548924
v 0.00501957 0.03786693 0.03672211
v 0.00563601 0.03769080 0.03777886
v 0.00563601 0.03795499 0.03777886
v 0.00484344 0.04271037 0.03575342
v 0.00475538 0.03821918 0.03548924
v 0.00510763 0.03804305 0.03663405
v 0.00519569 0.04253425 0.03698630
v 0.00563601 0.03795499 0.03777886
v 0.00413894 0.03786693 0.03416830
v 0.00431507 0.03795499 0.03425636
v 0.00440313 0.03777886 0.03557730
v 0.00413894 0.03786693 0.03434442
v 0.00413894 0.03786693 0.03416830
v 0.00431507 0.03795499 0.03425636
v 0.00413894 0.03786693 0.03434442
v 0.00484344 0.03663405 0.03566536
v 0.00466732 0.03672211 0.03434442
v 0.00475538 0.03645792 0.03284736
v 0.00519569 0.03487280 0.03152642
v 0.00466732 0.03672211 0.03434442
v 0.00484344 0.03663405 0.03566536
v 0.00528376 0.03645792 0.03681018
v 0.00607632 0.03434442 0.03777886
v 0.00484344 0.03663405 0.03566536
v 0.00607632 0.03434442 0.03777886
v 0.00475538 0.03645792 0.03284736
v 0.00528376 0.03645792 0.03681018
v 0.00484344 0.03663405 0.03566536
v 0.00457925 0.03795499 0.03548924
v 0.00449119 0.03804305 0.03425636
v 0.00449119 0.03804305 0.03425636
v 0.00457925 0.03795499 0.03548924
v 0.00457925 0.03830724 0.03425636
v 0.00422700 0.03804305 0.03302348
v 0.00413894 0.03786693 0.03416830
v 0.00413894 0.03786693 0.03434442
v 0.00422700 0.03804305 0.03302348
v 0.00422700 0.03804305 0.03275929
v 0.00422700 0.03804305 0.03275929
v 0.00440313 0.03804305 0.03293542
v 0.00475538 0.03645792 0.03284736
v 0.00457925 0.03821918 0.03293542
v 0.00457925 0.03821918 0.03293542
v 0.00440313 0.03804305 0.03293542
v 0.00449119 0.03804305 0.03425636
v 0.00466732 0.04279843 0.03452055
v 0.00475538 0.04288650 0.03328767
v 0.00466732 0.03839530 0.03293542
v 0.00528376 0.04288650 0.03698630
v 0.00581213 0.04244618 0.03804305
v 0.00581213 0.04279843 0.03804305
v 0.00484344 0.04306262 0.03584149
v 0.00501957 0.04332681 0.03584149
v 0.00475538 0.04315068 0.03460861
v 0.00537182 0.04315068 0.03698630
v 0.00501957 0.04332681 0.03584149
v 0.00484344 0.04306262 0.03584149
v 0.00537182 0.04315068 0.03698630
v 0.00519569 0.04350293 0.03575342
v 0.00510763 0.04367906 0.03460861
v 0.00484344 0.04341487 0.03460861
v 0.00484344 0.04341487 0.03460861
v 0.00545988 0.04367906 0.03575342
v 0.00554794 0.04341487 0.03689824
v 0.00581213 0.04359100 0.03681018
v 0.00484344 0.04323875 0.03328767
v 0.00484344 0.04341487 0.03460861
v 0.00510763 0.04367906 0.03460861
v 0.00501957 0.04350293 0.03337573
v 0.00484344 0.04323875 0.03328767
v 0.00537182 0.04376712 0.03469667
v 0.00519569 0.04376712 0.03346380
v 0.00510763 0.04367906 0.03460861
v 0.00510763 0.04367906 0.03460861
v 0.00519569 0.04376712 0.03346380
v 0.00501957 0.04350293 0.03337573
v 0.00545988 0.04367906 0.03575342
v 0.00545988 0.04385518 0.03355186
v 0.00581213 0.04394325 0.03231898
v 0.00554794 0.04385518 0.03214286
v 0.00519569 0.04376712 0.03346380
v 0.00554794 0.04385518 0.03214286
v 0.00528376 0.03645792 0.03681018
v 0.00889432 0.03601761 0.04024462
v 0.00766145 0.03610568 0.03962818
v 0.00766145 0.03610568 0.03962818
v 0.00889432 0.03601761 0.04024462
v 0.01276908 0.03381605 0.04042074
v 0.00766145 0.03610568 0.03962818
v 0.00660470 0.03628180 0.03883562
v 0.01276908 0.03381605 0.04042074
v 0.00607632 0.03434442 0.03777886
v 0.00766145 0.03610568 0.03962818
v 0.00660470 0.03628180 0.03883562
v 0.00722113 0.03707436 0.03998043
v 0.00625245 0.03733855 0.03909980
v 0.00739726 0.03725049 0.03989237
v 0.00739726 0.03725049 0.03989237
v 0.00730920 0.03716243 0.03980430
v 0.00625245 0.03733855 0.03909980
v 0.00625245 0.03733855 0.03909980
v 0.00730920 0.03716243 0.03980430
v 0.00625245 0.03733855 0.03892368
v 0.00537182 0.03751468 0.03804305
v 0.00863014 0.03689824 0.04050881
v 0.00863014 0.03707436 0.04024462
v 0.00863014 0.03707436 0.04024462
v 0.00739726 0.03725049 0.03962818
v 0.00730920 0.03716243 0.03980430
v 0.00642857 0.03742661 0.03883562
v 0.00642857 0.03742661 0.03883562
v 0.00625245 0.03733855 0.03892368
v 0.00730920 0.03716243 0.03980430
v 0.00863014 0.03707436 0.04042074
v 0.00739726 0.03725049 0.03989237
v 0.00863014 0.03707436 0.04042074
v 0.00863014 0.03707436 0.04024462
v 0.00863014 0.03707436 0.04024462
v 0.00748532 0.03742661 0.03954012
v 0.00739726 0.03725049 0.03962818
v 0.00642857 0.03760274 0.03874755
v 0.00642857 0.03742661 0.03883562
v 0.00880626 0.03751468 0.04006849
v 0.00757339 0.03769080 0.03945205
v 0.00871820 0.03733855 0.04015655
v 0.00757339 0.03769080 0.03945205
v 0.00880626 0.03751468 0.04006849
v 0.00766145 0.04218200 0.03980430
v 0.00660470 0.04235812 0.03901174
v 0.00651663 0.03777886 0.03865949
v 0.00651663 0.03777886 0.03865949
v 0.00889432 0.03601761 0.04024462
v 0.01012720 0.03584149 0.04059687
v 0.01391389 0.03557730 0.04015655
v 0.01012720 0.03584149 0.04059687
v 0.01144814 0.03575342 0.04068493
v 0.01144814 0.03575342 0.04068493
v 0.00995108 0.03689824 0.04086106
v 0.00995108 0.03689824 0.04086106
v 0.00995108 0.03689824 0.04077299
v 0.01003914 0.03698630 0.04059687
v 0.00871820 0.03733855 0.04015655
v 0.00863014 0.03707436 0.04024462
v 0.01003914 0.03698630 0.04059687
v 0.01003914 0.03742661 0.04042074
v 0.01003914 0.03716243 0.04050881
v 0.01003914 0.03742661 0.04042074
v 0.00889432 0.04209393 0.04042074
v 0.01136008 0.03681018 0.04094912
v 0.00995108 0.03681018 0.04103718
v 0.01276908 0.03654599 0.04094912
v 0.01136008 0.03681018 0.04094912
v 0.01136008 0.03681018 0.04077299
v 0.01136008 0.03681018 0.04077299
v 0.01136008 0.03725049 0.04050881
v 0.01136008 0.03707436 0.04059687
v 0.01021526 0.04191781 0.04077299
v 0.00774951 0.04253425 0.03980430
v 0.00766145 0.04218200 0.03980430
v 0.00774951 0.04253425 0.03980430
v 0.00669276 0.04262231 0.03901174
v 0.00660470 0.04235812 0.03901174
v 0.00898239 0.04244618 0.04042074
v 0.00783757 0.04279843 0.03971624
v 0.00678082 0.04288650 0.03901174
v 0.00898239 0.04244618 0.04042074
v 0.00907045 0.04297456 0.04015655
v 0.00792563 0.04306262 0.03954012
v 0.00686888 0.04315068 0.03883562
v 0.00898239 0.04271037 0.04024462
v 0.00924657 0.04315068 0.03989237
v 0.00810176 0.04323875 0.03936399
v 0.00704501 0.04332681 0.03874755
v 0.01021526 0.04227006 0.04077299
v 0.01153620 0.04218200 0.04077299
v 0.01153620 0.04182975 0.04086106
v 0.00924657 0.04315068 0.03989237
v 0.00827788 0.04332681 0.03909980
v 0.00810176 0.04323875 0.03936399
v 0.00722113 0.04341487 0.03857143
v 0.00704501 0.04332681 0.03874755
v 0.00933464 0.04323875 0.03962818
v 0.00959882 0.04332681 0.03918787
v 0.00863014 0.04341487 0.03874755
v 0.01021526 0.04227006 0.04077299
v 0.01030333 0.04262231 0.04059687
v 0.00907045 0.04297456 0.04015655
v 0.00898239 0.04271037 0.04024462
v 0.01030333 0.04262231 0.04059687
v 0.01030333 0.04279843 0.04050881
v 0.01030333 0.04279843 0.04050881
v 0.01039139 0.04306262 0.04015655
v 0.01039139 0.04306262 0.04015655
v 0.01056751 0.04315068 0.03945205
v 0.01047945 0.04315068 0.03998043
v 0.01153620 0.04253425 0.04068493
v 0.01153620 0.04279843 0.04050881
v 0.01153620 0.04297456 0.04024462
v 0.01153620 0.04279843 0.04050881
v 0.01153620 0.04350294 0.03443248
v 0.01153620 0.04297456 0.04024462
v 0.01153620 0.04315068 0.03954012
v 0.01153620 0.04306262 0.03971624
v 0.00581213 0.03636986 0.03795499
v 0.00581213 0.03636986 0.03795499
v 0.00528376 0.03645792 0.03681018
v 0.00475538 0.03645792 0.03284736
v 0.00510763 0.03698630 0.03135029
v 0.00510763 0.03698630 0.03135029
v 0.01787671 0.03548924 0.03267123
v 0.00625245 0.03733855 0.03892368
v 0.00545988 0.03742661 0.03786693
v 0.00625245 0.03733855 0.03892368
v 0.00642857 0.03742661 0.03883562
v 0.00642857 0.03760274 0.03874755
v 0.00581213 0.04244618 0.03804305
v 0.00660470 0.04235812 0.03901174
v 0.00581213 0.04244618 0.03804305
v 0.00651663 0.03777886 0.03865949
v 0.00581213 0.04279843 0.03804305
v 0.00581213 0.04244618 0.03804305
v 0.00598826 0.04306262 0.03804305
v 0.00528376 0.04288650 0.03698630
v 0.00607632 0.04332681 0.03795499
v 0.00607632 0.04332681 0.03795499
v 0.00634051 0.04341487 0.03786693
v 0.00554794 0.04341487 0.03689824
v 0.00651663 0.04350293 0.03769080
v 0.00581213 0.04359100 0.03681018
v 0.00634051 0.04341487 0.03786693
v 0.00607632 0.04367906 0.03663405
v 0.00695695 0.04359100 0.03742661
v 0.00766145 0.04350294 0.03821918
v 0.00669276 0.04367906 0.03645792
v 0.00581213 0.04376712 0.03566536
v 0.00634051 0.04376712 0.03548924
v 0.00563601 0.04385518 0.03469667
v 0.00625244 0.04385518 0.03460861
v 0.00572407 0.04394325 0.03363992
v 0.00607632 0.04403131 0.03240704
v 0.00625244 0.04394325 0.03355186
v 0.00651663 0.04403131 0.03258317
v 0.00475538 0.03645792 0.03284736
v 0.00519569 0.03487280 0.03152642
v 0.00510763 0.03698630 0.03135029
v 0.00572407 0.03698630 0.03020548
v 0.00660470 0.03689824 0.02914873
v 0.00766145 0.03689824 0.02826810
v 0.00766145 0.03689824 0.02826810
v 0.00449119 0.03795499 0.03143836
v 0.00457925 0.03813111 0.03152642
v 0.00457925 0.03813111 0.03152642
v 0.00449119 0.03795499 0.03143836
v 0.00422700 0.03804305 0.03275929
v 0.00440313 0.03804305 0.03293542
v 0.00457925 0.03821918 0.03293542
v 0.00484344 0.03813111 0.03152642
v 0.00484344 0.03813111 0.03152642
v 0.00466732 0.03839530 0.03293542
v 0.00493151 0.03821918 0.03161448
v 0.00501957 0.03848336 0.03161448
v 0.00493151 0.03821918 0.03161448
v 0.00510763 0.04297456 0.03196673
v 0.00528376 0.03813111 0.03002935
v 0.00528376 0.03813111 0.03002935
v 0.00510763 0.03804305 0.02994129
v 0.00572407 0.03698630 0.03020548
v 0.00660470 0.03689824 0.02914873
v 0.00766145 0.03689824 0.02826810
v 0.00889432 0.03672211 0.02765166
v 0.00545988 0.03821918 0.03011742
v 0.00545988 0.03821918 0.03011742
v 0.00501957 0.03848336 0.03161448
v 0.00554794 0.03830724 0.03020548
v 0.00581213 0.04306262 0.03064579
v 0.00572407 0.03857143 0.03038160
v 0.00572407 0.03857143 0.03038160
v 0.00616438 0.03804305 0.02879648
v 0.00519569 0.04332681 0.03196673
v 0.00519569 0.04332681 0.03196673
v 0.00537182 0.04359100 0.03205479
v 0.00510763 0.04297456 0.03196673
v 0.00581213 0.04306262 0.03064579
v 0.00590019 0.04332681 0.03073385
v 0.00625244 0.03821918 0.02897260
v 0.00528376 0.03813111 0.03002935
v 0.00625244 0.03821918 0.02897260
v 0.00642857 0.03813111 0.02879648
v 0.00642857 0.03813111 0.02879648
v 0.00642857 0.03821918 0.02906066
v 0.00642857 0.03821918 0.02906066
v 0.00660470 0.03830724 0.02923679
v 0.00554794 0.03830724 0.03020548
v 0.00660470 0.03830724 0.02923679
v 0.00660470 0.03857143 0.02923679
v 0.00669276 0.04306262 0.02958904
v 0.00757338 0.03830724 0.02835616
v 0.00757338 0.03821918 0.02818004
v 0.00757338 0.03821918 0.02818004
v 0.00766145 0.03857143 0.02844423
v 0.00774951 0.04306262 0.02870841
v 0.00739726 0.03813112 0.02800391
v 0.00739726 0.03813112 0.02800391
v 0.00722113 0.03804305 0.02782779
v 0.00748532 0.03813112 0.02791585
v 0.00766145 0.03689824 0.02826810
v 0.01021526 0.03478474 0.02747554
v 0.00889432 0.03672211 0.02765166
v 0.01021526 0.03478474 0.02747554
v 0.00995107 0.03804305 0.02677104
v 0.00871820 0.03813112 0.02756360
v 0.00757338 0.03830724 0.02835616
v 0.00880626 0.03821918 0.02773973
v 0.00880626 0.03821918 0.02773973
v 0.00863014 0.03813112 0.02738747
v 0.00889432 0.04306262 0.02809198
v 0.00889432 0.03848337 0.02782779
v 0.00766145 0.03857143 0.02844423
v 0.00889432 0.03848337 0.02782779
v 0.00774951 0.04306262 0.02870841
v 0.00748532 0.03813112 0.02791585
v 0.00863014 0.03813112 0.02738747
v 0.00880626 0.03804305 0.02729941
v 0.00748532 0.03813112 0.02791585
v 0.00880626 0.03804305 0.02729941
v 0.00995107 0.03804305 0.02677104
v 0.01012720 0.04297456 0.02773973
v 0.01012720 0.03821918 0.02729941
v 0.01012720 0.03839530 0.02747554
v 0.01012720 0.03839530 0.02747554
v 0.00616438 0.04385518 0.03099804
v 0.00598826 0.04367906 0.03090998
v 0.00634051 0.04403131 0.03117417
v 0.00634051 0.04403131 0.03117417
v 0.00660470 0.04403131 0.03135029
v 0.00704501 0.04403131 0.03161448
v 0.00678082 0.04341487 0.02967710
v 0.00686888 0.04367906 0.02976517
v 0.00739726 0.04411937 0.03038160
v 0.00695695 0.04385519 0.02994129
v 0.00713307 0.04403131 0.03011742
v 0.00713307 0.04403131 0.03011742
v 0.00774951 0.04403131 0.03073385
v 0.00818982 0.04411937 0.02958904
v 0.00854207 0.04411937 0.03002935
v 0.00774951 0.04341487 0.02879648
v 0.00801370 0.04403131 0.02932485
v 0.00783757 0.04367906 0.02888454
v 0.00792563 0.04385519 0.02906066
v 0.00801370 0.04403131 0.02932485
v 0.00907045 0.04385519 0.02853229
v 0.00924657 0.04403131 0.02906066
v 0.00915851 0.04403131 0.02879648
v 0.00915851 0.04403131 0.02879648
v 0.00889432 0.04306262 0.02809198
v 0.00889432 0.04332681 0.02818004
v 0.00898239 0.04367906 0.02835616
v 0.00942270 0.04403131 0.02958904
v 0.01030333 0.04403131 0.02879648
v 0.01039139 0.04403131 0.02932485
v 0.01021526 0.04332681 0.02782779
v 0.00889432 0.04332681 0.02818004
v 0.01021526 0.04332681 0.02782779
v 0.00907045 0.04385519 0.02853229
v 0.01021526 0.04376712 0.02818004
v 0.01021526 0.04359100 0.02800391
v 0.01021526 0.04376712 0.02818004
v 0.01030333 0.04394325 0.02844423
v 0.01144814 0.04394325 0.02870841
v 0.01144814 0.04394325 0.02914873
v 0.01144814 0.04350294 0.02791585
v 0.01021526 0.04359100 0.02800391
v 0.01144814 0.04350294 0.02791585
v 0.01144814 0.04323875 0.02773973
v 0.01144814 0.04376712 0.02809198
v 0.01144814 0.04385519 0.02835616
v 0.01144814 0.04376712 0.02809198
v 0.01021526 0.04376712 0.02818004
v 0.01021526 0.03663405 0.02738747
v 0.01153620 0.03645793 0.02729941
v 0.01021526 0.03478474 0.02747554
v 0.01805284 0.03372798 0.03258317
v 0.01505871 0.03601761 0.02853229
v 0.01400196 0.03619374 0.02791585
v 0.01276908 0.03628180 0.02747554
v 0.01276908 0.03628180 0.02747554
v 0.00237769 0.03478473 0.02201565
v 0.01250489 0.00889433 0.02192759
v 0.01021526 0.03478474 0.02747554
v 0.01021526 0.03663405 0.02738747
v 0.00995107 0.03804305 0.02694716
v 0.01003914 0.03813112 0.02712329
v 0.00995107 0.03804305 0.02694716
v 0.01012720 0.03821918 0.02729941
v 0.00880626 0.03804305 0.02729941
v 0.00995107 0.03804305 0.02694716
v 0.01012720 0.03804305 0.02694716
v 0.01012720 0.03804305 0.02694716
v 0.00880626 0.03804305 0.02729941
v 0.00986301 0.03795499 0.02668297
v 0.00995107 0.03804305 0.02677104
v 0.01144814 0.03795499 0.02685910
v 0.00140900 0.03804305 0.02210372
v 0.00995107 0.03804305 0.02677104
v 0.00986301 0.03795499 0.02668297
v 0.00986301 0.03795499 0.02668297
v 0.01144814 0.03795499 0.02685910
v 0.01276908 0.03786693 0.02685910
v 0.01276908 0.03769080 0.02659491
v 0.01400196 0.03619374 0.02791585
v 0.01505871 0.03601761 0.02853229
v 0.01276908 0.03628180 0.02747554
v 0.01153620 0.03645793 0.02729941
v 0.01136008 0.03813112 0.02721135
v 0.01144814 0.04288650 0.02765166
v 0.01144814 0.03830724 0.02729941
v 0.01136008 0.03813112 0.02721135
v 0.01136008 0.03804305 0.02703522
v 0.01136008 0.03813112 0.02721135
v 0.01136008 0.03795499 0.02694716
v 0.01136008 0.03804305 0.02703522
v 0.01136008 0.03795499 0.02694716
v 0.01003914 0.03813112 0.02712329
v 0.01136008 0.03795499 0.02694716
v 0.01012720 0.03804305 0.02694716
v 0.00995107 0.03804305 0.02694716
v 0.01268102 0.03566536 0.04050881
v 0.01391389 0.03557730 0.04015655
v 0.01461839 0.03363992 0.04042074
v 0.01391389 0.03557730 0.04015655
v 0.01505871 0.03548924 0.03954012
v 0.01602740 0.03540117 0.03865949
v 0.01461839 0.03363992 0.04042074
v 0.01602740 0.03540117 0.03865949
v 0.01690802 0.03540117 0.03751468
v 0.01761252 0.03540117 0.03636986
v 0.01805284 0.03372798 0.03258317
v 0.01268102 0.03566536 0.04050881
v 0.01276908 0.03672211 0.04086106
v 0.01409002 0.03663405 0.04042074
v 0.01409002 0.03645793 0.04042074
v 0.01409002 0.03645793 0.04042074
v 0.01276908 0.03672211 0.04068493
v 0.01276908 0.03672211 0.04086106
v 0.01268102 0.03698630 0.04042074
v 0.01136008 0.03681018 0.04077299
v 0.01276908 0.03672211 0.04068493
v 0.01268102 0.03681018 0.04059687
v 0.01268102 0.03698630 0.04042074
v 0.01268102 0.03716243 0.04033268
v 0.01409002 0.03663405 0.04042074
v 0.01400196 0.03672211 0.04015655
v 0.01268102 0.03681018 0.04059687
v 0.01409002 0.03663405 0.04033268
v 0.01400196 0.03689824 0.03998043
v 0.01268102 0.03681018 0.04059687
v 0.01400196 0.03672211 0.04015655
v 0.01391389 0.03716243 0.03998043
v 0.01285714 0.04174168 0.04068493
v 0.01690802 0.03540117 0.03751468
v 0.01505871 0.03548924 0.03954012
v 0.01549902 0.03645793 0.03980430
v 0.03073385 0.03469667 0.03980430
v 0.01549902 0.03645793 0.03980430
v 0.01602740 0.03540117 0.03865949
v 0.01532290 0.03654599 0.03971624
v 0.01637965 0.03654599 0.03883562
v 0.01761252 0.03645793 0.03760274
v 0.01637965 0.03654599 0.03883562
v 0.01549902 0.03645793 0.03980430
v 0.02923679 0.03487280 0.03901174
v 0.01761252 0.03645793 0.03760274
v 0.01523483 0.03672211 0.03954012
v 0.01629158 0.03663405 0.03865949
v 0.01523483 0.03672211 0.03954012
v 0.01532290 0.03654599 0.03971624
v 0.01532290 0.03654599 0.03971624
v 0.01637965 0.03654599 0.03883562
v 0.01637965 0.03663405 0.03883562
v 0.01532290 0.03654599 0.03971624
v 0.01637965 0.03663405 0.03883562
v 0.01629158 0.03663405 0.03865949
v 0.01514677 0.03681018 0.03936399
v 0.01514677 0.03681018 0.03936399
v 0.01505871 0.03707436 0.03936399
v 0.01391389 0.03716243 0.03998043
v 0.01505871 0.03707436 0.03936399
v 0.01400196 0.04174168 0.04024462
v 0.01400196 0.04174168 0.04024462
v 0.01514677 0.03681018 0.03936399
v 0.01611546 0.03707436 0.03848336
v 0.01514677 0.04165362 0.03962818
v 0.01611546 0.03681018 0.03848336
v 0.01611546 0.03681018 0.03848336
v 0.01611546 0.03681018 0.03848336
v 0.01276908 0.04209393 0.04059687
v 0.01276908 0.04244618 0.04050881
v 0.01400196 0.04209393 0.04024462
v 0.01400196 0.04235812 0.04015655
v 0.01276908 0.04271037 0.04033268
v 0.01268102 0.04288650 0.03998043
v 0.01153620 0.04279843 0.04050881
v 0.01276908 0.04271037 0.04033268
v 0.01259295 0.04297456 0.03962818
v 0.01259295 0.04306262 0.03936399
v 0.01391389 0.04262231 0.03998043
v 0.01373777 0.04279843 0.03971624
v 0.01391389 0.04262231 0.03998043
v 0.01356164 0.04297456 0.03936399
v 0.01347358 0.04297456 0.03909980
v 0.01435421 0.04297456 0.03857143
v 0.01461839 0.04288650 0.03892368
v 0.01514677 0.04200587 0.03962818
v 0.01514677 0.04165362 0.03962818
v 0.01505871 0.04235812 0.03954012
v 0.01611546 0.04200587 0.03883562
v 0.01514677 0.04200587 0.03962818
v 0.01620352 0.04165362 0.03883562
v 0.01602740 0.04227006 0.03874755
v 0.01505871 0.04235812 0.03954012
v 0.01497064 0.04262231 0.03936399
v 0.01479452 0.04279843 0.03918787
v 0.01497064 0.04262231 0.03936399
v 0.01593933 0.04262231 0.03865949
v 0.01497064 0.04262231 0.03936399
v 0.01505871 0.04235812 0.03954012
v 0.01593933 0.04262231 0.03865949
v 0.01593933 0.04262231 0.03865949
v 0.01549902 0.04288650 0.03813111
v 0.01734834 0.03654599 0.03769080
v 0.01761252 0.03645793 0.03760274
v 0.01734834 0.03654599 0.03769080
v 0.01637965 0.03654599 0.03883562
v 0.01690802 0.03707436 0.03742661
v 0.01717221 0.03672211 0.03760274
v 0.01717221 0.03672211 0.03760274
v 0.01699608 0.03681018 0.03742661
v 0.01611546 0.03681018 0.03848336
v 0.01699608 0.03681018 0.03742661
v 0.01734834 0.03663405 0.03769080
v 0.01734834 0.03663405 0.03769080
v 0.01717221 0.03672211 0.03760274
v 0.01514677 0.04297456 0.03786693
v 0.01585127 0.04297456 0.03707436
v 0.01629158 0.04306262 0.03610567
v 0.01655577 0.04315068 0.03513699
v 0.01664383 0.04315068 0.03416830
v 0.01655577 0.04323875 0.03328767
v 0.01241683 0.04385519 0.02932485
v 0.01338552 0.04376712 0.02958904
v 0.01435421 0.04367906 0.03011742
v 0.01629158 0.04332681 0.03231898
v 0.01585127 0.04341487 0.03143836
v 0.01514677 0.04350294 0.03073385
v 0.01690802 0.04200587 0.03777886
v 0.01681996 0.04235812 0.03769080
v 0.01699608 0.04165362 0.03777886
v 0.01655577 0.04271037 0.03760274
v 0.01620352 0.04297456 0.03725049
v 0.01593933 0.04262231 0.03865949
v 0.01681996 0.04235812 0.03769080
v 0.01655577 0.04271037 0.03760274
v 0.01673190 0.04297456 0.03628180
v 0.01708415 0.04288650 0.03645792
v 0.01805284 0.03663405 0.03636986
v 0.01805284 0.03663405 0.03645792
v 0.01805284 0.03663405 0.03636986
v 0.01805284 0.03663405 0.03645792
v 0.01734834 0.03654599 0.03769080
v 0.01761252 0.03540117 0.03636986
v 0.01761252 0.03645793 0.03760274
v 0.01822896 0.03645793 0.03628180
v 0.01805284 0.03663405 0.03636986
v 0.02650685 0.03548924 0.03557730
v 0.01822896 0.03645793 0.03628180
v 0.02712329 0.03531311 0.03689824
v 0.02809198 0.03513699 0.03804305
v 0.01805284 0.03540117 0.03390411
v 0.01796477 0.03540117 0.03513699
v 0.01761252 0.03540117 0.03636986
v 0.01796477 0.03540117 0.03513699
v 0.01805284 0.03372798 0.03258317
v 0.01840509 0.03663405 0.03504892
v 0.01875734 0.03654599 0.03487280
v 0.01840509 0.03663405 0.03504892
v 0.02615460 0.03566536 0.03416830
v 0.01787671 0.03672211 0.03636986
v 0.01805284 0.03663405 0.03645792
v 0.01770059 0.03689824 0.03628180
v 0.01761252 0.03707436 0.03628180
v 0.01770059 0.03689824 0.03628180
v 0.01787671 0.03672211 0.03636986
v 0.01770059 0.03689824 0.03628180
v 0.01717221 0.03672211 0.03760274
v 0.01805284 0.03698630 0.03504892
v 0.01796477 0.03716243 0.03504892
v 0.01761252 0.03707436 0.03628180
v 0.01822896 0.03681018 0.03513699
v 0.01822896 0.03681018 0.03513699
v 0.01796477 0.03716243 0.03504892
v 0.01761252 0.04174168 0.03654599
v 0.01840509 0.03672211 0.03513699
v 0.01840509 0.03672211 0.03513699
v 0.01805284 0.03663405 0.03645792
v 0.01840509 0.03663405 0.03504892
v 0.01840509 0.03672211 0.03513699
v 0.01805284 0.03663405 0.03636986
v 0.01805284 0.03540117 0.03390411
v 0.01831702 0.03689824 0.03240704
v 0.01884540 0.03681018 0.03223092
v 0.01787671 0.03548924 0.03267123
v 0.01814090 0.03707436 0.03381605
v 0.01831702 0.03689824 0.03372798
v 0.01805284 0.03725049 0.03381605
v 0.01805284 0.03725049 0.03381605
v 0.01796477 0.04182975 0.03531311
v 0.01840509 0.03672211 0.03513699
v 0.01840509 0.03663405 0.03504892
v 0.01831702 0.03689824 0.03372798
v 0.01831702 0.03689824 0.03240704
v 0.01831702 0.03689824 0.03372798
v 0.01840509 0.03663405 0.03504892
v 0.01796477 0.03742661 0.03258317
v 0.01814090 0.04191781 0.03408023
v 0.01796477 0.03742661 0.03258317
v 0.01814090 0.04191781 0.03408023
v 0.01805284 0.03725049 0.03381605
v 0.01805284 0.03716243 0.03249511
v 0.01822896 0.03698630 0.03249511
v 0.01831702 0.03698630 0.03249511
v 0.01822896 0.03698630 0.03249511
v 0.01831702 0.03689824 0.03372798
v 0.01831702 0.03689824 0.03372798
v 0.01831702 0.03689824 0.03240704
v 0.01831702 0.03698630 0.03249511
v 0.01761252 0.04209393 0.03654599
v 0.01690802 0.04200587 0.03777886
v 0.01761252 0.04209393 0.03654599
v 0.01743640 0.04235812 0.03654599
v 0.01743640 0.04235812 0.03654599
v 0.01796477 0.04218200 0.03540117
v 0.01778865 0.04244618 0.03540117
v 0.01796477 0.04218200 0.03540117
v 0.01726027 0.04262231 0.03654599
v 0.01708415 0.04288650 0.03645792
v 0.01699608 0.04306262 0.03522505
v 0.01734834 0.04288650 0.03531311
v 0.01699608 0.04306262 0.03522505
v 0.01761252 0.04271037 0.03531311
v 0.01805284 0.04227006 0.03416830
v 0.01796477 0.04218200 0.03540117
v 0.01796477 0.04182975 0.03531311
v 0.01796477 0.04182975 0.03531311
v 0.01814090 0.04191781 0.03408023
v 0.01805284 0.04227006 0.03416830
v 0.01787671 0.04235812 0.03284736
v 0.01796477 0.04200587 0.03284736
v 0.01796477 0.04200587 0.03284736
v 0.01708415 0.04315068 0.03416830
v 0.01708415 0.04315068 0.03416830
v 0.01743640 0.04297456 0.03416830
v 0.01770059 0.04279843 0.03416830
v 0.01796477 0.04253425 0.03416830
v 0.01699608 0.04323875 0.03311154
v 0.01699608 0.04323875 0.03311154
v 0.01734834 0.04306262 0.03302348
v 0.01761252 0.04288650 0.03302348
v 0.01778865 0.04262231 0.03293542
v 0.01611546 0.03584149 0.02941291
v 0.01690802 0.03575342 0.03038160
v 0.01752446 0.03566536 0.03143836
v 0.01690802 0.03575342 0.03038160
v 0.01611546 0.03584149 0.02941291
v 0.01690802 0.03575342 0.03038160
v 0.01514677 0.03795499 0.02844423
v 0.01514677 0.03769080 0.02835616
v 0.01391389 0.03813112 0.02782779
v 0.01400196 0.03786693 0.02773973
v 0.01514677 0.04253425 0.02879648
v 0.01400196 0.04271037 0.02818004
v 0.01268102 0.03821918 0.02747554
v 0.01514677 0.03795499 0.02844423
v 0.01620352 0.03777887 0.02932485
v 0.01629158 0.03760274 0.02932485
v 0.01629158 0.03760274 0.02932485
v 0.01620352 0.03777887 0.02932485
v 0.01708415 0.03742661 0.03029354
v 0.01514677 0.03769080 0.02835616
v 0.01637965 0.03742661 0.02914873
v 0.01514677 0.03769080 0.02835616
v 0.01629158 0.03760274 0.02932485
v 0.01726027 0.03733855 0.03020548
v 0.01629158 0.03760274 0.02932485
v 0.01708415 0.03742661 0.03029354
v 0.01726027 0.03733855 0.03020548
v 0.01620352 0.04235812 0.02958904
v 0.01708415 0.04227006 0.03064579
v 0.01699608 0.03769080 0.03038160
v 0.01699608 0.03769080 0.03038160
v 0.01523483 0.03760274 0.02818004
v 0.01514677 0.03769080 0.02835616
v 0.01637965 0.03742661 0.02914873
v 0.01400196 0.03786693 0.02773973
v 0.01558708 0.03751468 0.02818004
v 0.01532290 0.03751468 0.02800391
v 0.01400196 0.03777887 0.02756360
v 0.01514677 0.04253425 0.02879648
v 0.01541096 0.03751468 0.02800391
v 0.01426614 0.03769080 0.02747554
v 0.01409002 0.03769080 0.02729941
v 0.01532290 0.03751468 0.02800391
v 0.01426614 0.03769080 0.02747554
v 0.01409002 0.03769080 0.02729941
v 0.01541096 0.03751468 0.02800391
v 0.01558708 0.03751468 0.02818004
v 0.01655577 0.03733855 0.02897260
v 0.01417808 0.03751468 0.02721135
v 0.01426614 0.03769080 0.02747554
v 0.01541096 0.03751468 0.02800391
v 0.01549902 0.03742661 0.02773973
v 0.01417808 0.03751468 0.02721135
v 0.01655577 0.03733855 0.02897260
v 0.01673190 0.03733855 0.02923679
v 0.01268102 0.04341487 0.02800391
v 0.01259295 0.04385519 0.02879648
v 0.01268102 0.04367906 0.02826810
v 0.01268102 0.04376712 0.02844423
v 0.01268102 0.04367906 0.02826810
v 0.01268102 0.04341487 0.02800391
v 0.01144814 0.04376712 0.02809198
v 0.01364971 0.04376712 0.02914873
v 0.01470646 0.04367906 0.02967710
v 0.01276908 0.04315068 0.02782779
v 0.01391389 0.04332681 0.02835616
v 0.01400196 0.04297456 0.02826810
v 0.01276908 0.04279843 0.02773973
v 0.01268102 0.04367906 0.02826810
v 0.01391389 0.04350294 0.02862035
v 0.01382583 0.04367906 0.02888454
v 0.01391389 0.04332681 0.02835616
v 0.01479452 0.04359100 0.02941291
v 0.01673190 0.04332681 0.03205479
v 0.01629158 0.04341487 0.03117417
v 0.01558708 0.04350294 0.03038160
v 0.01655577 0.04332681 0.03099804
v 0.01629158 0.04341487 0.03117417
v 0.01673190 0.04332681 0.03205479
v 0.01699608 0.04315068 0.03196673
v 0.01699608 0.04315068 0.03196673
v 0.01576321 0.04341487 0.03011742
v 0.01497064 0.04341487 0.02914873
v 0.01593933 0.04323875 0.02994129
v 0.01497064 0.04341487 0.02914873
v 0.01479452 0.04359100 0.02941291
v 0.01576321 0.04341487 0.03011742
v 0.01505871 0.04315068 0.02897260
v 0.01391389 0.04332681 0.02835616
v 0.01391389 0.04350294 0.02862035
v 0.01497064 0.04341487 0.02914873
v 0.01505871 0.04315068 0.02897260
v 0.01391389 0.04350294 0.02862035
v 0.01514677 0.04288650 0.02888454
v 0.01505871 0.04315068 0.02897260
v 0.01505871 0.04315068 0.02897260
v 0.01611546 0.04297456 0.02976517
v 0.01514677 0.04288650 0.02888454
v 0.01673190 0.04315068 0.03090998
v 0.01655577 0.04332681 0.03099804
v 0.01690802 0.04288650 0.03073385
v 0.01514677 0.04288650 0.02888454
v 0.01620352 0.04271037 0.02967710
v 0.01699608 0.04262231 0.03064579
v 0.01620352 0.04271037 0.02967710
v 0.01699608 0.04262231 0.03064579
v 0.01276908 0.03777887 0.02703522
v 0.01276908 0.03777887 0.02703522
v 0.01268102 0.03795499 0.02738747
v 0.01276908 0.03786693 0.02721135
v 0.01268102 0.03795499 0.02738747
v 0.01276908 0.03786693 0.02685910
v 0.01276908 0.03786693 0.02685910
v 0.02906066 0.03716243 0.01699609
v 0.02941291 0.03619374 0.02694716
v 0.01655577 0.03733855 0.02897260
v 0.01761252 0.03707436 0.02967710
v 0.01549902 0.03742661 0.02773973
v 0.01761252 0.03707436 0.02967710
v 0.01752446 0.03566536 0.03143836
v 0.01770059 0.03725049 0.03135029
v 0.01761252 0.03751468 0.03143836
v 0.01787671 0.03716243 0.03126223
v 0.01770059 0.03725049 0.03135029
v 0.01787671 0.03716243 0.03126223
v 0.01761252 0.03751468 0.03143836
v 0.01761252 0.04209393 0.03170254
v 0.01796477 0.03707436 0.03126223
v 0.01752446 0.03725049 0.03011742
v 0.01752446 0.03725049 0.03011742
v 0.01796477 0.03707436 0.03126223
v 0.01796477 0.03707436 0.03126223
v 0.01831702 0.03698630 0.03249511
v 0.01831702 0.03689824 0.03240704
v 0.01822896 0.03689824 0.03099804
v 0.01822896 0.03689824 0.03099804
v 0.01796477 0.03707436 0.03117417
v 0.02721135 0.03610568 0.02914873
v 0.02606653 0.03592955 0.03161448
v 0.01743640 0.03725049 0.02994129
v 0.01761252 0.03707436 0.02967710
v 0.01796477 0.03707436 0.03126223
v 0.01796477 0.03707436 0.03117417
v 0.01752446 0.03725049 0.03011742
v 0.01743640 0.03725049 0.02994129
v 0.01752446 0.03725049 0.03011742
v 0.01796477 0.03707436 0.03117417
v 0.01743640 0.03725049 0.02994129
v 0.01673190 0.03733855 0.02923679
v 0.01752446 0.04244618 0.03170254
v 0.01761252 0.04209393 0.03170254
v 0.01752446 0.04244618 0.03170254
v 0.01726027 0.04297456 0.03187867
v 0.01743640 0.04279843 0.03179061
v 0.00017613 0.03707436 0.00123288
v 0.00299413 0.00634051 0.02175147
v 0.00317026 0.00413894 0.01171233
v 0.00299413 0.00167319 0.01232877
v 0.00299413 0.00167319 0.01232877
v 0.00334638 0.00660470 0.02192759
v 0.00334638 0.00660470 0.02192759
v 0.00334638 0.00660470 0.02192759
v 0.00308219 0.00678082 0.02183953
v 0.00308219 0.00678082 0.02183953
v 0.00325832 0.00695695 0.02166340
v 0.00308219 0.00678082 0.02183953
v 0.00325832 0.00695695 0.02166340
v 0.01268102 0.00880626 0.02175147
v 0.01268102 0.00880626 0.02175147
v 0.00325832 0.00704501 0.02201565
v 0.00308219 0.00678082 0.02183953
v 0.00325832 0.00695695 0.02166340
v 0.00325832 0.00457926 0.01136008
v 0.00642857 0.03557730 0.01391389
v 0.00325832 0.00695695 0.02166340
v 0.01250489 0.00880626 0.02157534
v 0.01268102 0.00880626 0.02175147
v 0.01100783 0.03531311 0.01576321
v 0.01250489 0.00880626 0.02157534
v 0.00325832 0.00695695 0.02166340
v 0.00642857 0.03557730 0.01391389
v 0.01268102 0.00880626 0.02175147
v 0.01250489 0.00889433 0.02192759
v 0.00325832 0.00704501 0.02201565
v 0.00325832 0.00704501 0.02201565
v 0.00088063 0.00008806 0.00545988
v 0.00088063 0.00008806 0.00545988
v 0.00061644 0.00052838 0.00545988
v 0.00079256 0.00026419 0.00545988
v 0.00096869 0.00026419 0.00713307
v 0.00052838 0.00088063 0.00537182
v 0.00044031 0.00176125 0.00528376
v 0.00167319 0.00044031 0.00801370
v 0.00228963 0.00026419 0.00642857
v 0.00299413 0.00167319 0.01232877
v 0.00334638 0.00114481 0.01197652
v 0.00317026 0.00413894 0.01171233
v 0.00317026 0.00405088 0.01118395
v 0.00317026 0.00096869 0.01153620
v 0.00308219 0.00123288 0.01118395
v 0.00308219 0.00123288 0.01118395
v 0.00317026 0.00096869 0.01153620
v 0.00325832 0.00052838 0.00748532
v 0.00334638 0.00096869 0.00713307
v 0.00325832 0.00052838 0.00748532
v 0.00334638 0.00114481 0.01197652
v 0.00317026 0.00096869 0.01153620
v 0.00352251 0.00158513 0.01180039
v 0.00352251 0.00158513 0.01180039
v 0.00369863 0.00422701 0.01144814
v 0.00317026 0.00096869 0.01153620
v 0.00317026 0.00405088 0.01118395
v 0.00369863 0.00422701 0.01144814
v 0.00325832 0.00052838 0.00748532
v 0.00369863 0.00422701 0.01144814
v 0.00317026 0.00413894 0.01171233
v 0.00352251 0.00158513 0.01180039
v 0.00352251 0.00475538 0.01127202
v 0.00325832 0.00457926 0.01136008
v 0.00317026 0.00413894 0.01171233
v 0.00352251 0.00475538 0.01127202
v 0.00325832 0.00457926 0.01136008
v 0.00343444 0.00361057 0.00660470
v 0.00352251 0.00475538 0.01127202
v 0.00449119 0.03575342 0.00915851
v 0.00096869 0.00008806 0.00563601
v 0.00176125 0.00017613 0.00625245
v 0.00088063 0.00008806 0.00405088
v 0.00070450 0.00035225 0.00405088
v 0.00096869 0.00000000 0.00493151
v 0.00123288 0.00000000 0.00501957
v 0.00096869 0.00000000 0.00493151
v 0.00061644 0.00079256 0.00396282
v 0.00052838 0.00176125 0.00387476
v 0.00272994 0.00017613 0.00510763
v 0.00140900 0.00000000 0.00431507
v 0.00176125 0.00000000 0.00431507
v 0.00378669 0.00044031 0.00634051
v 0.00378669 0.00044031 0.00634051
v 0.00334638 0.00096869 0.00713307
v 0.00325832 0.00052838 0.00748532
v 0.00387476 0.00096869 0.00616438
v 0.00343444 0.00361057 0.00660470
v 0.00484345 0.00052838 0.00563601
v 0.00317026 0.00017613 0.00466732
v 0.00484345 0.00052838 0.00563601
v 0.00475538 0.00105675 0.00554795
v 0.00484345 0.00369863 0.00501957
v 0.00396282 0.00361057 0.00563601
v 0.00590020 0.00070450 0.00510763
v 0.00475538 0.00105675 0.00554795
v 0.00484345 0.00052838 0.00563601
v 0.00431507 0.00035225 0.00422701
v 0.00590020 0.00070450 0.00510763
v 0.01065558 0.00176125 0.00501957
v 0.00484345 0.00369863 0.00501957
v 0.00246575 0.03575342 0.00264188
v 0.00246575 0.03575342 0.00264188
v 0.00088063 0.00008806 0.00405088
v 0.00105675 0.00008806 0.00361057
v 0.00088063 0.00008806 0.00405088
v 0.00070450 0.00035225 0.00405088
v 0.00105675 0.00008806 0.00361057
v 0.00088063 0.00026419 0.00352250
v 0.00088063 0.00026419 0.00352250
v 0.00079256 0.00070450 0.00343444
v 0.00070450 0.00176125 0.00325832
v 0.00105675 0.00026419 0.00325832
v 0.00123288 0.00008806 0.00343444
v 0.00105675 0.00026419 0.00325832
v 0.00096869 0.00079256 0.00317025
v 0.00079256 0.00070450 0.00343444
v 0.00096869 0.00079256 0.00317025
v 0.00088063 0.00176125 0.00299413
v 0.00088063 0.00176125 0.00299413
v 0.00123288 0.00079256 0.00290607
v 0.00132094 0.00035225 0.00308219
v 0.00035225 0.03707436 0.00061644
v 0.00114482 0.00184932 0.00281800
v 0.00123288 0.00079256 0.00290607
v 0.00088063 0.00176125 0.00299413
v 0.00052838 0.03707436 0.00026419
v 0.00052838 0.03707436 0.00026419
v 0.00211350 0.00000000 0.00405088
v 0.00123288 0.00008806 0.00343444
v 0.00140900 0.00008806 0.00325832
v 0.00228963 0.00000000 0.00378669
v 0.00140900 0.00008806 0.00325832
v 0.00184932 0.00035225 0.00290607
v 0.00308219 0.00017613 0.00334638
v 0.00184932 0.00017613 0.00308219
v 0.00184932 0.00017613 0.00308219
v 0.00184932 0.00088063 0.00272994
v 0.00184932 0.00088063 0.00272994
v 0.00184932 0.00035225 0.00290607
v 0.00132094 0.00035225 0.00308219
v 0.00352251 0.00061644 0.00272994
v 0.00352251 0.00044031 0.00290607
v 0.00308219 0.00017613 0.00334638
v 0.00343444 0.00105675 0.00264188
v 0.00352251 0.00061644 0.00272994
v 0.00176125 0.00184932 0.00264188
v 0.00079256 0.03707436 0.00008806
v 0.00343444 0.00193738 0.00246575
v 0.00140900 0.03707436 0.00000000
v 0.00519570 0.00052838 0.00299413
v 0.00519570 0.00052838 0.00299413
v 0.01144814 0.00158513 0.00237769
v 0.01144814 0.00184932 0.00220157
v 0.01144814 0.00184932 0.00220157
v 0.01144814 0.00220157 0.00211350
v 0.01136008 0.00281801 0.00202544
v 0.01144814 0.00149707 0.00343444
v 0.00545988 0.00061644 0.00457926
v 0.01144814 0.00149707 0.00264188
v 0.01144814 0.00158513 0.00237769
v 0.01109589 0.00440313 0.00457926
v 0.01136008 0.00493151 0.00457926
v 0.01153620 0.00519570 0.00466732
v 0.00871820 0.03584149 0.00334638
v 0.00246575 0.03575342 0.00264188
v 0.01136008 0.00149707 0.00501957
v 0.01136008 0.00140900 0.00405088
v 0.01136008 0.00149707 0.00501957
v 0.01347358 0.00545988 0.01479452
v 0.01294521 0.00510763 0.02201565
v 0.01347358 0.00545988 0.01479452
v 0.01400196 0.00493151 0.01505871
v 0.01400196 0.00493151 0.01505871
v 0.01268102 0.00863014 0.02183953
v 0.01268102 0.00863014 0.02183953
v 0.01294521 0.00730920 0.02148728
v 0.01268102 0.00863014 0.02183953
v 0.01250489 0.00845401 0.02175147
v 0.01241683 0.00722114 0.02192759
v 0.01250489 0.00880626 0.02157534
v 0.01312133 0.00607632 0.01409002
v 0.01268102 0.00880626 0.02175147
v 0.01268102 0.00863014 0.02183953
v 0.01250489 0.00889433 0.02192759
v 0.01268102 0.00880626 0.02175147
v 0.01250489 0.00845401 0.02175147
v 0.01250489 0.00880626 0.02157534
v 0.01268102 0.00863014 0.02183953
v 0.01268102 0.00880626 0.02175147
v 0.01250489 0.00880626 0.02157534
v 0.01250489 0.00845401 0.02175147
v 0.01268102 0.00880626 0.02175147
v 0.01250489 0.00880626 0.02157534
v 0.01276908 0.00686889 0.01329746
v 0.01276908 0.00686889 0.01329746
v 0.01620352 0.03513699 0.01303327
v 0.01417808 0.00484345 0.01444227
v 0.01373777 0.00537182 0.01391389
v 0.01312133 0.00607632 0.01409002
v 0.02175147 0.00651664 0.02122309
v 0.01417808 0.00484345 0.01444227
v 0.01453033 0.00545988 0.01347358
v 0.01479452 0.00493151 0.01417808
v 0.01479452 0.00493151 0.01417808
v 0.01400196 0.00607632 0.01303327
v 0.01338552 0.00607632 0.01338552
v 0.02192759 0.00519570 0.01329746
v 0.02192759 0.00519570 0.01329746
v 0.02219178 0.00651664 0.01285714
v 0.02219178 0.00651664 0.01285714
v 0.02192759 0.00519570 0.01329746
v 0.01453033 0.00545988 0.01347358
v 0.01276908 0.00686889 0.01329746
v 0.01294521 0.00686889 0.01285714
v 0.01294521 0.00686889 0.01285714
v 0.01338552 0.00686889 0.01268102
v 0.01338552 0.00686889 0.01268102
v 0.02219178 0.00889433 0.01224070
v 0.01400196 0.00607632 0.01303327
v 0.01338552 0.00686889 0.01268102
v 0.02219178 0.00889433 0.01224070
v 0.02210372 0.00854208 0.01232877
v 0.02219178 0.00651664 0.01285714
v 0.02166341 0.00660470 0.02157534
v 0.02201566 0.00660470 0.02157534
v 0.02236791 0.00669276 0.02157534
v 0.02201566 0.00660470 0.02122309
v 0.02227984 0.00660470 0.02122309
v 0.02210372 0.00528376 0.01320939
v 0.02227984 0.00537182 0.01320939
v 0.02809198 0.03196673 0.02932485
v 0.02219178 0.01268102 0.03126223
v 0.02201566 0.00942270 0.02192759
v 0.03143836 0.01409002 0.03099804
v 0.03161448 0.01409002 0.03002935
v 0.03170254 0.01268102 0.02210372
v 0.03170254 0.01268102 0.02210372
v 0.02809198 0.03196673 0.02932485
v 0.02201566 0.00942270 0.02192759
v 0.02245597 0.00898239 0.01232877
v 0.02227984 0.00889433 0.01232877
v 0.03126223 0.01030333 0.01206458
v 0.03135029 0.01091977 0.02148728
v 0.03187867 0.01083170 0.01356164
v 0.03161448 0.01259296 0.02175147
v 0.03135029 0.01091977 0.02148728
v 0.02201566 0.00942270 0.02192759
v 0.03170254 0.01047945 0.01232877
v 0.02201566 0.00942270 0.02192759
v 0.03161448 0.01259296 0.02175147
v 0.03170254 0.01259296 0.02192759
v 0.03170254 0.01268102 0.02210372
v 0.02210372 0.00528376 0.01320939
v 0.02210372 0.00528376 0.01320939
v 0.02210372 0.00545988 0.01312133
v 0.02227984 0.00537182 0.01320939
v 0.02219178 0.00651664 0.01285714
v 0.02210372 0.00545988 0.01312133
v 0.02210372 0.00528376 0.01320939
v 0.02263209 0.00757339 0.01285714
v 0.02227984 0.00748532 0.01268102
v 0.02219178 0.00739726 0.01232877
v 0.02219178 0.00739726 0.01232877
v 0.02227984 0.00748532 0.01268102
v 0.02210372 0.00545988 0.01312133
v 0.02227984 0.00748532 0.01268102
v 0.02219178 0.00651664 0.01285714
v 0.02210372 0.00854208 0.01232877
v 0.02210372 0.00854208 0.01232877
v 0.02227984 0.00748532 0.01268102
v 0.01136008 0.00149707 0.00501957
v 0.01136008 0.00149707 0.00519569
v 0.01127202 0.00193738 0.00537182
v 0.01127202 0.00193738 0.00537182
v 0.01136008 0.00149707 0.00519569
v 0.01153620 0.00449119 0.00449119
v 0.01109589 0.00440313 0.00457926
v 0.01136008 0.00466732 0.00510763
v 0.01136008 0.00466732 0.00510763
v 0.01136008 0.00149707 0.00519569
v 0.02183953 0.00334638 0.00440313
v 0.01136008 0.00149707 0.00519569
v 0.01197652 0.00202544 0.00484344
v 0.01153620 0.00449119 0.00449119
v 0.02201566 0.00660470 0.00396282
v 0.01197652 0.00202544 0.00484344
v 0.01136008 0.00149707 0.00519569
v 0.01136008 0.00149707 0.00519569
v 0.02183953 0.00334638 0.00440313
v 0.02192759 0.00413894 0.00440313
v 0.02201566 0.00660470 0.00396282
v 0.01136008 0.00149707 0.00501957
v 0.02148728 0.00325832 0.00466732
v 0.02183953 0.00334638 0.00440313
v 0.02219178 0.00334638 0.00281800
v 0.02227984 0.00343444 0.00378669
v 0.02201566 0.00660470 0.00396282
v 0.02219178 0.00325832 0.00193738
v 0.01136008 0.00493151 0.00457926
v 0.01153620 0.00449119 0.00449119
v 0.01136008 0.00493151 0.00457926
v 0.01136008 0.00466732 0.00510763
v 0.02227984 0.00713307 0.00378669
v 0.01118395 0.03575342 0.00308219
v 0.01470646 0.03557730 0.00431507
v 0.02219178 0.00334638 0.00176125
v 0.02219178 0.00325832 0.00193738
v 0.02219178 0.00361057 0.00158513
v 0.02219178 0.00361057 0.00158513
v 0.02219178 0.00396282 0.00149706
v 0.02219178 0.00449119 0.00140900
v 0.02183953 0.00334638 0.00440313
v 0.02210372 0.00343444 0.00422701
v 0.02192759 0.00413894 0.00440313
v 0.02210372 0.00343444 0.00422701
v 0.02210372 0.00625245 0.00422701
v 0.02227984 0.00607632 0.00378669
v 0.02210372 0.00343444 0.00422701
v 0.02227984 0.00352251 0.00413894
v 0.02227984 0.00607632 0.00378669
v 0.03258317 0.00528376 0.00378669
v 0.02227984 0.00352251 0.00413894
v 0.02210372 0.00343444 0.00422701
v 0.03240704 0.00528376 0.00369863
v 0.03258317 0.00528376 0.00378669
v 0.02192759 0.00413894 0.00440313
v 0.02210372 0.00625245 0.00422701
v 0.02201566 0.00660470 0.00396282
v 0.02210372 0.00686889 0.00405088
v 0.02210372 0.00686889 0.00405088
v 0.02227984 0.00713307 0.00378669
v 0.02236791 0.00678082 0.00369863
v 0.02227984 0.00713307 0.00378669
v 0.00035225 0.03839530 0.00123288
v 0.00044031 0.03874755 0.00114481
v 0.00061644 0.03892368 0.00114481
v 0.00044031 0.03874755 0.00114481
v 0.00088062 0.03901174 0.00114481
v 0.00061644 0.03892368 0.00114481
v 0.00149706 0.03909980 0.00114481
v 0.00431507 0.03857143 0.01285714
v 0.00387475 0.03865949 0.01091976
v 0.00590019 0.03839530 0.01497065
v 0.00968689 0.03804305 0.01681996
v 0.00827788 0.03821918 0.01655577
v 0.00704501 0.03830724 0.01585127
v 0.01250489 0.03804305 0.01690802
v 0.00642857 0.03557730 0.01391389
v 0.00466732 0.03769080 0.01091976
v 0.00510763 0.03795499 0.01276908
v 0.00510763 0.03795499 0.01276908
v 0.00466732 0.03769080 0.01091976
v 0.00563601 0.03786693 0.01364971
v 0.00563601 0.03786693 0.01364971
v 0.00642857 0.03557730 0.01391389
v 0.00510763 0.03795499 0.01276908
v 0.00466732 0.03865949 0.01276908
v 0.00405088 0.03874755 0.01109589
v 0.00528376 0.03857143 0.01391389
v 0.00405088 0.03874755 0.01109589
v 0.00387475 0.03865949 0.01091976
v 0.00431507 0.03857143 0.01285714
v 0.00431507 0.03857143 0.01285714
v 0.00590019 0.03839530 0.01497065
v 0.00528376 0.03857143 0.01391389
v 0.00466732 0.03865949 0.01276908
v 0.00466732 0.03874755 0.01259295
v 0.00422700 0.03874755 0.01118395
v 0.00528376 0.03865949 0.01382583
v 0.00422700 0.03874755 0.01118395
v 0.00466732 0.03874755 0.01259295
v 0.00484344 0.03874755 0.01250489
v 0.00554794 0.03883562 0.01364971
v 0.00466732 0.03874755 0.01259295
v 0.00528376 0.03865949 0.01382583
v 0.00545988 0.03874755 0.01373777
v 0.00466732 0.03874755 0.01259295
v 0.00545988 0.03874755 0.01373777
v 0.00554794 0.03883562 0.01364971
v 0.00484344 0.03874755 0.01250489
v 0.00493151 0.03892368 0.01241683
v 0.00431507 0.03883562 0.01091976
v 0.00431507 0.03883562 0.01091976
v 0.00493151 0.03892368 0.01241683
v 0.00501957 0.03918787 0.01241683
v 0.00457925 0.03927593 0.01100783
v 0.00563601 0.03909980 0.01356164
v 0.00501957 0.03918787 0.01241683
v 0.00449119 0.03901174 0.01091976
v 0.00449119 0.03901174 0.01091976
v 0.00457925 0.04376712 0.01118395
v 0.00493151 0.04367906 0.01250489
v 0.00563601 0.03909980 0.01356164
v 0.00449119 0.03575342 0.00915851
v 0.00651663 0.03777886 0.01470646
v 0.00457925 0.03795499 0.00933464
v 0.00466732 0.03769080 0.01091976
v 0.00449119 0.03575342 0.00915851
v 0.00457925 0.03795499 0.00933464
v 0.00413894 0.03883562 0.00995108
v 0.00387475 0.03865949 0.00951076
v 0.00422700 0.03892368 0.00951076
v 0.00422700 0.03892368 0.00951076
v 0.00440313 0.03909980 0.00959883
v 0.00440313 0.03909980 0.00959883
v 0.00449119 0.04376712 0.00986301
v 0.00449119 0.03927593 0.00968689
v 0.00501957 0.04403131 0.01250489
v 0.00563601 0.04394325 0.01373777
v 0.00563601 0.04359100 0.01373777
v 0.00510763 0.04429550 0.01250489
v 0.00466732 0.04411937 0.01118395
v 0.00563601 0.04394325 0.01373777
v 0.00510763 0.04429550 0.01250489
v 0.00501957 0.04403131 0.01250489
v 0.00475538 0.04438356 0.01118395
v 0.00501957 0.04464775 0.01118395
v 0.00475538 0.04438356 0.01118395
v 0.00528376 0.04447162 0.01241683
v 0.00572407 0.04420744 0.01364971
v 0.00590019 0.04447162 0.01356164
v 0.00457925 0.04411937 0.00995108
v 0.00493151 0.04464775 0.00995108
v 0.00466732 0.04447162 0.00995108
v 0.00493151 0.04464775 0.00995108
v 0.00466732 0.04447162 0.00995108
v 0.00475538 0.04438356 0.01118395
v 0.00545988 0.04464775 0.01232877
v 0.00519569 0.04473581 0.01118395
v 0.00501957 0.04464775 0.01118395
v 0.00510763 0.04482387 0.00995108
v 0.00545988 0.04464775 0.01232877
v 0.00510763 0.04482387 0.00995108
v 0.00572407 0.04473581 0.01224070
v 0.00554794 0.04482387 0.01109589
v 0.00968689 0.03804305 0.01681996
v 0.00968689 0.03821918 0.01690802
v 0.00827788 0.03821918 0.01655577
v 0.00827788 0.03821918 0.01655577
v 0.00968689 0.03821918 0.01690802
v 0.00836595 0.03830724 0.01646771
v 0.00713307 0.03839530 0.01585127
v 0.00704501 0.03830724 0.01585127
v 0.01109589 0.03821918 0.01699609
v 0.00968689 0.03821918 0.01690802
v 0.00977495 0.03830724 0.01673190
v 0.00845401 0.03839530 0.01637965
v 0.01109589 0.03821918 0.01699609
v 0.00845401 0.03839530 0.01637965
v 0.01250489 0.03804305 0.01690802
v 0.00977495 0.03830724 0.01673190
v 0.00986301 0.03839530 0.01664384
v 0.00854207 0.03848337 0.01629158
v 0.01109589 0.03830724 0.01681996
v 0.01109589 0.03821918 0.01681996
v 0.00977495 0.03830724 0.01673190
v 0.01109589 0.03821918 0.01681996
v 0.01109589 0.03830724 0.01681996
v 0.00863014 0.03857143 0.01611546
v 0.00854207 0.03848337 0.01629158
v 0.00986301 0.03839530 0.01664384
v 0.00986301 0.03857143 0.01646771
v 0.00863014 0.03857143 0.01611546
v 0.01118395 0.03848337 0.01655577
v 0.00995107 0.04332681 0.01664384
v 0.00995107 0.04359100 0.01655577
v 0.00871820 0.04332681 0.01629158
v 0.01118395 0.04359100 0.01664384
v 0.00986301 0.03874755 0.01646771
v 0.01118395 0.03865949 0.01655577
v 0.01118395 0.04323875 0.01673190
v 0.00871820 0.04367906 0.01620352
v 0.00995107 0.04394325 0.01646771
v 0.01118395 0.04385519 0.01655577
v 0.00651663 0.03777886 0.01470646
v 0.00748532 0.03777887 0.01558708
v 0.00748532 0.03777887 0.01558708
v 0.01232877 0.03733855 0.01637965
v 0.00748532 0.03777887 0.01558708
v 0.00607632 0.03848336 0.01497065
v 0.00616438 0.03857143 0.01488258
v 0.00634051 0.03865949 0.01479452
v 0.00616438 0.03857143 0.01488258
v 0.00634051 0.03865949 0.01479452
v 0.00642857 0.03874755 0.01470646
v 0.00722113 0.03848337 0.01576321
v 0.00739726 0.03857143 0.01567515
v 0.00722113 0.03848337 0.01576321
v 0.00739726 0.03857143 0.01567515
v 0.00748532 0.03892368 0.01549902
v 0.00651663 0.03901174 0.01461839
v 0.00642857 0.03874755 0.01470646
v 0.00739726 0.03857143 0.01567515
v 0.00748532 0.03865949 0.01549902
v 0.00642857 0.03874755 0.01470646
v 0.00748532 0.03865949 0.01549902
v 0.00748532 0.03892368 0.01549902
v 0.00651663 0.04350293 0.01479452
v 0.00651663 0.03901174 0.01461839
v 0.00651663 0.04350293 0.01479452
v 0.00986301 0.03751468 0.01646771
v 0.00863014 0.03769080 0.01611546
v 0.00863014 0.03769080 0.01611546
v 0.00739726 0.03857143 0.01567515
v 0.00863014 0.03883562 0.01611546
v 0.00863014 0.03857143 0.01611546
v 0.00757338 0.04341487 0.01567515
v 0.00757338 0.04341487 0.01567515
v 0.00986301 0.03751468 0.01646771
v 0.00986301 0.03857143 0.01646771
v 0.01109589 0.03742661 0.01655577
v 0.01109589 0.03742661 0.01655577
v 0.01118395 0.03848337 0.01655577
v 0.00563601 0.04359100 0.01373777
v 0.00651663 0.04385518 0.01479452
v 0.00757338 0.04376712 0.01567515
v 0.00660470 0.04411937 0.01470646
v 0.00766145 0.04403131 0.01558708
v 0.00678082 0.04438356 0.01461839
v 0.00871820 0.04367906 0.01620352
v 0.00757338 0.04376712 0.01567515
v 0.00757338 0.04341487 0.01567515
v 0.00757338 0.04341487 0.01567515
v 0.00871820 0.04332681 0.01629158
v 0.00871820 0.04367906 0.01620352
v 0.00871820 0.04367906 0.01620352
v 0.00774951 0.04429550 0.01541096
v 0.00880626 0.04403131 0.01611546
v 0.00792563 0.04447162 0.01523483
v 0.00695695 0.04455969 0.01444227
v 0.00889432 0.04420744 0.01593933
v 0.00722113 0.04464775 0.01426614
v 0.00695695 0.04455969 0.01444227
v 0.00792563 0.04447162 0.01523483
v 0.00810176 0.04455969 0.01497065
v 0.00898239 0.04438356 0.01576321
v 0.00898239 0.04438356 0.01576321
v 0.00907045 0.04455969 0.01541096
v 0.00616438 0.04464775 0.01347358
v 0.00616438 0.04464775 0.01347358
v 0.00757338 0.04464775 0.01391389
v 0.00686888 0.04473581 0.01312133
v 0.00642857 0.04473581 0.01338552
v 0.01118395 0.04473581 0.01030333
v 0.00836595 0.04464775 0.01453033
v 0.00634051 0.04482387 0.01206458
v 0.00607632 0.04491194 0.01100783
v 0.00545988 0.04491194 0.00995108
v 0.00598826 0.04491194 0.01003914
v 0.00880626 0.04403131 0.01611546
v 0.01003914 0.04420744 0.01629158
v 0.00995107 0.04394325 0.01646771
v 0.01012720 0.04447162 0.01576321
v 0.01003914 0.04438356 0.01602740
v 0.01003914 0.04438356 0.01602740
v 0.00924657 0.04455969 0.01497065
v 0.01021526 0.04447162 0.01523483
v 0.01003914 0.04420744 0.01629158
v 0.01118395 0.04411937 0.01637965
v 0.01003914 0.04420744 0.01629158
v 0.01118395 0.04411937 0.01637965
v 0.01118395 0.04429550 0.01611546
v 0.01118395 0.04447162 0.01532290
v 0.01118395 0.04438356 0.01585127
v 0.00475538 0.03804305 0.00810176
v 0.00457925 0.03795499 0.00933464
v 0.00449119 0.03575342 0.00915851
v 0.00501957 0.03584149 0.00660470
v 0.00246575 0.03575342 0.00264188
v 0.00501957 0.03584149 0.00660470
v 0.00449119 0.03575342 0.00915851
v 0.00413894 0.03883562 0.00818982
v 0.00387475 0.03874755 0.00810176
v 0.00413894 0.03883562 0.00995108
v 0.00422700 0.03892368 0.00951076
v 0.00413894 0.03883562 0.00818982
v 0.00422700 0.03892368 0.00951076
v 0.00440313 0.03909980 0.00959883
v 0.00440313 0.03892368 0.00827789
v 0.00440313 0.03892368 0.00827789
v 0.00457925 0.03909980 0.00836595
v 0.00466732 0.03936399 0.00836595
v 0.00466732 0.04385518 0.00863014
v 0.00457925 0.03909980 0.00836595
v 0.00457925 0.03795499 0.00933464
v 0.00475538 0.03804305 0.00810176
v 0.00519569 0.03795499 0.00686888
v 0.00519569 0.03795499 0.00686888
v 0.00880626 0.03769080 0.00369863
v 0.01699608 0.03698630 0.00757339
v 0.00449119 0.03874755 0.00678082
v 0.00457925 0.03883562 0.00695695
v 0.00484344 0.03901174 0.00704501
v 0.00484344 0.03901174 0.00704501
v 0.00519569 0.03795499 0.00686888
v 0.00501957 0.03909980 0.00713307
v 0.00501957 0.03909980 0.00713307
v 0.00484344 0.03901174 0.00704501
v 0.00457925 0.03909980 0.00836595
v 0.00501957 0.03936399 0.00713307
v 0.00501957 0.04394325 0.00739726
v 0.00581213 0.03795499 0.00581213
v 0.00651663 0.03584149 0.00466732
v 0.00651663 0.03584149 0.00466732
v 0.00581213 0.03795499 0.00581213
v 0.00510763 0.03874755 0.00563601
v 0.00545988 0.03901174 0.00590020
v 0.00457925 0.03883562 0.00695695
v 0.00484344 0.03901174 0.00704501
v 0.00545988 0.03901174 0.00590020
v 0.00528376 0.03892368 0.00572407
v 0.00510763 0.03874755 0.00563601
v 0.00457925 0.03883562 0.00695695
v 0.00545988 0.03901174 0.00590020
v 0.00528376 0.03892368 0.00572407
v 0.00457925 0.03883562 0.00695695
v 0.00563601 0.03918787 0.00598826
v 0.00501957 0.03909980 0.00713307
v 0.00563601 0.03918787 0.00598826
v 0.00545988 0.03901174 0.00590020
v 0.00572407 0.04394325 0.00625245
v 0.00572407 0.03936399 0.00607632
v 0.00501957 0.03936399 0.00713307
v 0.00572407 0.04394325 0.00625245
v 0.00598826 0.03874755 0.00457926
v 0.00616438 0.03892368 0.00475538
v 0.00598826 0.03874755 0.00457926
v 0.00475538 0.04420744 0.00863014
v 0.00501957 0.04473581 0.00871820
v 0.00484344 0.04447162 0.00871820
v 0.00501957 0.04473581 0.00871820
v 0.00484344 0.04447162 0.00871820
v 0.00466732 0.04447162 0.00995108
v 0.00493151 0.04464775 0.00995108
v 0.00510763 0.04482387 0.00995108
v 0.00528376 0.04491194 0.00880626
v 0.00528376 0.04491194 0.00880626
v 0.00475538 0.04420744 0.00863014
v 0.00510763 0.04420744 0.00748532
v 0.00501957 0.04394325 0.00739726
v 0.00537182 0.04473581 0.00757339
v 0.00519569 0.04455969 0.00748532
v 0.00510763 0.04420744 0.00748532
v 0.00484344 0.04447162 0.00871820
v 0.00519569 0.04455969 0.00748532
v 0.00563601 0.04491194 0.00774951
v 0.00537182 0.04473581 0.00757339
v 0.00572407 0.04429550 0.00634051
v 0.00581213 0.04455969 0.00642857
v 0.00598826 0.04482387 0.00651663
v 0.00044031 0.03839530 0.00061644
v 0.00052837 0.03874755 0.00061644
v 0.00044031 0.03874755 0.00114481
v 0.00061644 0.03892368 0.00114481
v 0.00070450 0.03892368 0.00061644
v 0.00052837 0.03874755 0.00061644
v 0.00096869 0.03901174 0.00061644
v 0.00070450 0.03892368 0.00061644
v 0.00061644 0.03839530 0.00035225
v 0.00079256 0.03707436 0.00008806
v 0.00052838 0.03707436 0.00026419
v 0.00044031 0.03839530 0.00061644
v 0.00088062 0.03848336 0.00017613
v 0.00088062 0.03848336 0.00017613
v 0.00070450 0.03874755 0.00035225
v 0.00079256 0.03883562 0.00044031
v 0.00096869 0.03901174 0.00061644
v 0.00088062 0.03874755 0.00026419
v 0.00096869 0.03892368 0.00035225
v 0.00149706 0.03909980 0.00052838
v 0.00096869 0.03892368 0.00035225
v 0.00149706 0.03874755 0.00008806
v 0.00149706 0.03901174 0.00026419
v 0.00149706 0.03901174 0.00026419
v 0.00088062 0.03874755 0.00026419
v 0.00149706 0.03839530 0.00000000
v 0.00149706 0.03874755 0.00008806
v 0.04315068 0.03777887 0.00070450
v 0.00713307 0.03874755 0.00369863
v 0.00836595 0.03874755 0.00308219
v 0.01118395 0.03874755 0.00272994
v 0.04315068 0.03777887 0.00132094
v 0.04315068 0.03707437 0.00017613
v 0.04306262 0.03575343 0.00008806
v 0.04306262 0.03769080 0.00044031
v 0.04315068 0.03742662 0.00026419
v 0.04306262 0.03769080 0.00044031
v 0.00149706 0.03901174 0.00026419
v 0.00871820 0.03584149 0.00334638
v 0.00669276 0.03786693 0.00493151
v 0.00669276 0.03786693 0.00493151
v 0.00642857 0.03918787 0.00501957
v 0.00634051 0.03901174 0.00493151
v 0.00651663 0.04394325 0.00528376
v 0.00651663 0.03936399 0.00510763
v 0.00616438 0.03892368 0.00475538
v 0.00634051 0.03901174 0.00493151
v 0.00554794 0.04500000 0.00889432
v 0.00607632 0.04500000 0.00898239
v 0.00590019 0.04500000 0.00783757
v 0.00642857 0.04500000 0.00801370
v 0.00625244 0.04491194 0.00669276
v 0.00598826 0.04482387 0.00651663
v 0.00642857 0.04500000 0.00686888
v 0.00695695 0.04500000 0.00713307
v 0.00695695 0.04491194 0.00572407
v 0.00678082 0.04482387 0.00554795
v 0.00722113 0.04500000 0.00598826
v 0.00660470 0.04455969 0.00545988
v 0.00651663 0.04429550 0.00537182
v 0.00678082 0.04482387 0.00554795
v 0.00748532 0.04394325 0.00449119
v 0.00757338 0.04455969 0.00466732
v 0.00757338 0.04429550 0.00449119
v 0.00757338 0.04500000 0.00642857
v 0.00783757 0.04491194 0.00501957
v 0.00836595 0.04500000 0.00581213
v 0.00801370 0.04500000 0.00528376
v 0.00774951 0.04473581 0.00475538
v 0.00783757 0.04491194 0.00501957
v 0.00924657 0.04500000 0.00537182
v 0.00898239 0.04500000 0.00484344
v 0.01003914 0.04500000 0.00457926
v 0.01021526 0.04500000 0.00510763
v 0.00766145 0.03777887 0.00413894
v 0.00871820 0.03584149 0.00334638
v 0.00713307 0.03892368 0.00405088
v 0.00713307 0.03874755 0.00369863
v 0.00713307 0.03892368 0.00405088
v 0.00739726 0.03901174 0.00405088
v 0.00739726 0.03901174 0.00405088
v 0.00748532 0.03918787 0.00422701
v 0.00748532 0.03936399 0.00431507
v 0.00766145 0.03777887 0.00413894
v 0.00766145 0.03777887 0.00413894
v 0.00880626 0.03769080 0.00369863
v 0.00713307 0.03892368 0.00405088
v 0.00739726 0.03901174 0.00405088
v 0.00836595 0.03892368 0.00343444
v 0.00836595 0.03892368 0.00343444
v 0.00713307 0.03892368 0.00405088
v 0.00863014 0.03909980 0.00369863
v 0.00854207 0.03892368 0.00352250
v 0.00863014 0.03936399 0.00378669
v 0.00863014 0.04394325 0.00396282
v 0.00863014 0.03936399 0.00378669
v 0.00748532 0.03936399 0.00431507
v 0.00748532 0.04394325 0.00449119
v 0.00854207 0.03892368 0.00352250
v 0.00739726 0.03901174 0.00405088
v 0.01003914 0.03751468 0.00343444
v 0.01003914 0.03751468 0.00343444
v 0.01127201 0.03742661 0.00334638
v 0.01250489 0.03733855 0.00352250
v 0.01373777 0.03725049 0.00396282
v 0.00977495 0.03883562 0.00308219
v 0.00986301 0.03892368 0.00317025
v 0.00977495 0.03883562 0.00308219
v 0.00863014 0.03909980 0.00369863
v 0.00986301 0.03909980 0.00334638
v 0.00986301 0.03909980 0.00334638
v 0.00986301 0.03936399 0.00343444
v 0.00986301 0.04394325 0.00361057
v 0.00836595 0.03874755 0.00308219
v 0.00977495 0.03883562 0.00308219
v 0.01118395 0.03883562 0.00308219
v 0.01118395 0.03883562 0.00308219
v 0.01127201 0.03742661 0.00334638
v 0.01118395 0.03892368 0.00308219
v 0.01118395 0.03883562 0.00308219
v 0.01118395 0.03892368 0.00308219
v 0.01118395 0.03883562 0.00308219
v 0.00986301 0.03892368 0.00317025
v 0.01118395 0.03901174 0.00325832
v 0.00986301 0.03909980 0.00334638
v 0.01118395 0.03901174 0.00325832
v 0.01118395 0.03892368 0.00308219
v 0.01118395 0.04385519 0.00352250
v 0.01118395 0.03927593 0.00334638
v 0.00880626 0.04473581 0.00431507
v 0.00871820 0.04455969 0.00413894
v 0.00889432 0.04491194 0.00457926
v 0.00889432 0.04491194 0.00457926
v 0.00757338 0.04429550 0.00449119
v 0.00863014 0.04420744 0.00405088
v 0.00863014 0.04420744 0.00405088
v 0.00995107 0.04420744 0.00369863
v 0.00871820 0.04455969 0.00413894
v 0.00995107 0.04455969 0.00387476
v 0.00995107 0.04455969 0.00387476
v 0.01003914 0.04491194 0.00431507
v 0.00995107 0.04473581 0.00405088
v 0.00880626 0.04473581 0.00431507
v 0.00995107 0.04473581 0.00405088
v 0.01118395 0.04491194 0.00422701
v 0.01118395 0.04500000 0.00449119
v 0.01118395 0.04473581 0.00396282
v 0.01118395 0.04447162 0.00378669
v 0.01118395 0.04447162 0.00378669
v 0.00995107 0.04473581 0.00405088
v 0.01118395 0.04473581 0.00396282
v 0.01118395 0.04447162 0.00378669
v 0.01127201 0.04500000 0.00501957
v 0.01118395 0.04420744 0.00361057
v 0.01232877 0.03733855 0.01637965
v 0.01250489 0.03813112 0.01681996
v 0.01109589 0.03821918 0.01699609
v 0.01250489 0.03804305 0.01690802
v 0.01250489 0.03813112 0.01681996
v 0.01250489 0.03821918 0.01655577
v 0.01250489 0.03813112 0.01673190
v 0.01250489 0.03821918 0.01655577
v 0.01241683 0.03839530 0.01646771
v 0.01118395 0.03848337 0.01655577
v 0.01109589 0.03830724 0.01681996
v 0.01241683 0.03839530 0.01646771
v 0.01241683 0.03865949 0.01637965
v 0.01391389 0.03795499 0.01646771
v 0.01250489 0.03813112 0.01681996
v 0.01250489 0.03804305 0.01690802
v 0.02800391 0.03733855 0.01602740
v 0.01391389 0.03795499 0.01646771
v 0.01391389 0.03804305 0.01646771
v 0.01391389 0.03804305 0.01646771
v 0.01382583 0.03821918 0.01611546
v 0.01382583 0.03813112 0.01637965
v 0.01373777 0.03839530 0.01602740
v 0.01382583 0.03821918 0.01611546
v 0.01241683 0.04350294 0.01655577
v 0.01241683 0.04315068 0.01655577
v 0.01241683 0.04385519 0.01637965
v 0.01241683 0.04403131 0.01620352
v 0.01118395 0.04385519 0.01655577
v 0.01241683 0.04385519 0.01637965
v 0.01241683 0.04403131 0.01620352
v 0.01364971 0.04350294 0.01620352
v 0.01364971 0.03857143 0.01602740
v 0.01364971 0.04315068 0.01620352
v 0.01364971 0.04376712 0.01602740
v 0.01100783 0.03531311 0.01576321
v 0.01232877 0.03733855 0.01637965
v 0.01347358 0.03725049 0.01602740
v 0.01620352 0.03513699 0.01303327
v 0.01629158 0.03707436 0.01382583
v 0.01347358 0.03725049 0.01602740
v 0.01549902 0.03707436 0.01470646
v 0.01453033 0.03716243 0.01549902
v 0.01453033 0.03716243 0.01549902
v 0.01479452 0.03857143 0.01541096
v 0.01364971 0.03857143 0.01602740
v 0.01479452 0.03857143 0.01541096
v 0.01364971 0.04315068 0.01620352
v 0.01514677 0.03804305 0.01585127
v 0.01514677 0.03795499 0.01585127
v 0.01514677 0.03795499 0.01585127
v 0.01549902 0.03707436 0.01470646
v 0.01505871 0.03804305 0.01576321
v 0.01497064 0.03821918 0.01549902
v 0.01514677 0.03804305 0.01585127
v 0.01488258 0.03830724 0.01541096
v 0.01488258 0.03830724 0.01541096
v 0.01602740 0.03821918 0.01470646
v 0.01611546 0.03804305 0.01488258
v 0.01505871 0.03804305 0.01576321
v 0.01611546 0.03804305 0.01488258
v 0.01602740 0.03821918 0.01470646
v 0.01593933 0.03830724 0.01461839
v 0.01585127 0.03857143 0.01461839
v 0.01479452 0.03857143 0.01541096
v 0.01488258 0.03830724 0.01541096
v 0.01593933 0.03830724 0.01461839
v 0.01479452 0.04306262 0.01558708
v 0.01479452 0.04306262 0.01558708
v 0.01620352 0.03804305 0.01497065
v 0.01514677 0.03804305 0.01585127
v 0.01514677 0.03795499 0.01585127
v 0.01629158 0.03795499 0.01505871
v 0.01620352 0.03804305 0.01497065
v 0.02633072 0.03751468 0.01400196
v 0.01620352 0.03804305 0.01497065
v 0.01629158 0.03707436 0.01382583
v 0.01708415 0.03804305 0.01391389
v 0.01620352 0.03804305 0.01497065
v 0.01629158 0.03795499 0.01505871
v 0.01726027 0.03795499 0.01400196
v 0.01708415 0.03804305 0.01391389
v 0.01690802 0.03698630 0.01268102
v 0.01734834 0.03698630 0.00898239
v 0.01690802 0.03698630 0.01268102
v 0.01699608 0.03813112 0.01382583
v 0.01708415 0.03804305 0.01391389
v 0.01708415 0.03804305 0.01391389
v 0.01593933 0.03830724 0.01461839
v 0.01602740 0.03821918 0.01470646
v 0.01673190 0.03830724 0.01364971
v 0.01664383 0.03857143 0.01364971
v 0.01673190 0.03830724 0.01364971
v 0.01690802 0.03821918 0.01373777
v 0.01602740 0.03821918 0.01470646
v 0.01690802 0.03821918 0.01373777
v 0.01673190 0.03830724 0.01364971
v 0.01585127 0.04306262 0.01479452
v 0.01620352 0.03513699 0.01303327
v 0.01690802 0.03698630 0.01268102
v 0.01726027 0.03698630 0.01153620
v 0.01752446 0.03522505 0.00968689
v 0.02219178 0.00889433 0.01224070
v 0.01232877 0.04429550 0.01602740
v 0.01232877 0.04429550 0.01602740
v 0.01224070 0.04438356 0.01576321
v 0.01215264 0.04438356 0.01523483
v 0.01312133 0.04438356 0.01497065
v 0.01329745 0.04429550 0.01541096
v 0.01479452 0.04341487 0.01558708
v 0.01356164 0.04403131 0.01593933
v 0.01356164 0.04403131 0.01593933
v 0.01347358 0.04420744 0.01567515
v 0.01241683 0.04403131 0.01620352
v 0.01356164 0.04403131 0.01593933
v 0.01347358 0.04420744 0.01567515
v 0.01470646 0.04376712 0.01549902
v 0.01461839 0.04403131 0.01532290
v 0.01461839 0.04403131 0.01532290
v 0.01435421 0.04429550 0.01488258
v 0.01400196 0.04438356 0.01453033
v 0.01453033 0.04420744 0.01514677
v 0.01576321 0.04341487 0.01479452
v 0.01479452 0.04341487 0.01558708
v 0.01567515 0.04376712 0.01470646
v 0.01470646 0.04376712 0.01549902
v 0.01567515 0.04376712 0.01470646
v 0.01461839 0.04403131 0.01532290
v 0.01470646 0.04376712 0.01549902
v 0.01453033 0.04420744 0.01514677
v 0.01461839 0.04403131 0.01532290
v 0.01558708 0.04403131 0.01461839
v 0.01523483 0.04429550 0.01417808
v 0.01558708 0.04403131 0.01461839
v 0.01541096 0.04420744 0.01444227
v 0.01461839 0.04403131 0.01532290
v 0.01558708 0.04403131 0.01461839
v 0.01479452 0.04438356 0.01391389
v 0.01549902 0.04438356 0.01312133
v 0.01664383 0.04341487 0.01382583
v 0.01655577 0.04376712 0.01382583
v 0.01664383 0.04306262 0.01391389
v 0.01541096 0.04420744 0.01444227
v 0.01558708 0.04403131 0.01461839
v 0.01620352 0.04420744 0.01356164
v 0.01593933 0.04429550 0.01329746
v 0.01620352 0.04420744 0.01356164
v 0.01637965 0.04403131 0.01373777
v 0.01655577 0.04376712 0.01382583
v 0.01673190 0.04420744 0.01259295
v 0.01708415 0.04376712 0.01276908
v 0.01699608 0.04403131 0.01268102
v 0.01593933 0.04438356 0.01224070
v 0.01673190 0.04420744 0.01259295
v 0.01646771 0.04438356 0.01241683
v 0.01629158 0.04447162 0.01136008
v 0.01673190 0.04438356 0.01144814
v 0.01646771 0.04438356 0.01241683
v 0.01673190 0.04420744 0.01259295
v 0.01673190 0.04438356 0.01144814
v 0.01637965 0.04447162 0.01039139
v 0.01778865 0.03813112 0.01276908
v 0.01796477 0.03795499 0.01276908
v 0.01778865 0.03813112 0.01276908
v 0.01726027 0.03795499 0.01400196
v 0.02589041 0.03769080 0.01224070
v 0.01796477 0.03795499 0.01276908
v 0.01752446 0.03821918 0.01259295
v 0.01778865 0.03813112 0.01276908
v 0.01770059 0.03813112 0.01259295
v 0.01699608 0.03813112 0.01382583
v 0.01778865 0.03813112 0.01276908
v 0.01770059 0.03813112 0.01259295
v 0.01734834 0.03839530 0.01259295
v 0.01734834 0.03839530 0.01259295
v 0.01743640 0.03698630 0.01030333
v 0.01726027 0.03698630 0.01153620
v 0.01726027 0.03857143 0.01259295
v 0.01673190 0.03830724 0.01364971
v 0.01734834 0.03839530 0.01259295
v 0.01726027 0.03857143 0.01259295
v 0.01770059 0.03839530 0.01136008
v 0.01787671 0.03821918 0.01136008
v 0.01770059 0.03865949 0.01136008
v 0.01734834 0.03839530 0.01259295
v 0.01770059 0.03839530 0.01136008
v 0.01770059 0.03865949 0.01136008
v 0.01770059 0.03865949 0.01136008
v 0.01726027 0.04315068 0.01276908
v 0.01814090 0.03813112 0.01144814
v 0.01814090 0.03813112 0.01144814
v 0.01805284 0.03821918 0.01136008
v 0.01787671 0.03821918 0.01136008
v 0.01770059 0.03813112 0.01259295
v 0.01814090 0.03813112 0.01144814
v 0.01805284 0.03821918 0.01136008
v 0.01770059 0.03813112 0.01259295
v 0.01743640 0.03698630 0.01030333
v 0.01787671 0.03848337 0.01012720
v 0.01814090 0.03821918 0.01012720
v 0.01805284 0.03830724 0.01012720
v 0.01814090 0.03821918 0.01012720
v 0.01778865 0.03874755 0.01012720
v 0.01778865 0.03874755 0.01012720
v 0.01770059 0.04315068 0.01162427
v 0.01778865 0.04323875 0.01030333
v 0.01770059 0.04315068 0.01162427
v 0.01770059 0.03865949 0.01136008
v 0.01778865 0.04323875 0.01030333
v 0.01840509 0.03804305 0.01144814
v 0.01814090 0.03813112 0.01144814
v 0.01814090 0.03821918 0.01012720
v 0.01840509 0.03813112 0.01012720
v 0.01814090 0.03821918 0.01012720
v 0.02589041 0.03777887 0.01091976
v 0.01726027 0.04350294 0.01276908
v 0.01708415 0.04376712 0.01276908
v 0.01664383 0.04341487 0.01382583
v 0.01726027 0.04350294 0.01276908
v 0.01761252 0.04350294 0.01162427
v 0.01752446 0.04385519 0.01162427
v 0.01761252 0.04350294 0.01162427
v 0.01708415 0.04429550 0.01153620
v 0.01708415 0.04429550 0.01153620
v 0.01726027 0.04411937 0.01153620
v 0.01778865 0.04323875 0.01030333
v 0.01770059 0.04315068 0.01162427
v 0.01770059 0.04359100 0.01039139
v 0.01681996 0.04447162 0.01039139
v 0.01717221 0.04429550 0.01039139
v 0.01681996 0.04447162 0.01039139
v 0.01743640 0.04411937 0.01039139
v 0.01761252 0.04394325 0.01039139
v 0.01699608 0.03540117 0.00713307
v 0.01646771 0.03707436 0.00642857
v 0.01576321 0.03716243 0.00545988
v 0.01576321 0.03716243 0.00545988
v 0.01646771 0.03707436 0.00642857
v 0.01479452 0.03716243 0.00466732
v 0.01576321 0.03716243 0.00545988
v 0.01576321 0.03716243 0.00545988
v 0.01470646 0.03557730 0.00431507
v 0.01699608 0.03540117 0.00713307
v 0.01479452 0.03716243 0.00466732
v 0.01699608 0.03698630 0.00757339
v 0.01488258 0.03909980 0.00457926
v 0.01593933 0.03901174 0.00537182
v 0.01593933 0.03874755 0.00537182
v 0.01673190 0.03865949 0.00634051
v 0.01497064 0.03883562 0.00449119
v 0.01488258 0.03909980 0.00457926
v 0.01593933 0.03874755 0.00537182
v 0.01611546 0.03857143 0.00519569
v 0.01690802 0.03857143 0.00625245
v 0.01593933 0.03874755 0.00537182
v 0.01673190 0.03865949 0.00634051
v 0.01690802 0.03857143 0.00625245
v 0.01593933 0.04359100 0.00563601
v 0.01673190 0.04350294 0.00660470
v 0.01673190 0.03892368 0.00634051
v 0.01409002 0.04482387 0.00598826
v 0.01320939 0.04491194 0.00545988
v 0.01224070 0.04491194 0.00519569
v 0.01629158 0.04455969 0.00942270
v 0.01602740 0.04464775 0.00836595
v 0.01549902 0.04464775 0.00739726
v 0.01479452 0.04473581 0.00660470
v 0.01444227 0.04482387 0.00563601
v 0.01338552 0.04482387 0.00501957
v 0.01673190 0.04447162 0.00933464
v 0.01593933 0.04464775 0.00722113
v 0.01655577 0.04455969 0.00810176
v 0.01523483 0.04473581 0.00642857
v 0.01549902 0.04464775 0.00616438
v 0.01461839 0.04473581 0.00537182
v 0.01461839 0.04473581 0.00537182
v 0.01549902 0.04464775 0.00616438
v 0.01567515 0.04447162 0.00598826
v 0.01470646 0.04455969 0.00510763
v 0.01356164 0.04473581 0.00475538
v 0.01470646 0.04455969 0.00510763
v 0.01620352 0.04455969 0.00704501
v 0.01681996 0.04447162 0.00801370
v 0.01620352 0.04455969 0.00704501
v 0.01637965 0.04438356 0.00686888
v 0.01699608 0.04420744 0.00792564
v 0.01681996 0.04447162 0.00801370
v 0.01655577 0.04411937 0.00678082
v 0.01488258 0.04367906 0.00475538
v 0.01585127 0.04394325 0.00563601
v 0.01664383 0.04385519 0.00660470
v 0.01576321 0.04420744 0.00581213
v 0.01585127 0.04394325 0.00563601
v 0.01488258 0.04403131 0.00484344
v 0.01664383 0.04385519 0.00660470
v 0.01479452 0.04429550 0.00493151
v 0.01488258 0.04403131 0.00484344
v 0.01250489 0.03733855 0.00352250
v 0.01373777 0.03725049 0.00396282
v 0.01250489 0.03927593 0.00352250
v 0.01250489 0.03901174 0.00343444
v 0.01250489 0.03901174 0.00343444
v 0.01250489 0.04376712 0.00369863
v 0.01259295 0.03883562 0.00325832
v 0.01259295 0.03865949 0.00299413
v 0.01259295 0.03883562 0.00325832
v 0.01382583 0.03892368 0.00387476
v 0.01373777 0.03918787 0.00396282
v 0.01373777 0.04376712 0.00413894
v 0.01382583 0.03874755 0.00369863
v 0.01382583 0.03874755 0.00369863
v 0.01382583 0.03874755 0.00361057
v 0.01400196 0.03857143 0.00343444
v 0.03179061 0.03821918 0.00387476
v 0.02227984 0.00713307 0.00378669
v 0.01699608 0.03540117 0.00713307
v 0.01470646 0.03557730 0.00431507
v 0.02236791 0.00730920 0.00387476
v 0.01497064 0.03883562 0.00449119
v 0.01505871 0.03865949 0.00431507
v 0.01382583 0.03892368 0.00387476
v 0.01382583 0.03874755 0.00369863
v 0.01488258 0.03909980 0.00457926
v 0.01488258 0.04367906 0.00475538
v 0.01505871 0.03865949 0.00431507
v 0.01523483 0.03848337 0.00413894
v 0.01611546 0.03857143 0.00510763
v 0.01523483 0.03848337 0.00413894
v 0.01505871 0.03865949 0.00431507
v 0.01611546 0.03857143 0.00519569
v 0.01611546 0.03857143 0.00510763
v 0.03038160 0.03821918 0.00431507
v 0.01646771 0.03848337 0.00501957
v 0.01690802 0.03848337 0.00616438
v 0.01690802 0.03848337 0.00616438
v 0.01726027 0.03839530 0.00607632
v 0.02800391 0.03813112 0.00590020
v 0.02914873 0.03821918 0.00493151
v 0.01232877 0.04491194 0.00466732
v 0.01241683 0.04482387 0.00431507
v 0.01241683 0.04464775 0.00413894
v 0.01118395 0.04473581 0.00396282
v 0.01241683 0.04482387 0.00431507
v 0.01241683 0.04464775 0.00413894
v 0.01250489 0.04411937 0.00378669
v 0.01250489 0.04447162 0.00387476
v 0.01118395 0.04447162 0.00378669
v 0.01241683 0.04464775 0.00413894
v 0.01250489 0.04447162 0.00387476
v 0.01356164 0.04473581 0.00475538
v 0.01241683 0.04464775 0.00413894
v 0.01241683 0.04482387 0.00431507
v 0.01364971 0.04464775 0.00449119
v 0.01364971 0.04464775 0.00449119
v 0.01373777 0.04438356 0.00431507
v 0.01373777 0.04438356 0.00431507
v 0.01364971 0.04464775 0.00449119
v 0.01373777 0.04411937 0.00413894
v 0.01488258 0.04403131 0.00484344
v 0.01479452 0.04429550 0.00493151
v 0.01734834 0.03698630 0.00898239
v 0.01770059 0.03874755 0.00880626
v 0.01787671 0.03848337 0.01012720
v 0.01770059 0.03857143 0.00880626
v 0.01770059 0.03874755 0.00880626
v 0.01770059 0.03857143 0.00880626
v 0.01778865 0.03874755 0.01012720
v 0.01778865 0.04323875 0.01030333
v 0.01787671 0.03839530 0.00880626
v 0.01734834 0.03865949 0.00748532
v 0.01726027 0.03883562 0.00748532
v 0.01726027 0.03883562 0.00748532
v 0.01796477 0.03830724 0.00871820
v 0.01752446 0.03848337 0.00739726
v 0.01770059 0.04332681 0.00907045
v 0.01822896 0.03821918 0.00880626
v 0.01796477 0.03830724 0.00871820
v 0.02597847 0.03795499 0.00951076
v 0.01778865 0.03839530 0.00748532
v 0.01796477 0.03830724 0.00730920
v 0.01778865 0.03839530 0.00748532
v 0.01822896 0.03821918 0.00880626
v 0.02650685 0.03804305 0.00818982
v 0.01796477 0.03830724 0.00730920
v 0.01796477 0.03830724 0.00871820
v 0.01752446 0.03839530 0.00739726
v 0.01752446 0.03848337 0.00739726
v 0.01752446 0.03839530 0.00739726
v 0.01673190 0.03865949 0.00634051
v 0.01673190 0.03892368 0.00634051
v 0.01734834 0.03865949 0.00748532
v 0.01690802 0.03857143 0.00625245
v 0.01752446 0.03839530 0.00739726
v 0.01752446 0.03848337 0.00739726
v 0.01726027 0.04341487 0.00774951
v 0.02703522 0.03813112 0.00686888
v 0.01761252 0.04367906 0.00907045
v 0.01770059 0.04332681 0.00907045
v 0.01752446 0.04394325 0.00915851
v 0.01673190 0.04447162 0.00933464
v 0.01708415 0.04438356 0.00924658
v 0.01708415 0.04438356 0.00924658
v 0.01717221 0.04429550 0.01039139
v 0.01734834 0.04420744 0.00915851
v 0.01726027 0.04376712 0.00774951
v 0.01726027 0.04376712 0.00774951
v 0.01717221 0.04403131 0.00783757
v 0.02994129 0.03082192 0.03804305
v 0.03302348 0.01637965 0.04042074
v 0.02219178 0.01417808 0.03980430
v 0.02219178 0.01417808 0.03980430
v 0.02219178 0.01268102 0.03126223
v 0.02712329 0.03143836 0.03390411
v 0.02800391 0.03117417 0.03619374
v 0.02994129 0.03082192 0.03804305
v 0.04244618 0.01364971 0.04200587
v 0.04244618 0.01382583 0.04218199
v 0.03275930 0.01250489 0.04227006
v 0.04244618 0.01364971 0.04200587
v 0.04244618 0.01382583 0.04218199
v 0.04253425 0.01417808 0.04227006
v 0.04253425 0.01497065 0.04235812
v 0.04253425 0.01347358 0.04174168
v 0.03954012 0.01285714 0.04015655
v 0.04244618 0.01329746 0.04103718
v 0.03267123 0.01171233 0.03927593
v 0.03267123 0.01180039 0.03954012
v 0.03267123 0.01171233 0.03927593
v 0.03258317 0.01232877 0.03945205
v 0.03293542 0.01188846 0.03980430
v 0.03267123 0.01171233 0.03927593
v 0.03267123 0.01180039 0.03954012
v 0.03267123 0.01180039 0.03954012
v 0.03258317 0.01232877 0.03945205
v 0.03293542 0.01585127 0.03989237
v 0.03945205 0.01285714 0.03980430
v 0.03267123 0.01180039 0.03954012
v 0.03328767 0.01602740 0.04050881
v 0.03337573 0.01215264 0.03971624
v 0.03267123 0.01180039 0.03954012
v 0.03945205 0.01285714 0.03980430
v 0.03328767 0.01602740 0.04050881
v 0.03258317 0.01232877 0.03945205
v 0.03275929 0.01593934 0.04050881
v 0.03293542 0.01585127 0.03989237
v 0.04050881 0.01743640 0.04042074
v 0.03962818 0.01320939 0.03971624
v 0.03971624 0.01461840 0.03989237
v 0.03302348 0.01637965 0.04042074
v 0.03293542 0.01585127 0.03989237
v 0.03275929 0.01593934 0.04050881
v 0.03328767 0.01602740 0.04050881
v 0.03293542 0.01585127 0.03989237
v 0.03302348 0.01637965 0.04042074
v 0.03293542 0.01585127 0.03989237
v 0.03302348 0.01637965 0.04042074
v 0.03302348 0.01646771 0.04006849
v 0.03504892 0.03046967 0.03909980
v 0.02254403 0.00695695 0.02263209
v 0.02289628 0.00704501 0.02254403
v 0.02289628 0.00695695 0.02219178
v 0.02289628 0.00695695 0.02192759
v 0.02254403 0.00678082 0.02183953
v 0.03117417 0.00871820 0.02192759
v 0.03029354 0.01083170 0.02897260
v 0.03011742 0.01100783 0.02958904
v 0.03117417 0.00880626 0.02210372
v 0.03011742 0.01100783 0.02958904
v 0.03029354 0.01083170 0.02897260
v 0.03090998 0.01171233 0.02914873
v 0.03064579 0.01188846 0.03011742
v 0.03029354 0.01083170 0.02897260
v 0.03126223 0.01109589 0.02236791
v 0.03090998 0.01171233 0.02914873
v 0.03117417 0.00880626 0.02210372
v 0.03126223 0.01109589 0.02236791
v 0.03029354 0.01083170 0.02897260
v 0.03152642 0.01232877 0.02192759
v 0.03126223 0.00898239 0.02192759
v 0.03152642 0.01232877 0.02192759
v 0.02712329 0.03179061 0.03143836
v 0.02809198 0.03196673 0.02932485
v 0.02712329 0.03179061 0.03143836
v 0.02219178 0.01268102 0.03126223
v 0.03038160 0.01276908 0.03082192
v 0.03099804 0.01285714 0.03046967
v 0.03099804 0.01409002 0.03126223
v 0.03143836 0.01409002 0.03099804
v 0.03161448 0.01409002 0.03002935
v 0.03126223 0.01285714 0.02958904
v 0.03126223 0.01285714 0.02958904
v 0.03161448 0.01409002 0.03002935
v 0.03170254 0.01268102 0.02210372
v 0.04059687 0.01294521 0.03927593
v 0.04059687 0.01294521 0.03927593
v 0.04050881 0.01329746 0.03927593
v 0.04059687 0.01294521 0.03927593
v 0.04050881 0.01329746 0.03927593
v 0.04103718 0.01320939 0.03830724
v 0.04147749 0.01285714 0.03821918
v 0.04112524 0.01285714 0.03813111
v 0.04112524 0.01285714 0.03813111
v 0.04059687 0.01461840 0.03945205
v 0.04050881 0.01329746 0.03927593
v 0.04059687 0.01461840 0.03945205
v 0.04112524 0.01461840 0.03857143
v 0.04103718 0.01320939 0.03830724
v 0.04050881 0.01743640 0.04042074
v 0.03971624 0.01461840 0.03989237
v 0.04103718 0.01743640 0.03971624
v 0.04306262 0.01373777 0.04191781
v 0.04306262 0.01391390 0.04209393
v 0.04306262 0.01391390 0.04209393
v 0.04306262 0.01391390 0.04209393
v 0.04306262 0.01373777 0.04191781
v 0.04323875 0.01382583 0.04182974
v 0.04323875 0.01391390 0.04191781
v 0.04315068 0.01417808 0.04218199
v 0.04315068 0.01417808 0.04218199
v 0.04306262 0.01364971 0.04174168
v 0.04323875 0.01382583 0.04182974
v 0.04332681 0.01426615 0.04200587
v 0.04350293 0.01417808 0.04174168
v 0.04341487 0.01391390 0.04174168
v 0.04315068 0.01505871 0.04227006
v 0.04367906 0.03082192 0.04288650
v 0.04341487 0.01505871 0.04209393
v 0.04315068 0.01505871 0.04227006
v 0.04394325 0.03082192 0.04271037
v 0.04367906 0.03082192 0.04288650
v 0.04359100 0.01505871 0.04182974
v 0.04411937 0.03082192 0.04244618
v 0.04315068 0.01347358 0.04112524
v 0.04271037 0.01188846 0.03223092
v 0.04332681 0.01373777 0.04165362
v 0.04306262 0.01364971 0.04174168
v 0.04332681 0.01373777 0.04165362
v 0.04341487 0.01364971 0.04112524
v 0.04341487 0.01206458 0.03214286
v 0.04350293 0.01382583 0.04121331
v 0.04367906 0.01417808 0.04121331
v 0.04341487 0.01364971 0.04112524
v 0.04350293 0.01382583 0.04121331
v 0.04341487 0.01364971 0.04112524
v 0.04376712 0.01241683 0.03214286
v 0.04385518 0.01276908 0.03214286
v 0.04367906 0.01417808 0.04121331
v 0.04359100 0.01215264 0.03214286
v 0.04341487 0.01364971 0.04112524
v 0.04359100 0.01215264 0.03214286
v 0.04376712 0.01241683 0.03214286
v 0.04367906 0.01497065 0.04121331
v 0.04394325 0.01320939 0.03223092
v 0.04367906 0.01497065 0.04121331
v 0.04429550 0.03082192 0.04174168
v 0.04429550 0.03082192 0.04174168
v 0.03945205 0.03055773 0.03628180
v 0.04103718 0.01743640 0.03971624
v 0.04050881 0.01743640 0.04042074
v 0.03504892 0.03046967 0.03909980
v 0.04130137 0.01602740 0.03416830
v 0.04112524 0.01461840 0.03857143
v 0.04103718 0.01743640 0.03971624
v 0.04121331 0.01637965 0.03381605
v 0.03945205 0.03055773 0.03628180
v 0.04121331 0.01224071 0.03346380
v 0.04121331 0.01188846 0.03275929
v 0.04112524 0.01285714 0.03813111
v 0.04121331 0.01224071 0.03346380
v 0.04094912 0.01188846 0.03293542
v 0.04094912 0.01188846 0.03293542
v 0.04147749 0.01180039 0.03249511
v 0.04094912 0.01188846 0.03293542
v 0.04068493 0.01585127 0.03372798
v 0.04094912 0.01646771 0.03381605
v 0.04130137 0.01593934 0.03355186
v 0.04121331 0.01637965 0.03381605
v 0.04094912 0.01646771 0.03381605
v 0.04068493 0.01585127 0.03372798
v 0.04068493 0.01585127 0.03372798
v 0.04130137 0.01602740 0.03416830
v 0.04121331 0.01637965 0.03381605
v 0.04094912 0.01188846 0.03293542
v 0.04130137 0.01602740 0.03416830
v 0.04068493 0.01585127 0.03372798
v 0.04077299 0.01224071 0.03284736
v 0.04077299 0.01224071 0.03284736
v 0.04094912 0.01188846 0.03293542
v 0.04068493 0.01585127 0.03372798
v 0.04121331 0.01637965 0.03381605
v 0.04130137 0.01593934 0.03355186
v 0.04156556 0.01382583 0.02272016
v 0.04121331 0.01188846 0.03275929
v 0.04121331 0.01250489 0.03240704
v 0.04121331 0.01188846 0.03275929
v 0.04130137 0.01012720 0.02192759
v 0.03954012 0.03135029 0.02906066
v 0.04050881 0.03073386 0.03390411
v 0.04050881 0.03099804 0.03135029
v 0.04094912 0.01188846 0.03293542
v 0.04077299 0.01224071 0.03284736
v 0.04121331 0.01188846 0.03275929
v 0.04130137 0.01003914 0.02166340
v 0.04130137 0.01003914 0.02166340
v 0.04156556 0.00995108 0.02175147
v 0.04350293 0.01021527 0.02166340
v 0.04279843 0.01012720 0.02166340
v 0.04385518 0.01065558 0.02166340
v 0.04359100 0.01215264 0.03214286
v 0.04376712 0.01039139 0.02166340
v 0.04376712 0.01039139 0.02166340
v 0.04403131 0.01100783 0.02157534
v 0.04403131 0.01144814 0.02157534
v 0.04130137 0.01417808 0.02227984
v 0.04156556 0.01382583 0.02272016
v 0.04130137 0.01417808 0.02227984
v 0.04094912 0.01356165 0.02201565
v 0.04138943 0.01197652 0.02183953
v 0.04094912 0.01356165 0.02201565
v 0.03954012 0.03135029 0.02906066
v 0.03522505 0.03187867 0.02624266
v 0.04130137 0.01417808 0.02227984
v 0.03170254 0.01268102 0.02210372
v 0.04130137 0.01417808 0.02227984
v 0.04147749 0.01400196 0.02201565
v 0.04147749 0.01400196 0.02201565
v 0.04094912 0.01356165 0.02201565
v 0.04130137 0.01417808 0.02227984
v 0.02712329 0.03408024 0.03548924
v 0.02685910 0.03434442 0.03416830
v 0.02677104 0.03452055 0.03284736
v 0.02712329 0.03143836 0.03390411
v 0.02712329 0.03179061 0.03143836
v 0.02677104 0.03452055 0.03284736
v 0.03337573 0.03284736 0.03980430
v 0.03205479 0.03302348 0.03962818
v 0.03073385 0.03319961 0.03927593
v 0.03073385 0.03319961 0.03927593
v 0.03205479 0.03302348 0.03962818
v 0.03460861 0.03267123 0.03971624
v 0.02941291 0.03346380 0.03848336
v 0.02941291 0.03346380 0.03848336
v 0.02844423 0.03363992 0.03760274
v 0.02712329 0.03408024 0.03548924
v 0.03584149 0.03258317 0.03936399
v 0.03337573 0.03284736 0.03980430
v 0.03460861 0.03267123 0.03971624
v 0.02844423 0.03363992 0.03760274
v 0.02941291 0.03346380 0.03848336
v 0.02765166 0.03390411 0.03663405
v 0.02765166 0.03390411 0.03663405
v 0.02738747 0.03540117 0.03681018
v 0.02747554 0.03540117 0.03663405
v 0.02685910 0.03548924 0.03540117
v 0.02826810 0.03522505 0.03786693
v 0.02756360 0.03540117 0.03654599
v 0.02685910 0.03557730 0.03557730
v 0.02835616 0.03531311 0.03760274
v 0.02747554 0.03540117 0.03663405
v 0.02685910 0.03557730 0.03557730
v 0.02685910 0.03548924 0.03540117
v 0.02835616 0.03522505 0.03769080
v 0.02747554 0.03540117 0.03663405
v 0.02835616 0.03522505 0.03769080
v 0.02835616 0.03531311 0.03760274
v 0.02756360 0.03540117 0.03654599
v 0.02773972 0.03557730 0.03645792
v 0.02721135 0.03575342 0.03531311
v 0.02835616 0.03531311 0.03760274
v 0.02703522 0.03557730 0.03540117
v 0.02703522 0.03557730 0.03540117
v 0.02773972 0.03557730 0.03645792
v 0.02773972 0.03584149 0.03636986
v 0.02729941 0.03601761 0.03531311
v 0.02844423 0.03540117 0.03742661
v 0.02773972 0.03584149 0.03636986
v 0.02773972 0.03557730 0.03645792
v 0.02729941 0.03601761 0.03531311
v 0.02773972 0.03557730 0.03645792
v 0.02835616 0.03531311 0.03760274
v 0.02844423 0.03540117 0.03742661
v 0.02721135 0.04086106 0.03548924
v 0.02773972 0.04077299 0.03654599
v 0.02853229 0.03566536 0.03742661
v 0.02853229 0.03566536 0.03742661
v 0.02650685 0.03566536 0.03408023
v 0.02641879 0.03584149 0.03275929
v 0.02685910 0.03434442 0.03416830
v 0.02677104 0.03452055 0.03284736
v 0.02729941 0.03478474 0.03082192
v 0.03126223 0.03487280 0.02677104
v 0.04033268 0.03311155 0.03152642
v 0.02650685 0.03575342 0.03425636
v 0.02650685 0.03575342 0.03425636
v 0.02650685 0.03566536 0.03408023
v 0.02668297 0.03575342 0.03416830
v 0.02668297 0.03575342 0.03416830
v 0.02721135 0.03575342 0.03531311
v 0.02694716 0.03610568 0.03416830
v 0.02685910 0.03592955 0.03416830
v 0.02694716 0.03610568 0.03416830
v 0.02694716 0.04103718 0.03425636
v 0.02641879 0.03584149 0.03293542
v 0.02641879 0.03584149 0.03293542
v 0.02668297 0.03592955 0.03284736
v 0.02668297 0.03592955 0.03284736
v 0.02685910 0.03592955 0.03416830
v 0.02685910 0.03601761 0.03284736
v 0.02685910 0.03601761 0.03284736
v 0.02685910 0.03592955 0.03416830
v 0.02694716 0.04112524 0.03293542
v 0.02694716 0.03628180 0.03284736
v 0.02641879 0.03584149 0.03275929
v 0.02782779 0.04112524 0.03654599
v 0.02853229 0.04059687 0.03760274
v 0.02853229 0.04094912 0.03760274
v 0.02853229 0.04094912 0.03760274
v 0.02782779 0.04112524 0.03654599
v 0.02773972 0.04077299 0.03654599
v 0.02729941 0.04121331 0.03540117
v 0.02703522 0.04138943 0.03425636
v 0.02729941 0.04121331 0.03540117
v 0.02721135 0.04086106 0.03548924
v 0.02747554 0.04156556 0.03540117
v 0.02703522 0.04138943 0.03425636
v 0.02791585 0.04138943 0.03645792
v 0.02765166 0.04174168 0.03531311
v 0.02721135 0.04165362 0.03425636
v 0.02738747 0.04191781 0.03416830
v 0.02791585 0.04191781 0.03522505
v 0.02809198 0.04165362 0.03636986
v 0.02721135 0.04165362 0.03425636
v 0.02703522 0.04147750 0.03293542
v 0.02738747 0.04191781 0.03416830
v 0.02721135 0.04174168 0.03302348
v 0.02791585 0.04191781 0.03522505
v 0.02765166 0.04200587 0.03416830
v 0.02738747 0.04191781 0.03416830
v 0.02765166 0.04218200 0.03302348
v 0.02738747 0.04200587 0.03302348
v 0.02738747 0.04200587 0.03302348
v 0.02826810 0.04200587 0.03513699
v 0.02800391 0.04209393 0.03408023
v 0.02800391 0.04218200 0.03302348
v 0.03205479 0.03469667 0.03998043
v 0.03064579 0.03487280 0.03954012
v 0.03073385 0.03469667 0.03980430
v 0.02923679 0.03487280 0.03901174
v 0.03214286 0.03452055 0.04015655
v 0.03205479 0.03478474 0.03971624
v 0.03073385 0.03487280 0.03918787
v 0.03064579 0.03487280 0.03954012
v 0.02941291 0.03504892 0.03857143
v 0.03205479 0.03469667 0.03998043
v 0.03214286 0.03469667 0.03980430
v 0.03064579 0.03487280 0.03954012
v 0.03214286 0.03469667 0.03980430
v 0.03205479 0.03478474 0.03971624
v 0.02932485 0.03504892 0.03883562
v 0.02932485 0.03504892 0.03883562
v 0.03205479 0.03478474 0.03971624
v 0.03082192 0.03504892 0.03909980
v 0.03073385 0.03487280 0.03918787
v 0.02941291 0.03513699 0.03848336
v 0.02941291 0.03504892 0.03857143
v 0.03082192 0.03504892 0.03909980
v 0.03205479 0.03478474 0.03971624
v 0.03214286 0.03487280 0.03954012
v 0.03082192 0.03504892 0.03909980
v 0.03214286 0.03487280 0.03954012
v 0.03214286 0.03513699 0.03954012
v 0.03082192 0.03531311 0.03901174
v 0.02950098 0.03531311 0.03830724
v 0.03082192 0.03531311 0.03901174
v 0.03355186 0.03452055 0.03998043
v 0.03214286 0.03452055 0.04015655
v 0.04315068 0.03293542 0.04174168
v 0.03355186 0.03434442 0.04033268
v 0.03355186 0.03434442 0.04033268
v 0.03355186 0.03452055 0.03998043
v 0.03346380 0.03460861 0.03980430
v 0.03346380 0.03460861 0.03980430
v 0.03346380 0.03478474 0.03971624
v 0.03205479 0.03478474 0.03971624
v 0.03346380 0.03460861 0.03980430
v 0.03346380 0.03478474 0.03971624
v 0.03346380 0.03504892 0.03962818
v 0.03205479 0.04033268 0.03980430
v 0.03073385 0.04042074 0.03936399
v 0.03205479 0.04068493 0.03971624
v 0.03073385 0.04077299 0.03927593
v 0.03073385 0.04042074 0.03936399
v 0.03073385 0.04077299 0.03927593
v 0.02950098 0.04050881 0.03857143
v 0.02950098 0.04050881 0.03857143
v 0.03205479 0.04094912 0.03962818
v 0.03082192 0.04103718 0.03918787
v 0.02950098 0.04086106 0.03848336
v 0.03205479 0.04094912 0.03962818
v 0.03090998 0.04130137 0.03901174
v 0.02958904 0.04121331 0.03839530
v 0.02976516 0.04147750 0.03821918
v 0.03328767 0.04059687 0.03989237
v 0.03328767 0.04024462 0.03998043
v 0.03328767 0.04086106 0.03980430
v 0.03452055 0.04059687 0.03980430
v 0.03478473 0.03496086 0.03954012
v 0.03460861 0.04015656 0.03989237
v 0.03452055 0.04086106 0.03971624
v 0.03328767 0.04086106 0.03980430
v 0.03205479 0.04121331 0.03945205
v 0.03328767 0.04112524 0.03962818
v 0.03214286 0.04138943 0.03918787
v 0.03099804 0.04147750 0.03874755
v 0.03328767 0.04138943 0.03936399
v 0.03223092 0.04156556 0.03892368
v 0.03443248 0.04112524 0.03954012
v 0.03328767 0.04112524 0.03962818
v 0.03443248 0.04130137 0.03927593
v 0.03328767 0.04112524 0.03962818
v 0.03443248 0.04112524 0.03954012
v 0.03443248 0.04130137 0.03927593
v 0.03328767 0.04138943 0.03936399
v 0.03328767 0.04147750 0.03909980
v 0.03223092 0.04156556 0.03892368
v 0.03434442 0.04147750 0.03901174
v 0.03337573 0.04156556 0.03857143
v 0.03434442 0.04156556 0.03848336
v 0.02809198 0.03513699 0.03804305
v 0.02950098 0.03531311 0.03830724
v 0.02950098 0.03548924 0.03830724
v 0.02950098 0.03531311 0.03830724
v 0.02853229 0.04059687 0.03760274
v 0.02950098 0.03548924 0.03830724
v 0.02950098 0.03531311 0.03830724
v 0.02862035 0.04130137 0.03751468
v 0.02879648 0.04147750 0.03742661
v 0.02897260 0.04165362 0.03725049
v 0.02835616 0.04182975 0.03619374
v 0.02994129 0.04156556 0.03795499
v 0.02879648 0.04147750 0.03742661
v 0.02976516 0.04147750 0.03821918
v 0.02994129 0.04156556 0.03795499
v 0.02897260 0.04165362 0.03725049
v 0.02994129 0.04156556 0.03795499
v 0.02923679 0.04182975 0.03698630
v 0.02835616 0.04182975 0.03619374
v 0.03090998 0.04130137 0.03901174
v 0.03002935 0.04174168 0.03769080
v 0.02923679 0.04182975 0.03698630
v 0.03117417 0.04165362 0.03848336
v 0.03038160 0.04174168 0.03742661
v 0.03002935 0.04174168 0.03769080
v 0.03117417 0.04165362 0.03848336
v 0.02958904 0.04182975 0.03672211
v 0.02870841 0.04191781 0.03610567
v 0.03372798 0.04200587 0.03363992
v 0.02906066 0.04191781 0.03592955
v 0.03143835 0.04165362 0.03804305
v 0.02870841 0.04200587 0.03504892
v 0.02853229 0.04218200 0.03408023
v 0.02844423 0.04227006 0.03311154
v 0.03240704 0.04156556 0.03848336
v 0.02729941 0.03478474 0.03082192
v 0.02677104 0.03452055 0.03284736
v 0.03002935 0.03205480 0.02738747
v 0.02862035 0.03496086 0.02853229
v 0.03170254 0.01268102 0.02210372
v 0.02782779 0.03487280 0.02967710
v 0.03002935 0.03205480 0.02738747
v 0.03249511 0.03205480 0.02633072
v 0.03126223 0.03487280 0.02677104
v 0.02985323 0.03496086 0.02756360
v 0.03126223 0.03487280 0.02677104
v 0.03258317 0.03478474 0.02633072
v 0.03390411 0.03460861 0.02615460
v 0.03522505 0.03443249 0.02633072
v 0.02668297 0.03592955 0.03135029
v 0.02668297 0.03601761 0.03152642
v 0.02641879 0.03584149 0.03275929
v 0.02668297 0.03601761 0.03152642
v 0.02668297 0.03592955 0.03135029
v 0.02694716 0.03601761 0.03117417
v 0.02729941 0.03645793 0.03108610
v 0.02729941 0.03619374 0.03090998
v 0.02729941 0.03619374 0.03090998
v 0.02721135 0.04121331 0.03143836
v 0.02782779 0.03487280 0.02967710
v 0.02985323 0.03496086 0.02756360
v 0.02747554 0.03619374 0.02958904
v 0.02668297 0.03592955 0.03135029
v 0.02668297 0.03601761 0.03152642
v 0.02747554 0.03619374 0.02958904
v 0.02747554 0.03610568 0.02932485
v 0.02747554 0.03610568 0.02932485
v 0.02773972 0.03619374 0.02950098
v 0.02791585 0.03628180 0.02958904
v 0.02729941 0.03619374 0.03090998
v 0.02729941 0.03645793 0.03108610
v 0.02782779 0.04130137 0.03011742
v 0.02791585 0.03654599 0.02967710
v 0.02791585 0.03628180 0.02958904
v 0.02791585 0.03628180 0.02958904
v 0.02818004 0.03610568 0.02818004
v 0.02818004 0.03610568 0.02818004
v 0.02844423 0.03619374 0.02844423
v 0.02721135 0.03610568 0.02914873
v 0.02818004 0.03610568 0.02818004
v 0.02941291 0.03619374 0.02694716
v 0.02703522 0.04147750 0.03293542
v 0.02721135 0.04174168 0.03302348
v 0.02729941 0.04156556 0.03152642
v 0.02729941 0.04156556 0.03152642
v 0.02756360 0.04209393 0.03170254
v 0.02738747 0.04182975 0.03161448
v 0.02782779 0.04218200 0.03179061
v 0.02756360 0.04209393 0.03170254
v 0.02809198 0.04227006 0.03187867
v 0.02721135 0.04121331 0.03143836
v 0.02729941 0.04156556 0.03152642
v 0.02791585 0.04165362 0.03020548
v 0.02782779 0.04130137 0.03011742
v 0.02738747 0.04182975 0.03161448
v 0.02800391 0.04191781 0.03029354
v 0.02756360 0.04209393 0.03170254
v 0.02818004 0.04218200 0.03038160
v 0.02844423 0.04227006 0.03055773
v 0.02818004 0.04218200 0.03038160
v 0.02862035 0.03496086 0.02853229
v 0.02791585 0.03628180 0.02958904
v 0.02791585 0.03654599 0.02967710
v 0.02870841 0.03636986 0.02853229
v 0.02844423 0.03619374 0.02844423
v 0.02879648 0.03654599 0.02862035
v 0.02862035 0.04138943 0.02897260
v 0.02958904 0.03619374 0.02738747
v 0.02950098 0.03619374 0.02721135
v 0.02967710 0.03628180 0.02747554
v 0.02958904 0.03619374 0.02738747
v 0.02976516 0.03636986 0.02765166
v 0.02976516 0.03636986 0.02765166
v 0.02967710 0.03628180 0.02747554
v 0.02870841 0.03636986 0.02853229
v 0.02967710 0.04138943 0.02809198
v 0.02985323 0.03663405 0.02773973
v 0.02862035 0.04227006 0.03205479
v 0.02870841 0.04235812 0.03064579
v 0.02914873 0.04235812 0.03090998
v 0.02941291 0.04244618 0.02976517
v 0.02914873 0.04235812 0.02958904
v 0.02976516 0.04244618 0.03002935
v 0.02870841 0.04174168 0.02906066
v 0.02879648 0.04200587 0.02923679
v 0.02897260 0.04218200 0.02941291
v 0.02914873 0.04235812 0.02958904
v 0.02976516 0.04200587 0.02835616
v 0.02967710 0.04174168 0.02818004
v 0.02985323 0.04227006 0.02862035
v 0.03090998 0.04138943 0.02738747
v 0.03090998 0.04138943 0.02738747
v 0.02985323 0.03663405 0.02773973
v 0.02967710 0.04138943 0.02809198
v 0.03090998 0.04174168 0.02747554
v 0.03099804 0.04227006 0.02782779
v 0.03090998 0.04209393 0.02756360
v 0.03002935 0.04244618 0.02879648
v 0.03002935 0.04244618 0.02879648
v 0.03029354 0.04244618 0.02914873
v 0.03055773 0.04244618 0.02941291
v 0.03143835 0.04244618 0.02879648
v 0.03108610 0.04244618 0.02809198
v 0.03126223 0.04253425 0.02844423
v 0.03108610 0.04244618 0.02809198
v 0.03231898 0.04244618 0.02791585
v 0.03240704 0.04244618 0.02844423
v 0.03223092 0.04244618 0.02765166
v 0.03223092 0.04244618 0.02765166
v 0.03223092 0.04227006 0.02738747
v 0.03346379 0.04244618 0.02826810
v 0.03346379 0.04244618 0.02773973
v 0.03090998 0.03619374 0.02650685
v 0.03090998 0.03610568 0.02633072
v 0.03099804 0.03619374 0.02668297
v 0.03099804 0.03619374 0.02659491
v 0.03099804 0.03619374 0.02659491
v 0.03108610 0.03636986 0.02685910
v 0.03099804 0.03619374 0.02668297
v 0.03231898 0.03601761 0.02571428
v 0.03416830 0.03689824 0.01822896
v 0.03029354 0.03707436 0.01761252
v 0.03152642 0.03698630 0.01814090
v 0.03108610 0.03663405 0.02694716
v 0.03258317 0.03478474 0.02633072
v 0.03231898 0.03610568 0.02597847
v 0.03240704 0.03628180 0.02641879
v 0.03108610 0.03663405 0.02694716
v 0.03240704 0.03628180 0.02641879
v 0.03108610 0.03636986 0.02685910
v 0.03231898 0.03610568 0.02615460
v 0.03240704 0.03628180 0.02641879
v 0.03240704 0.03619374 0.02624266
v 0.03240704 0.03619374 0.02624266
v 0.03231898 0.03610568 0.02615460
v 0.03099804 0.03619374 0.02668297
v 0.03240704 0.03654599 0.02650685
v 0.03381605 0.03645793 0.02641879
v 0.03381605 0.03601761 0.02606654
v 0.03381605 0.03619374 0.02624266
v 0.03240704 0.03628180 0.02641879
v 0.03381605 0.03619374 0.02624266
v 0.03381605 0.03601761 0.02606654
v 0.03214286 0.04138943 0.02685910
v 0.03355186 0.04138943 0.02668297
v 0.03654599 0.03425636 0.02668297
v 0.03390411 0.03460861 0.02615460
v 0.03522505 0.03443249 0.02633072
v 0.03381605 0.03601761 0.02589041
v 0.03381605 0.03601761 0.02597847
v 0.03381605 0.03601761 0.02597847
v 0.03381605 0.03592955 0.02571428
v 0.03090998 0.04138943 0.02738747
v 0.03090998 0.04174168 0.02747554
v 0.03214286 0.04174168 0.02694716
v 0.03090998 0.04174168 0.02747554
v 0.03090998 0.04209393 0.02756360
v 0.03214286 0.04200587 0.02712329
v 0.03214286 0.04200587 0.02712329
v 0.03214286 0.04174168 0.02694716
v 0.03355186 0.04174168 0.02677104
v 0.03346379 0.04200587 0.02694716
v 0.03355186 0.04174168 0.02677104
v 0.03346379 0.04235812 0.02738747
v 0.03223092 0.04227006 0.02738747
v 0.03346379 0.04235812 0.02738747
v 0.03584149 0.03258317 0.03936399
v 0.03504892 0.03046967 0.03909980
v 0.03584149 0.03258317 0.03936399
v 0.03742661 0.03231898 0.03857143
v 0.03945205 0.03055773 0.03628180
v 0.03954012 0.03258317 0.03654599
v 0.03742661 0.03231898 0.03857143
v 0.03584149 0.03258317 0.03936399
v 0.03954012 0.03258317 0.03654599
v 0.03848336 0.03258317 0.03769080
v 0.03954012 0.03258317 0.03654599
v 0.03848336 0.03258317 0.03769080
v 0.03742661 0.03231898 0.03857143
v 0.03954012 0.03258317 0.03654599
v 0.04376712 0.03205480 0.04279843
v 0.04394325 0.03205480 0.04262231
v 0.04376712 0.03205480 0.04279843
v 0.04411937 0.03205480 0.04235812
v 0.04420744 0.03214286 0.04174168
v 0.04367906 0.03231898 0.04271037
v 0.04367906 0.03249511 0.04253425
v 0.04367906 0.03249511 0.04253425
v 0.04315068 0.03275930 0.04244618
v 0.04367906 0.03249511 0.04253425
v 0.04367906 0.03267123 0.04235812
v 0.04367906 0.03267123 0.04235812
v 0.04394325 0.03231898 0.04262231
v 0.04394325 0.03231898 0.04262231
v 0.04385518 0.03249511 0.04253425
v 0.04385518 0.03249511 0.04253425
v 0.04367906 0.03249511 0.04253425
v 0.04367906 0.03231898 0.04271037
v 0.04403131 0.03240705 0.04235812
v 0.04403131 0.03240705 0.04235812
v 0.04385518 0.03249511 0.04253425
v 0.04394325 0.03231898 0.04262231
v 0.04420744 0.03214286 0.04174168
v 0.04403131 0.03240705 0.04235812
v 0.04411937 0.03205480 0.04235812
v 0.04367906 0.03267123 0.04235812
v 0.04367906 0.03267123 0.04235812
v 0.04394325 0.03249511 0.04235812
v 0.04376712 0.03275930 0.04174168
v 0.04376712 0.03275930 0.04174168
v 0.04420744 0.03240705 0.04174168
v 0.04403131 0.03267123 0.04174168
v 0.04394325 0.03249511 0.04235812
v 0.04403131 0.03267123 0.04174168
v 0.04403131 0.03240705 0.04235812
v 0.04420744 0.03214286 0.04174168
v 0.04420744 0.03240705 0.04174168
v 0.04429550 0.03566536 0.00132094
v 0.04420744 0.03214286 0.04174168
v 0.03487280 0.03425636 0.04024462
v 0.03636986 0.03416830 0.03980430
v 0.03777886 0.03408024 0.03909980
v 0.03883562 0.03408024 0.03821918
v 0.03989237 0.03408024 0.03707436
v 0.04059687 0.03416830 0.03575342
v 0.04112524 0.03425636 0.03434442
v 0.04112524 0.03443249 0.03293542
v 0.04112524 0.03460861 0.03143836
v 0.04420744 0.03698630 0.00132094
v 0.04420744 0.03240705 0.04174168
v 0.04376712 0.03769080 0.00132094
v 0.04411937 0.03733855 0.00132094
v 0.04403131 0.03760274 0.00132094
v 0.04403131 0.03760274 0.00132094
v 0.04420744 0.03698630 0.00132094
v 0.03954012 0.03258317 0.03654599
v 0.03998043 0.03267123 0.03548924
v 0.04033268 0.03284736 0.03416830
v 0.03998043 0.03267123 0.03548924
v 0.04033268 0.03284736 0.03416830
v 0.04050881 0.03293542 0.03284736
v 0.04050881 0.03293542 0.03284736
v 0.03496086 0.03443249 0.03998043
v 0.03487280 0.03452055 0.03971624
v 0.03487280 0.03469667 0.03962818
v 0.03487280 0.03452055 0.03971624
v 0.03610567 0.03487280 0.03918787
v 0.03628180 0.03443249 0.03936399
v 0.03496086 0.03443249 0.03998043
v 0.03636986 0.03416830 0.03980430
v 0.03636986 0.03434442 0.03962818
v 0.03636986 0.03434442 0.03962818
v 0.03619374 0.03460861 0.03927593
v 0.03628180 0.03443249 0.03936399
v 0.03742661 0.03478474 0.03857143
v 0.03742661 0.03452055 0.03865949
v 0.03584148 0.04015656 0.03962818
v 0.03707436 0.04015656 0.03909980
v 0.03769080 0.03425636 0.03901174
v 0.03777886 0.03408024 0.03909980
v 0.03751468 0.03434442 0.03874755
v 0.03760274 0.03425636 0.03883562
v 0.03769080 0.03425636 0.03901174
v 0.03751468 0.03434442 0.03874755
v 0.03883562 0.03425636 0.03813111
v 0.03769080 0.03425636 0.03901174
v 0.03777886 0.03408024 0.03909980
v 0.03777886 0.03408024 0.03909980
v 0.03883562 0.03408024 0.03821918
v 0.03883562 0.03425636 0.03813111
v 0.03584148 0.04050881 0.03954012
v 0.03575342 0.04086106 0.03945205
v 0.03557730 0.04130137 0.03901174
v 0.03566536 0.04112524 0.03927593
v 0.03566536 0.04112524 0.03927593
v 0.03540117 0.04138943 0.03883562
v 0.03698630 0.04050881 0.03901174
v 0.03689824 0.04077299 0.03901174
v 0.03681017 0.04103718 0.03883562
v 0.03663405 0.04130137 0.03865949
v 0.03663405 0.04130137 0.03865949
v 0.03707436 0.04015656 0.03909980
v 0.03742661 0.03478474 0.03857143
v 0.03821918 0.04015656 0.03821918
v 0.03813111 0.04050881 0.03821918
v 0.03698630 0.04050881 0.03901174
v 0.03865949 0.03434442 0.03786693
v 0.03883562 0.03425636 0.03813111
v 0.03848336 0.03452055 0.03777886
v 0.03742661 0.03452055 0.03865949
v 0.03751468 0.03434442 0.03874755
v 0.03865949 0.03434442 0.03786693
v 0.03848336 0.03478474 0.03777886
v 0.03742661 0.03452055 0.03865949
v 0.03848336 0.03452055 0.03777886
v 0.03971624 0.03443249 0.03672211
v 0.03962818 0.03452055 0.03663405
v 0.03971624 0.03443249 0.03672211
v 0.03989237 0.03408024 0.03707436
v 0.03989237 0.03425636 0.03672211
v 0.03883562 0.03425636 0.03813111
v 0.03883562 0.03425636 0.03813111
v 0.03989237 0.03408024 0.03707436
v 0.03980430 0.03425636 0.03698630
v 0.03883562 0.03425636 0.03813111
v 0.03980430 0.03425636 0.03698630
v 0.03989237 0.03425636 0.03672211
v 0.03954012 0.03478474 0.03654599
v 0.03962818 0.03452055 0.03663405
v 0.03927593 0.04024462 0.03707436
v 0.03531311 0.04147750 0.03830724
v 0.03628180 0.04147750 0.03786693
v 0.03645792 0.04138943 0.03830724
v 0.03716242 0.04147750 0.03733855
v 0.03795499 0.04156556 0.03654599
v 0.03857143 0.04156556 0.03540117
v 0.03883561 0.04165362 0.03434442
v 0.03892368 0.04174168 0.03328767
v 0.03452055 0.04244618 0.02835616
v 0.03548923 0.04235812 0.02862035
v 0.03636986 0.04227006 0.02906066
v 0.03883561 0.04182975 0.03223092
v 0.03857143 0.04191781 0.03126223
v 0.03795499 0.04209393 0.03038160
v 0.03725049 0.04218200 0.02958904
v 0.03689824 0.04077299 0.03901174
v 0.03804305 0.04086106 0.03813111
v 0.03786693 0.04112525 0.03804305
v 0.03804305 0.04086106 0.03813111
v 0.03786693 0.04112525 0.03804305
v 0.03663405 0.04130137 0.03865949
v 0.03681017 0.04103718 0.03883562
v 0.03769080 0.04130137 0.03786693
v 0.03786693 0.04112525 0.03804305
v 0.03751467 0.04138943 0.03769080
v 0.03839530 0.04147750 0.03672211
v 0.03918786 0.04059687 0.03707436
v 0.03909980 0.04086106 0.03698630
v 0.03892368 0.04112525 0.03689824
v 0.03769080 0.04130137 0.03786693
v 0.03786693 0.04112525 0.03804305
v 0.03804305 0.04086106 0.03813111
v 0.03865949 0.04130137 0.03681018
v 0.03839530 0.04147750 0.03672211
v 0.03909980 0.04086106 0.03698630
v 0.03901174 0.04156556 0.03557730
v 0.03901174 0.04156556 0.03557730
v 0.03954011 0.04121331 0.03575342
v 0.03936399 0.04138943 0.03566536
v 0.03901174 0.04156556 0.03557730
v 0.03865949 0.04130137 0.03681018
v 0.03936399 0.04138943 0.03566536
v 0.03971624 0.04094912 0.03575342
v 0.03936399 0.04156556 0.03443248
v 0.03901174 0.04156556 0.03557730
v 0.03936399 0.04138943 0.03566536
v 0.03936399 0.04156556 0.03443248
v 0.04006849 0.03460861 0.03557730
v 0.04033268 0.03443249 0.03557730
v 0.03998043 0.03487280 0.03557730
v 0.03954012 0.03478474 0.03654599
v 0.03962818 0.03452055 0.03663405
v 0.03962818 0.03452055 0.03663405
v 0.04006849 0.03460861 0.03557730
v 0.03998043 0.03487280 0.03557730
v 0.03998043 0.03487280 0.03557730
v 0.03989237 0.04024462 0.03584149
v 0.04042074 0.03434442 0.03575342
v 0.04059687 0.03416830 0.03575342
v 0.04042074 0.03434442 0.03575342
v 0.04033268 0.03434442 0.03557730
v 0.03989237 0.03425636 0.03672211
v 0.04033268 0.03434442 0.03557730
v 0.04033268 0.03443249 0.03557730
v 0.04086106 0.03443249 0.03443248
v 0.04086106 0.03443249 0.03443248
v 0.04077299 0.03452055 0.03425636
v 0.04077299 0.03452055 0.03425636
v 0.04042074 0.03496086 0.03425636
v 0.04077299 0.03452055 0.03425636
v 0.03998043 0.03487280 0.03557730
v 0.04042074 0.03496086 0.03425636
v 0.04033268 0.04042075 0.03452055
v 0.04059687 0.03487280 0.03293542
v 0.04050881 0.03513699 0.03293542
v 0.04033268 0.04042075 0.03452055
v 0.04042074 0.03496086 0.03425636
v 0.04050881 0.03513699 0.03293542
v 0.04112524 0.03425636 0.03434442
v 0.04094912 0.03460861 0.03302348
v 0.04077299 0.03452055 0.03425636
v 0.04112524 0.03443249 0.03293542
v 0.04086106 0.03460861 0.03284736
v 0.04094912 0.03460861 0.03302348
v 0.04086106 0.03460861 0.03293542
v 0.04077299 0.03452055 0.03425636
v 0.04077299 0.03452055 0.03425636
v 0.04086106 0.03460861 0.03293542
v 0.04086106 0.03460861 0.03284736
v 0.03989237 0.04068493 0.03584149
v 0.03989237 0.04068493 0.03584149
v 0.03918786 0.04059687 0.03707436
v 0.04024462 0.04068493 0.03452055
v 0.03989237 0.04024462 0.03584149
v 0.04033268 0.04042075 0.03452055
v 0.04024462 0.04068493 0.03452055
v 0.04015655 0.04103718 0.03452055
v 0.03971624 0.04147750 0.03443248
v 0.03936399 0.04138943 0.03566536
v 0.03971624 0.04147750 0.03443248
v 0.03998043 0.04130137 0.03443248
v 0.04033268 0.04086106 0.03319961
v 0.04042074 0.04050881 0.03319961
v 0.04042074 0.04050881 0.03319961
v 0.04024462 0.04121331 0.03328767
v 0.03936399 0.04174168 0.03328767
v 0.03998043 0.04138943 0.03328767
v 0.03971624 0.04156556 0.03328767
v 0.03936399 0.04174168 0.03328767
v 0.03522505 0.03187867 0.02624266
v 0.03954012 0.03135029 0.02906066
v 0.03857143 0.03381605 0.02809198
v 0.03760274 0.03399217 0.02729941
v 0.03654599 0.03425636 0.02668297
v 0.03760274 0.03399217 0.02729941
v 0.04033268 0.03311155 0.03152642
v 0.03998043 0.03337573 0.03029354
v 0.03936399 0.03355186 0.02914873
v 0.03998043 0.03337573 0.03029354
v 0.03857143 0.03381605 0.02809198
v 0.03760274 0.03399217 0.02729941
v 0.03936399 0.03355186 0.02914873
v 0.03857143 0.03381605 0.02809198
v 0.03751468 0.03601761 0.02747554
v 0.03857143 0.03584149 0.02826810
v 0.03865949 0.03557730 0.02818004
v 0.03945205 0.03540118 0.02923679
v 0.03874755 0.03540118 0.02809198
v 0.03760274 0.03575343 0.02738747
v 0.03962818 0.03522505 0.02914873
v 0.03751468 0.03601761 0.02747554
v 0.03839530 0.04103718 0.02853229
v 0.03857143 0.03584149 0.02826810
v 0.03918786 0.04086106 0.02950098
v 0.03936399 0.03566536 0.02923679
v 0.03945205 0.03540118 0.02923679
v 0.03874755 0.03540118 0.02809198
v 0.03883562 0.03531311 0.02791585
v 0.03769080 0.03557730 0.02721135
v 0.03980430 0.03513699 0.02897260
v 0.03883562 0.03531311 0.02791585
v 0.03874755 0.03540118 0.02809198
v 0.03769080 0.03557730 0.02721135
v 0.03962818 0.03522505 0.02914873
v 0.03980430 0.03513699 0.02897260
v 0.03874755 0.03540118 0.02809198
v 0.03786693 0.03548924 0.02703522
v 0.03795499 0.03540118 0.02677104
v 0.03998043 0.03496086 0.02879648
v 0.03795499 0.03540118 0.02677104
v 0.03460861 0.04244618 0.02782779
v 0.03566536 0.04235812 0.02809198
v 0.03469667 0.04235812 0.02747554
v 0.03654599 0.04227006 0.02862035
v 0.03575342 0.04227006 0.02782779
v 0.03681017 0.04218200 0.02835616
v 0.03592955 0.04209393 0.02756360
v 0.03469667 0.04218200 0.02729941
v 0.03575342 0.04227006 0.02782779
v 0.03469667 0.04218200 0.02729941
v 0.03469667 0.04235812 0.02747554
v 0.03927593 0.04182975 0.03214286
v 0.03848336 0.04200587 0.03020548
v 0.03909980 0.04182975 0.03099804
v 0.03760274 0.04218200 0.02923679
v 0.03786693 0.04209393 0.02897260
v 0.03874755 0.04191781 0.02994129
v 0.03698630 0.04200587 0.02809198
v 0.03725049 0.04147750 0.02782779
v 0.03707436 0.04182975 0.02791585
v 0.03813111 0.04165362 0.02870841
v 0.03610567 0.04156556 0.02721135
v 0.03707436 0.04182975 0.02791585
v 0.03725049 0.04147750 0.02782779
v 0.03830724 0.04138943 0.02862035
v 0.03725049 0.04147750 0.02782779
v 0.03830724 0.04138943 0.02862035
v 0.03733855 0.04112524 0.02773973
v 0.03610567 0.04121331 0.02712329
v 0.03733855 0.04112524 0.02773973
v 0.03698630 0.04200587 0.02809198
v 0.03804305 0.04191781 0.02879648
v 0.03601761 0.04191781 0.02738747
v 0.03601761 0.04191781 0.02738747
v 0.03786693 0.04209393 0.02897260
v 0.03592955 0.04209393 0.02756360
v 0.03874755 0.04191781 0.02994129
v 0.03892368 0.04174168 0.02976517
v 0.03962818 0.04165362 0.03090998
v 0.03962818 0.04165362 0.03090998
v 0.03901174 0.04156556 0.02967710
v 0.03980430 0.04130137 0.03082192
v 0.03918786 0.04121331 0.02958904
v 0.03989237 0.04103718 0.03073385
v 0.03918786 0.04086106 0.02950098
v 0.03839530 0.04103718 0.02853229
v 0.03830724 0.04138943 0.02862035
v 0.03918786 0.04121331 0.02958904
v 0.03513699 0.03628180 0.02650685
v 0.03487280 0.04130137 0.02677104
v 0.03513699 0.03592955 0.02624266
v 0.03513699 0.03610568 0.02641879
v 0.03513699 0.03610568 0.02641879
v 0.03522505 0.03592955 0.02606654
v 0.03513699 0.03592955 0.02624266
v 0.03522505 0.03584149 0.02597847
v 0.03522505 0.03592955 0.02606654
v 0.03522505 0.03584149 0.02597847
v 0.03381605 0.03601761 0.02597847
v 0.03531311 0.03575342 0.02571428
v 0.03636986 0.03619374 0.02685910
v 0.03645792 0.03575342 0.02659491
v 0.03513699 0.03592955 0.02624266
v 0.03645792 0.03592955 0.02677104
v 0.03654599 0.03566536 0.02641879
v 0.03522505 0.03584149 0.02597847
v 0.03522505 0.03592955 0.02606654
v 0.03654599 0.03566536 0.02641879
v 0.03663405 0.03557730 0.02624266
v 0.03681018 0.03689824 0.01734834
v 0.03548924 0.03689824 0.01787671
v 0.03654599 0.03575342 0.02650685
v 0.03645792 0.03575342 0.02659491
v 0.03654599 0.03575342 0.02650685
v 0.03645792 0.03575342 0.02659491
v 0.03645792 0.03592955 0.02677104
v 0.03654599 0.03566536 0.02641879
v 0.03654599 0.03575342 0.02650685
v 0.03786693 0.03548924 0.02703522
v 0.03760274 0.03575343 0.02738747
v 0.03751468 0.03601761 0.02747554
v 0.03786693 0.03698630 0.01655577
v 0.03998043 0.03496086 0.02879648
v 0.03901174 0.03698630 0.01541096
v 0.03478473 0.04165362 0.02685910
v 0.03346379 0.04200587 0.02694716
v 0.03478473 0.04200587 0.02703522
v 0.03346379 0.04200587 0.02694716
v 0.03478473 0.04200587 0.02703522
v 0.03469667 0.04218200 0.02729941
v 0.03346379 0.04235812 0.02738747
v 0.03469667 0.04235812 0.02747554
v 0.03601761 0.04191781 0.02738747
v 0.04042074 0.03522505 0.03161448
v 0.04050881 0.03496086 0.03161448
v 0.04042074 0.03522505 0.03161448
v 0.04006849 0.03522505 0.03038160
v 0.03998043 0.03548924 0.03038160
v 0.03998043 0.03548924 0.03038160
v 0.04033268 0.04059687 0.03187867
v 0.04086106 0.03478474 0.03161448
v 0.04112524 0.03460861 0.03143836
v 0.04086106 0.03478474 0.03161448
v 0.04086106 0.03478474 0.03161448
v 0.04086106 0.03460861 0.03284736
v 0.04086106 0.03460861 0.03293542
v 0.04086106 0.03478474 0.03161448
v 0.04033268 0.03496086 0.03020548
v 0.04024462 0.03504893 0.03029354
v 0.04068493 0.03478474 0.03020548
v 0.04086106 0.03478474 0.03161448
v 0.04042074 0.03496086 0.03029354
v 0.04033268 0.03496086 0.03020548
v 0.04042074 0.03487280 0.03020548
v 0.04042074 0.03496086 0.03029354
v 0.04086106 0.03478474 0.03161448
v 0.04068493 0.03478474 0.03020548
v 0.04042074 0.03487280 0.03020548
v 0.04086106 0.03478474 0.03161448
v 0.04050881 0.03716243 0.01215264
v 0.04068493 0.03478474 0.03020548
v 0.03980430 0.03513699 0.02897260
v 0.03980430 0.03513699 0.02897260
v 0.03936399 0.03566536 0.02923679
v 0.03989237 0.04077300 0.03064579
v 0.04068493 0.03478474 0.03020548
v 0.03980430 0.03707437 0.01400196
v 0.04024462 0.04094912 0.03196673
v 0.04033268 0.04059687 0.03187867
v 0.03927593 0.04182975 0.03214286
v 0.03962818 0.04174168 0.03214286
v 0.03971624 0.04156556 0.03328767
v 0.03989237 0.04156556 0.03205479
v 0.03962818 0.04174168 0.03214286
v 0.04006849 0.04130137 0.03205479
v 0.03989237 0.04103718 0.03073385
v 0.03055773 0.00801370 0.01435421
v 0.02976517 0.00774951 0.01356164
v 0.03038160 0.00792564 0.01373777
v 0.03117417 0.00871820 0.02175147
v 0.03011742 0.00836595 0.01294521
v 0.03011742 0.00836595 0.01294521
v 0.02976517 0.00774951 0.01356164
v 0.02227984 0.00537182 0.01320939
v 0.02245597 0.00871820 0.01241683
v 0.02263209 0.00757339 0.01285714
v 0.02227984 0.00748532 0.01268102
v 0.02245597 0.00898239 0.01232877
v 0.02227984 0.00748532 0.01268102
v 0.02227984 0.00889433 0.01232877
v 0.02245597 0.00898239 0.01232877
v 0.02219178 0.00889433 0.01224070
v 0.02227984 0.00889433 0.01232877
v 0.02227984 0.00748532 0.01268102
v 0.02263209 0.00757339 0.01285714
v 0.02245597 0.00871820 0.01241683
v 0.03064579 0.00924658 0.01250489
v 0.03064579 0.00924658 0.01250489
v 0.03011742 0.00836595 0.01294521
v 0.02263209 0.00757339 0.01285714
v 0.02245597 0.00898239 0.01232877
v 0.02219178 0.00889433 0.01224070
v 0.02245597 0.00898239 0.01232877
v 0.02227984 0.00889433 0.01232877
v 0.03126223 0.01030333 0.01206458
v 0.02712329 0.03478474 0.01303327
v 0.03161448 0.01259296 0.02175147
v 0.02245597 0.00898239 0.01232877
v 0.02668297 0.03504892 0.01039139
v 0.02729941 0.03522505 0.00801370
v 0.02668297 0.03504892 0.01039139
v 0.02245597 0.00898239 0.01232877
v 0.02862035 0.03531311 0.00598826
v 0.03117417 0.00871820 0.02192759
v 0.03143836 0.01003914 0.02183953
v 0.03126223 0.00898239 0.02192759
v 0.03117417 0.00871820 0.02192759
v 0.03117417 0.00871820 0.02192759
v 0.03117417 0.00871820 0.02175147
v 0.03143836 0.01003914 0.02183953
v 0.03126223 0.00898239 0.02192759
v 0.03143836 0.01003914 0.02183953
v 0.03179061 0.01100783 0.02192759
v 0.03126223 0.00898239 0.02192759
v 0.03179061 0.01100783 0.02192759
v 0.03152642 0.01232877 0.02192759
v 0.03117417 0.00880626 0.01417808
v 0.03055773 0.00801370 0.01435421
v 0.03135029 0.01091977 0.02148728
v 0.03152642 0.01232877 0.02192759
v 0.03152642 0.01232877 0.02192759
v 0.03179061 0.01100783 0.02192759
v 0.03143836 0.01003914 0.02183953
v 0.03152642 0.00977495 0.01391389
v 0.03187867 0.01083170 0.01356164
v 0.03161448 0.01259296 0.02175147
v 0.03152642 0.01232877 0.02192759
v 0.03135029 0.01091977 0.02148728
v 0.03179061 0.01224071 0.02175147
v 0.03152642 0.01232877 0.02192759
v 0.03179061 0.01100783 0.02192759
v 0.03038160 0.00792564 0.01373777
v 0.03038160 0.00792564 0.01373777
v 0.03011742 0.00836595 0.01294521
v 0.03090998 0.00863014 0.01329746
v 0.03064579 0.00924658 0.01250489
v 0.03126223 0.00942270 0.01276908
v 0.03126223 0.01030333 0.01206458
v 0.03170254 0.01047945 0.01232877
v 0.03152642 0.01232877 0.02192759
v 0.03161448 0.01259296 0.02175147
v 0.03170254 0.01259296 0.02192759
v 0.03152642 0.01232877 0.02192759
v 0.03161448 0.01259296 0.02175147
v 0.03179061 0.01224071 0.02175147
v 0.03170254 0.01259296 0.02192759
v 0.03161448 0.01259296 0.02175147
v 0.03170254 0.01259296 0.02192759
v 0.03179061 0.01224071 0.02175147
v 0.04130137 0.01400196 0.02183953
v 0.03399217 0.03425636 0.01690802
v 0.04130137 0.01400196 0.02183953
v 0.03161448 0.01259296 0.02175147
v 0.03046967 0.03443249 0.01637965
v 0.03046967 0.03443249 0.01637965
v 0.03293542 0.00598826 0.00361057
v 0.03258317 0.00528376 0.00378669
v 0.03319961 0.00519570 0.00211350
v 0.03319961 0.00510763 0.00132094
v 0.03319961 0.00510763 0.00132094
v 0.03319961 0.00519570 0.00114481
v 0.03319961 0.00537182 0.00096869
v 0.03319961 0.00537182 0.00096869
v 0.03319961 0.00572407 0.00079256
v 0.03319961 0.00572407 0.00079256
v 0.03319961 0.00537182 0.00096869
v 0.02219178 0.00396282 0.00149706
v 0.03328767 0.00625245 0.00079256
v 0.02236791 0.00678082 0.00369863
v 0.03328767 0.00907045 0.00317025
v 0.02862035 0.03531311 0.00598826
v 0.03293542 0.00854208 0.00317025
v 0.03337573 0.00545988 0.00299413
v 0.03328767 0.00545988 0.00343444
v 0.03311155 0.00545988 0.00369863
v 0.03311155 0.00545988 0.00369863
v 0.03311155 0.00545988 0.00369863
v 0.03328767 0.00545988 0.00343444
v 0.03319961 0.00880626 0.00369863
v 0.03319961 0.00880626 0.00369863
v 0.03293542 0.00854208 0.00317025
v 0.03311155 0.00545988 0.00369863
v 0.03989237 0.00651664 0.00299413
v 0.03355186 0.00863014 0.00308219
v 0.03328767 0.00545988 0.00343444
v 0.03372798 0.00572407 0.00334638
v 0.03355186 0.00863014 0.00308219
v 0.03980431 0.00660470 0.00334638
v 0.03980431 0.00660470 0.00334638
v 0.04297456 0.00678082 0.00114481
v 0.04288650 0.00686889 0.00184932
v 0.04288650 0.00686889 0.00088063
v 0.04288650 0.00686889 0.00088063
v 0.04288650 0.00704501 0.00070450
v 0.04288650 0.00704501 0.00070450
v 0.03293542 0.00854208 0.00317025
v 0.03319961 0.00880626 0.00369863
v 0.03328767 0.00907045 0.00317025
v 0.03328767 0.00933464 0.00352250
v 0.03328767 0.00907045 0.00317025
v 0.03319961 0.00880626 0.00369863
v 0.03328767 0.00933464 0.00352250
v 0.03328767 0.00907045 0.00317025
v 0.03328767 0.00933464 0.00352250
v 0.03355186 0.00863014 0.00308219
v 0.04006849 0.00792564 0.00317025
v 0.04094912 0.01030333 0.00308219
v 0.03187867 0.03540117 0.00440313
v 0.04297456 0.00730920 0.00061644
v 0.04297456 0.00818983 0.00044031
v 0.04068493 0.00968689 0.02139922
v 0.04103718 0.00986302 0.02157534
v 0.04121331 0.00792564 0.01065558
v 0.04147749 0.00801370 0.01074364
v 0.04103718 0.00986302 0.02157534
v 0.04068493 0.00968689 0.02139922
v 0.04121331 0.00792564 0.01065558
v 0.04103718 0.00986302 0.02157534
v 0.04130137 0.01003914 0.02166340
v 0.04138943 0.01197652 0.02183953
v 0.04138943 0.01197652 0.02183953
v 0.04130137 0.01056752 0.02122309
v 0.04103718 0.00986302 0.02157534
v 0.04121331 0.00792564 0.01065558
v 0.04174168 0.00801370 0.01083170
v 0.04288650 0.00827789 0.01083170
v 0.04147749 0.01347358 0.02175147
v 0.04147749 0.00854208 0.01127202
v 0.04367906 0.00845401 0.01091976
v 0.04403131 0.00880626 0.01083170
v 0.04385518 0.00854208 0.01091976
v 0.04385518 0.00854208 0.01091976
v 0.04403131 0.00915852 0.01083170
v 0.04411937 0.00968689 0.01074364
v 0.04147749 0.00977495 0.01047945
v 0.04385518 0.00713307 0.00167319
v 0.04359100 0.00695695 0.00176125
v 0.04394325 0.00730920 0.00167319
v 0.04385518 0.00713307 0.00167319
v 0.04138943 0.01197652 0.02183953
v 0.04094912 0.01356165 0.02201565
v 0.04147749 0.01347358 0.02175147
v 0.04147749 0.01347358 0.02175147
v 0.04147749 0.01400196 0.02201565
v 0.04130137 0.01400196 0.02183953
v 0.04156556 0.01144814 0.01065558
v 0.04147749 0.01180039 0.01030333
v 0.03830724 0.03434442 0.01435421
v 0.04130137 0.01400196 0.02183953
v 0.03399217 0.03425636 0.01690802
v 0.03830724 0.03434442 0.01435421
v 0.03998043 0.00686889 0.00334638
v 0.04147749 0.00801370 0.01074364
v 0.04121331 0.00792564 0.01065558
v 0.04103718 0.00827789 0.01065558
v 0.04103718 0.00827789 0.01065558
v 0.04121331 0.00792564 0.01065558
v 0.04147749 0.00977495 0.01047945
v 0.04156556 0.01127202 0.01003914
v 0.04094912 0.01136008 0.01047945
v 0.04094912 0.01136008 0.01047945
v 0.04182974 0.00713307 0.00493151
v 0.04147749 0.00801370 0.01074364
v 0.04138943 0.00810176 0.01003914
v 0.04147749 0.00713307 0.00501957
v 0.04156556 0.01127202 0.01003914
v 0.04147749 0.00713307 0.00501957
v 0.04138943 0.00739726 0.00475538
v 0.04147749 0.00845401 0.00449119
v 0.04147749 0.01056752 0.00361057
v 0.04156556 0.01144814 0.01065558
v 0.04403131 0.00766145 0.00167319
v 0.04411937 0.00854208 0.00158513
v 0.04094912 0.00686889 0.00387476
v 0.03998043 0.00686889 0.00334638
v 0.03980431 0.00660470 0.00334638
v 0.04094912 0.00686889 0.00387476
v 0.04086106 0.00704501 0.00378669
v 0.04006849 0.00792564 0.00317025
v 0.04094912 0.00818983 0.00361057
v 0.04094912 0.01030333 0.00308219
v 0.04094912 0.00686889 0.00387476
v 0.04086106 0.00704501 0.00378669
v 0.04094912 0.00818983 0.00361057
v 0.04147749 0.01056752 0.00361057
v 0.04147749 0.01056752 0.00361057
v 0.03689824 0.03504892 0.00528376
v 0.03848336 0.03487280 0.00660470
v 0.03848336 0.03487280 0.00660470
v 0.04350294 0.00695695 0.00114481
v 0.04350294 0.00704501 0.00096869
v 0.04350294 0.00704501 0.00096869
v 0.04350293 0.00722114 0.00079256
v 0.04350293 0.00722114 0.00079256
v 0.04350293 0.00748533 0.00070450
v 0.04359100 0.00836595 0.00052838
v 0.04359100 0.00695695 0.00176125
v 0.04350294 0.00695695 0.00114481
v 0.04367906 0.00713307 0.00114481
v 0.04367906 0.00713307 0.00114481
v 0.04367906 0.00713307 0.00096869
v 0.04367906 0.00713307 0.00096869
v 0.04385518 0.00730920 0.00114481
v 0.04394325 0.00757339 0.00105675
v 0.04367906 0.00722114 0.00088063
v 0.04403131 0.00845401 0.00096869
v 0.04376712 0.00748533 0.00079256
v 0.04385518 0.00836595 0.00070450
v 0.04367906 0.00713307 0.00096869
v 0.04367906 0.00722114 0.00088063
v 0.04367906 0.00722114 0.00088063
v 0.04376712 0.00748533 0.00079256
v 0.04359100 0.00836595 0.00052838
v 0.04367906 0.03575343 0.00017613
v 0.04367906 0.03575343 0.00017613
v 0.04403131 0.03575343 0.00035225
v 0.04385518 0.00836595 0.00070450
v 0.04403131 0.03575343 0.00035225
v 0.04420744 0.03575343 0.00061644
v 0.04094912 0.01136008 0.01047945
v 0.04121331 0.01188846 0.01039139
v 0.04147749 0.01180039 0.01030333
v 0.04156556 0.01144814 0.01065558
v 0.04147749 0.01180039 0.01030333
v 0.04094912 0.01136008 0.01047945
v 0.04094912 0.01136008 0.01047945
v 0.04147749 0.01180039 0.01030333
v 0.04156556 0.01127202 0.01003914
v 0.03971624 0.03452055 0.01136008
v 0.03954012 0.03469667 0.00863014
v 0.02773972 0.03610568 0.01453033
v 0.02721135 0.03619374 0.01338552
v 0.02862035 0.03601761 0.01567515
v 0.02773972 0.03610568 0.01453033
v 0.02721135 0.03619374 0.01338552
v 0.03557730 0.03584149 0.01726027
v 0.02950098 0.03592955 0.01655577
v 0.02862035 0.03601761 0.01567515
v 0.02756360 0.03751468 0.01514677
v 0.02668297 0.03760274 0.01382583
v 0.02624266 0.03777887 0.01241683
v 0.02738747 0.03751468 0.01497065
v 0.02668297 0.03760274 0.01382583
v 0.02756360 0.03751468 0.01514677
v 0.02835616 0.03751468 0.01585127
v 0.02738747 0.03751468 0.01497065
v 0.02756360 0.03751468 0.01514677
v 0.02756360 0.03751468 0.01514677
v 0.02800391 0.03733855 0.01602740
v 0.02826810 0.03742661 0.01611546
v 0.02756360 0.03751468 0.01514677
v 0.02826810 0.03742661 0.01611546
v 0.02826810 0.03742661 0.01593933
v 0.02756360 0.03751468 0.01514677
v 0.02826810 0.03742661 0.01593933
v 0.02835616 0.03751468 0.01585127
v 0.02668297 0.03760274 0.01382583
v 0.02738747 0.03751468 0.01497065
v 0.02668297 0.03769080 0.01364971
v 0.02624266 0.03777887 0.01241683
v 0.02747554 0.03760274 0.01470646
v 0.02668297 0.03769080 0.01364971
v 0.02747554 0.03760274 0.01470646
v 0.02765166 0.03777887 0.01470646
v 0.02685910 0.03769080 0.01356164
v 0.02853229 0.03760274 0.01576321
v 0.02685910 0.03769080 0.01356164
v 0.02853229 0.03760274 0.01576321
v 0.02765166 0.03777887 0.01470646
v 0.02765166 0.03795499 0.01470646
v 0.02694716 0.03786693 0.01356164
v 0.02765166 0.03795499 0.01470646
v 0.02694716 0.03786693 0.01356164
v 0.02694716 0.03804305 0.01347358
v 0.02694716 0.03786693 0.01356164
v 0.02765166 0.03795499 0.01470646
v 0.02694716 0.04253425 0.01373777
v 0.02694716 0.03804305 0.01347358
v 0.02765166 0.03795499 0.01470646
v 0.02756360 0.04244618 0.01488258
v 0.02853229 0.03786693 0.01576321
v 0.02853229 0.03786693 0.01576321
v 0.02685910 0.03636986 0.01206458
v 0.02712329 0.03478474 0.01303327
v 0.02862035 0.03601761 0.01567515
v 0.03046967 0.03443249 0.01637965
v 0.02685910 0.03636986 0.01206458
v 0.02677104 0.03645793 0.01074364
v 0.02677104 0.03645793 0.01074364
v 0.02694716 0.03663405 0.00951076
v 0.02729941 0.03672211 0.00827789
v 0.03038160 0.03707436 0.00484344
v 0.03725049 0.03689824 0.00554795
v 0.02615460 0.03786693 0.01109589
v 0.02624266 0.03777887 0.01241683
v 0.02624266 0.03777887 0.01224070
v 0.02615460 0.03786693 0.01109589
v 0.02668297 0.03769080 0.01364971
v 0.02624266 0.03777887 0.01224070
v 0.02624266 0.03777887 0.01241683
v 0.02615460 0.03795499 0.01091976
v 0.02615460 0.03786693 0.01109589
v 0.02624266 0.03777887 0.01224070
v 0.02633072 0.03795499 0.01100783
v 0.02615460 0.03795499 0.01091976
v 0.02624266 0.03777887 0.01224070
v 0.02641879 0.03786693 0.01232877
v 0.02624266 0.03777887 0.01224070
v 0.02668297 0.03769080 0.01364971
v 0.02641879 0.03786693 0.01232877
v 0.02624266 0.03795499 0.00959883
v 0.02624266 0.03795499 0.00959883
v 0.02624266 0.03804305 0.00959883
v 0.02624266 0.03804305 0.00959883
v 0.02659491 0.03795499 0.01232877
v 0.02650685 0.03804305 0.01100783
v 0.02641879 0.03804305 0.00968689
v 0.02641879 0.03786693 0.01232877
v 0.02659491 0.03795499 0.01232877
v 0.02641879 0.03786693 0.01232877
v 0.02659491 0.03813112 0.01224070
v 0.02659491 0.03795499 0.01232877
v 0.02694716 0.03786693 0.01356164
v 0.02650685 0.03804305 0.01100783
v 0.02659491 0.04262231 0.01250489
v 0.02650685 0.03830724 0.01100783
v 0.02650685 0.04271037 0.01118395
v 0.02659491 0.03821918 0.00968689
v 0.02659491 0.03821918 0.00968689
v 0.02641879 0.03804305 0.00968689
v 0.02650685 0.03804305 0.01100783
v 0.02668297 0.04279843 0.00986301
v 0.02668297 0.03839530 0.00968689
v 0.02765166 0.04279843 0.01479452
v 0.02703522 0.04288650 0.01373777
v 0.02694716 0.04253425 0.01373777
v 0.02703522 0.04288650 0.01373777
v 0.02756360 0.04244618 0.01488258
v 0.02773972 0.04306262 0.01470646
v 0.02721135 0.04315068 0.01364971
v 0.02668297 0.04297456 0.01250489
v 0.02685910 0.04323875 0.01250489
v 0.02668297 0.04297456 0.01250489
v 0.02844423 0.04271037 0.01585127
v 0.02835616 0.04235812 0.01593933
v 0.02835616 0.04235812 0.01593933
v 0.02853229 0.04297456 0.01576321
v 0.02791585 0.04332681 0.01461839
v 0.02685910 0.04323875 0.01250489
v 0.02659491 0.04306262 0.01127202
v 0.02712329 0.04350294 0.01250489
v 0.02694716 0.04359100 0.01127202
v 0.02677104 0.04332681 0.01127202
v 0.02694716 0.04359100 0.01127202
v 0.02738747 0.04341487 0.01364971
v 0.02738747 0.04341487 0.01364971
v 0.02765166 0.04359100 0.01347358
v 0.02712329 0.04350294 0.01250489
v 0.02765166 0.04359100 0.01347358
v 0.02738747 0.04367906 0.01250489
v 0.02800391 0.04367906 0.01338552
v 0.02738747 0.04367906 0.01250489
v 0.02765166 0.04359100 0.01347358
v 0.02818004 0.04350294 0.01453033
v 0.02818004 0.04350294 0.01453033
v 0.02844423 0.04359100 0.01426614
v 0.02721135 0.04376712 0.01127202
v 0.02773972 0.04376712 0.01241683
v 0.02756360 0.04385519 0.01127202
v 0.02721135 0.04376712 0.01127202
v 0.02809198 0.04385519 0.01127202
v 0.02844423 0.04367906 0.01320939
v 0.02818004 0.04376712 0.01232877
v 0.02677104 0.04315068 0.00995108
v 0.02703522 0.04367906 0.01003914
v 0.02685910 0.04341487 0.00995108
v 0.02694716 0.04359100 0.01127202
v 0.02729941 0.04376712 0.01003914
v 0.02703522 0.04367906 0.01003914
v 0.02765166 0.04385519 0.01012720
v 0.02950098 0.03592955 0.01655577
v 0.03055773 0.03584149 0.01717221
v 0.03425636 0.03584149 0.01761252
v 0.03055773 0.03584149 0.01717221
v 0.02950098 0.03592955 0.01655577
v 0.03293542 0.03584149 0.01770059
v 0.03170254 0.03584149 0.01752446
v 0.03170254 0.03584149 0.01752446
v 0.03029354 0.03707436 0.01761252
v 0.02923679 0.03725049 0.01690802
v 0.02906066 0.03716243 0.01699609
v 0.03038160 0.03725049 0.01743640
v 0.02932485 0.03733855 0.01690802
v 0.03029354 0.03725049 0.01752446
v 0.02923679 0.03725049 0.01690802
v 0.03029354 0.03725049 0.01752446
v 0.03038160 0.03725049 0.01743640
v 0.03038160 0.03725049 0.01743640
v 0.02941291 0.03742661 0.01673190
v 0.02932485 0.03733855 0.01690802
v 0.03055773 0.03742661 0.01726027
v 0.02950098 0.03751468 0.01664384
v 0.02941291 0.03742661 0.01673190
v 0.03038160 0.03725049 0.01743640
v 0.03046967 0.03733855 0.01734834
v 0.03055773 0.03742661 0.01726027
v 0.02950098 0.03777887 0.01664384
v 0.02950098 0.03751468 0.01664384
v 0.02950098 0.03751468 0.01664384
v 0.02950098 0.03777887 0.01664384
v 0.02950098 0.03751468 0.01664384
v 0.02950098 0.03777887 0.01664384
v 0.03055773 0.03742661 0.01726027
v 0.03055773 0.03769080 0.01717221
v 0.02950098 0.03777887 0.01664384
v 0.03055773 0.03769080 0.01717221
v 0.02941291 0.04227006 0.01681996
v 0.02941291 0.04227006 0.01681996
v 0.03161448 0.03716243 0.01796477
v 0.03152642 0.03698630 0.01814090
v 0.03152642 0.03716243 0.01787671
v 0.03161448 0.03716243 0.01796477
v 0.03152642 0.03716243 0.01787671
v 0.03170254 0.03725049 0.01778865
v 0.03170254 0.03760274 0.01761252
v 0.03055773 0.03742661 0.01726027
v 0.03055773 0.03742661 0.01726027
v 0.03170254 0.03725049 0.01778865
v 0.03170254 0.03733855 0.01761252
v 0.03170254 0.03733855 0.01761252
v 0.03046967 0.04218200 0.01743640
v 0.03293542 0.03584149 0.01770059
v 0.03425636 0.03584149 0.01761252
v 0.03293542 0.03707436 0.01805284
v 0.03416830 0.03707436 0.01814090
v 0.03293542 0.03707436 0.01805284
v 0.03152642 0.03698630 0.01814090
v 0.03152642 0.03698630 0.01814090
v 0.03416830 0.03689824 0.01822896
v 0.03416830 0.03707436 0.01814090
v 0.03284736 0.03716243 0.01805284
v 0.03293542 0.03707436 0.01805284
v 0.03284736 0.03716243 0.01805284
v 0.03161448 0.03716243 0.01796477
v 0.03284736 0.03716243 0.01805284
v 0.03293542 0.03716243 0.01787671
v 0.03284736 0.03716243 0.01805284
v 0.03293542 0.03751468 0.01778865
v 0.03293542 0.03716243 0.01787671
v 0.03293542 0.03733855 0.01778865
v 0.03170254 0.04209393 0.01778865
v 0.03408023 0.03707436 0.01796477
v 0.03408023 0.03707436 0.01796477
v 0.03408023 0.03707436 0.01796477
v 0.03416830 0.03733855 0.01778865
v 0.03293542 0.03716243 0.01787671
v 0.03408023 0.03707436 0.01796477
v 0.03416830 0.03716243 0.01787671
v 0.03416830 0.03716243 0.01787671
v 0.03416830 0.03751468 0.01770059
v 0.03293542 0.04200587 0.01796477
v 0.03046967 0.04244618 0.01734834
v 0.02941291 0.04227006 0.01681996
v 0.03046967 0.04218200 0.01743640
v 0.03170254 0.04244618 0.01778865
v 0.03046967 0.04244618 0.01734834
v 0.03046967 0.04244618 0.01734834
v 0.02941291 0.04253425 0.01681996
v 0.02941291 0.04227006 0.01681996
v 0.02941291 0.04253425 0.01681996
v 0.03046967 0.04279843 0.01726027
v 0.02941291 0.04288650 0.01673190
v 0.02941291 0.04288650 0.01673190
v 0.03046967 0.04279843 0.01726027
v 0.02950098 0.04306262 0.01655577
v 0.02870841 0.04323875 0.01567515
v 0.03055773 0.04306262 0.01717221
v 0.03064579 0.04323875 0.01690802
v 0.02967710 0.04323875 0.01637965
v 0.02888454 0.04341487 0.01549902
v 0.03170254 0.04271037 0.01761252
v 0.03046967 0.04244618 0.01734834
v 0.03170254 0.04244618 0.01778865
v 0.03170254 0.04271037 0.01761252
v 0.03055773 0.04306262 0.01717221
v 0.03187867 0.04315068 0.01726027
v 0.03170254 0.04271037 0.01761252
v 0.03179061 0.04297456 0.01743640
v 0.03293542 0.04235812 0.01787671
v 0.03416830 0.04200587 0.01787671
v 0.03196673 0.04332681 0.01690802
v 0.03082192 0.04332681 0.01664384
v 0.03064579 0.04323875 0.01690802
v 0.02985323 0.04341487 0.01611546
v 0.03187867 0.04315068 0.01726027
v 0.02985323 0.04341487 0.01611546
v 0.03196673 0.04332681 0.01646771
v 0.03108610 0.04341487 0.01620352
v 0.03170254 0.04271037 0.01761252
v 0.03293542 0.04271037 0.01778865
v 0.03293542 0.04271037 0.01778865
v 0.03302348 0.04315068 0.01734834
v 0.03302348 0.04297456 0.01761252
v 0.03302348 0.04323875 0.01708415
v 0.03302348 0.04315068 0.01734834
v 0.03293542 0.04332681 0.01655577
v 0.03416830 0.04235812 0.01787671
v 0.03416830 0.04279843 0.01770059
v 0.03302348 0.04297456 0.01761252
v 0.03416830 0.04306262 0.01734834
v 0.03302348 0.04297456 0.01761252
v 0.03302348 0.04297456 0.01761252
v 0.03416830 0.04279843 0.01770059
v 0.03416830 0.04306262 0.01734834
v 0.03408023 0.04323875 0.01699609
v 0.03399217 0.04332681 0.01655577
v 0.03337573 0.04367906 0.01153620
v 0.02888454 0.04341487 0.01549902
v 0.02906066 0.04350294 0.01523483
v 0.02879648 0.04359100 0.01409002
v 0.02941291 0.04350294 0.01497065
v 0.03020548 0.04341487 0.01567515
v 0.02818004 0.04394325 0.01021526
v 0.02853229 0.04394325 0.00924658
v 0.02897260 0.04403131 0.00836595
v 0.02950098 0.04403131 0.00766145
v 0.03029354 0.04411937 0.00704501
v 0.03117417 0.04411937 0.00669276
v 0.03214286 0.04411937 0.00634051
v 0.03311154 0.04411937 0.00616438
v 0.03408023 0.04403131 0.00616438
v 0.03496086 0.04323875 0.01629158
v 0.03592955 0.04323875 0.01593933
v 0.03681017 0.04332681 0.01523483
v 0.03760274 0.04332681 0.01444227
v 0.03830724 0.04341487 0.01329746
v 0.03857143 0.04341487 0.01224070
v 0.03865949 0.04350294 0.01118395
v 0.03848336 0.04359100 0.01003914
v 0.03522505 0.04403131 0.00651663
v 0.03619374 0.04394325 0.00704501
v 0.03698630 0.04385519 0.00766145
v 0.03821918 0.04367906 0.00915851
v 0.03769080 0.04376712 0.00827789
v 0.02694716 0.03663405 0.00951076
v 0.02677104 0.03645793 0.01074364
v 0.02668297 0.03813112 0.00827789
v 0.02668297 0.03813112 0.00818982
v 0.02668297 0.03813112 0.00827789
v 0.02729941 0.03672211 0.00827789
v 0.02641879 0.03804305 0.00968689
v 0.02659491 0.03821918 0.00968689
v 0.02685910 0.03813112 0.00836595
v 0.02685910 0.03813112 0.00836595
v 0.02668297 0.03839530 0.00968689
v 0.02703522 0.03830724 0.00836595
v 0.02703522 0.03848337 0.00845401
v 0.02703522 0.03830724 0.00836595
v 0.02773972 0.03689824 0.00713307
v 0.02773972 0.03689824 0.00713307
v 0.02844423 0.03698630 0.00625245
v 0.02932485 0.03707436 0.00545988
v 0.02729941 0.03821918 0.00704501
v 0.02729941 0.03821918 0.00695695
v 0.02756360 0.03839530 0.00722113
v 0.02765166 0.03857143 0.00730920
v 0.02756360 0.03839530 0.00722113
v 0.02703522 0.03848337 0.00845401
v 0.02765166 0.04297456 0.00748532
v 0.02765166 0.03857143 0.00730920
v 0.02703522 0.04288650 0.00863014
v 0.02747554 0.03821918 0.00713307
v 0.02747554 0.03821918 0.00713307
v 0.02844423 0.03698630 0.00625245
v 0.02818004 0.03821918 0.00607632
v 0.02818004 0.03821918 0.00598826
v 0.02826810 0.03830724 0.00616438
v 0.02818004 0.03821918 0.00607632
v 0.02835616 0.03839530 0.00625245
v 0.02765166 0.04297456 0.00748532
v 0.02844423 0.04297456 0.00651663
v 0.02844423 0.03857143 0.00634051
v 0.02712329 0.04323875 0.00871820
v 0.02729941 0.04350294 0.00871820
v 0.02729941 0.04350294 0.00871820
v 0.02712329 0.04323875 0.00871820
v 0.02677104 0.04315068 0.00995108
v 0.02685910 0.04341487 0.00995108
v 0.02703522 0.04367906 0.01003914
v 0.02747554 0.04376712 0.00880626
v 0.02747554 0.04376712 0.00880626
v 0.02773972 0.04385519 0.00898239
v 0.02809198 0.04394325 0.00907045
v 0.02703522 0.04288650 0.00863014
v 0.02773972 0.04332681 0.00757339
v 0.02782779 0.04359100 0.00766145
v 0.02800391 0.04385519 0.00783757
v 0.02800391 0.04385519 0.00783757
v 0.02862035 0.04403131 0.00810176
v 0.02844423 0.04332681 0.00660470
v 0.02853229 0.04359100 0.00669276
v 0.02932485 0.03707436 0.00545988
v 0.03038160 0.03707436 0.00484344
v 0.03161448 0.03716243 0.00449119
v 0.03038160 0.03707436 0.00484344
v 0.02941291 0.03848337 0.00545988
v 0.02941291 0.03865949 0.00554795
v 0.02941291 0.04306262 0.00581213
v 0.02932485 0.03830724 0.00528376
v 0.02923679 0.03830724 0.00519569
v 0.02932485 0.03830724 0.00528376
v 0.02923679 0.03830724 0.00510763
v 0.03055773 0.03830724 0.00466732
v 0.03046967 0.03830724 0.00457926
v 0.03055773 0.03830724 0.00466732
v 0.03055773 0.03848337 0.00484344
v 0.02941291 0.03865949 0.00554795
v 0.02941291 0.04306262 0.00581213
v 0.03055773 0.04306262 0.00519569
v 0.03055773 0.03865949 0.00493151
v 0.03055773 0.03865949 0.00493151
v 0.02914873 0.04403131 0.00722113
v 0.02870841 0.04385519 0.00686888
v 0.02870841 0.04385519 0.00686888
v 0.02950098 0.04376712 0.00607632
v 0.02941291 0.04341487 0.00581213
v 0.02976516 0.04403131 0.00634051
v 0.02976516 0.04403131 0.00634051
v 0.02994129 0.04411937 0.00660470
v 0.03099804 0.04411937 0.00616438
v 0.02941291 0.04341487 0.00581213
v 0.03064579 0.04376712 0.00545988
v 0.03055773 0.04341487 0.00528376
v 0.03055773 0.04341487 0.00528376
v 0.03179061 0.04341487 0.00493151
v 0.03179061 0.04306262 0.00484344
v 0.03179061 0.04341487 0.00493151
v 0.03082192 0.04403131 0.00590020
v 0.03064579 0.04376712 0.00545988
v 0.03196673 0.04411937 0.00581213
v 0.03196673 0.04403131 0.00554795
v 0.03187867 0.04385519 0.00519569
v 0.03187867 0.04385519 0.00519569
v 0.03302348 0.04411937 0.00563601
v 0.03311154 0.04403131 0.00537182
v 0.03416830 0.04403131 0.00563601
v 0.03311154 0.04385519 0.00510763
v 0.03425636 0.04394325 0.00537182
v 0.03161448 0.03716243 0.00449119
v 0.03046967 0.03830724 0.00449119
v 0.03187867 0.03848337 0.00449119
v 0.03187867 0.03865949 0.00457926
v 0.03187867 0.03865949 0.00457926
v 0.03179061 0.03830724 0.00422701
v 0.03179061 0.03830724 0.00431507
v 0.03179061 0.03830724 0.00431507
v 0.03187867 0.03830724 0.00413894
v 0.03302348 0.03716243 0.00431507
v 0.03443248 0.03716243 0.00440313
v 0.03592955 0.03689824 0.00484344
v 0.03302348 0.03716243 0.00431507
v 0.03319961 0.03839530 0.00431507
v 0.03187867 0.03848337 0.00449119
v 0.03319961 0.03865949 0.00440313
v 0.03311154 0.04306262 0.00466732
v 0.03319961 0.03821918 0.00405088
v 0.03319961 0.03830724 0.00413894
v 0.03319961 0.03821918 0.00405088
v 0.03187867 0.03848337 0.00449119
v 0.03319961 0.03839530 0.00431507
v 0.03319961 0.03830724 0.00413894
v 0.03319961 0.03813112 0.00378669
v 0.03592955 0.03689824 0.00484344
v 0.03302348 0.03716243 0.00431507
v 0.03443248 0.03716243 0.00440313
v 0.03592955 0.03689824 0.00484344
v 0.03452055 0.03839530 0.00440313
v 0.03443248 0.04297456 0.00466732
v 0.03452055 0.03857143 0.00449119
v 0.03452055 0.03821918 0.00431507
v 0.03452055 0.03821918 0.00431507
v 0.03452055 0.03821918 0.00413894
v 0.03452055 0.03821918 0.00413894
v 0.03460861 0.03813112 0.00405088
v 0.03460861 0.03813112 0.00405088
v 0.03460861 0.03804305 0.00378669
v 0.03311154 0.04341487 0.00475538
v 0.03311154 0.04367906 0.00484344
v 0.03311154 0.04367906 0.00484344
v 0.03311154 0.04367906 0.00484344
v 0.03434442 0.04332681 0.00475538
v 0.03434442 0.04359100 0.00493151
v 0.03434442 0.04359100 0.00493151
v 0.03425636 0.04376712 0.00510763
v 0.03425636 0.04376712 0.00510763
v 0.03434442 0.04359100 0.00493151
v 0.03311154 0.04385519 0.00510763
v 0.03399217 0.03425636 0.01690802
v 0.03425636 0.03584149 0.01761252
v 0.03557730 0.03584149 0.01726027
v 0.03681018 0.03592955 0.01673190
v 0.03830724 0.03434442 0.01435421
v 0.03874755 0.03601761 0.01488258
v 0.03681018 0.03592955 0.01673190
v 0.03936399 0.03601761 0.01382583
v 0.03548924 0.03707436 0.01770059
v 0.03540117 0.03716243 0.01761252
v 0.03416830 0.03716243 0.01787671
v 0.03408023 0.03707436 0.01796477
v 0.03408023 0.03707436 0.01796477
v 0.03548924 0.03707436 0.01770059
v 0.03540117 0.03716243 0.01761252
v 0.03540117 0.03707436 0.01778865
v 0.03548924 0.03689824 0.01787671
v 0.03540117 0.03707436 0.01778865
v 0.03531311 0.03733855 0.01743640
v 0.03416830 0.03716243 0.01787671
v 0.03540117 0.03716243 0.01761252
v 0.03531311 0.03733855 0.01743640
v 0.03531311 0.03751468 0.01743640
v 0.03540117 0.04200587 0.01761252
v 0.03663405 0.03707436 0.01734834
v 0.03681018 0.03689824 0.01734834
v 0.03663405 0.03707436 0.01734834
v 0.03654599 0.03716243 0.01708415
v 0.03540117 0.03716243 0.01761252
v 0.03672211 0.03707436 0.01717221
v 0.03654599 0.03733855 0.01699609
v 0.03531311 0.03733855 0.01743640
v 0.03540117 0.03716243 0.01761252
v 0.03540117 0.03716243 0.01761252
v 0.03654599 0.03716243 0.01708415
v 0.03654599 0.03733855 0.01699609
v 0.03645792 0.03751468 0.01690802
v 0.03654599 0.03733855 0.01699609
v 0.03786693 0.03601761 0.01593933
v 0.03786693 0.03601761 0.01593933
v 0.03760274 0.03707437 0.01655577
v 0.03663405 0.03707436 0.01734834
v 0.03681018 0.03689824 0.01734834
v 0.03760274 0.03707437 0.01655577
v 0.03760274 0.03707437 0.01655577
v 0.03769080 0.03716243 0.01629158
v 0.03760274 0.03733855 0.01620352
v 0.03654599 0.03733855 0.01699609
v 0.03654599 0.03716243 0.01708415
v 0.03769080 0.03716243 0.01629158
v 0.03760274 0.03733855 0.01620352
v 0.03654599 0.03716243 0.01708415
v 0.03672211 0.03707436 0.01717221
v 0.03760274 0.03707437 0.01655577
v 0.03786693 0.03707437 0.01637965
v 0.03786693 0.03707437 0.01637965
v 0.03760274 0.03751468 0.01611546
v 0.03760274 0.03751468 0.01611546
v 0.03663405 0.04200587 0.01708415
v 0.03663405 0.04200587 0.01708415
v 0.03645792 0.03751468 0.01690802
v 0.03857143 0.03716243 0.01549902
v 0.03857143 0.03716243 0.01549902
v 0.03901174 0.03698630 0.01541096
v 0.03857143 0.03716243 0.01549902
v 0.03786693 0.03698630 0.01655577
v 0.03540117 0.04235812 0.01752446
v 0.03513698 0.04323875 0.01673190
v 0.03522505 0.04306262 0.01699609
v 0.03531311 0.04288650 0.01726027
v 0.03416830 0.04279843 0.01770059
v 0.03540117 0.04262231 0.01743640
v 0.03531311 0.04288650 0.01726027
v 0.03654599 0.04262231 0.01690802
v 0.03663405 0.04235812 0.01699609
v 0.03645792 0.04288650 0.01673190
v 0.03636986 0.04306262 0.01655577
v 0.03645792 0.04288650 0.01673190
v 0.03610567 0.04323875 0.01629158
v 0.03777886 0.04235812 0.01620352
v 0.03663405 0.04235812 0.01699609
v 0.03777886 0.04200587 0.01629158
v 0.03769080 0.04271037 0.01611546
v 0.03751467 0.04297456 0.01602740
v 0.03751467 0.04297456 0.01602740
v 0.03769080 0.04271037 0.01611546
v 0.03733855 0.04315068 0.01585127
v 0.03874755 0.03601761 0.01488258
v 0.03936399 0.03601761 0.01382583
v 0.03971624 0.03452055 0.01136008
v 0.03857143 0.03760274 0.01505871
v 0.03760274 0.03733855 0.01620352
v 0.03769080 0.03716243 0.01629158
v 0.03857143 0.03733855 0.01505871
v 0.03857143 0.03733855 0.01505871
v 0.03874755 0.03725049 0.01505871
v 0.03874755 0.03725049 0.01505871
v 0.03786693 0.03707437 0.01637965
v 0.03857143 0.03716243 0.01549902
v 0.03892368 0.03716243 0.01514677
v 0.03892368 0.03716243 0.01514677
v 0.03857143 0.03716243 0.01549902
v 0.03901174 0.03698630 0.01541096
v 0.03962818 0.03716243 0.01400196
v 0.03962818 0.03716243 0.01400196
v 0.03892368 0.03716243 0.01514677
v 0.03857143 0.03716243 0.01549902
v 0.03980430 0.03707437 0.01400196
v 0.03962818 0.03716243 0.01400196
v 0.03901174 0.03698630 0.01541096
v 0.03954012 0.03733855 0.01364971
v 0.03892368 0.03716243 0.01514677
v 0.03971624 0.03725049 0.01364971
v 0.03954012 0.03733855 0.01364971
v 0.03936399 0.03742662 0.01373777
v 0.03936399 0.03760274 0.01364971
v 0.03936399 0.03742662 0.01373777
v 0.03874755 0.04209393 0.01514677
v 0.03725049 0.04323875 0.01558708
v 0.03874755 0.04244619 0.01514677
v 0.03962818 0.04244619 0.01364971
v 0.03962818 0.04209393 0.01373777
v 0.03733855 0.04315068 0.01585127
v 0.03751467 0.04297456 0.01602740
v 0.03848336 0.04297456 0.01497065
v 0.03830724 0.04315069 0.01479452
v 0.03830724 0.04315069 0.01479452
v 0.03769080 0.04271037 0.01611546
v 0.03813111 0.04323875 0.01461839
v 0.03883561 0.04332681 0.01338552
v 0.03865949 0.04271037 0.01505871
v 0.03865949 0.04271037 0.01505871
v 0.03962818 0.04244619 0.01364971
v 0.03865949 0.04271037 0.01505871
v 0.03874755 0.04244619 0.01514677
v 0.03909980 0.04323875 0.01347358
v 0.03909980 0.04323875 0.01347358
v 0.03936399 0.04297456 0.01356164
v 0.03865949 0.04271037 0.01505871
v 0.03962818 0.04244619 0.01364971
v 0.03954011 0.04271037 0.01364971
v 0.03954011 0.04271037 0.01364971
v 0.03909980 0.04341487 0.01224070
v 0.03918786 0.04350294 0.01109589
v 0.03989237 0.03628180 0.01206458
v 0.03936399 0.03601761 0.01382583
v 0.03989237 0.03645793 0.00915851
v 0.03989237 0.03628180 0.01206458
v 0.04024462 0.03725049 0.01224070
v 0.03989237 0.03769080 0.01215264
v 0.03989237 0.03751468 0.01215264
v 0.03989237 0.03751468 0.01215264
v 0.04024462 0.03725049 0.01224070
v 0.04006849 0.03636986 0.01047945
v 0.04006849 0.03636986 0.01047945
v 0.04006849 0.03742662 0.01206458
v 0.04024462 0.03733855 0.01206458
v 0.04006849 0.04218200 0.01232877
v 0.04033268 0.03733855 0.01074364
v 0.04033268 0.03733855 0.01074364
v 0.04006849 0.03760274 0.01065558
v 0.03998043 0.03786693 0.01065558
v 0.03989237 0.03769080 0.01215264
v 0.03989237 0.03751468 0.01215264
v 0.03998043 0.03786693 0.01065558
v 0.04015655 0.03751468 0.01065558
v 0.04006849 0.04227006 0.01091976
v 0.04006849 0.04218200 0.01232877
v 0.04033268 0.03742662 0.01056751
v 0.04050881 0.03725049 0.01065558
v 0.04033268 0.03733855 0.01074364
v 0.04050881 0.03716243 0.01215264
v 0.04050881 0.03725049 0.01065558
v 0.03998043 0.04253425 0.01232877
v 0.03962818 0.04244619 0.01364971
v 0.04006849 0.04218200 0.01232877
v 0.04006849 0.04227006 0.01091976
v 0.03989237 0.04288650 0.01224070
v 0.03945205 0.04323875 0.01232877
v 0.03909980 0.04341487 0.01224070
v 0.03945205 0.04341487 0.01109589
v 0.03971624 0.04323875 0.01100783
v 0.03989237 0.04297456 0.01100783
v 0.03998043 0.04253425 0.01232877
v 0.04006849 0.04262231 0.01100783
v 0.04006849 0.04262231 0.01100783
v 0.03945205 0.04341487 0.01109589
v 0.03901174 0.04359100 0.00986301
v 0.03927593 0.04350294 0.00977495
v 0.03954011 0.04332681 0.00977495
v 0.03927593 0.04350294 0.00977495
v 0.03989237 0.04279844 0.00959883
v 0.03980430 0.03795499 0.00924658
v 0.03989237 0.04244619 0.00959883
v 0.03971624 0.04306262 0.00968689
v 0.03989237 0.04279844 0.00959883
v 0.03689824 0.03504892 0.00528376
v 0.03848336 0.03487280 0.00660470
v 0.03813111 0.03681018 0.00616438
v 0.03813111 0.03681018 0.00616438
v 0.03725049 0.03689824 0.00554795
v 0.03892368 0.03663405 0.00695695
v 0.03954012 0.03654599 0.00801370
v 0.03892368 0.03663405 0.00695695
v 0.03813111 0.03681018 0.00616438
v 0.03804305 0.03804305 0.00616438
v 0.03707436 0.03804305 0.00528376
v 0.03707436 0.03821918 0.00545988
v 0.03584148 0.03830724 0.00484344
v 0.03698630 0.03839530 0.00554795
v 0.03584148 0.03848337 0.00493151
v 0.03698630 0.03839530 0.00554795
v 0.03707436 0.03821918 0.00545988
v 0.03584148 0.03830724 0.00484344
v 0.03813111 0.03795499 0.00607632
v 0.03821918 0.03786693 0.00598826
v 0.03707436 0.03804305 0.00528376
v 0.03821918 0.03786693 0.00598826
v 0.03716242 0.03804305 0.00519569
v 0.03584148 0.03813112 0.00466732
v 0.03584148 0.03813112 0.00466732
v 0.03804305 0.03830724 0.00625245
v 0.03804305 0.03804305 0.00616438
v 0.03698630 0.03839530 0.00554795
v 0.03804305 0.04271037 0.00651663
v 0.03698630 0.03839530 0.00554795
v 0.03698630 0.04288650 0.00572407
v 0.03804305 0.04271037 0.00651663
v 0.03698630 0.04288650 0.00572407
v 0.03892368 0.03663405 0.00695695
v 0.03954012 0.03654599 0.00801370
v 0.03883561 0.03795499 0.00704501
v 0.03901174 0.03786693 0.00695695
v 0.03813111 0.03795499 0.00607632
v 0.03962818 0.03769080 0.00801370
v 0.03804305 0.03830724 0.00625245
v 0.03883561 0.03821918 0.00713307
v 0.03883561 0.03795499 0.00704501
v 0.03945205 0.03786693 0.00810176
v 0.03883561 0.03795499 0.00704501
v 0.03804305 0.03804305 0.00616438
v 0.03883561 0.03795499 0.00704501
v 0.03945205 0.03786693 0.00810176
v 0.03962818 0.03769080 0.00801370
v 0.03901174 0.03786693 0.00695695
v 0.03909980 0.03777887 0.00686888
v 0.03971624 0.03769080 0.00792564
v 0.03971624 0.03769080 0.00792564
v 0.03883561 0.04262231 0.00739726
v 0.03954011 0.04253425 0.00845401
v 0.03945205 0.03804305 0.00810176
v 0.03821918 0.03786693 0.00598826
v 0.03830724 0.03786693 0.00590020
v 0.03725049 0.03795499 0.00510763
v 0.03909980 0.03777887 0.00686888
v 0.03821918 0.03786693 0.00598826
v 0.03725049 0.03795499 0.00510763
v 0.03716242 0.03804305 0.00519569
v 0.03839530 0.03777887 0.00572407
v 0.03927593 0.03760274 0.00669276
v 0.03839530 0.03777887 0.00572407
v 0.03830724 0.03786693 0.00590020
v 0.03918787 0.03777887 0.00678082
v 0.03918787 0.03777887 0.00678082
v 0.03725049 0.03786693 0.00484344
v 0.03927593 0.03760274 0.00669276
v 0.03540117 0.04394325 0.00572407
v 0.03531311 0.04403131 0.00598826
v 0.03548923 0.04376712 0.00545988
v 0.03645792 0.04394325 0.00669276
v 0.03663405 0.04385519 0.00634051
v 0.03672211 0.04367906 0.00607632
v 0.03672211 0.04367906 0.00607632
v 0.03681017 0.04350294 0.00590020
v 0.03548923 0.04376712 0.00545988
v 0.03557730 0.04350294 0.00519569
v 0.03557730 0.04350294 0.00519569
v 0.03865949 0.04367906 0.00898239
v 0.03813111 0.04367906 0.00801370
v 0.03733855 0.04385519 0.00739726
v 0.03839530 0.04359100 0.00783757
v 0.03909980 0.04350294 0.00880626
v 0.03760274 0.04376712 0.00713307
v 0.03777886 0.04359100 0.00686888
v 0.03857143 0.04350294 0.00766145
v 0.03777886 0.04359100 0.00686888
v 0.03760274 0.04376712 0.00713307
v 0.03857143 0.04350294 0.00766145
v 0.03689824 0.04315068 0.00572407
v 0.03786693 0.04341487 0.00669276
v 0.03566536 0.04323875 0.00510763
v 0.03681017 0.04350294 0.00590020
v 0.03689824 0.04315068 0.00572407
v 0.03689824 0.04315068 0.00572407
v 0.03566536 0.04297456 0.00501957
v 0.03795499 0.04306262 0.00651663
v 0.03795499 0.04306262 0.00651663
v 0.03557730 0.04350294 0.00519569
v 0.03663405 0.04385519 0.00634051
v 0.03874755 0.04323875 0.00757339
v 0.03883561 0.04297456 0.00739726
v 0.03883561 0.04297456 0.00739726
v 0.03936399 0.04315069 0.00854207
v 0.03909980 0.04350294 0.00880626
v 0.03945205 0.04288650 0.00845401
v 0.03945205 0.04288650 0.00845401
v 0.03584148 0.03813112 0.00466732
v 0.03452055 0.03821918 0.00413894
v 0.03592955 0.03804305 0.00449119
v 0.03592955 0.03795499 0.00431507
v 0.03592955 0.03813112 0.00457926
v 0.03452055 0.03821918 0.00413894
v 0.03592955 0.03813112 0.00457926
v 0.03592955 0.03804305 0.00449119
v 0.03725049 0.03795499 0.00510763
v 0.03592955 0.03804305 0.00449119
v 0.03592955 0.03813112 0.00457926
v 0.03725049 0.03795499 0.00510763
v 0.03989237 0.03645793 0.00915851
v 0.03980430 0.03795499 0.00924658
v 0.03989237 0.03769080 0.00924658
v 0.04006849 0.03760274 0.00924658
v 0.04024462 0.03751468 0.00924658
v 0.04033268 0.03742662 0.01056751
v 0.04033268 0.03733855 0.01074364
v 0.04024462 0.03751468 0.00924658
v 0.04015655 0.03751468 0.00915851
v 0.04024462 0.03751468 0.00924658
v 0.04015655 0.03751468 0.00915851
v 0.04033268 0.03742662 0.01056751
v 0.03989237 0.03769080 0.00924658
v 0.03945205 0.03804305 0.00810176
v 0.03980430 0.03760274 0.00792564
v 0.04015655 0.03751468 0.00915851
v 0.03980430 0.03760274 0.00792564
v 0.04015655 0.03751468 0.00915851
v 0.04042074 0.03742662 0.00907045
v 0.04042074 0.03742662 0.00907045
v 0.03998043 0.03751468 0.00783757
v 0.03998043 0.03751468 0.00783757
v 0.03989237 0.04244619 0.00959883
v 0.03954011 0.04253425 0.00845401
v 0.03945205 0.04288650 0.00845401
v 0.04367906 0.03707437 0.00026419
v 0.04411937 0.03707437 0.00070450
v 0.04394325 0.03707437 0.00044031
v 0.04394325 0.03707437 0.00044031
v 0.04367906 0.03760274 0.00070450
v 0.04367906 0.03751468 0.00052838
v 0.04367906 0.03751468 0.00052838
v 0.04367906 0.03742662 0.00035225
v 0.04315068 0.03742662 0.00026419
v 0.04367906 0.03742662 0.00035225
v 0.04394325 0.03751468 0.00070450
v 0.04403131 0.03733855 0.00070450
v 0.04411937 0.03707437 0.00070450
v 0.04394325 0.03751468 0.00070450
v 0.04394325 0.03733855 0.00052838
v 0.04394325 0.03733855 0.00052838
v 0.04385518 0.03751468 0.00052838
v 0.04385518 0.03751468 0.00052838
v 0.04385518 0.03751468 0.00052838
v 0.04394325 0.03733855 0.00052838
v 0.04367906 0.03742662 0.00035225
v 0.04367906 0.03707437 0.00026419
v 0.04394325 0.03733855 0.00052838
v 0.02210372 0.00854208 0.01232877
v 0.02219178 0.00651664 0.01285714
v 0.02219178 0.00889433 0.01224070
vt 0.30194899 0.46154219
vt 0.30572823 0.46051306
vt 0.30561110 0.46296000
vt 0.30144837 0.45906854
vt 0.30594969 0.46913862
vt 0.30164281 0.46831155
vt 0.23806399 0.45010185
vt 0.23763527 0.44575286
vt 0.37525579 0.86305088
vt 0.37403500 0.86307663
vt 0.37466559 0.86062580
vt 0.37524176 0.86426407
vt 0.37588724 0.86121809
vt 0.30695504 0.46122980
vt 0.30748278 0.46308589
vt 0.37646165 0.86362022
vt 0.37707648 0.86114651
vt 0.37402096 0.86428988
vt 0.36972192 0.86249161
vt 0.38987502 0.69965935
vt 0.38864571 0.69903880
vt 0.38980693 0.69771904
vt 0.39412165 0.69834888
vt 0.36970878 0.86432290
vt 0.39418975 0.70028913
vt 0.37035251 0.86004078
vt 0.37467179 0.85385001
vt 0.30779439 0.46988195
vt 0.37651172 0.85444087
vt 0.37035871 0.85326499
vt 0.38745773 0.69846308
vt 0.38861409 0.69776022
vt 0.38679200 0.69405353
vt 0.38794351 0.69396746
vt 0.30518264 0.45929730
vt 0.30152059 0.45787942
vt 0.39407784 0.69332433
vt 0.38913631 0.69392633
vt 0.30225372 0.85390580
vt 0.46216914 0.69940329
vt 0.30228266 0.85209733
vt 0.30229497 0.84964800
vt 0.46209618 0.69807982
vt 0.30592272 0.65347254
vt 0.30779439 0.65359843
vt 0.30157971 0.65324003
vt 0.37525403 0.67184108
vt 0.37707648 0.67117286
vt 0.37095761 0.67189705
vt 0.30230552 0.84596246
vt 0.38696373 0.62887073
vt 0.39370543 0.62946308
vt 0.38877362 0.62883145
vt 0.23775238 0.44330585
vt 0.23782459 0.44211674
vt 0.40838739 0.67856246
vt 0.41529205 0.68493080
vt 0.40210465 0.67157906
vt 0.46205238 0.69305533
vt 0.57697242 0.84047168
vt 0.57330167 0.83992815
vt 0.57294875 0.83365279
vt 0.42717826 0.54215801
vt 0.42889440 0.54963869
vt 0.42529574 0.54961896
vt 0.41654566 0.68246710
vt 0.57566059 0.83218449
vt 0.40462404 0.67039764
vt 0.42358249 0.54075545
vt 0.55321032 0.83632213
vt 0.44717410 0.54197943
vt 0.44889027 0.54946005
vt 0.46196964 0.68238932
vt 0.46202317 0.68618017
vt 0.57255661 0.78983057
vt 0.55224562 0.82995617
vt 0.57677048 0.78670329
vt 0.38966745 0.82098532
vt 0.60443914 0.55880010
vt 0.55343914 0.78386790
vt 0.55004698 0.78148419
vt 0.39991260 0.74803394
vt 0.40368819 0.63147789
vt 0.39867857 0.63013965
vt 0.42083317 0.50816703
vt 0.41870874 0.50592750
vt 0.44177210 0.50520873
vt 0.44451171 0.50382173
vt 0.16488823 0.42533672
vt 0.16477111 0.42778373
vt 0.38893071 0.55492294
vt 0.16496047 0.42414767
vt 0.38716701 0.55439025
vt 0.39390871 0.55498260
vt 0.39946246 0.55499929
vt 0.34906569 0.05035496
vt 0.35208949 0.05099881
vt 0.35150582 0.05484265
vt 0.40509889 0.55510569
vt 0.40555888 0.62901604
vt 0.34906569 0.07496101
vt 0.09540489 0.13740760
vt 0.09183099 0.13606274
vt 0.09540489 0.11279511
vt 0.40320629 0.55505526
vt 0.41938674 0.50451005
vt 0.42166010 0.50010502
vt 0.42318556 0.50562567
vt 0.09994793 0.24987000
vt 0.09590240 0.17925572
vt 0.09994793 0.17618525
vt 0.40636954 0.55577111
vt 0.16399121 0.43146193
vt 0.15419456 0.65494537
vt 0.44098461 0.50186259
vt 0.43468970 0.43748814
vt 0.09513837 0.24651021
vt 0.41654655 0.44074976
vt 0.03731561 0.03499711
vt 0.04088780 0.05333573
vt 0.03731561 0.05543208
vt 0.09203092 0.13868117
vt 0.27597690 0.09767646
vt 0.27597690 0.09132814
vt 0.27712846 0.09532005
vt 0.43936014 0.43776345
vt 0.09352414 0.14083582
vt 0.62694639 0.43610114
vt 0.03877689 0.05906016
vt 0.09123512 0.41102290
vt 0.08981038 0.41529191
vt 0.09197917 0.40862548
vt 0.38926288 0.47996020
vt 0.09204231 0.40741348
vt 0.38745296 0.47999954
vt 0.39415818 0.47993016
vt 0.39847776 0.47994316
vt 0.40527540 0.47872978
vt 0.40656796 0.48190749
vt 0.01590077 0.03407317
vt 0.01524212 0.03268433
vt 0.01590077 0.03149503
vt 0.02629965 0.03375536
vt 0.02725855 0.03451955
vt 0.02629965 0.03634471
vt 0.40633792 0.55449253
vt 0.24143550 0.18689501
vt 0.24532686 0.18287235
vt 0.24532686 0.20443904
vt 0.18853825 0.22715455
vt 0.18718851 0.22600192
vt 0.18853825 0.20476085
vt 0.35663262 0.06816143
vt 0.35354215 0.05272192
vt 0.35477149 0.05085909
vt 0.40718800 0.65714639
vt 0.41060588 0.65229547
vt 0.42381591 0.65732449
vt 0.02498700 0.32710254
vt 0.02002002 0.25775290
vt 0.02498700 0.25416833
vt 0.35354215 0.07002020
vt 0.18573895 0.20868802
vt 0.22618571 0.84048736
vt 0.22615589 0.84167767
vt 0.53890687 0.69929481
vt 0.53897983 0.70061827
vt 0.46228343 0.70077163
vt 0.22619800 0.83803797
vt 0.53879744 0.69730967
vt 0.22620855 0.83435255
vt 0.53942901 0.68488473
vt 0.53879011 0.69294685
vt 0.00908616 0.05451709
vt 0.00771931 0.05163103
vt 0.00908616 0.05010706
vt 0.28897023 0.02131492
vt 0.29075775 0.02264708
vt 0.28897023 0.09313333
vt 0.34981796 0.02408612
vt 0.34618410 0.00391346
vt 0.34907949 0.00062466
vt 0.00146710 0.11153585
vt 0.00227155 0.18362254
vt 0.00146711 0.18626672
vt 0.53626335 0.67918915
vt 0.06430843 0.11602592
vt 0.06589251 0.11891872
vt 0.06814636 0.13947278
vt 0.57697242 0.78546542
vt 0.57250994 0.78169602
vt 0.57074136 0.70948958
vt 0.55266821 0.78062773
vt 0.57535708 0.71205443
vt 0.57621855 0.71468282
vt 0.06430842 0.14021444
vt 0.34618410 0.02498698
vt 0.61622036 0.69914335
vt 0.61615223 0.69720298
vt 0.14946960 0.82826072
vt 0.14944065 0.83006912
vt 0.14948189 0.82581139
vt 0.61614490 0.69284016
vt 0.53814620 0.68047333
vt 0.61741549 0.68292940
vt 0.61746901 0.68672025
vt 0.00073383 0.56204236
vt 0.00231479 0.56116092
vt 0.00111855 0.57592702
vt 0.05777951 0.18172359
vt 0.05777951 0.10418481
vt 0.05906022 0.10543346
vt 0.39949223 0.00251544
vt 0.41346034 0.00530428
vt 0.39949223 0.07890618
vt 0.00436217 0.56539410
vt 0.00415187 0.56012070
vt 0.00454305 0.58003509
vt 0.22261143 0.21579677
vt 0.22147559 0.21144646
vt 0.22261143 0.14356923
vt 0.61109877 0.68026394
vt 0.54988521 0.70644754
vt 0.08177560 0.30097330
vt 0.08177560 0.32255936
vt 0.07898729 0.31560206
vt 0.36117575 0.00258595
vt 0.35960943 0.00625330
vt 0.35876152 0.00681466
vt 0.35723001 0.00258595
vt 0.02651757 0.02179593
vt 0.02725855 0.02230877
vt 0.02651757 0.02498698
vt 0.06589251 0.14310741
vt 0.40303737 0.73536736
vt 0.07707553 0.70005739
vt 0.14885838 0.82210451
vt 0.00374044 0.58673280
vt 0.00073383 0.58740479
vt 0.42499101 0.00770891
vt 0.42882934 0.08400613
vt 0.40387893 0.07894987
vt 0.27712855 0.01930994
vt 0.27412915 0.02498698
vt 0.27412915 0.01750189
vt 0.03324648 0.01590085
vt 0.03324648 0.01262212
vt 0.03634474 0.01311988
vt 0.12266343 0.01817238
vt 0.12091430 0.01817238
vt 0.12180113 0.01417017
vt 0.54649299 0.70406383
vt 0.00242062 0.59060174
vt 0.00115559 0.27515388
vt 0.00454311 0.27602947
vt 0.00115559 0.34527487
vt 0.43159351 0.08631873
vt 0.03084237 0.01590079
vt 0.03034511 0.01246315
vt 0.03180156 0.01246315
vt 0.01135769 0.05965036
vt 0.01135769 0.06360322
vt 0.00955921 0.06329250
vt 0.12707350 0.10716623
vt 0.12834685 0.10775894
vt 0.06651542 0.10762954
vt 0.12829103 0.10903418
vt 0.85695326 0.70872211
vt 0.85346574 0.56184304
vt 0.91316116 0.57339358
vt 0.91161883 0.70872211
vt 0.06769320 0.10892153
vt 0.07220998 0.14784497
vt 0.06449045 0.14940345
vt 0.06500352 0.14616156
vt 0.22471131 0.85944456
vt 0.22788304 0.85814852
vt 0.29034770 0.92219502
vt 0.00147765 0.48686510
vt 0.00752978 0.48650718
vt 0.00146868 0.49065381
vt 0.22348358 0.86317974
vt 0.07212916 0.15285891
vt 0.06626455 0.21292883
vt 0.00454309 0.30941629
vt 0.00454309 0.37253344
vt 0.00189496 0.37207997
vt 0.29073164 0.85520560
vt 0.01310930 0.48306221
vt 0.00856335 0.48127365
vt 0.01403601 0.47721958
vt 0.01105366 0.42747808
vt 0.01755749 0.48045295
vt 0.68057519 0.86525345
vt 0.67551959 0.86563057
vt 0.67927003 0.86113358
vt 0.72962505 0.86166972
vt 0.02694965 0.42534888
vt 0.00314754 0.42507225
vt 0.07870001 0.14903492
vt 0.07875060 0.15465295
vt 0.08413234 0.15107024
vt 0.00146868 0.42597288
vt 0.22349972 0.92326111
vt 0.07523456 0.20785612
vt 0.71960652 0.92241818
vt 0.08459847 0.15601408
vt 0.67456436 0.87055779
vt 0.72497571 0.91826761
vt 0.09044862 0.20521116
vt 0.66572225 0.91979200
vt 0.02606134 0.42360032
vt 0.02725855 0.42340136
vt 0.35436106 0.02498692
vt 0.35383818 0.02370673
vt 0.35379475 0.01627296
vt 0.72682256 0.91838622
vt 0.73155558 0.86113358
vt 0.72933209 0.91850567
vt 0.76333404 0.46339011
vt 0.77232540 0.46132231
vt 0.77200389 0.46266675
vt 0.73283392 0.86117393
vt 0.35175538 0.01054215
vt 0.06122923 0.19734889
vt 0.06360327 0.20715064
vt 0.06122923 0.22033989
vt 0.09086183 0.20700341
vt 0.08904962 0.20739579
vt 0.72011244 0.92430574
vt 0.66499692 0.92160046
vt 0.09050149 0.20836282
vt 0.71930349 0.92676896
vt 0.66549230 0.92291075
vt 0.08123484 0.20905530
vt 0.12947807 0.19375151
vt 0.12785913 0.19992280
vt 0.12946852 0.18600500
vt 0.04701272 0.29710138
vt 0.04997399 0.31151450
vt 0.04701272 0.32064307
vt 0.08143031 0.26607656
vt 0.66867763 0.97605950
vt 0.69934726 0.07217264
vt 0.71589577 0.11047953
vt 0.71012956 0.11469549
vt 0.12947807 0.20898217
vt 0.04887427 0.32076323
vt 0.01590084 0.41147208
vt 0.01274639 0.42023587
vt 0.01274639 0.40461940
vt 0.07566914 0.27103889
vt 0.07520895 0.21355516
vt 0.72667634 0.92085022
vt 0.72416681 0.92073077
vt 0.72462559 0.92265707
vt 0.72273165 0.92257720
vt 0.72713512 0.92277652
vt 0.72913867 0.92100841
vt 0.72253829 0.92507994
vt 0.72443217 0.92515987
vt 0.72694176 0.92527932
vt 0.72883564 0.92535919
vt 0.72898191 0.92289519
vt 0.72181302 0.92688841
vt 0.72427541 0.92704660
vt 0.72929448 0.92728549
vt 0.72667527 0.92901403
vt 0.04814961 0.32255942
vt 0.08631872 0.02953011
vt 0.08527218 0.02862763
vt 0.08631872 0.02695620
vt 0.02762702 0.26577079
vt 0.02762702 0.25717878
vt 0.02953011 0.25724399
vt 0.00454311 0.01465827
vt 0.00454311 0.01817238
vt 0.00397113 0.01605660
vt 0.06449045 0.21328068
vt 0.06762312 0.27712846
vt 0.19535294 0.10716623
vt 0.98130751 0.61355394
vt 0.91557652 0.54770362
vt 0.98130751 0.54977244
vt 0.38513255 0.06739914
vt 0.41796437 0.11130571
vt 0.24173324 0.11130571
vt 0.59162319 0.91099823
vt 0.63507360 0.90471995
vt 0.66101962 0.93133354
vt 0.65269929 0.85792547
vt 0.52521783 0.93133354
vt 0.13846354 0.22025120
vt 0.13856427 0.22244716
vt 0.13092233 0.22223943
vt 0.13033570 0.22000086
vt 0.30491787 0.66275406
vt 0.37460604 0.66193068
vt 0.13030227 0.22394085
vt 0.12844171 0.22203720
vt 0.12830755 0.22378123
vt 0.37029472 0.66258180
vt 0.37396938 0.66005510
vt 0.12772085 0.22154272
vt 0.12857592 0.22029322
vt 0.12676510 0.22059619
vt 0.12656383 0.22321224
vt 0.12567514 0.22139376
vt 0.30484593 0.66462946
vt 0.30057487 0.66252154
vt 0.30048504 0.66503739
vt 0.12674749 0.21666688
vt 0.36965716 0.66008812
vt 0.12642840 0.22717357
vt 0.15379848 0.66423059
vt 0.12517162 0.21742183
vt 0.06475364 0.10899878
vt 0.15370862 0.66674638
vt 0.07704756 0.69138169
vt 0.07641000 0.68888801
vt 0.12498668 0.22618455
vt 0.00113300 0.42137164
vt 0.07639249 0.68762898
vt 0.13649020 0.41625059
vt 0.13649268 0.41496229
vt 0.14019287 0.41682863
vt 0.13589434 0.41059148
vt 0.13464540 0.41439354
vt 0.12331008 0.22474349
vt 0.14019887 0.41492450
vt 0.14021899 0.41055679
vt 0.28670806 0.41682857
vt 0.06317777 0.10975379
vt 0.28670949 0.41486800
vt 0.14581636 0.12129164
vt 0.13404812 0.41069508
vt 0.14397012 0.12139523
vt 0.15075487 0.12120360
vt 0.17497334 0.38452381
vt 0.19223414 0.39183199
vt 0.16760331 0.37720871
vt 0.21262601 0.39238071
vt 0.16147019 0.36989987
vt 0.15782502 0.36013979
vt 0.15417174 0.35093915
vt 0.15491678 0.33140278
vt 0.28673416 0.41055679
vt 0.16136396 0.19723088
vt 0.41114968 0.19762444
vt 0.40978876 0.18937230
vt 0.41114968 0.17926335
vt 0.04828835 0.03180158
vt 0.04828835 0.02274263
vt 0.04997399 0.03091592
vt 0.00206022 0.70449257
vt 0.00359318 0.71493119
vt 0.00083785 0.70588028
vt 0.40703100 0.16500890
vt 0.40887812 0.17435139
vt 0.40760377 0.17355287
vt 0.40752792 0.18240499
vt 0.07320651 0.29683280
vt 0.07231814 0.29728508
vt 0.07496099 0.28857273
vt 0.06923925 0.30519760
vt 0.07051390 0.30552948
vt 0.19224368 0.38931191
vt 0.18298548 0.38685834
vt 0.40880227 0.18320358
vt 0.07106001 0.29644406
vt 0.06838392 0.30463165
vt 0.06980188 0.29560316
vt 0.07108737 0.28756136
vt 0.06717548 0.30380642
vt 0.07323387 0.28795004
vt 0.34527484 0.41941345
vt 0.34527484 0.42698276
vt 0.34343967 0.42671752
vt 0.52757621 0.96959382
vt 0.55917454 0.96960253
vt 0.55984414 0.97773618
vt 0.52820951 0.97834480
vt 0.55985057 0.98585063
vt 0.20212385 0.39115274
vt 0.07487252 0.28016770
vt 0.00681464 0.09540486
vt 0.00659098 0.08663642
vt 0.00681464 0.08542311
vt 0.20150787 0.38986140
vt 0.20088693 0.39114654
vt 0.05906017 0.37026185
vt 0.05789848 0.36102039
vt 0.05906017 0.35042363
vt 0.00244662 0.87550128
vt 0.01799894 0.89330882
vt 0.01817239 0.90267998
vt 0.04916428 0.36562157
vt 0.03585823 0.37505710
vt 0.04997399 0.35696518
vt 0.00244662 0.91997582
vt 0.09994799 0.12420642
vt 0.09994796 0.15219355
vt 0.09801947 0.14395076
vt 0.56107169 0.96969503
vt 0.56098610 0.96100688
vt 0.20151035 0.38857317
vt 0.19286004 0.38797039
vt 0.55911207 0.96090573
vt 0.03383882 0.13148433
vt 0.03407316 0.13960892
vt 0.03391694 0.14083576
vt 0.21015820 0.39046419
vt 0.21201357 0.39047348
vt 0.03407316 0.12964398
vt 0.21078371 0.38923550
vt 0.01458489 0.88317674
vt 0.56027365 0.95168233
vt 0.27765271 0.04663223
vt 0.27940008 0.04663223
vt 0.27919507 0.05451709
vt 0.52751374 0.96089697
vt 0.52738196 0.95222634
vt 0.55901664 0.95161772
vt 0.52571845 0.97820693
vt 0.52822924 0.98585063
vt 0.52576125 0.98570406
vt 0.52507192 0.97006446
vt 0.52317476 0.96997201
vt 0.52498639 0.96137637
vt 0.66142607 0.54931849
vt 0.65821433 0.54183471
vt 0.66023624 0.54101592
vt 0.52384448 0.97810566
vt 0.65642178 0.54223156
vt 0.65237075 0.53605342
vt 0.52311230 0.96127516
vt 0.65467244 0.53479946
vt 0.65460759 0.54350281
vt 0.65914607 0.54969817
vt 0.65707380 0.55053025
vt 0.52489090 0.95208848
vt 0.36567989 0.00264663
vt 0.36799034 0.00388783
vt 0.36353213 0.00972819
vt 0.36124858 0.00936127
vt 0.32285869 0.18483698
vt 0.32153574 0.19348115
vt 0.32094812 0.18543887
vt 0.26349923 0.09994799
vt 0.26171130 0.09209388
vt 0.26349923 0.09119010
vt 0.32349625 0.17742699
vt 0.32344630 0.19287926
vt 0.32587504 0.20156080
vt 0.36394826 0.01847947
vt 0.36581564 0.01009512
vt 0.32395795 0.20278108
vt 0.42890379 0.98130751
vt 0.45325774 0.95683843
vt 0.44880503 0.96532333
vt 0.00107312 0.38122982
vt 0.00454305 0.38747871
vt 0.00107312 0.41569275
vt 0.04997399 0.39070570
vt 0.04959502 0.38247329
vt 0.02078298 0.37707651
vt 0.02078298 0.33011317
vt 0.03407316 0.34015697
vt 0.44319054 0.97250187
vt 0.00454311 0.72453439
vt 0.00286084 0.71540761
vt 0.00278689 0.72506964
vt 0.29302937 0.03218859
vt 0.29236323 0.03162116
vt 0.29302937 0.02418029
vt 0.03407318 0.35929883
vt 0.03274684 0.36799037
vt 0.03316566 0.35845840
vt 0.03274684 0.34982944
vt 0.00334687 0.73428953
vt 0.29242718 0.04088783
vt 0.08616778 0.31120169
vt 0.08719044 0.30171609
vt 0.08859027 0.30182427
vt 0.08616778 0.29310447
vt 0.09181999 0.14293039
vt 0.09313335 0.14254332
vt 0.09313335 0.15219349
vt 0.00208062 0.73391342
vt 0.16208656 0.36855829
vt 0.15843433 0.36003006
vt 0.15967125 0.36003625
vt 0.05479336 0.32823479
vt 0.05941184 0.32022357
vt 0.06066997 0.32106447
vt 0.06438350 0.31247169
vt 0.06517256 0.31353104
vt 0.05187432 0.32627761
vt 0.05775093 0.31910741
vt 0.05313244 0.32711864
vt 0.65968657 0.70991015
vt 0.66087312 0.71848893
vt 0.62825370 0.70966500
vt 0.62699026 0.70235276
vt 0.06312537 0.31163073
vt 0.65904099 0.70261365
vt 0.38064831 0.77267867
vt 0.38311166 0.76431376
vt 0.45315275 0.92185897
vt 0.45581490 0.94834614
vt 0.38507450 0.75523216
vt 0.45658061 0.93914837
vt 0.00083785 0.74279523
vt 0.15540409 0.35088897
vt 0.15602255 0.35089207
vt 0.66450781 0.72714579
vt 0.66214728 0.71788710
vt 0.66403931 0.71730107
vt 0.15725842 0.35022593
vt 0.04564447 0.33164549
vt 0.66324878 0.72712946
vt 0.66137189 0.72709739
vt 0.62882239 0.71822804
vt 0.15484662 0.34108788
vt 0.64896125 0.81713915
vt 0.64966190 0.83701390
vt 0.64837414 0.82703006
vt 0.15608355 0.34109408
vt 0.66556275 0.73641843
vt 0.66240352 0.73638523
vt 0.66366255 0.73640150
vt 0.62992388 0.72747034
vt 0.62576711 0.71022016
vt 0.66777569 0.57487488
vt 0.66554600 0.57524127
vt 0.66609210 0.56604952
vt 0.66783428 0.56566596
vt 0.66392422 0.58442515
vt 0.66354567 0.57518572
vt 0.66434991 0.56643313
vt 0.62633580 0.71878320
vt 0.65994513 0.58343977
vt 0.66128719 0.57469106
vt 0.66209143 0.56593847
vt 0.66194546 0.58349532
vt 0.65763628 0.58295840
vt 0.65923655 0.57464880
vt 0.66029888 0.56633532
vt 0.62745243 0.72740740
vt 0.62784290 0.73669463
vt 0.63033766 0.73674244
vt 0.34994605 0.14868426
vt 0.34322581 0.15416545
vt 0.34195715 0.15230054
vt 0.33585274 0.15778852
vt 0.33457759 0.15654212
vt 0.35059884 0.15054226
vt 0.35247031 0.15365094
vt 0.34571967 0.15666258
vt 0.66201544 0.59230894
vt 0.62491924 0.72799283
vt 0.62254357 0.71935230
vt 0.62443560 0.71876627
vt 0.65926951 0.59179705
vt 0.65803641 0.59132349
vt 0.62366021 0.72797650
vt 0.35791549 0.14692330
vt 0.65526170 0.58995062
vt 0.35915154 0.15188038
vt 0.35857478 0.14816284
vt 0.62534815 0.73664677
vt 0.62344801 0.73662996
vt 0.65237075 0.59606463
vt 0.65412015 0.59741640
vt 0.36578062 0.18719023
vt 0.36587182 0.14639926
vt 0.36593258 0.15133822
vt 0.36588916 0.15010566
vt 0.04910621 0.37449837
vt 0.43695271 0.97785401
vt 0.37934810 0.52926993
vt 0.37593508 0.50272614
vt 0.37934810 0.49342906
vt 0.39091828 0.98130751
vt 0.40127456 0.89277846
vt 0.40703100 0.19080985
vt 0.05771392 0.17894053
vt 0.05906016 0.18806416
vt 0.05771392 0.18853825
vt 0.34470373 0.43386513
vt 0.04564447 0.29174006
vt 0.44976589 0.24532688
vt 0.44285986 0.24532688
vt 0.44923985 0.21307445
vt 0.66507494 0.55683279
vt 0.66702491 0.55690163
vt 0.66305304 0.55765158
vt 0.66316831 0.54893494
vt 0.66105270 0.55759603
vt 0.32774439 0.16203177
vt 0.32964194 0.16266668
vt 0.32402745 0.16940713
vt 0.33091712 0.16391313
vt 0.32598147 0.17003781
vt 0.65946794 0.55844527
vt 0.32787248 0.17129117
vt 0.33403337 0.16579890
vt 0.33896250 0.16029269
vt 0.33217052 0.17257655
vt 0.32600966 0.17806888
vt 0.32969183 0.17934728
vt 0.32476276 0.18485355
vt 0.32906732 0.18552041
vt 0.32535690 0.19227731
vt 0.32778564 0.20095885
vt 0.32904556 0.19293737
vt 0.33087802 0.19975668
vt 0.59057468 0.37167048
vt 0.60423100 0.37732542
vt 0.59057468 0.38210976
vt 0.59335989 0.39073288
vt 0.59660786 0.39981604
vt 0.59892309 0.40887809
vt 0.56958979 0.89294189
vt 0.22130559 0.38872862
vt 0.22068152 0.38799679
vt 0.05433103 0.14104015
vt 0.05285077 0.14135838
vt 0.05451709 0.13293570
vt 0.32859069 0.00987774
vt 0.33013099 0.01070517
vt 0.32675025 0.01913637
vt 0.22069210 0.38614917
vt 0.33141783 0.01110405
vt 0.32774693 0.01910448
vt 0.55885196 0.94235605
vt 0.56072593 0.94245720
vt 0.52721727 0.94296461
vt 0.05451709 0.15219349
vt 0.23122352 0.38312227
vt 0.23183949 0.38441360
vt 0.38299248 0.97678113
vt 0.37567660 0.97046036
vt 0.36966571 0.96289718
vt 0.36543950 0.95422906
vt 0.32541674 0.02925223
vt 0.23060754 0.38183093
vt 0.32955045 0.01948845
vt 0.32641342 0.02922028
vt 0.52696025 0.93373781
vt 0.32892346 0.02914160
vt 0.55855858 0.93374652
vt 0.23992178 0.37706304
vt 0.35938123 0.01774567
vt 0.52472627 0.94282669
vt 0.36166474 0.01811260
vt 0.35706103 0.01737648
vt 0.35620752 0.02747524
vt 0.35823756 0.02741361
vt 0.23867925 0.37632811
vt 0.01786055 0.34289467
vt 0.01817239 0.35295445
vt 0.01766161 0.35470456
vt 0.23992778 0.37515891
vt 0.32548654 0.03931469
vt 0.23806784 0.37509322
vt 0.32696319 0.03926563
vt 0.22998804 0.38115549
vt 0.23683341 0.37379879
vt 0.32851326 0.03922105
vt 0.35602382 0.03710908
vt 0.32748604 0.04843676
vt 0.24429826 0.36711746
vt 0.32651630 0.04934299
vt 0.32951608 0.04837507
vt 0.35680011 0.04670876
vt 0.24553271 0.36841190
vt 0.01817239 0.36344719
vt 0.24676715 0.36970627
vt 0.24615470 0.36779904
vt 0.29222462 0.41807246
vt 0.30438703 0.43789989
vt 0.29215610 0.42690521
vt 0.56274289 0.87610298
vt 0.25429797 0.35065061
vt 0.24867789 0.35918891
vt 0.24305677 0.36705482
vt 0.32893217 0.05757153
vt 0.24743994 0.35851038
vt 0.24991129 0.35981095
vt 0.96603161 0.28749800
vt 0.93393320 0.28976220
vt 0.93398499 0.28103882
vt 0.33096221 0.05750984
vt 0.96550971 0.27943468
vt 0.09487981 0.14162284
vt 0.09540488 0.14968008
vt 0.09486825 0.15096319
vt 0.14054972 0.14603138
vt 0.14083581 0.15542310
vt 0.14054972 0.16355127
vt 0.96599710 0.29620290
vt 0.33160153 0.06622869
vt 0.33308795 0.06530768
vt 0.93389869 0.29846716
vt 0.36277765 0.02727318
vt 0.36101082 0.02689147
vt 0.32954207 0.20963770
vt 0.36477101 0.02720940
vt 0.33140269 0.20842165
vt 0.33450159 0.20660102
vt 0.35857058 0.03703260
vt 0.36060062 0.03697091
vt 0.33693033 0.21528250
vt 0.36234051 0.03647846
vt 0.36433387 0.03641462
vt 0.33500671 0.21712130
vt 0.33936340 0.21284074
vt 0.34241453 0.22091079
vt 0.34491053 0.21784633
vt 0.35909340 0.04620367
vt 0.36482978 0.04471147
vt 0.36112344 0.04614198
vt 0.36286333 0.04564959
vt 0.34110680 0.22275651
vt 0.36479923 0.05389524
vt 0.34970942 0.22470880
vt 0.36676565 0.05295712
vt 0.34907401 0.22655714
vt 0.35850948 0.05540007
vt 0.36028606 0.05490983
vt 0.36305934 0.05438769
vt 0.35098022 0.22101206
vt 0.35708028 0.22664726
vt 0.35773525 0.22294360
vt 0.96851385 0.29664099
vt 0.96788818 0.28736222
vt 0.36318195 0.06312138
vt 0.34832567 0.22841400
vt 0.35624948 0.23098218
vt 0.36518505 0.06218541
vt 0.36667147 0.06126440
vt 0.35699782 0.22912526
vt 0.36502364 0.22736007
vt 0.36505622 0.22426790
vt 0.97035891 0.30518568
vt 0.97037619 0.29649913
vt 0.36799034 0.06864631
vt 0.96849662 0.30532753
vt 0.36486515 0.23169756
vt 0.36494118 0.22983807
vt 0.97222131 0.30504382
vt 0.97162157 0.29640049
vt 0.29149383 0.43621987
vt 0.29149383 0.44558990
vt 0.38389108 0.58512449
vt 0.38389108 0.64966184
vt 0.36664546 0.61523813
vt 0.36669326 0.60688776
vt 0.36830267 0.59846365
vt 0.29164812 0.45430899
vt 0.06587476 0.67293710
vt 0.00056108 0.85685694
vt 0.01189764 0.67612374
vt 0.36373857 0.94496745
vt 0.25306106 0.35064441
vt 0.25182310 0.34996593
vt 0.09540488 0.15900815
vt 0.25058514 0.34928739
vt 0.03602719 0.12215853
vt 0.03634470 0.13055700
vt 0.03602719 0.13174963
vt 0.25306812 0.34941262
vt 0.25054139 0.35863870
vt 0.06278130 0.22550082
vt 0.06360327 0.22606534
vt 0.06278130 0.23396915
vt 0.21806838 0.15156555
vt 0.21806838 0.21125370
vt 0.21744709 0.21063751
vt 0.25491747 0.35132599
vt 0.25374404 0.34023368
vt 0.25380152 0.33105159
vt 0.25566605 0.33117378
vt 0.36776856 0.91873711
vt 0.37214971 0.91152668
vt 0.36454913 0.92725396
vt 0.36322537 0.93577832
vt 0.33440682 0.07268953
vt 0.96602309 0.30550647
vt 0.93391895 0.30777681
vt 0.93263608 0.30725241
vt 0.25249901 0.34078693
vt 0.25125754 0.34072435
vt 0.25312206 0.34084642
vt 0.01817239 0.38336301
vt 0.01731661 0.38354236
vt 0.01764790 0.37584341
vt 0.09086180 0.12493497
vt 0.09078468 0.11625671
vt 0.09086180 0.11502254
vt 0.38696766 0.74674809
vt 0.38887468 0.73825449
vt 0.12033244 0.39129138
vt 0.13174960 0.39740723
vt 0.12536469 0.40388489
vt 0.12033244 0.41114968
vt 0.72618461 0.06318933
vt 0.73853856 0.07675391
vt 0.73985398 0.08675563
vt 0.74052370 0.09599924
vt 0.72618461 0.12039185
vt 0.45548335 0.93051958
vt 0.64840406 0.83695680
vt 0.64837414 0.84632373
vt 0.64960819 0.84639531
vt 0.15868500 0.32223928
vt 0.15676302 0.33129925
vt 0.15552610 0.33129305
vt 0.66400641 0.74571902
vt 0.06456317 0.28988469
vt 0.06587481 0.29757243
vt 0.06492794 0.29723269
vt 0.06321292 0.29757243
vt 0.66274738 0.74570274
vt 0.15867585 0.32212651
vt 0.16052313 0.32269526
vt 0.15737337 0.33186179
vt 0.15929431 0.32212961
vt 0.66428041 0.75508207
vt 0.66528875 0.74572021
vt 0.66556275 0.75508326
vt 0.66244197 0.75441676
vt 0.63068146 0.74605995
vt 0.43500283 0.90048432
vt 0.44895920 0.91376734
vt 0.64887851 0.85637254
vt 0.16377223 0.20698476
vt 0.16307063 0.31240666
vt 0.44288963 0.90686160
vt 0.16367747 0.31358504
vt 0.16990438 0.30622530
vt 0.26577079 0.03861630
vt 0.26520097 0.02654910
vt 0.26577079 0.01740301
vt 0.16926925 0.21737003
vt 0.17861673 0.29770243
vt 0.16490172 0.31409431
vt 0.33164558 0.42825663
vt 0.32957077 0.42084765
vt 0.33130941 0.42025054
vt 0.40887815 0.44951659
vt 0.40873596 0.45886862
vt 0.40812573 0.45888501
vt 0.37954456 0.64787138
vt 0.38250107 0.65708971
vt 0.38131717 0.65780145
vt 0.66453815 0.76323920
vt 0.16613053 0.31465995
vt 0.66269970 0.76257384
vt 0.96997750 0.88376898
vt 0.97023052 0.89195848
vt 0.93795824 0.88374752
vt 0.63036793 0.75417107
vt 0.97199279 0.89225554
vt 0.97016746 0.90131134
vt 0.93821126 0.89193690
vt 0.17235391 0.30791605
vt 0.32957077 0.42872775
vt 0.97199774 0.90124667
vt 0.62820190 0.74539405
vt 0.62570715 0.74534631
vt 0.62789649 0.75410807
vt 0.62601960 0.75407600
vt 0.62380701 0.74532938
vt 0.37380213 0.14834893
vt 0.36577851 0.14455253
vt 0.37433115 0.14589065
vt 0.37321666 0.15081143
vt 0.37325355 0.15266252
vt 0.62413460 0.75344104
vt 0.38111657 0.15029168
vt 0.38225493 0.14845878
vt 0.37997168 0.15274298
vt 0.37933627 0.15459138
vt 0.38545591 0.15837133
vt 0.38727310 0.15592265
vt 0.62815422 0.76226521
vt 0.63062567 0.76232821
vt 0.62567466 0.76159936
vt 0.93570048 0.90051305
vt 0.93577087 0.89202303
vt 0.93807286 0.90078855
vt 0.93401355 0.90071714
vt 0.93347383 0.89224869
vt 0.62378961 0.76096433
vt 0.38846794 0.15408546
vt 0.38959977 0.15287095
vt 0.33011234 0.00681460
vt 0.32941329 0.00066018
vt 0.33164555 0.00066018
vt 0.93171644 0.90094280
vt 0.39632222 0.15789461
vt 0.39337319 0.16155779
vt 0.40887815 0.46936494
vt 0.42023584 0.09781212
vt 0.41910464 0.09628916
vt 0.41801798 0.08582777
vt 0.97045910 0.91058141
vt 0.33164558 0.43613672
vt 0.19308138 0.21740723
vt 0.19140801 0.21771902
vt 0.19075207 0.20809352
vt 0.97222131 0.91087848
vt 0.38389117 0.66751510
vt 0.40826789 0.46938133
vt 0.38257065 0.66740018
vt 0.39094663 0.16338110
vt 0.39581490 0.16900241
vt 0.39887908 0.17583561
vt 0.40071151 0.18265486
vt 0.40125570 0.18946457
vt 0.40063116 0.19563770
vt 0.37178734 0.22311151
vt 0.37852502 0.22133672
vt 0.38528219 0.21770668
vt 0.39876834 0.20241541
vt 0.39568031 0.20856076
vt 0.39075768 0.21344852
vt 0.93599212 0.90978312
vt 0.93369502 0.91000879
vt 0.93836451 0.91005862
vt 0.40061161 0.16536009
vt 0.39829141 0.16779333
vt 0.39070576 0.07041788
vt 0.38463297 0.06461173
vt 0.38759077 0.06351912
vt 0.40191498 0.17463768
vt 0.40433508 0.17343277
vt 0.41801798 0.10676265
vt 0.40869436 0.47929609
vt 0.08984559 0.18417680
vt 0.08960680 0.18360800
vt 0.09086180 0.17373681
vt 0.42708999 0.89534098
vt 0.26924342 0.08205223
vt 0.27031389 0.09149361
vt 0.26870313 0.09062612
vt 0.19324780 0.23618865
vt 0.18791831 0.29343760
vt 0.18400474 0.23194373
vt 0.17601272 0.22524148
vt 0.40988824 0.89180881
vt 0.41850859 0.89264947
vt 0.50031435 0.93360507
vt 0.50069243 0.92499560
vt 0.51336920 0.90774208
vt 0.26870313 0.09994793
vt 0.19783022 0.28973532
vt 0.19657461 0.29213625
vt 0.20311986 0.23858887
vt 0.38207087 0.67735302
vt 0.38339138 0.67746794
vt 0.19075207 0.22715449
vt 0.97089404 0.91999096
vt 0.97204620 0.92030960
vt 0.05705885 0.38732767
vt 0.05865285 0.38641751
vt 0.06133172 0.39524889
vt 0.05628198 0.37811768
vt 0.05762974 0.37789273
vt 0.06000061 0.38619256
vt 0.37954456 0.68600667
vt 0.05468805 0.37902784
vt 0.97106636 0.92847639
vt 0.93833268 0.91962922
vt 0.09086180 0.19308132
vt 0.05348780 0.37925446
vt 0.05596334 0.38816351
vt 0.05678865 0.09086180
vt 0.05615204 0.09031910
vt 0.05678865 0.08185583
vt 0.50113964 0.91635960
vt 0.21511112 0.29267573
vt 0.21637379 0.28904295
vt 0.50103885 0.90766305
vt 0.05496385 0.36958963
vt 0.05316051 0.36928129
vt 0.05631160 0.36936474
vt 0.97144270 0.93587661
vt 0.93850499 0.92811465
vt 0.03180160 0.14992201
vt 0.03115612 0.14949906
vt 0.03180160 0.14050150
vt 0.03087037 0.38116974
vt 0.03180164 0.39039576
vt 0.03087037 0.39979196
vt 0.05619371 0.36061013
vt 0.93881333 0.93587661
vt 0.81067282 0.96859205
vt 0.84097350 0.97676438
vt 0.80918640 0.97676444
vt 0.05424280 0.36030018
vt 0.05254413 0.36060119
vt 0.21457607 0.19587171
vt 0.21518643 0.19578922
vt 0.21579680 0.20443904
vt 0.13115396 0.23624068
vt 0.13115396 0.22782838
vt 0.13174962 0.22831905
vt 0.93589228 0.91971546
vt 0.38237908 0.06556237
vt 0.37872034 0.05751318
vt 0.38092265 0.05716950
vt 0.93419808 0.91905659
vt 0.93598926 0.92769957
vt 0.37876755 0.04944712
vt 0.37656531 0.04979080
vt 0.38312489 0.05682582
vt 0.38523126 0.05587143
vt 0.40374091 0.18207532
vt 0.38292873 0.04814523
vt 0.38523954 0.04711610
vt 0.38087395 0.04849267
vt 0.19535287 0.18083000
vt 0.19535287 0.18853825
vt 0.19295420 0.18849510
vt 0.37447158 0.04944897
vt 0.37292454 0.04097384
vt 0.37537020 0.04124463
vt 0.37513506 0.03187478
vt 0.84170920 0.96836853
vt 0.37278530 0.03221470
vt 0.38423625 0.03979135
vt 0.40433508 0.18949926
vt 0.38182953 0.04020983
vt 0.37977475 0.04055727
vt 0.37722051 0.04097199
vt 0.38393685 0.03232467
vt 0.40369746 0.19690919
vt 0.38143426 0.03213239
vt 0.37937948 0.03247988
vt 0.37708130 0.03221285
vt 0.36745375 0.62485433
vt 0.36881480 0.63355011
vt 0.50036705 0.89891499
vt 0.50031435 0.89140928
vt 0.37838084 0.90436411
vt 0.38523537 0.89902788
vt 0.93334228 0.33378142
vt 0.93148571 0.33391714
vt 0.93393046 0.32510078
vt 0.93211710 0.32585347
vt 0.96544647 0.33151108
vt 0.96607786 0.32344735
vt 0.93391895 0.31644499
vt 0.81087959 0.93373191
vt 0.81119198 0.94252580
vt 0.81014669 0.94285917
vt 0.05998396 0.33647346
vt 0.06133172 0.33624852
vt 0.05698064 0.34400868
vt 0.80911511 0.93328178
vt 0.23213153 0.15049487
vt 0.23396915 0.14198911
vt 0.23396915 0.15068233
vt 0.23333664 0.15900820
vt 0.23663947 0.30649829
vt 0.22987732 0.30103403
vt 0.23050740 0.29986179
vt 0.84222829 0.94230229
vt 0.84277225 0.95165926
vt 0.05893155 0.34431863
vt 0.81158382 0.95162266
vt 0.24463712 0.31392932
vt 0.24339209 0.31448257
vt 0.23788907 0.30600142
vt 0.24766631 0.32239807
vt 0.24465579 0.31152213
vt 0.24588212 0.31337607
vt 0.24890780 0.32246071
vt 0.84188443 0.93406832
vt 0.24588566 0.31276011
vt 0.24954142 0.32067251
vt 0.25077128 0.32191050
vt 0.06944511 0.14537889
vt 0.06978760 0.13723791
vt 0.07041790 0.13561517
vt 0.01338687 0.05688155
vt 0.01362928 0.05831766
vt 0.01338687 0.06587481
vt 0.37048501 0.05849612
vt 0.37242103 0.05899948
vt 0.37253341 0.06587481
vt 0.24774913 0.31220996
vt 0.25140241 0.32141054
vt 0.23913760 0.30483228
vt 0.23728928 0.30359119
vt 0.97035319 0.31385994
vt 0.37298003 0.22683603
vt 0.37344393 0.23056197
vt 0.37351334 0.22932088
vt 0.02953018 0.36571878
vt 0.02690721 0.36571878
vt 0.02926667 0.35952777
vt 0.38034004 0.22444963
vt 0.38771307 0.22082657
vt 0.96853411 0.31461877
vt 0.97036475 0.32251585
vt 0.96793443 0.32331169
vt 0.96606058 0.31479764
vt 0.97222131 0.31371200
vt 0.38197920 0.22819388
vt 0.38149580 0.22632313
vt 0.38184679 0.23005772
vt 0.38825297 0.22269309
vt 0.40182811 0.20430535
vt 0.39874014 0.21045077
vt 0.39381102 0.21595693
vt 0.40051824 0.21171266
vt 0.38564160 0.01818663
vt 0.38434139 0.02471596
vt 0.38219073 0.02445269
vt 0.40355635 0.20495307
vt 0.39496672 0.21783030
vt 0.38935223 0.22457075
vt 0.38470796 0.00948721
vt 0.38871524 0.00307548
vt 0.39070576 0.00463116
vt 0.38660255 0.01043218
vt 0.28621477 0.08631867
vt 0.28409937 0.07939059
vt 0.28621477 0.07914078
vt 0.11584882 0.18966192
vt 0.11424660 0.19080985
vt 0.11424660 0.18242723
vt 0.96792001 0.33133221
vt 0.96973330 0.33057952
vt 0.38667312 0.00212669
vt 0.38231385 0.00860947
vt 0.38472688 0.00178868
vt 0.38209581 0.01691121
vt 0.38389453 0.01724541
vt 0.37970173 0.01603353
vt 0.84424764 0.93448180
vt 0.84459150 0.94271582
vt 0.84501481 0.95125276
vt 0.38036764 0.00827146
vt 0.37775549 0.01569545
vt 0.25256917 0.33110183
vt 0.01817239 0.39070570
vt 0.93206233 0.31658065
vt 0.25132769 0.33103919
vt 0.25008267 0.33159250
vt 0.37253341 0.05055219
vt 0.06944511 0.12602884
vt 0.32375789 0.21790850
vt 0.25393650 0.21571589
vt 0.05224553 0.10145283
vt 0.05071347 0.10903418
vt 0.05071347 0.09151590
vt 0.23424599 0.29758602
vt 0.39268056 0.89494151
vt 0.05478381 0.35200113
vt 0.05673472 0.35231102
vt 0.05347890 0.35161841
vt 0.22248966 0.29679847
vt 0.22311975 0.29562616
vt 0.81107283 0.96023589
vt 0.84210920 0.96001238
vt 0.05262957 0.35176885
vt 0.05401991 0.34331930
vt 0.23114102 0.29807359
vt 0.21579680 0.18697453
vt 0.06469833 0.39095080
vt 0.06587481 0.39979190
vt 0.06518516 0.39937454
vt 0.22500293 0.29334116
vt 0.06211192 0.38994986
vt 0.06448554 0.39037037
vt 0.23839144 0.23109239
vt 0.22103791 0.23912525
vt 0.06444878 0.38109010
vt 0.06219383 0.37995112
vt 0.21352525 0.20898211
vt 0.21331088 0.20840198
vt 0.21352525 0.20042336
vt 0.05432285 0.07681793
vt 0.05451708 0.07818711
vt 0.05432285 0.08631867
vt 0.23237441 0.29869568
vt 0.06587481 0.37517929
vt 0.37579566 0.02358437
vt 0.37344590 0.02392435
vt 0.84435177 0.95960581
vt 0.38004008 0.02418941
vt 0.37824133 0.02385515
vt 0.00745428 0.65605992
vt 0.42898199 0.65629703
vt 0.42973852 0.59293020
vt 0.02099509 0.32392883
vt 0.41192928 0.59405375
vt 0.43089986 0.65874809
vt 0.35415980 0.07496095
vt 0.18593851 0.20368761
vt 0.18766984 0.20228255
vt 0.43742928 0.43610108
vt 0.18630253 0.20110828
vt 0.13249004 0.30529499
vt 0.13402112 0.30674469
vt 0.13249004 0.36799037
vt 0.04315936 0.32710254
vt 0.04163879 0.25977063
vt 0.04315936 0.25821948
vt 0.43358505 0.65713412
vt 0.43335584 0.59141541
vt 0.64250273 0.64404929
vt 0.10328625 0.18749881
vt 0.10449108 0.25315654
vt 0.10328625 0.25441301
vt 0.24827947 0.07016963
vt 0.06486327 0.10120344
vt 0.04462963 0.03814018
vt 0.24637553 0.03814018
vt 0.13402115 0.21806830
vt 0.13275999 0.21685147
vt 0.13402115 0.15119481
vt 0.06587476 0.86773026
vt 0.04852794 0.39817971
vt 0.38915321 0.43567014
vt 0.04836559 0.40119827
vt 0.04846484 0.39939165
vt 0.38976061 0.44748187
vt 0.04763063 0.40361857
vt 0.04673355 0.40974385
vt 0.39473137 0.45375496
vt 0.39905575 0.44257486
vt 0.26745102 0.01896685
vt 0.27166897 0.01634723
vt 0.26745102 0.03634471
vt 0.42995560 0.58958906
vt 0.40858927 0.58911812
vt 0.41081473 0.58688426
vt 0.01606475 0.03723633
vt 0.01817236 0.03498167
vt 0.01817236 0.06360328
vt 0.41555849 0.56247401
vt 0.41194123 0.56398875
vt 0.08078030 0.11448938
vt 0.08404718 0.11319524
vt 0.08151141 0.11786151
vt 0.27258545 0.01977342
vt 0.08404718 0.13629270
vt 0.24415399 0.15282124
vt 0.24759841 0.17416632
vt 0.24415399 0.17599809
vt 0.40590936 0.45013213
vt 0.18399516 0.16897506
vt 0.18029486 0.16803205
vt 0.18399516 0.15029752
vt 0.31347325 0.08631873
vt 0.31244144 0.08433825
vt 0.31347325 0.08046836
vt 0.18253170 0.17263746
vt 0.24759626 0.17793864
vt 0.43432143 0.56176209
vt 0.24595663 0.17945206
vt 0.64878160 0.60856569
vt 0.38976055 0.43690562
vt 0.39532164 0.44128519
vt 0.03864272 0.39775318
vt 0.03854347 0.39955974
vt 0.38975808 0.43192595
vt 0.39160448 0.43254840
vt 0.04485711 0.39742517
vt 0.03778148 0.40259755
vt 0.03685742 0.40934026
vt 0.40217271 0.43328649
vt 0.39287755 0.42761731
vt 0.39534587 0.42762470
vt 0.40963370 0.44207919
vt 0.25894499 0.02684152
vt 0.25582787 0.02016395
vt 0.25895613 0.01809680
vt 0.25519681 0.02783322
vt 0.23752861 0.02169889
vt 0.25698751 0.03502303
vt 0.40528244 0.43021148
vt 0.41711891 0.43721151
vt 0.25346643 0.03480977
vt 0.23516719 0.03634471
vt 0.23689754 0.02936816
vt 0.92865247 0.30199957
vt 0.92528391 0.29424560
vt 0.92906201 0.29437339
vt 0.41341150 0.42724097
vt 0.42463574 0.43362236
vt 0.92550963 0.33606970
vt 0.90684372 0.29730481
vt 0.01741534 0.01809680
vt 0.65647650 0.56176209
vt 0.38923097 0.42580044
vt 0.39048943 0.42271990
vt 0.29625446 0.00811774
vt 0.29757246 0.00965959
vt 0.29409844 0.00999522
vt 0.03488173 0.39882815
vt 0.29516873 0.01150829
vt 0.03411974 0.40186596
vt 0.03255081 0.40919948
vt 0.03304642 0.39879405
vt 0.29253533 0.01062280
vt 0.29340804 0.01255250
vt 0.03225742 0.40244937
vt 0.29580536 0.01425469
vt 0.29409465 0.01574433
vt 0.03071553 0.40916538
vt 0.29483402 0.02157968
vt 0.29175001 0.01668572
vt 0.29131106 0.01352262
vt 0.00314767 0.65591913
vt 0.43772668 0.00311679
vt 0.43030608 0.00366080
vt 0.43713769 0.00124443
vt 0.68495721 0.00124443
vt 0.00069456 0.65585840
vt 0.39782879 0.42578155
vt 0.39173332 0.42148989
vt 0.39297721 0.42025989
vt 0.39907753 0.42393464
vt 0.29097220 0.01125038
vt 0.28741229 0.01373893
vt 0.40473825 0.42095685
vt 0.28770742 0.01201487
vt 0.39611366 0.41908032
vt 0.28731740 0.01724458
vt 0.43087235 0.00800687
vt 0.42717424 0.00796115
vt 0.42722070 0.00423926
vt 0.27607280 0.01395464
vt 0.27636796 0.01223063
vt 0.28012553 0.00932544
vt 0.43200085 0.01915580
vt 0.42890927 0.01973993
vt 0.43767452 0.00745714
vt 0.68492770 0.00311106
vt 0.43817270 0.01922446
vt 0.68488181 0.00744575
vt 0.26552126 0.01030570
vt 0.41973305 0.41871333
vt 0.22328059 0.01126611
vt 0.43701929 0.07551306
vt 0.22303551 0.01343554
vt 0.43948677 0.07554168
vt 0.44381520 0.07496905
vt 0.46397638 0.42242265
vt 0.42153814 0.42986709
vt 0.46402013 0.41687101
vt 0.46407604 0.41506529
vt 0.90740389 0.34156352
vt 0.90396041 0.34387040
vt 0.90229857 0.34531200
vt 0.68610454 0.35304904
vt 0.68098283 0.30957568
vt 0.46327183 0.43352419
vt 0.46328393 0.42669392
vt 0.92797655 0.34074247
vt 0.75829655 0.41258407
vt 0.21125373 0.22715449
vt 0.18555290 0.19603968
vt 0.19095381 0.19471896
vt 0.78112209 0.87161285
vt 0.35436106 0.00082248
vt 0.74802196 0.46566677
vt 0.75643253 0.46120477
vt 0.02953008 0.15900815
vt 0.02834239 0.15765011
vt 0.02953008 0.15009153
vt 0.74643636 0.46410972
vt 0.75303864 0.40868497
vt 0.04997399 0.01590079
vt 0.04868579 0.01565719
vt 0.04997399 0.01427734
vt 0.22469518 0.92448455
vt 0.02953005 0.03812307
vt 0.02953005 0.04088783
vt 0.02796167 0.03896856
vt 0.03861621 0.01590079
vt 0.03696366 0.01532757
vt 0.03861621 0.01326644
vt 0.02796167 0.04035097
vt 0.22348358 0.92574042
vt 0.74643636 0.40446341
vt 0.22503550 0.98396689
vt 0.25100183 0.10676259
vt 0.18980144 0.19146764
vt 0.18376550 0.19127268
vt 0.17876424 0.19454885
vt 0.73396444 0.92375010
vt 0.78540528 0.87308294
vt 0.18454760 0.18492317
vt 0.19059360 0.18680263
vt 0.78694904 0.87755239
vt 0.17808397 0.18545347
vt 0.17717411 0.19033849
vt 0.21125372 0.14214557
vt 0.79000241 0.92796028
vt 0.20411840 0.13719177
vt 0.09313335 0.26804239
vt 0.08422884 0.26491982
vt 0.09313335 0.21369261
vt 0.17079514 0.19248736
vt 0.16984011 0.18979275
vt 0.22631738 0.98703969
vt 0.17076004 0.18659210
vt 0.22941665 0.98822868
vt 0.66101968 0.66329116
vt 0.65465581 0.60276616
vt 0.66101968 0.59980828
vt 0.29234552 0.99023283
vt 0.65875411 0.66213077
vt 0.64479548 0.65952682
vt 0.73149145 0.92301464
vt 0.73134524 0.92547864
vt 0.73115188 0.92798138
vt 0.73380762 0.92563683
vt 0.73369795 0.92748481
vt 0.79049778 0.92927057
vt 0.79037756 0.93054134
vt 0.37253341 0.59060174
vt 0.32345480 0.45733106
vt 0.37253341 0.42016768
vt 0.97944814 0.61663234
vt 0.97264338 0.61786020
vt 0.91690350 0.61754119
vt 0.06957968 0.35131824
vt 0.12947807 0.22907031
vt 0.12947807 0.39070582
vt 0.29423928 0.98958004
vt 0.29295135 0.98960489
vt 0.35669753 0.99039358
vt 0.35663372 0.92417651
vt 0.36117569 0.97977960
vt 0.03861628 0.33164555
vt 0.02801652 0.32621050
vt 0.03861628 0.26064306
vt 0.35985929 0.98847914
vt 0.02499494 0.03549266
vt 0.09373783 0.03385258
vt 0.09438480 0.03506786
vt 0.09445778 0.03634471
vt 0.08466677 0.26623404
vt 0.69932306 0.55755025
vt 0.70046985 0.55799705
vt 0.69945681 0.55892670
vt 0.00806251 0.02852023
vt 0.00742648 0.02088076
vt 0.00761612 0.01951128
vt 0.71297097 0.56679440
vt 0.00908618 0.03537571
vt 0.00652864 0.03556603
vt 0.26349926 0.03127772
vt 0.26098326 0.03092033
vt 0.26349926 0.01656979
vt 0.71326518 0.56426948
vt 0.26239756 0.02414978
vt 0.26128274 0.03861630
vt 0.00908618 0.04315931
vt 0.65127325 0.66165966
vt 0.33798596 0.00069493
vt 0.33921698 0.00057578
vt 0.34073174 0.00351137
vt 0.17962827 0.20141435
vt 0.18129280 0.19847763
vt 0.18399516 0.21930367
vt 0.33682445 0.02123117
vt 0.34073174 0.02278382
vt 0.17962827 0.22033989
vt 0.46326208 0.43475783
vt 0.53760684 0.43036890
vt 0.92801803 0.34070551
vt 0.92480528 0.34553957
vt 0.90716225 0.34472632
vt 0.00454308 0.15446508
vt 0.00215131 0.08004999
vt 0.00454308 0.07451081
vt 0.22518750 0.13934696
vt 0.24532686 0.21146297
vt 0.24058281 0.21443141
vt 0.22518750 0.22261143
vt 0.06189857 0.11620939
vt 0.06360327 0.18818766
vt 0.06189857 0.19080985
vt 0.54016268 0.41927302
vt 0.54076761 0.42610508
vt 0.90165639 0.41968673
vt 0.54016995 0.41305953
vt 0.33721614 0.02498698
vt 0.04088779 0.07496101
vt 0.03758804 0.07496101
vt 0.03835497 0.07106107
vt 0.89817142 0.42203057
vt 0.68885171 0.37019885
vt 0.69350576 0.39431566
vt 0.15166073 0.01054555
vt 0.15200593 0.00926691
vt 0.44865206 0.15111613
vt 0.15141565 0.01271498
vt 0.45111957 0.15114474
vt 0.45482391 0.15118480
vt 0.29333770 0.06408578
vt 0.29526293 0.06517309
vt 0.29272607 0.06963885
vt 0.53950918 0.42918563
vt 0.29188046 0.08441341
vt 0.29530084 0.08364671
vt 0.92387009 0.41744268
vt 0.92339307 0.41876554
vt 0.90552908 0.42109668
vt 0.01817238 0.32710248
vt 0.01748601 0.26171166
vt 0.01817238 0.26052701
vt 0.61260515 0.42664349
vt 0.61383444 0.42726403
vt 0.32306057 0.03979331
vt 0.32483095 0.05461717
vt 0.32349098 0.05739039
vt 0.32448050 0.05910403
vt 0.29215235 0.08868319
vt 0.32306057 0.06133169
vt 0.29530084 0.08862895
vt 0.29403242 0.09086180
vt 0.00706727 0.66536802
vt 0.00635051 0.66783422
vt 0.00113294 0.00209641
vt 0.00270881 0.00134140
vt 0.43385580 0.41436803
vt 0.43384975 0.41627216
vt 0.43387589 0.41000032
vt 0.35176125 0.39021850
vt 0.36534509 0.39330971
vt 0.33699086 0.37917095
vt 0.32417318 0.35284805
vt 0.32596299 0.36259884
vt 0.33085671 0.37118971
vt 0.32366759 0.33313620
vt 0.45616120 0.40660655
vt 0.46941137 0.38132203
vt 0.47248134 0.39405310
vt 0.00146559 0.96346205
vt 0.00146559 0.95000064
vt 0.00356446 0.97026503
vt 0.24747504 0.42588073
vt 0.23336993 0.42040211
vt 0.25214151 0.42040211
vt 0.35238922 0.38770163
vt 0.36411068 0.39201528
vt 0.34437853 0.38340652
vt 0.32823560 0.06586415
vt 0.32937402 0.06445581
vt 0.32937402 0.07723254
vt 0.00752817 0.50042993
vt 0.01112206 0.51860839
vt 0.00834943 0.51045299
vt 0.00577181 0.50185877
vt 0.00469998 0.50104612
vt 0.00124445 0.49209082
vt 0.00756986 0.51005745
vt 0.36349928 0.39078039
vt 0.35362157 0.38765138
vt 0.35424709 0.38642263
vt 0.34623078 0.38139880
vt 0.38789335 0.01438791
vt 0.39040232 0.02369606
vt 0.38902879 0.02408403
vt 0.95855981 0.64005208
vt 0.95859212 0.64971387
vt 0.95757210 0.64960724
vt 0.95770907 0.64041370
vt 0.95620471 0.64024931
vt 0.95514423 0.62962961
vt 0.36535361 0.39011735
vt 0.49729386 0.93845898
vt 0.49541813 0.93839550
vt 0.49529707 0.92843813
vt 0.95558333 0.64938504
vt 0.95443660 0.64048624
vt 0.95354539 0.63033468
vt 0.49719667 0.92788368
vt 0.46375176 0.92843819
vt 0.46391955 0.93776834
vt 0.49556500 0.94651735
vt 0.45616120 0.37174934
vt 0.00776903 0.97884315
vt 0.00360338 0.93923277
vt 0.19504477 0.22715449
vt 0.19504477 0.21029937
vt 0.20443907 0.22207397
vt 0.37214959 0.39138317
vt 0.37524045 0.39335918
vt 0.95144528 0.62181550
vt 0.37524083 0.39072633
vt 0.49696016 0.91858113
vt 0.95006710 0.62297970
vt 0.46413282 0.91915983
vt 0.49567816 0.91915983
vt 0.46142626 0.93768060
vt 0.46154925 0.94642043
vt 0.46401963 0.94651735
vt 0.45955059 0.93761712
vt 0.46125850 0.92835039
vt 0.92938536 0.64712352
vt 0.92624986 0.63800240
vt 0.92801797 0.63776553
vt 0.45938274 0.92828697
vt 0.92131847 0.63047397
vt 0.92371672 0.62941641
vt 0.92443049 0.63824838
vt 0.92739660 0.64690125
vt 0.92509288 0.64708942
vt 0.46161565 0.91969007
vt 0.91854507 0.62363595
vt 0.45912239 0.91960233
vt 0.40766054 0.31632292
vt 0.40932009 0.31527901
vt 0.41342124 0.32291913
vt 0.41335329 0.33244753
vt 0.41062513 0.32468164
vt 0.41171637 0.32399702
vt 0.40652397 0.31704146
vt 0.92261100 0.63849431
vt 0.91694623 0.62434107
vt 0.41141200 0.33293259
vt 0.40816090 0.32549202
vt 0.43613669 0.08245039
vt 0.43492359 0.08242643
vt 0.43488908 0.07259637
vt 0.01076463 0.53838867
vt 0.00802672 0.54735494
vt 0.00974081 0.53844929
vt 0.01062622 0.52916539
vt 0.01135772 0.52868772
vt 0.43488908 0.09230322
vt 0.38098603 0.42612231
vt 0.37998867 0.42711043
vt 0.37507361 0.41897297
vt 0.38430953 0.43541956
vt 0.00871706 0.53850991
vt 0.43604466 0.10221958
vt 0.00671065 0.54699838
vt 0.00568689 0.54705894
vt 0.00769330 0.53857046
vt 0.00334010 0.55425704
vt 0.38312125 0.43576306
vt 0.96232778 0.36823714
vt 0.96308202 0.37748778
vt 0.96246403 0.37749469
vt 0.10290033 0.15205699
vt 0.10430404 0.15208358
vt 0.10189432 0.16127980
vt 0.00412768 0.54626799
vt 0.00637723 0.53821391
vt 0.00124445 0.55350494
vt 0.92709291 0.36988795
vt 0.92521614 0.36992490
vt 0.92689598 0.36129659
vt 0.92534488 0.37856424
vt 0.95917708 0.36893833
vt 0.95993137 0.37818897
vt 0.92783976 0.37852025
vt 0.92440122 0.36134052
vt 0.92272133 0.36996883
vt 0.92346805 0.37860119
vt 0.24182324 0.43335783
vt 0.23737220 0.44067985
vt 0.26268050 0.04364806
vt 0.04442371 0.99947983
vt 0.01289771 0.98642057
vt 0.01014638 0.51954222
vt 0.00912262 0.51960284
vt 0.38933223 0.03368056
vt 0.39070576 0.03329253
vt 0.95857310 0.65938461
vt 0.95755309 0.65927804
vt 0.00960246 0.52922601
vt 0.38789335 0.04315937
vt 0.38926688 0.04277140
vt 0.95748276 0.66895789
vt 0.95478904 0.66821879
vt 0.95556438 0.65905583
vt 0.10189432 0.13388771
vt 0.10449104 0.14303792
vt 0.10308734 0.14301133
vt 0.95842731 0.34514713
vt 0.95934063 0.35241497
vt 0.95748657 0.35243595
vt 0.93130374 0.65702552
vt 0.49566701 0.95404893
vt 0.46412164 0.95404893
vt 0.02753661 0.99614638
vt 0.01978498 0.99183702
vt 0.26300696 0.05166805
vt 0.00833446 0.52974266
vt 0.95836210 0.36035401
vt 0.96021616 0.36033303
vt 0.92602050 0.35337853
vt 0.93021339 0.66659880
vt 0.26277784 0.06038517
vt 0.96041304 0.36892438
vt 0.26314673 0.06905162
vt 0.03575948 0.99871171
vt 0.96116740 0.37817496
vt 0.93132275 0.64735472
vt 0.92936635 0.65679425
vt 0.92827600 0.66636753
vt 0.92737764 0.65657204
vt 0.92628729 0.66614532
vt 0.92507380 0.65676022
vt 0.11111645 0.26122773
vt 0.11111645 0.25324798
vt 0.11357737 0.25348437
vt 0.20605712 0.13655198
vt 0.20671058 0.14537889
vt 0.20444484 0.14537889
vt 0.92598820 0.67451465
vt 0.92407793 0.66546398
vt 0.92351514 0.67423463
vt 0.92203790 0.66525084
vt 0.92303377 0.65654707
vt 0.92179012 0.67361110
vt 0.41008908 0.35050213
vt 0.41235742 0.35054207
vt 0.40959349 0.35881096
vt 0.40752110 0.35792089
vt 0.92006516 0.67298764
vt 0.40532547 0.36583042
vt 0.40340367 0.36412394
vt 0.41342124 0.34187400
vt 0.92295837 0.64774573
vt 0.40668893 0.34970379
vt 0.40788385 0.34241092
vt 0.41147995 0.34235907
vt 0.37179217 0.34155488
vt 0.40427151 0.35630620
vt 0.40705177 0.33419394
vt 0.40465069 0.32695305
vt 0.40438676 0.31837678
vt 0.40157601 0.32085365
vt 0.92191404 0.36200273
vt 0.91857678 0.68078220
vt 0.92078608 0.68146354
vt 0.39848146 0.37009364
vt 0.91694623 0.67928922
vt 0.40003091 0.37130910
vt 0.40072241 0.36215007
vt 0.39599618 0.36726952
vt 0.92082942 0.37064004
vt 0.39467636 0.37753618
vt 0.40110269 0.37281597
vt 0.92156857 0.37865418
vt 0.39360458 0.37602937
vt 0.39057043 0.37137306
vt 0.39257812 0.37448859
vt 0.84752834 0.18105137
vt 0.84776056 0.17328686
vt 0.86318713 0.17446452
vt 0.86318713 0.19123209
vt 0.77232540 0.28018880
vt 0.74152106 0.26831317
vt 0.73404837 0.25166208
vt 0.38451874 0.39144510
vt 0.38513121 0.39335227
vt 0.04315936 0.10449111
vt 0.04228612 0.10191584
vt 0.04315936 0.09430367
vt 0.41390446 0.08631837
vt 0.41569275 0.08605480
vt 0.41390446 0.09389853
vt 0.38390630 0.38953787
vt 0.49724862 0.90994835
vt 0.49537295 0.90988487
vt 0.46380371 0.91050279
vt 0.41569275 0.09363490
vt 0.33964044 0.42156357
vt 0.34073174 0.42868918
vt 0.33964044 0.43613666
vt 0.01192269 0.92346853
vt 0.04172902 0.90765649
vt 0.09081578 0.94700503
vt 0.39443278 0.38908744
vt 0.39319479 0.38840890
vt 0.41554677 0.10221958
vt 0.39257780 0.38644528
vt 0.84823734 0.18992621
vt 0.49746841 0.90134323
vt 0.32710251 0.43150198
vt 0.32568115 0.43166530
vt 0.32704765 0.42231023
vt 0.49561563 0.90127051
vt 0.46342880 0.90186423
vt 0.84806961 0.19848192
vt 0.74104363 0.28549993
vt 0.86249214 0.20840138
vt 0.01788807 0.91728932
vt 0.40249741 0.38481641
vt 0.17069639 0.17718053
vt 0.17069639 0.16753888
vt 0.17263743 0.16852415
vt 0.32710251 0.44067979
vt 0.44445652 0.28057897
vt 0.44269541 0.28017175
vt 0.44522285 0.27093589
vt 0.05385033 0.11071384
vt 0.05206168 0.11070669
vt 0.05451709 0.10102397
vt 0.49700090 0.89335012
vt 0.70203358 0.02873665
vt 0.70097619 0.03747606
vt 0.69922882 0.03701335
vt 0.46355599 0.89390463
vt 0.70249015 0.03749901
vt 0.70358407 0.02876347
vt 0.72985852 0.03709447
vt 0.40995416 0.37869453
vt 0.44436663 0.28976685
vt 0.44237259 0.28980184
vt 0.46131045 0.91041505
vt 0.40251341 0.30933344
vt 0.45941082 0.91096956
vt 0.73955274 0.02148330
vt 0.73753536 0.02057683
vt 0.74052370 0.01361060
vt 0.31189275 0.00842774
vt 0.31347325 0.00917560
vt 0.31189275 0.01590079
vt 0.40118095 0.31090224
vt 0.73550463 0.02054495
vt 0.73322999 0.02795607
vt 0.73119926 0.02792418
vt 0.73727816 0.02889436
vt 0.24737513 0.18218958
vt 0.24986997 0.18218958
vt 0.24805368 0.19080973
vt 0.73553079 0.02843165
vt 0.39516440 0.30590463
vt 0.39616975 0.30381095
vt 0.73217261 0.03669548
vt 0.73420334 0.03672737
vt 0.73646754 0.03719902
vt 0.00275159 0.66520435
vt 0.00265263 0.66769725
vt 0.22488296 0.43505645
vt 0.22350807 0.43613672
vt 0.22110762 0.43388146
vt 0.22248252 0.43280119
vt 0.43757007 0.41377074
vt 0.43756407 0.41567487
vt 0.22180809 0.42978621
vt 0.22276489 0.42155814
vt 0.22488296 0.42214811
vt 0.22374964 0.43082273
vt 0.21949677 0.42967570
vt 0.69482315 0.00381553
vt 0.22054096 0.43176460
vt 0.22017124 0.43269074
vt 0.21943173 0.43454295
vt 0.21923482 0.43150002
vt 0.21867187 0.43290555
vt 0.43820512 0.41002202
vt 0.43943000 0.41383648
vt 0.21513990 0.43115282
vt 0.44006506 0.41008770
vt 0.21519561 0.43336308
vt 0.69668460 0.00382704
vt 0.69415253 0.00815016
vt 0.69663244 0.00816739
vt 0.43870497 0.11954242
vt 0.41618460 0.37071884
vt 0.42056319 0.36211789
vt 0.42314988 0.34242153
vt 0.43437576 0.11952072
vt 0.68220478 0.30057156
vt 0.67292780 0.29987282
vt 0.44056138 0.12022406
vt 0.68468469 0.30058885
vt 0.68655813 0.29997623
vt 0.69850022 0.00817329
vt 0.73404837 0.30211544
vt 0.84815240 0.20711643
vt 0.02532931 0.91268796
vt 0.70036256 0.04621667
vt 0.69884861 0.04619372
vt 0.72924483 0.04583508
vt 0.70187646 0.04623961
vt 0.05173808 0.11988127
vt 0.05352673 0.11988842
vt 0.39989379 0.31243712
vt 0.39708304 0.31491399
vt 0.39387721 0.30743945
vt 0.39139342 0.31044126
vt 0.38757885 0.30188298
vt 0.38853893 0.29982316
vt 0.38714167 0.30361736
vt 0.38498497 0.30714411
vt 0.37979734 0.29871154
vt 0.38023451 0.29697716
vt 0.37916431 0.30129623
vt 0.73358965 0.04546797
vt 0.73155892 0.04543608
vt 0.73585385 0.04593962
vt 0.72959167 0.05458575
vt 0.73393649 0.05421865
vt 0.73189241 0.05506134
vt 0.37870771 0.30522209
vt 0.37195110 0.29776555
vt 0.37171149 0.30447567
vt 0.37184107 0.30002493
vt 0.73568392 0.05468136
vt 0.73769140 0.05383480
vt 0.36484644 0.30510437
vt 0.36445302 0.30097902
vt 0.35719612 0.30330813
vt 0.35811254 0.30710828
vt 0.84810197 0.21560180
vt 0.86077106 0.22488296
vt 0.44522285 0.29805982
vt 0.44325739 0.29984397
vt 0.05314856 0.12815410
vt 0.69918215 0.05581903
vt 0.05451709 0.12947804
vt 0.70094287 0.05540717
vt 0.70222330 0.05499029
vt 0.03322342 0.90882981
vt 0.67186081 0.34723526
vt 0.67338997 0.35522270
vt 0.20345806 0.19738185
vt 0.20443910 0.19889307
vt 0.20345806 0.20671058
vt 0.41808021 0.36199272
vt 0.41370165 0.37059361
vt 0.70198023 0.06372428
vt 0.70021957 0.06413609
vt 0.70377749 0.06331635
vt 0.97239584 0.80342776
vt 0.94022864 0.80287421
vt 0.94040668 0.79480183
vt 0.97257388 0.79535532
vt 0.41746879 0.36075783
vt 0.41370764 0.36868948
vt 0.67565221 0.36370862
vt 0.05051050 0.90777230
vt 0.05902760 0.90913957
vt 0.06710335 0.91230392
vt 0.07473773 0.91726559
vt 0.42061505 0.35220712
vt 0.70273423 0.07247221
vt 0.70173717 0.07245827
vt 0.93836731 0.80284727
vt 0.93819094 0.81152683
vt 0.70426154 0.07162058
vt 0.94005227 0.81155378
vt 0.97221953 0.81210732
vt 0.02694946 0.29367280
vt 0.02725855 0.30358267
vt 0.02694946 0.31347322
vt 0.42067146 0.34235275
vt 0.67734265 0.37223536
vt 0.70598942 0.07950407
vt 0.70547259 0.07949513
vt 0.02498700 0.05597240
vt 0.02436971 0.05601019
vt 0.02442501 0.04670680
vt 0.93740427 0.82079703
vt 0.41874951 0.35141265
vt 0.41942543 0.34223372
vt 0.42066690 0.34229636
vt 0.97143281 0.82137752
vt 0.93926561 0.82082397
vt 0.73725146 0.06213284
vt 0.73549068 0.06254470
vt 0.73925894 0.06128627
vt 0.36404014 0.29904491
vt 0.97503650 0.79601717
vt 0.97425717 0.80345470
vt 0.73294312 0.06250387
vt 0.97407001 0.81275266
vt 0.97672606 0.80411094
vt 0.73801881 0.07000625
vt 0.97655600 0.81278485
vt 0.35626024 0.30169946
vt 0.35589263 0.29973149
vt 0.36367252 0.29707694
vt 0.73954612 0.06915462
vt 0.34913447 0.30540383
vt 0.35007042 0.30701256
vt 0.34824392 0.30376124
vt 0.74052370 0.07658935
vt 0.97578013 0.82143676
vt 0.07890431 0.11216658
vt 0.07950404 0.12080991
vt 0.07764167 0.12095177
vt 0.35150975 0.31048739
vt 0.97391254 0.82141542
vt 0.26349926 0.07773715
vt 0.38583031 0.44517922
vt 0.31120169 0.06285852
vt 0.31120169 0.07041788
vt 0.31032786 0.07039273
vt 0.96313506 0.38742757
vt 0.38523617 0.44535094
vt 0.38406819 0.44574726
vt 0.10449108 0.17263746
vt 0.10289469 0.16419768
vt 0.10449108 0.16301847
vt 0.96186876 0.38683933
vt 0.95999193 0.38687629
vt 0.05224554 0.31379819
vt 0.05129589 0.30382103
vt 0.05193704 0.30381846
vt 0.33050945 0.22522050
vt 0.32682088 0.32335377
vt 0.38616276 0.45528233
vt 0.05162761 0.31378555
vt 0.38365626 0.45548308
vt 0.38541836 0.45491505
vt 0.96186870 0.39619291
vt 0.96313506 0.39678121
vt 0.92604619 0.38722861
vt 0.92851830 0.38720065
vt 0.92352867 0.38728857
vt 0.92224717 0.38733453
vt 0.38909107 0.04789120
vt 0.39070579 0.05454189
vt 0.38909107 0.05521220
vt 0.92606139 0.39594793
vt 0.96062511 0.39558864
vt 0.92853343 0.39592004
vt 0.92416185 0.39600092
vt 0.63260353 0.50988966
vt 0.64909750 0.51581061
vt 0.64966190 0.52339298
vt 0.63260353 0.54962522
vt 0.07560014 0.98843831
vt 0.05278219 0.99890560
vt 0.06872903 0.99313080
vt 0.06083492 0.99698889
vt 0.64945018 0.53130835
vt 0.96056449 0.40373778
vt 0.31451750 0.42119253
vt 0.32255933 0.41949636
vt 0.32255933 0.45203757
vt 0.05129589 0.32254678
vt 0.05191382 0.32255942
vt 0.33119947 0.31475282
vt 0.64816189 0.53995627
vt 0.38362721 0.46434963
vt 0.38171482 0.46437865
vt 0.38439193 0.46476972
vt 0.96242619 0.40433508
vt 0.38097042 0.46401143
vt 0.37841454 0.47302598
vt 0.37973276 0.47316861
vt 0.07268944 0.38161957
vt 0.06854853 0.37550998
vt 0.06994765 0.37431759
vt 0.37767014 0.47265875
vt 0.94378501 0.06005365
vt 0.93493384 0.05988795
vt 0.93523633 0.05812663
vt 0.94408756 0.05829227
vt 0.93493384 0.09115392
vt 0.92909092 0.40406215
vt 0.09767643 0.15900815
vt 0.09706947 0.14967477
vt 0.09767643 0.14960957
vt 0.33681142 0.30677402
vt 0.33742180 0.30733657
vt 0.34465787 0.23688090
vt 0.38049749 0.47358871
vt 0.64673412 0.54814672
vt 0.10221955 0.27939999
vt 0.10120095 0.27136385
vt 0.10221955 0.27105701
vt 0.34427172 0.30003625
vt 0.34487855 0.30121469
vt 0.64354318 0.55652857
vt 0.09086180 0.95716715
vt 0.08168278 0.98160696
vt 0.06566240 0.36817753
vt 0.37507361 0.48156756
vt 0.06478332 0.36877668
vt 0.31700358 0.07444382
vt 0.31801629 0.07411808
vt 0.31801629 0.08177567
vt 0.95255452 0.05986440
vt 0.95285708 0.05810302
vt 0.06654149 0.36757839
vt 0.02794857 0.05287719
vt 0.02953009 0.06192017
vt 0.02820899 0.06181192
vt 0.94378501 0.09131962
vt 0.35808742 0.59597456
vt 0.35890418 0.60932654
vt 0.35115907 0.61132741
vt 0.33564538 0.60248768
vt 0.30976486 0.41976374
vt 0.38647881 0.37973368
vt 0.92034012 0.38676929
vt 0.38597536 0.37786758
vt 0.38453597 0.37439275
vt 0.37780204 0.37639666
vt 0.37843668 0.37963796
vt 0.92661875 0.40409011
vt 0.39001104 0.06133169
vt 0.92227751 0.39541966
vt 0.92096567 0.39486337
vt 0.38674590 0.38100702
vt 0.37896600 0.38366151
vt 0.37841725 0.38182938
vt 0.92411637 0.40351582
vt 0.37040091 0.38389111
vt 0.92220932 0.40295053
vt 0.37019861 0.38039243
vt 0.37093696 0.37702543
vt 0.37017912 0.38258386
vt 0.94350213 0.09369111
vt 0.93501246 0.09359455
vt 0.94372076 0.09598887
vt 0.93523103 0.09589231
vt 0.09105277 0.30211550
vt 0.09105277 0.29495668
vt 0.09313338 0.29576552
vt 0.31850654 0.19350970
vt 0.32028791 0.19396365
vt 0.31850654 0.19989598
vt 0.36235237 0.37944639
vt 0.36203167 0.38327044
vt 0.36233291 0.38163781
vt 0.93593144 0.09750611
vt 0.94391966 0.09767646
vt 0.36394078 0.37627894
vt 0.35681346 0.37415743
vt 0.95263314 0.09357101
vt 0.95235032 0.09594250
vt 0.95205307 0.09120411
vt 0.32710248 0.07349116
vt 0.32556415 0.07496101
vt 0.32307699 0.06794816
vt 0.35489798 0.37679988
vt 0.35435554 0.37931669
vt 0.32153875 0.06941801
vt 0.31941518 0.07033354
vt 0.32002652 0.06159920
vt 0.31628001 0.06337225
vt 0.31805038 0.06252122
vt 0.35092801 0.37053496
vt 0.34762004 0.37549466
vt 0.34844428 0.37353671
vt 0.34552020 0.36662102
vt 0.34327769 0.36873865
vt 0.30438709 0.08026463
vt 0.30247691 0.08177561
vt 0.30247691 0.07369810
vt 0.34139955 0.36117232
vt 0.35294214 0.29627132
vt 0.08404718 0.27942109
vt 0.08234126 0.27916443
vt 0.08252472 0.27055073
vt 0.35700023 0.23990941
vt 0.35295835 0.29515243
vt 0.06424566 0.35958570
vt 0.06263191 0.36081445
vt 0.06302432 0.35957277
vt 0.00729719 0.38808244
vt 0.00908620 0.39717448
vt 0.00799633 0.39802325
vt 0.02794857 0.07041794
vt 0.06597033 0.35962337
vt 0.08925498 0.96629751
vt 0.08599530 0.97439599
vt 0.96110243 0.05946302
vt 0.03544660 0.38155192
vt 0.03634472 0.38906783
vt 0.03499451 0.38885790
vt 0.06476822 0.35099518
vt 0.06304355 0.35095757
vt 0.03499451 0.39752042
vt 0.44718790 0.26865482
vt 0.45510370 0.27175128
vt 0.45434064 0.27341622
vt 0.96994984 0.05938607
vt 0.96112210 0.09133917
vt 0.00729719 0.40660655
vt 0.08234126 0.28848618
vt 0.04088782 0.10952342
vt 0.03968330 0.10926557
vt 0.04022939 0.10053271
vt 0.18853824 0.15208137
vt 0.18763159 0.15263790
vt 0.18734410 0.14401084
vt 0.34278309 0.61343718
vt 0.06478745 0.34238005
vt 0.03968330 0.11812031
vt 0.06306271 0.34234238
vt 0.06220041 0.34232354
vt 0.46112368 0.27639866
vt 0.06665654 0.34244823
vt 0.96944833 0.09072578
vt 0.02725855 0.41796434
vt 0.01966657 0.41469383
vt 0.02725855 0.38521749
vt 0.44718790 0.30438709
vt 0.36224830 0.29206288
vt 0.36223313 0.29385418
vt 0.18734410 0.16127968
vt 0.37152058 0.29205292
vt 0.37150544 0.29384422
vt 0.36627254 0.23989940
vt 0.96120077 0.09377986
vt 0.96053666 0.09547204
vt 0.31705961 0.07063025
vt 0.31407183 0.06367540
vt 0.96916550 0.09309733
vt 0.31391406 0.05567604
vt 0.31155843 0.05597275
vt 0.31809840 0.05445087
vt 0.34155810 0.37053096
vt 0.31639075 0.05469596
vt 0.30808023 0.04709047
vt 0.30920279 0.05626941
vt 0.31052053 0.04740608
vt 0.33878469 0.36279899
vt 0.31664455 0.04655457
vt 0.31905857 0.04618043
vt 0.31458375 0.04686427
vt 0.31287616 0.04710937
vt 0.31843624 0.60786104
vt 0.31634378 0.62033182
vt 0.30976486 0.62240338
vt 0.08600657 0.93071425
vt 0.08915828 0.93840486
vt 0.68263054 0.39625585
vt 0.68368000 0.40283549
vt 0.26301768 0.43193102
vt 0.27258542 0.42201722
vt 0.27258542 0.44749439
vt 0.08073077 0.92373592
vt 0.32409322 0.61792541
vt 0.33798826 0.86652070
vt 0.33888039 0.87472373
vt 0.33708373 0.87482256
vt 0.33745456 0.88336188
vt 0.23889969 0.15276992
vt 0.24078375 0.15217620
vt 0.23906386 0.16051525
vt 0.23694685 0.16054612
vt 0.23881522 0.16854972
vt 0.32255942 0.01843148
vt 0.32235008 0.02716202
vt 0.32103777 0.02738351
vt 0.36991754 0.87469107
vt 0.37028834 0.88323045
vt 0.33925119 0.88326311
vt 0.33846277 0.32660401
vt 0.34168491 0.32023519
vt 0.34645647 0.31508183
vt 0.33827958 0.35510695
vt 0.33587849 0.34786594
vt 0.33541873 0.34013999
vt 0.33661368 0.33284706
vt 0.33506265 0.32580566
vt 0.33904895 0.31822729
vt 0.33538291 0.35617471
vt 0.33214974 0.34071678
vt 0.33180478 0.34820926
vt 0.33334470 0.33342385
vt 0.33083987 0.33279121
vt 0.33308083 0.32484764
vt 0.32456455 0.00948852
vt 0.32129386 0.01570296
vt 0.31941697 0.01472336
vt 0.32295609 0.00783199
vt 0.33706713 0.31726933
vt 0.33166727 0.32353032
vt 0.32997194 0.34060901
vt 0.32995409 0.34862638
vt 0.31881434 0.02240086
vt 0.31693739 0.02142125
vt 0.31447977 0.02933735
vt 0.31677264 0.02964658
vt 0.31464452 0.02111202
vt 0.36906034 0.86592835
vt 0.37216261 0.87429839
vt 0.37253341 0.88283771
vt 0.31739262 0.01373732
vt 0.31536829 0.01275122
vt 0.31899205 0.00647223
vt 0.31262019 0.02012593
vt 0.32093173 0.00684589
vt 0.37142095 0.86635637
vt 0.67909539 0.38070655
vt 0.68091035 0.38912225
vt 0.93911606 0.83008826
vt 0.41824141 0.33298910
vt 0.93725473 0.83006126
vt 0.97066492 0.83063096
vt 0.02498700 0.06587481
vt 0.42135552 0.33261430
vt 0.41949099 0.33249223
vt 0.93650562 0.83929777
vt 0.93837780 0.83870637
vt 0.97054499 0.83925998
vt 0.41645265 0.32391059
vt 0.93525642 0.83928728
vt 0.41707110 0.32391369
vt 0.41832423 0.32280087
vt 0.41596264 0.19859976
vt 0.04581606 0.08849543
vt 0.06587483 0.28584075
vt 0.04581606 0.28621471
vt 0.89704424 0.42278099
vt 0.93579072 0.84728640
vt 0.23706274 0.15257609
vt 0.24039270 0.14607036
vt 0.23883581 0.14565182
vt 0.93766284 0.84669495
vt 0.96983004 0.84724855
vt 0.41217738 0.31532276
vt 0.41343051 0.31421000
vt 0.05846963 0.29530084
vt 0.05694298 0.28783703
vt 0.05906020 0.28783703
vt 0.40603971 0.30795747
vt 0.40665814 0.30796057
vt 0.41281390 0.20843863
vt 0.40729532 0.30555648
vt 0.39927298 0.30243677
vt 0.23803675 0.16834044
vt 0.39991012 0.30003268
vt 0.40159103 0.22506857
vt 0.40843534 0.21703953
vt 0.34397110 0.31225765
vt 0.34218520 0.31044942
vt 0.07950404 0.12947810
vt 0.32028785 0.17294228
vt 0.32028785 0.17945206
vt 0.31862488 0.17891157
vt 0.97314465 0.83066875
vt 0.97562432 0.83070660
vt 0.34772575 0.30260956
vt 0.34162167 0.30933172
vt 0.34020814 0.30801439
vt 0.24986994 0.17718053
vt 0.24862488 0.16925037
vt 0.24986994 0.16914773
vt 0.33560824 0.31598592
vt 0.97676444 0.83872771
vt 0.97488606 0.83932477
vt 0.32507813 0.00172704
vt 0.32710248 0.00271314
vt 0.97301841 0.83930343
vt 0.97230977 0.84728640
vt 0.97418189 0.84669495
vt 0.33376113 0.61563653
vt 0.06726608 0.33317292
vt 0.33670989 0.91088957
vt 0.33753213 0.90193868
vt 0.33872992 0.90187281
vt 0.06625936 0.33312356
vt 0.33835608 0.91052979
vt 0.36882931 0.90997028
vt 0.06453463 0.33308589
vt 0.06844922 0.32385540
vt 0.33910075 0.89213878
vt 0.06981492 0.32389891
vt 0.06368897 0.33244908
vt 0.06674127 0.32319975
vt 0.36976704 0.90184021
vt 0.38078585 0.29327470
vt 0.38138917 0.29506910
vt 0.37616226 0.23922020
vt 0.39003593 0.29628778
vt 0.03041361 0.02341074
vt 0.03180164 0.02443272
vt 0.03041361 0.03407323
vt 0.38545573 0.23551482
vt 0.39128450 0.29511857
vt 0.05191444 0.39524889
vt 0.05165006 0.38551134
vt 0.05224554 0.38543946
vt 0.39064384 0.29813856
vt 0.07117939 0.31578094
vt 0.07268944 0.31585497
vt 0.33805344 0.89246565
vt 0.05165006 0.37632215
vt 0.24078375 0.17718053
vt 0.32255942 0.03634471
vt 0.37013790 0.89210612
vt 0.39474919 0.23180944
vt 0.31010437 0.03809804
vt 0.30774873 0.03839469
vt 0.31204405 0.03847170
vt 0.31839579 0.03876752
vt 0.31639773 0.03847128
vt 0.33300927 0.35691714
vt 0.33678341 0.36403239
vt 0.31425226 0.03816855
vt 0.31074780 0.02859646
vt 0.37253341 0.89197445
vt 0.31268749 0.02897012
vt 0.81901729 0.92671180
vt 0.91300577 0.88333851
vt 0.94496292 0.95404899
vt 0.38981575 0.89044577
vt 0.37970561 0.83723646
vt 0.51589894 0.85321927
vt 0.51577103 0.87052268
vt 0.51704472 0.88810658
vt 0.08139976 0.82031733
vt 0.08142957 0.81912690
vt 0.61633462 0.70051163
vt 0.68476576 0.69944811
vt 0.68483871 0.70077157
vt 0.08082358 0.81667900
vt 0.08083151 0.81113940
vt 0.68531471 0.69750971
vt 0.66413206 0.68602931
vt 0.68465388 0.69248325
vt 0.61551076 0.67913294
vt 0.05906022 0.17383987
vt 0.05745041 0.17490894
vt 0.05745041 0.17081225
vt 0.08550113 0.27485698
vt 0.08550113 0.27065265
vt 0.08631872 0.27232456
vt 0.40896770 0.50143725
vt 0.41070250 0.50461888
vt 0.41342124 0.52898055
vt 0.66353434 0.68356001
vt 0.61553746 0.68102843
vt 0.91500258 0.88098854
vt 0.94144523 0.87429917
vt 0.94496292 0.87856251
vt 0.92716533 0.83378720
vt 0.40896770 0.53154159
vt 0.19989598 0.17344606
vt 0.19989598 0.19989598
vt 0.19592182 0.19813645
vt 0.89412677 0.83371758
vt 0.92448372 0.83312172
vt 0.91468751 0.83472294
vt 0.10098138 0.03141987
vt 0.10449106 0.02750295
vt 0.10449106 0.03180164
vt 0.32710251 0.06390506
vt 0.32581547 0.06814635
vt 0.32394934 0.06390506
vt 0.02044388 0.02199107
vt 0.02044388 0.02725857
vt 0.01825518 0.02594995
vt 0.81342906 0.89126754
vt 0.72355014 0.92885506
vt 0.72397238 0.93139738
vt 0.72648191 0.93151683
vt 0.72832870 0.93163544
vt 0.72918487 0.92913353
vt 0.72394973 0.99031466
vt 0.67393607 0.98192072
vt 0.66960579 0.98048937
vt 0.72267139 0.99027431
vt 0.71807826 0.11343884
vt 0.72235131 0.11481154
vt 0.71949023 0.12114578
vt 0.71322781 0.11847031
vt 0.63158321 0.79631263
vt 0.64253873 0.75818092
vt 0.63817078 0.79978633
vt 0.63121104 0.40312546
vt 0.61679238 0.39581275
vt 0.63148957 0.35673809
vt 0.65178913 0.75685740
vt 0.62958771 0.40392494
vt 0.60756242 0.39583135
vt 0.51828647 0.83723646
vt 0.86121899 0.27233613
vt 0.84516889 0.27208972
vt 0.82196712 0.13561189
vt 0.70535070 0.12047130
vt 0.70840842 0.12394214
vt 0.69934726 0.12848175
vt 0.70185518 0.13064837
vt 0.70714670 0.13402122
vt 0.71350139 0.12733912
vt 0.64588875 0.80420685
vt 0.65420502 0.80867010
vt 0.65420502 0.75868559
vt 0.67162693 0.67992789
vt 0.92481023 0.82604212
vt 0.92253470 0.82719284
vt 0.93133354 0.03285563
vt 0.93108135 0.03529239
vt 0.92441982 0.03414941
vt 0.67781478 0.67249930
vt 0.92344123 0.03159106
vt 0.67535126 0.67187500
vt 0.91334164 0.82865721
vt 0.34354547 0.61956757
vt 0.34318036 0.62804431
vt 0.33629820 0.62643659
vt 0.33629820 0.61716551
vt 0.34662145 0.64739037
vt 0.34981796 0.62745833
vt 0.34056771 0.64634252
vt 0.68913156 0.69888914
vt 0.68920451 0.70021254
vt 0.07708495 0.81849623
vt 0.00739066 0.25694090
vt 0.00838105 0.25559235
vt 0.00961159 0.25629151
vt 0.00911640 0.25696582
vt 0.00727070 0.25891232
vt 0.07647983 0.81666636
vt 0.68909997 0.69761056
vt 0.69041193 0.69832087
vt 0.00900405 0.25954759
vt 0.01122502 0.25889820
vt 0.01084216 0.25699067
vt 0.07648689 0.81050861
vt 0.07273175 0.70004469
vt 0.00892968 0.26518166
vt 0.00684384 0.26508057
vt 0.00892968 0.37535399
vt 0.00684384 0.37525284
vt 0.01115823 0.26514268
vt 0.01115823 0.37531501
vt 0.68966836 0.69320470
vt 0.68632972 0.63008565
vt 0.01096971 0.25562966
vt 0.00937906 0.25485420
vt 0.69099736 0.69704413
vt 0.69160223 0.69330001
vt 0.69135386 0.62957335
vt 0.01421146 0.25607347
vt 0.01496200 0.25866771
vt 0.01433900 0.25471246
vt 0.84627855 0.60153872
vt 0.84753972 0.60237783
vt 0.84811574 0.65812171
vt 0.84558368 0.65782624
vt 0.84361339 0.60097289
vt 0.69262940 0.62962198
vt 0.10692341 0.19067830
vt 0.10903416 0.24514711
vt 0.10692341 0.24532688
vt 0.01503034 0.26416165
vt 0.84252328 0.65696824
vt 0.83821559 0.60091639
vt 0.01590080 0.37495685
vt 0.72975659 0.59455532
vt 0.13629271 0.11396670
vt 0.12628286 0.19845986
vt 0.12070005 0.19989598
vt 0.09978641 0.11396670
vt 0.89356375 0.05104506
vt 0.92529625 0.04419583
vt 0.93133354 0.06464392
vt 0.89084989 0.05323875
vt 0.89808774 0.15349466
vt 0.89125997 0.02408850
vt 0.67581010 0.63375527
vt 0.04071138 0.32214630
vt 0.04315936 0.35066944
vt 0.04071138 0.35436106
vt 0.67394918 0.63498342
vt 0.67763460 0.63186544
vt 0.88778853 0.02119344
vt 0.09767643 0.39769208
vt 0.09591337 0.40206349
vt 0.09334872 0.39838481
vt 0.07268950 0.03180164
vt 0.07094108 0.03092551
vt 0.07268950 0.02658606
vt 0.06248695 0.02427977
vt 0.06587481 0.02856219
vt 0.06248695 0.02953005
vt 0.44749445 0.15518105
vt 0.44749445 0.18399513
vt 0.44334555 0.18254888
vt 0.09649542 0.37229228
vt 0.08748902 0.11707377
vt 0.08859027 0.11481804
vt 0.08859027 0.14310741
vt 0.09404609 0.40148222
vt 0.88931704 0.05000466
vt 0.81511140 0.02783936
vt 0.09334872 0.36987472
vt 0.88369185 0.02520442
vt 0.88658112 0.02114213
vt 0.81211549 0.00139022
vt 0.84708208 0.15407056
vt 0.88144332 0.15336496
vt 0.86341316 0.15344787
vt 0.01211439 0.01429129
vt 0.01362921 0.01208812
vt 0.01362921 0.01590079
vt 0.67617142 0.55509144
vt 0.81033039 0.00059289
vt 0.67797649 0.55566901
vt 0.69168121 0.55522752
vt 0.68670321 0.55516779
vt 0.85147494 0.72417045
vt 0.85018122 0.65868121
vt 0.69361508 0.55532283
vt 0.85340732 0.72445959
vt 0.84873837 0.72416091
vt 0.84573954 0.72412950
vt 0.81176656 0.02992547
vt 0.04770244 0.34073174
vt 0.04462349 0.33772641
vt 0.04770244 0.33408439
vt 0.81022483 0.01426888
vt 0.81031674 0.02534419
vt 0.18857667 0.84051150
vt 0.19640136 0.86960310
vt 0.06903283 0.84051150
vt 0.06635358 0.90861815
vt 0.16244847 0.03634471
vt 0.16355127 0.03437144
vt 0.05677718 0.02844006
vt 0.05906017 0.02421284
vt 0.05906017 0.02953011
vt 0.53376657 0.86121410
vt 0.53505707 0.85183817
vt 0.53608465 0.84303474
vt 0.26349920 0.43840826
vt 0.24611689 0.43840826
vt 0.25424287 0.42029005
vt 0.86798972 0.72968853
vt 0.87444270 0.72307736
vt 0.88187492 0.71721673
vt 0.80143416 0.92507750
vt 0.80056697 0.91578490
vt 0.86337847 0.73693395
vt 0.80172193 0.93447220
vt 0.89169437 0.71323848
vt 0.90057194 0.71159589
vt 0.91761380 0.71325892
vt 0.86017531 0.74531120
vt 0.79970932 0.90647846
vt 0.79900289 0.89775425
vt 0.53327948 0.87879193
vt 0.53391635 0.88730335
vt 0.53357112 0.87015194
vt 0.90913248 0.71131778
vt 0.18462920 0.23004270
vt 0.18586965 0.22943306
vt 0.19449881 0.23373121
vt 0.17725211 0.22395945
vt 0.18649164 0.22882020
vt 0.19325732 0.23366857
vt 0.17910644 0.22329640
vt 0.09252468 0.19535291
vt 0.09236897 0.18778521
vt 0.09313335 0.18663341
vt 0.17849256 0.22334975
vt 0.35983917 0.59110028
vt 0.36217815 0.60055494
vt 0.36138651 0.60018426
vt 0.39663920 0.06381822
vt 0.39483640 0.06347102
vt 0.39571759 0.05475032
vt 0.39396629 0.07268941
vt 0.19450130 0.23244298
vt 0.39752042 0.05509746
vt 0.96767825 0.45662355
vt 0.96589762 0.45581651
vt 0.96554923 0.44826853
vt 0.73563254 0.26375425
vt 0.73175949 0.25515395
vt 0.73350871 0.25553012
vt 0.39396629 0.05441093
vt 0.11792867 0.20938742
vt 0.12039188 0.21807355
vt 0.11905851 0.21763390
vt 0.93163395 0.44597191
vt 0.93134409 0.45346361
vt 0.96615231 0.46339524
vt 0.73391950 0.26425195
vt 0.20375243 0.23612839
vt 0.21301664 0.23667783
vt 0.92589444 0.71743137
vt 0.93348986 0.72258097
vt 0.94233006 0.73417991
vt 0.94800460 0.77357000
vt 0.88436025 0.80381781
vt 0.09236895 0.17839789
vt 0.20251094 0.23606575
vt 0.09313335 0.17724609
vt 0.39748007 0.04644817
vt 0.20313646 0.23483706
vt 0.96741700 0.44845283
vt 0.96585578 0.44017720
vt 0.39573985 0.04660648
vt 0.39442915 0.04647636
vt 0.93136585 0.43720913
vt 0.21177971 0.23667169
vt 0.09291156 0.16910815
vt 0.39565906 0.03844708
vt 0.21240418 0.23477066
vt 0.96710873 0.44029748
vt 0.96744877 0.43100667
vt 0.21240667 0.23348242
vt 0.20313436 0.23349243
vt 0.93170595 0.42791843
vt 0.96558106 0.43082249
vt 0.09306256 0.16788059
vt 0.92886168 0.45321536
vt 0.93159872 0.46104228
vt 0.92913979 0.46078640
vt 0.70523912 0.26599377
vt 0.70282871 0.25734854
vt 0.70502931 0.25683582
vt 0.92921513 0.44510853
vt 0.92888343 0.43696100
vt 0.70011848 0.24917257
vt 0.70260566 0.24908102
vt 0.69766742 0.25013798
vt 0.69616950 0.24236965
vt 0.70082909 0.25742507
vt 0.69590497 0.25065219
vt 0.69420600 0.24332011
vt 0.69195598 0.24384940
vt 0.69389206 0.25161922
vt 0.69857901 0.25795436
vt 0.92699230 0.43678445
vt 0.92922348 0.42767024
vt 0.92516476 0.43599272
vt 0.92726862 0.42810875
vt 0.11971692 0.91296226
vt 0.11290507 0.91639680
vt 0.11166987 0.91494763
vt 0.10685700 0.92168075
vt 0.92537749 0.42793226
vt 0.10558159 0.92019171
vt 0.12087904 0.91528153
vt 0.11406719 0.91871601
vt 0.10845033 0.92355978
vt 0.01166094 0.05097979
vt 0.01180394 0.04152566
vt 0.01362928 0.04294735
vt 0.01255771 0.03151965
vt 0.01313827 0.05202955
vt 0.16443902 0.19769299
vt 0.16809230 0.20689356
vt 0.16561493 0.20749712
vt 0.17235944 0.21604085
vt 0.16258821 0.19774014
vt 0.16382866 0.19713038
vt 0.07194764 0.32402736
vt 0.07268944 0.33324981
vt 0.07190605 0.33261877
vt 0.01072520 0.03144169
vt 0.17050055 0.21664751
vt 0.36198381 0.62921798
vt 0.36160359 0.61998487
vt 0.36311132 0.61985499
vt 0.36265555 0.60975057
vt 0.36344719 0.61012131
vt 0.37254420 0.00163734
vt 0.37480497 0.01085222
vt 0.37345135 0.01122481
vt 0.79721648 0.01273584
vt 0.79807973 0.02199119
vt 0.79622823 0.02189153
vt 0.79534125 0.01265073
vt 0.36084253 0.60947257
vt 0.35983917 0.61968809
vt 0.00960020 0.05906022
vt 0.13629271 0.22908318
vt 0.13629271 0.29530084
vt 0.13603324 0.23750162
vt 0.16019261 0.18748319
vt 0.16265731 0.18738270
vt 0.07190605 0.34073174
vt 0.16388613 0.18794835
vt 0.37254420 0.02044392
vt 0.79877698 0.02137798
vt 0.79951274 0.03130865
vt 0.79825467 0.03125679
vt 0.79637945 0.03117162
vt 0.75991911 0.01927102
vt 0.75967306 0.01004887
vt 0.75742674 0.01915258
vt 0.75718069 0.00993055
vt 0.70763516 0.28564429
vt 0.70539838 0.28528309
vt 0.70807439 0.27553105
vt 0.75929952 0.00150216
vt 0.70181340 0.29378831
vt 0.70339876 0.28535962
vt 0.70583761 0.27516997
vt 0.75555152 0.01906747
vt 0.70111263 0.28501511
vt 0.70335048 0.27526152
vt 0.70081389 0.27536958
vt 0.75763428 0.02780074
vt 0.76012671 0.02791911
vt 0.75575912 0.02771562
vt 0.75715357 0.03645921
vt 0.79648322 0.04048067
vt 0.76023048 0.03722817
vt 0.75527841 0.03637403
vt 0.69936836 0.30095357
vt 0.69977760 0.29299098
vt 0.69733256 0.30015630
vt 0.69769245 0.29221034
vt 0.69902748 0.28423440
vt 0.69501024 0.29893786
vt 0.69560730 0.29142964
vt 0.75341207 0.03568596
vt 0.75386018 0.02764493
vt 0.69195598 0.30438703
vt 0.16722439 0.92124265
vt 0.17193130 0.92774987
vt 0.17059745 0.92903054
vt 0.16593076 0.92256320
vt 0.16455670 0.92380399
vt 0.15887408 0.91900742
vt 0.16886526 0.92984152
vt 0.16216671 0.92671555
vt 0.16607694 0.93228328
vt 0.00960020 0.02138168
vt 0.11792867 0.22715455
vt 0.73500556 0.27341306
vt 0.73598069 0.27338314
vt 0.70718932 0.26593381
vt 0.79440695 0.00343889
vt 0.79564124 0.00350535
vt 0.70275193 0.26608533
vt 0.70098943 0.26659966
vt 0.69894040 0.26669276
vt 0.69627959 0.25850022
vt 0.69896585 0.27502668
vt 0.39752033 0.00205535
vt 0.39752033 0.01082051
vt 0.39527196 0.01064152
vt 0.13521899 0.90927237
vt 0.14333181 0.91119725
vt 0.13508013 0.91196233
vt 0.12685400 0.91086763
vt 0.39680222 0.02044392
vt 0.69688070 0.27424598
vt 0.69635445 0.26681745
vt 0.69669187 0.28390646
vt 0.14257535 0.91602772
vt 0.14239630 0.91294765
vt 0.15177721 0.91541177
vt 0.13525920 0.91504228
vt 0.12801613 0.91318691
vt 0.13756146 0.95121223
vt 0.12866662 0.91586655
vt 0.15061508 0.91882271
vt 0.12239929 0.91803062
vt 0.11649740 0.92157441
vt 0.11095363 0.92554808
vt 0.15731364 0.92194855
vt 0.85002470 0.29246819
vt 0.83626473 0.29188859
vt 0.88022256 0.27288717
vt 0.86852342 0.29284918
vt 0.91316116 0.13561189
vt 0.85873199 0.29255372
vt 0.20153452 0.90593868
vt 0.19980353 0.88852167
vt 0.22033994 0.89496553
vt 0.87910014 0.29302937
vt 0.88937807 0.29288459
vt 0.21876860 0.88573128
vt 0.21652032 0.87662184
vt 0.21418819 0.86758554
vt 0.22291797 0.23482323
vt 0.22167648 0.23476064
vt 0.07496099 0.12266344
vt 0.07425872 0.11396569
vt 0.07496099 0.11277503
vt 0.22416089 0.23292530
vt 0.96553081 0.41842294
vt 0.22602125 0.23035818
vt 0.96750236 0.41738468
vt 0.93210292 0.41742057
vt 0.94639587 0.74201405
vt 0.94950587 0.76233315
vt 0.33846021 0.06419939
vt 0.33745509 0.05149400
vt 0.33829522 0.05046648
vt 0.23530518 0.22917283
vt 0.33745506 0.06569880
vt 0.23716511 0.22923851
vt 0.23593420 0.22732818
vt 0.05224554 0.08404714
vt 0.05058672 0.07445621
vt 0.05224554 0.07299453
vt 0.93227881 0.40818369
vt 0.96577030 0.40857100
vt 0.96767825 0.40814781
vt 0.23531823 0.22603685
vt 0.33777678 0.07496101
vt 0.24523328 0.22435153
vt 0.24338391 0.22243816
vt 0.29957578 0.06926250
vt 0.29984397 0.07875139
vt 0.29957578 0.09086180
vt 0.17047577 0.19598794
vt 0.17263743 0.19516551
vt 0.17263743 0.20443904
vt 0.92955679 0.41778743
vt 0.92567062 0.41865689
vt 0.92762542 0.41821826
vt 0.10105377 0.92822486
vt 0.09934713 0.92717606
vt 0.10276038 0.92927366
vt 0.96092439 0.66718125
vt 0.96345514 0.66747630
vt 0.96095210 0.67688227
vt 0.95842135 0.67658722
vt 0.96547252 0.66771084
vt 0.96296948 0.67711681
vt 0.96767825 0.66840631
vt 0.96517527 0.67781228
vt 0.09728239 0.93715757
vt 0.09510434 0.93650907
vt 0.94934267 0.75132293
vt 0.92761511 0.67604619
vt 0.92944413 0.67581981
vt 0.92635584 0.68515027
vt 0.92447507 0.68405437
vt 0.92785990 0.68532425
vt 0.95687312 0.68609923
vt 0.25085127 0.21446860
vt 0.25208464 0.21509069
vt 0.92444658 0.69505513
vt 0.92345595 0.69494164
vt 0.92572635 0.69476068
vt 0.24899380 0.21311468
vt 0.25023177 0.21379316
vt 0.24276689 0.22047448
vt 0.95624363 0.69570959
vt 0.92774373 0.69499528
vt 0.10609322 0.93129152
vt 0.09898901 0.93820637
vt 0.10239494 0.93935418
vt 0.09750166 0.94600755
vt 0.09532361 0.94535911
vt 0.10050925 0.94668561
vt 0.95940387 0.68639421
vt 0.96171021 0.68622082
vt 0.96369165 0.68644786
vt 0.96567309 0.68667489
vt 0.96089238 0.69537038
vt 0.95858598 0.69554377
vt 0.96348774 0.69478905
vt 0.95656878 0.70542604
vt 0.40925995 0.49519682
vt 0.41651812 0.46178329
vt 0.41796431 0.49519682
vt 0.95891118 0.70526016
vt 0.96333557 0.70445246
vt 0.96125352 0.70509434
vt 0.09510434 0.95369947
vt 0.96546918 0.69501603
vt 0.09818503 0.95350742
vt 0.10079429 0.95371574
vt 0.10147766 0.96121567
vt 0.96541762 0.70381069
vt 0.09883551 0.96191728
vt 0.09611294 0.96253920
vt 0.10074675 0.96991652
vt 0.10397361 0.96798432
vt 0.96642143 0.71184236
vt 0.09893416 0.97064775
vt 0.96452773 0.71294510
vt 0.10781077 0.97442210
vt 0.10498222 0.97682405
vt 0.25708875 0.20526111
vt 0.25833026 0.20532370
vt 0.25585535 0.20463902
vt 0.92386883 0.70598781
vt 0.25647381 0.20464212
vt 0.92595088 0.70534599
vt 0.92415780 0.70557988
vt 0.26272044 0.19554746
vt 0.31531775 0.18231237
vt 0.31948262 0.20932072
vt 0.31582585 0.20073599
vt 0.92777991 0.70511955
vt 0.94491792 0.78281409
vt 0.26086050 0.19548172
vt 0.92681813 0.71423906
vt 0.57167250 0.93582124
vt 0.56882894 0.94503611
vt 0.56981194 0.93575996
vt 0.25962359 0.19547552
vt 0.25776261 0.19473749
vt 0.25900409 0.19480014
vt 0.30438706 0.03234136
vt 0.30342847 0.03206658
vt 0.30438706 0.02279711
vt 0.57068944 0.94509739
vt 0.56970966 0.95496958
vt 0.26030657 0.18506479
vt 0.56784278 0.95491379
vt 0.33391714 0.00988239
vt 0.33312249 0.01819891
vt 0.33137959 0.01834071
vt 0.60477453 0.94444579
vt 0.60440648 0.95434570
vt 0.92653805 0.80339819
vt 0.94042325 0.79092640
vt 0.93397027 0.79753757
vt 0.26154348 0.18507099
vt 0.30409846 0.04088783
vt 0.26092502 0.18506789
vt 0.26278499 0.18513358
vt 0.60512364 0.93575996
vt 0.60760218 0.93584353
vt 0.60725307 0.94452935
vt 0.22695343 0.13912964
vt 0.22942610 0.13893932
vt 0.22942610 0.14765048
vt 0.96193236 0.71352643
vt 0.95981431 0.71416074
vt 0.96225023 0.72235137
vt 0.96417993 0.72125620
vt 0.60688502 0.95442927
vt 0.10305633 0.97838551
vt 0.09743947 0.97176903
vt 0.96767825 0.71945858
vt 0.79770750 0.88914615
vt 0.07601211 0.36517429
vt 0.09086183 0.36966157
vt 0.09002405 0.38144219
vt 0.07642768 0.40133899
vt 0.02953005 0.29757237
vt 0.02658139 0.27753174
vt 0.02953005 0.26543379
vt 0.86017531 0.77796662
vt 0.09086183 0.39124060
vt 0.03634472 0.35436106
vt 0.03525912 0.34355783
vt 0.03634472 0.33401334
vt 0.08928499 0.40206349
vt 0.07208548 0.69137049
vt 0.00953880 0.38383621
vt 0.00781303 0.38381135
vt 0.01176735 0.38379729
vt 0.01565462 0.38403702
vt 0.07268538 0.68949193
vt 0.07265209 0.68821001
vt 0.14523278 0.11776245
vt 0.19989592 0.22755253
vt 0.19989592 0.23169762
vt 0.19873923 0.23114407
vt 0.14646055 0.11765581
vt 0.07081477 0.68947345
vt 0.00956158 0.38566750
vt 0.07141554 0.68821299
vt 0.02725855 0.01417524
vt 0.02622409 0.01415247
vt 0.02622409 0.01240408
vt 0.01143764 0.38616270
vt 0.30028188 0.00437957
vt 0.30137971 0.00305074
vt 0.30211547 0.00435448
vt 0.06832030 0.02953011
vt 0.06832030 0.02466059
vt 0.07041795 0.02577275
vt 0.02622409 0.01590079
vt 0.29997969 0.00144863
vt 0.30019739 0.00352114
vt 0.29568404 0.00170308
vt 0.15078869 0.11700517
vt 0.29607075 0.00549245
vt 0.15080385 0.11521387
vt 0.14648028 0.11592096
vt 0.29586601 0.00327295
vt 0.00227156 0.07023853
vt 0.00227156 0.07496101
vt 0.00062600 0.07415700
vt 0.66397339 0.84952688
vt 0.72089338 0.59473133
vt 0.16086856 0.17830420
vt 0.16402538 0.16790587
vt 0.16903403 0.15813267
vt 0.17526095 0.15077287
vt 0.18334323 0.14342231
vt 0.19264375 0.13848513
vt 0.20255567 0.13478285
vt 0.21244186 0.13471949
vt 0.22294649 0.13465929
vt 0.65511012 0.84970295
vt 0.71909416 0.59471250
vt 0.43440503 0.11526591
vt 0.01149523 0.00331241
vt 0.43442014 0.11347461
vt 0.01133926 0.00144863
vt 0.01168695 0.00567889
vt 0.89853650 0.16784644
vt 0.89112961 0.16784930
vt 0.86985481 0.79254144
vt 0.86412454 0.78493392
vt 0.88180751 0.16826153
vt 0.87253088 0.16801190
vt 0.87639189 0.79915977
vt 0.16271831 0.17758477
vt 0.16456559 0.17815351
vt 0.79832584 0.04118323
vt 0.79958385 0.04123521
vt 0.79651588 0.04983318
vt 0.16710043 0.16836798
vt 0.17587893 0.19576383
vt 0.17718054 0.20576870
vt 0.17589873 0.20573378
vt 0.16525315 0.16779923
vt 0.79835844 0.05053574
vt 0.79958385 0.05120516
vt 0.79647738 0.05922914
vt 0.79835260 0.05931437
vt 0.75970232 0.04591554
vt 0.75910300 0.05464643
vt 0.17587887 0.21512985
vt 0.17710562 0.21579683
vt 0.17148358 0.15982348
vt 0.17087322 0.15926087
vt 0.16963984 0.15863883
vt 0.79957801 0.05998373
vt 0.30520499 0.09086180
vt 0.30520499 0.08327860
vt 0.30665860 0.08363658
vt 0.07723255 0.30916440
vt 0.07712331 0.31851685
vt 0.07597575 0.31905544
vt 0.75720996 0.04579723
vt 0.75475019 0.04506141
vt 0.17436151 0.93633842
vt 0.75288391 0.04437333
vt 0.17609368 0.93552750
vt 0.17266220 0.93623936
vt 0.75664330 0.05391067
vt 0.75482440 0.05319357
vt 0.75295812 0.05250549
vt 0.17725578 0.94357687
vt 0.75112450 0.05119997
vt 0.61014819 0.97664213
vt 0.61276650 0.93920600
vt 0.61986363 0.97663784
vt 0.61962122 0.97901380
vt 0.61040586 0.97893584
vt 0.17771401 0.15184778
vt 0.17587025 0.15066308
vt 0.21749698 0.21649015
vt 0.22261143 0.22181141
vt 0.22134607 0.22261143
vt 0.21587877 0.21735656
vt 0.62161922 0.93922102
vt 0.61217624 0.93745905
vt 0.62152910 0.93739176
vt 0.18579172 0.14444077
vt 0.21176556 0.20939964
vt 0.21100049 0.21013880
vt 0.07723255 0.32937402
vt 0.20929421 0.21039331
vt 0.21493697 0.21938598
vt 0.24724756 0.15582544
vt 0.25195190 0.16348749
vt 0.25054029 0.16398597
vt 0.00211340 0.50334215
vt 0.00454073 0.51357597
vt 0.00425506 0.51551038
vt 0.63297248 0.93882447
vt 0.63274491 0.93714052
vt 0.63074690 0.97693336
vt 0.16947554 0.93821144
vt 0.17150009 0.94538045
vt 0.17461365 0.94427848
vt 0.17265488 0.95248002
vt 0.17203727 0.96035063
vt 0.16869710 0.96884322
vt 0.16427526 0.97509629
vt 0.15905672 0.98040980
vt 0.11306217 0.97965890
vt 0.11881788 0.98358542
vt 0.12511809 0.98624152
vt 0.15304154 0.98478377
vt 0.14670111 0.98781794
vt 0.13927899 0.98861265
vt 0.13188975 0.98849732
vt 0.61013335 0.98070210
vt 0.61987889 0.98130751
vt 0.75173581 0.06001174
vt 0.75354576 0.06133181
vt 0.05451046 0.31347322
vt 0.05451046 0.30616373
vt 0.05678860 0.30730468
vt 0.17779298 0.95281690
vt 0.17945206 0.95287603
vt 0.17609368 0.95271784
vt 0.17493157 0.96185893
vt 0.63050443 0.97930932
vt 0.63073206 0.98099327
vt 0.27920967 0.08737773
vt 0.28621465 0.09293723
vt 0.28471002 0.09444153
vt 0.28260770 0.09540486
vt 0.28116438 0.08641118
vt 0.28311917 0.08544469
vt 0.27710736 0.08834112
vt 0.27987620 0.07794905
vt 0.17163162 0.97039133
vt 0.27596667 0.07988203
vt 0.13856423 0.12720656
vt 0.13624638 0.12648374
vt 0.13856423 0.11774832
vt 0.27756980 0.07898802
vt 0.27376592 0.08023518
vt 0.16709645 0.97747463
vt 0.13856423 0.21713138
vt 0.13621454 0.21806830
vt 0.13621454 0.20937717
vt 0.20944515 0.20232844
vt 0.20738608 0.20264947
vt 0.21170838 0.21754807
vt 0.21352519 0.22413629
vt 0.21170838 0.22488296
vt 0.05273418 0.02404034
vt 0.05451716 0.03167987
vt 0.05273418 0.03180164
vt 0.64031696 0.93884379
vt 0.64028698 0.97622198
vt 0.25184631 0.17265576
vt 0.25356641 0.17278719
vt 0.00454311 0.52327222
vt 0.00343644 0.52409893
vt 0.08817831 0.15719348
vt 0.08859027 0.16552925
vt 0.08798183 0.16557878
vt 0.00316754 0.53296530
vt 0.25238448 0.18191433
vt 0.08859027 0.17490900
vt 0.00211340 0.53381312
vt 0.20871429 0.19317281
vt 0.20480156 0.19374269
vt 0.21129881 0.20207959
vt 0.64966190 0.93853390
vt 0.64966190 0.97652185
vt 0.20618771 0.18418825
vt 0.29583949 0.90936399
vt 0.33139920 0.91362298
vt 0.29474494 0.91770422
vt 0.20804137 0.18393934
vt 0.25441307 0.18267566
vt 0.25093594 0.19168234
vt 0.25142384 0.18308097
vt 0.25260577 0.19242990
vt 0.20354034 0.18395811
vt 0.43159357 0.09917903
vt 0.43095210 0.09977049
vt 0.43067271 0.09047776
vt 0.27258542 0.09767646
vt 0.27253136 0.08995807
vt 0.27258542 0.08945161
vt 0.64043719 0.97927070
vt 0.27166364 0.08119851
vt 0.27535677 0.08923203
vt 0.64938939 0.97828811
vt 0.26916784 0.08154535
vt 0.26693028 0.07261479
vt 0.26877943 0.07233417
vt 0.27112770 0.07198417
vt 0.27528325 0.07066458
vt 0.17361595 0.97179037
vt 0.16864957 0.97931385
vt 0.27323002 0.07102084
vt 0.26794848 0.06311357
vt 0.33190060 0.90537173
vt 0.26560020 0.06346351
vt 0.27039531 0.06337386
vt 0.16104838 0.98275858
vt 0.27244857 0.06301767
vt 0.27450180 0.06266141
vt 0.27690676 0.06223267
vt 0.58605868 0.37330854
vt 0.58605868 0.40887821
vt 0.57196444 0.39975500
vt 0.57112193 0.39101899
vt 0.21181409 0.85858566
vt 0.20897551 0.85155338
vt 0.86316192 0.16828370
vt 0.85433155 0.16918445
vt 0.90137875 0.80857301
vt 0.89252442 0.80712342
vt 0.91042882 0.80867010
vt 0.91881686 0.80665225
vt 0.84615433 0.16946065
vt 0.83851576 0.17036587
vt 0.21958198 0.14313424
vt 0.21513978 0.14956045
vt 0.21319810 0.14919746
vt 0.21007849 0.15725994
vt 0.21175665 0.14877361
vt 0.21764030 0.14277118
vt 0.20828420 0.15690255
vt 0.29474494 0.86536455
vt 0.33051044 0.86947656
vt 0.29580992 0.87353665
vt 0.33108798 0.87803245
vt 0.29638746 0.88209248
vt 0.29478231 0.88260520
vt 0.24631155 0.15089828
vt 0.24755655 0.15034497
vt 0.25244465 0.15820718
vt 0.04680497 0.06231135
vt 0.04627578 0.05328262
vt 0.04770244 0.05375826
vt 0.21611083 0.14173549
vt 0.32787868 0.33749741
vt 0.32623750 0.33701539
vt 0.32937405 0.32805324
vt 0.25369319 0.15703797
vt 0.25555667 0.15648782
vt 0.04468818 0.06235307
vt 0.04468820 0.04427481
vt 0.11063197 0.98253059
vt 0.11678602 0.98692685
vt 0.10910439 0.98456180
vt 0.12355765 0.98918265
vt 0.11572987 0.98855776
vt 0.12329818 0.99175304
vt 0.11503184 0.99061859
vt 0.10808114 0.98528278
vt 0.20604976 0.23169756
vt 0.20546131 0.22430468
vt 0.20671059 0.22430468
vt 0.15456179 0.98753291
vt 0.14068593 0.99219191
vt 0.14763664 0.99179769
vt 0.13159738 0.99197763
vt 0.13133790 0.99454808
vt 0.14042644 0.99476236
vt 0.12260015 0.99381387
vt 0.27774131 0.02286267
vt 0.28053975 0.02305055
vt 0.27620822 0.02955186
vt 0.60503674 0.97228104
vt 0.60669756 0.97910249
vt 0.60417455 0.98025507
vt 0.27390891 0.02929467
vt 0.33106837 0.86135232
vt 0.33272651 0.86943543
vt 0.32885230 0.86139351
vt 0.60255814 0.97219747
vt 0.60167378 0.98078954
vt 0.28208676 0.02405989
vt 0.27815589 0.02988154
vt 0.28466761 0.01844943
vt 0.60754389 0.97174102
vt 0.28005454 0.03081846
vt 0.28621465 0.01945877
vt 0.27662334 0.03839540
vt 0.27472469 0.03745848
vt 0.27269292 0.04604167
vt 0.14947478 0.99493682
vt 0.27327621 0.03705943
vt 0.26989448 0.04585379
vt 0.27047771 0.03687161
vt 0.26794681 0.04552412
vt 0.04543090 0.03180158
vt 0.04332764 0.02396727
vt 0.04543090 0.02269024
vt 0.33347833 0.87823701
vt 0.56814682 0.96419042
vt 0.60346162 0.96358889
vt 0.33217424 0.02498698
vt 0.56690437 0.96415138
vt 0.33391714 0.02484524
vt 0.26036757 0.17526686
vt 0.25912714 0.17587656
vt 0.26099062 0.17532635
vt 0.30665866 0.05212247
vt 0.30579299 0.05224556
vt 0.30579299 0.04472446
vt 0.26285407 0.17477620
vt 0.56724340 0.97279906
vt 0.56411177 0.97332227
vt 0.56565553 0.96411788
vt 0.56536061 0.97335577
vt 0.25796035 0.16618526
vt 0.13113098 0.17466867
vt 0.13174962 0.17458224
vt 0.13113098 0.18399513
vt 0.25920537 0.16563201
vt 0.32160813 0.16386640
vt 0.31784448 0.17308629
vt 0.25733733 0.16612577
vt 0.25671536 0.16673851
vt 0.13174962 0.18390876
vt 0.22143480 0.13640016
vt 0.22261143 0.13750231
vt 0.09460898 0.28523368
vt 0.09540488 0.28510582
vt 0.09540488 0.29302937
vt 0.56388038 0.98130757
vt 0.56576312 0.98075080
vt 0.32721201 0.15644705
vt 0.24143611 0.14253306
vt 0.33529782 0.14848059
vt 0.60596246 0.96305436
vt 0.60877413 0.95386702
vt 0.60844743 0.96313244
vt 0.10053839 0.98022777
vt 0.10698479 0.98687381
vt 0.21632122 0.22935230
vt 0.21806827 0.22271001
vt 0.21806827 0.22942603
vt 0.11440691 0.99180925
vt 0.20757386 0.17463374
vt 0.20572020 0.17488259
vt 0.29599229 0.90062118
vt 0.20775262 0.16580141
vt 0.20960627 0.16555250
vt 0.29665184 0.89127785
vt 0.33205339 0.89662892
vt 0.24876988 0.20142281
vt 0.25074816 0.20280027
vt 0.43067271 0.10903424
vt 0.13621104 0.19053715
vt 0.13629270 0.19928294
vt 0.13621104 0.19989598
vt 0.20330828 0.17527002
vt 0.20501721 0.16495943
vt 0.20595838 0.16544402
vt 0.24724756 0.21125370
vt 0.32937405 0.35663259
vt 0.32727337 0.34713364
vt 0.32749444 0.34628958
vt 0.26475710 0.08750761
vt 0.26543596 0.08794224
vt 0.26577079 0.09767646
vt 0.42463064 0.09708977
vt 0.42630363 0.09644949
vt 0.42705050 0.10676265
vt 0.35823157 0.13801199
vt 0.23157814 0.13766921
vt 0.26577079 0.07794881
vt 0.42705050 0.08689624
vt 0.21193217 0.15701103
vt 0.33211988 0.88737458
vt 0.04752702 0.07268941
vt 0.34522033 0.14293063
vt 0.26742017 0.05442762
vt 0.26497337 0.05416721
vt 0.27647698 0.05415702
vt 0.15611491 0.98937213
vt 0.16256130 0.98455793
vt 0.27241945 0.05426234
vt 0.27457124 0.05451638
vt 0.27021861 0.05461544
vt 0.33391708 0.88766813
vt 0.77752441 0.98909384
vt 0.78353524 0.98378956
vt 0.78195393 0.98809993
vt 0.72518092 0.99039376
vt 0.69932306 0.61786032
vt 0.00681464 0.05906016
vt 0.00131499 0.05549395
vt 0.00138354 0.00797588
vt 0.03381314 0.04804510
vt 0.03175276 0.03977025
vt 0.03407316 0.03911102
vt 0.03407316 0.04997396
vt 0.03519039 0.02123708
vt 0.03634472 0.03103995
vt 0.03519039 0.03180158
vt 0.03407316 0.07496101
vt 0.03326384 0.07478213
vt 0.03407316 0.06470692
vt 0.65790683 0.43010181
vt 0.66600645 0.43009293
vt 0.66117024 0.48752093
vt 0.28621468 0.07723248
vt 0.28035328 0.07315564
vt 0.28621468 0.02425122
vt 0.66783434 0.43037248
vt 0.04088783 0.03888571
vt 0.04088783 0.04088783
vt 0.04050856 0.03966910
vt 0.66783434 0.49292529
vt 0.62807214 0.32813489
vt 0.47760433 0.39752042
vt 0.44559094 0.31007063
vt 0.63109684 0.31007063
vt 0.02532391 0.08525479
vt 0.04029508 0.09120804
vt 0.00147335 0.27258539
vt 0.00964506 0.07874739
vt 0.63148957 0.40433514
vt 0.08631870 0.13856423
vt 0.08607752 0.13104934
vt 0.08631870 0.12910849
vt 0.63828146 0.37434894
vt 0.63848567 0.37324607
vt 0.64771467 0.37522143
vt 0.30581248 0.41916573
vt 0.30665860 0.42665303
vt 0.30581248 0.43386519
vt 0.10645498 0.15135121
vt 0.10903417 0.16581112
vt 0.10645498 0.17490900
vt 0.64786768 0.32586175
vt 0.64145154 0.32466853
vt 0.65399009 0.37313318
vt 0.66329110 0.37707651
vt 0.22942603 0.43613672
vt 0.22721888 0.42693740
vt 0.22942603 0.42003894
vt 0.65522909 0.32575077
vt 0.66329110 0.32512784
vt 0.25668460 0.19080979
vt 0.25525448 0.18906319
vt 0.25668460 0.17878783
vt 0.02725855 0.02917928
vt 0.02524718 0.02990919
vt 0.02524718 0.02092940
vt 0.64133215 0.32021439
vt 0.00052562 0.05906016
vt 0.64489001 0.31461698
vt 0.64733821 0.31943655
vt 0.65209311 0.31391817
vt 0.65380913 0.31759238
vt 0.66061103 0.31357563
vt 0.66209120 0.31669521
vt 0.01733425 0.02064610
vt 0.01817232 0.02271545
vt 0.01678945 0.02271545
vt 0.04339563 0.01370227
vt 0.04543095 0.01460540
vt 0.04339563 0.01590079
vt 0.02619928 0.03180158
vt 0.05778666 0.01348293
vt 0.05906016 0.01321071
vt 0.05906016 0.01590079
vt 0.16228746 0.03317428
vt 0.60911584 0.71802521
vt 0.64739048 0.86387187
vt 0.57875633 0.86773032
vt 0.62845474 0.35951710
vt 0.58461422 0.71464944
vt 0.91559160 0.49526387
vt 0.92022443 0.49215102
vt 0.61820507 0.41551191
vt 0.07868440 0.00868326
vt 0.61820745 0.40991545
vt 0.07833920 0.00996190
vt 0.46026784 0.22857451
vt 0.07804404 0.01168591
vt 0.46272913 0.22860879
vt 0.13402116 0.29984397
vt 0.13140480 0.29967070
vt 0.13402116 0.22627217
vt 0.46643400 0.22926158
vt 0.90068167 0.42235106
vt 0.89434171 0.50053358
vt 0.70813215 0.49063039
vt 0.89770681 0.49761343
vt 0.61951464 0.42181879
vt 0.61887324 0.42490113
vt 0.61762452 0.42674804
vt 0.91944802 0.49600494
vt 0.11086807 0.20022357
vt 0.11309685 0.20024669
vt 0.11086807 0.22350538
vt 0.17718051 0.18172359
vt 0.17344064 0.17980236
vt 0.17718051 0.15821421
vt 0.66567487 0.42249429
vt 0.11584882 0.22228104
vt 0.91954267 0.49728703
vt 0.91807473 0.50060546
vt 0.89762199 0.50200284
vt 0.91735542 0.54370075
vt 0.66507965 0.42500472
vt 0.68749887 0.40973985
vt 0.68688422 0.41471767
vt 0.01446680 0.00836337
vt 0.68693769 0.40793228
vt 0.47137517 0.29672801
vt 0.01417165 0.01008737
vt 0.09767641 0.03180176
vt 0.09435461 0.02964437
vt 0.09767641 0.02743894
vt 0.02271551 0.01590079
vt 0.01962501 0.01590079
vt 0.02146022 0.01217860
vt 0.11217815 0.22715449
vt 0.31894222 0.20331818
vt 0.32028785 0.20071936
vt 0.32028785 0.20671058
vt 0.90835220 0.54674512
vt 0.89256096 0.55499786
vt 0.71004790 0.51373297
vt 0.47321856 0.29736924
vt 0.47939041 0.29743791
vt 0.13598794 0.13342983
vt 0.13856423 0.13218462
vt 0.13856423 0.20898217
vt 0.67705745 0.47757345
vt 0.67424238 0.55437928
vt 0.67170107 0.55304843
vt 0.67516971 0.47690618
vt 0.33457041 0.41890466
vt 0.33618873 0.42039835
vt 0.33457041 0.43386513
vt 0.69187969 0.22170401
vt 0.69498873 0.23206502
vt 0.69195712 0.23674649
vt 0.76642346 0.25942314
vt 0.67890382 0.47819585
vt 0.68704993 0.47835457
vt 0.69375670 0.21132463
vt 0.76262730 0.25453681
vt 0.69268149 0.47907782
vt 0.85501498 0.79218018
vt 0.69395703 0.47912633
vt 0.85715193 0.79218340
vt 0.85261595 0.79215503
vt 0.84881288 0.79240322
vt 0.76919872 0.24661684
vt 0.69380587 0.41363895
vt 0.69186711 0.41416049
vt 0.85791284 0.85040700
vt 0.85924548 0.85068989
vt 0.11242836 0.24078381
vt 0.11242836 0.22921550
vt 0.11584879 0.23082894
vt 0.05515864 0.02473867
vt 0.69236332 0.20742017
vt 0.69360572 0.20761615
vt 0.76938343 0.23478717
vt 0.77214527 0.23265421
vt 0.76329833 0.07301414
vt 0.04315934 0.11147767
vt 0.04315932 0.25441301
vt 0.00837368 0.24971479
vt 0.91567290 0.54516083
vt 0.11681599 0.41057706
vt 0.11494955 0.41114968
vt 0.11378247 0.40864223
vt 0.34268445 0.05255640
vt 0.34404340 0.05014801
vt 0.34527484 0.06324953
vt 0.11812039 0.38777113
vt 0.34101221 0.07417828
vt 0.11378247 0.38700026
vt 0.67943311 0.43641984
vt 0.76586241 0.25866449
vt 0.77085572 0.25866973
vt 0.80501932 0.26963603
vt 0.77353132 0.23653507
vt 0.67695993 0.43702930
vt 0.80709255 0.26804221
vt 0.80982369 0.26087940
vt 0.81775630 0.24689841
vt 0.34527484 0.07496101
vt 0.85538071 0.85011154
vt 0.84917867 0.85033458
vt 0.26122776 0.07928526
vt 0.25384620 0.07757270
vt 0.25307798 0.07553101
vt 0.67319661 0.42886454
vt 0.26029557 0.08021575
vt 0.25303134 0.08420026
vt 0.25945142 0.08733022
vt 0.25607473 0.10049868
vt 0.81281978 0.27258539
vt 0.81359041 0.27145624
vt 0.81578243 0.26360548
vt 0.26122776 0.10221952
vt 0.89131659 0.55880004
vt 0.71717870 0.54819411
vt 0.81775630 0.07583314
vt 0.72012782 0.55880010
vt 0.69128400 0.40984070
vt 0.69133508 0.40865183
vt 0.01067720 0.00811774
vt 0.47257856 0.30106288
vt 0.01038204 0.00984174
vt 0.47442761 0.30108571
vt 0.48059377 0.30177271
vt 0.86091566 0.85095716
vt 0.86054862 0.85512120
vt 0.85908294 0.85456795
vt 0.69260085 0.40993416
vt 0.85894006 0.85568047
vt 0.69261056 0.40870035
vt 0.85761726 0.85401475
vt 0.85561341 0.85428184
vt 0.85826880 0.85623044
vt 0.84941131 0.85450494
vt 0.85626501 0.85649753
vt 0.85006291 0.85672063
vt 0.00955942 0.00835747
vt 0.47257343 0.30229402
vt 0.00941184 0.00921953
vt 0.47441679 0.30293530
vt 0.85031927 0.85864407
vt 0.66337627 0.85864407
vt 0.67289430 0.30419624
vt 0.66298687 0.85645032
vt 0.48058918 0.30361676
vt 0.67288405 0.30665863
vt 0.66293502 0.85424089
vt 0.02104788 0.04059947
vt 0.02271544 0.04439521
vt 0.02104788 0.04543090
vt 0.09086183 0.03180158
vt 0.08743764 0.03097129
vt 0.09086183 0.02744377
vt 0.08012172 0.02710295
vt 0.08177567 0.03180164
vt 0.07779144 0.03180164
vt 0.78420407 0.07393950
vt 0.80339932 0.07506603
vt 0.63694483 0.33945441
vt 0.63755101 0.33059824
vt 0.63688618 0.34938437
vt 0.97473383 0.20060998
vt 0.97968596 0.20783412
vt 0.91756397 0.19141281
vt 0.96028048 0.18884349
vt 0.96735084 0.19381469
vt 0.33666727 0.22821808
vt 0.34590429 0.23436707
vt 0.35577288 0.23738325
vt 0.02237090 0.03009528
vt 0.02271545 0.02076495
vt 0.02271545 0.03180158
vt 0.39327058 0.03854501
vt 0.39524886 0.02959090
vt 0.39495391 0.03131086
vt 0.87177777 0.17194963
vt 0.87488180 0.17816269
vt 0.87407869 0.18002844
vt 0.03191463 0.25865579
vt 0.03407318 0.26673257
vt 0.03311738 0.26594746
vt 0.01958700 0.87200171
vt 0.02129638 0.87927645
vt 0.02027992 0.87941295
vt 0.02271544 0.05431122
vt 0.02170995 0.06360328
vt 0.02199871 0.05317295
vt 0.02170988 0.04440987
vt 0.39363304 0.02846515
vt 0.39384800 0.01924521
vt 0.74052370 0.42152119
vt 0.73895198 0.42228466
vt 0.73904979 0.41267061
vt 0.73977548 0.43198943
vt 0.39248437 0.01944852
vt 0.39186358 0.03878480
vt 0.09313332 0.29302931
vt 0.09189714 0.29302931
vt 0.09269065 0.28490931
vt 0.73797965 0.42220473
vt 0.73777771 0.41301239
vt 0.07384009 0.13555408
vt 0.07496099 0.13625282
vt 0.07384009 0.14537889
vt 0.92127746 0.14492202
vt 0.95285261 0.14499861
vt 0.95276028 0.15374774
vt 0.92124563 0.15304512
vt 0.95269656 0.16127968
vt 0.73831707 0.43186969
vt 0.63915789 0.32116240
vt 0.10013645 0.37792552
vt 0.11128318 0.39329839
vt 0.10013645 0.40660655
vt 0.98358244 0.21645170
vt 0.64057565 0.31253397
vt 0.98570448 0.22542781
vt 0.98585057 0.23408055
vt 0.98482984 0.24298465
vt 0.96742934 0.27030140
vt 0.91929221 0.27387232
vt 0.36504164 0.23798913
vt 0.05906019 0.20216751
vt 0.05894575 0.20093644
vt 0.05906019 0.19285011
vt 0.03143997 0.07268953
vt 0.03143997 0.06234926
vt 0.03180162 0.06353217
vt 0.14017302 0.13148457
vt 0.14069790 0.13276404
vt 0.14069651 0.14083576
vt 0.36566257 0.23670399
vt 0.36627397 0.23793888
vt 0.35700977 0.23738939
vt 0.35639381 0.23609811
vt 0.11130571 0.16968709
vt 0.11130571 0.17945206
vt 0.11013496 0.17064714
vt 0.37555438 0.23736942
vt 0.14083579 0.12224233
vt 0.37554982 0.23731297
vt 0.14021944 0.12219626
vt 0.35639629 0.23480988
vt 0.36566505 0.23541576
vt 0.37493840 0.23607808
vt 0.38992861 0.01067168
vt 0.73516726 0.40497625
vt 0.73625284 0.40417278
vt 0.95285261 0.13628423
vt 0.95404899 0.13697720
vt 0.95404899 0.14569145
vt 0.95401716 0.12767160
vt 0.92127746 0.13620764
vt 0.95216638 0.12755817
vt 0.92124563 0.12690216
vt 0.95332217 0.11834574
vt 0.30718282 0.05799001
vt 0.30893022 0.05799001
vt 0.30872521 0.06587481
vt 0.92114443 0.11762273
vt 0.95206523 0.11827880
vt 0.71147871 0.42045951
vt 0.71024215 0.41205961
vt 0.71248651 0.41179770
vt 0.91878664 0.14477944
vt 0.71396041 0.42064822
vt 0.70948315 0.42031074
vt 0.70794684 0.41233253
vt 0.91878664 0.13606513
vt 0.70557374 0.40474701
vt 0.70763165 0.40402347
vt 0.71211582 0.42970276
vt 0.92120510 0.16056848
vt 0.71459752 0.42989147
vt 0.71012026 0.42955399
vt 0.70718789 0.42058367
vt 0.91688973 0.13596904
vt 0.91871738 0.12737685
vt 0.70321614 0.40589237
vt 0.70000619 0.39869952
vt 0.91682041 0.12728083
vt 0.91492349 0.12718481
vt 0.70588893 0.41305614
vt 0.09767644 0.28394318
vt 0.09549554 0.28317070
vt 0.09767644 0.27571201
vt 0.70354271 0.41333997
vt 0.70134467 0.40707755
vt 0.18382384 0.30834961
vt 0.17665097 0.31066257
vt 0.18218976 0.30633485
vt 0.70507902 0.42131817
vt 0.18957306 0.30263388
vt 0.18996863 0.30526042
vt 0.69813472 0.39988476
vt 0.17828503 0.31267732
vt 0.17248787 0.31836283
vt 0.17047966 0.31684053
vt 0.17542852 0.32060099
vt 0.18552592 0.31119955
vt 0.18036133 0.31503481
vt 0.91861624 0.11809742
vt 0.91480798 0.11851394
vt 0.91674238 0.11799270
vt 0.16891366 0.31566095
vt 0.16573076 0.32410723
vt 0.16421257 0.32295787
vt 0.16811323 0.32513714
vt 0.57875639 0.70356309
vt 0.58605820 0.70478761
vt 0.92626280 0.18737280
vt 0.95230728 0.18591064
vt 0.11130571 0.40083212
vt 0.93527412 0.18515688
vt 0.94399035 0.18487209
vt 0.59404618 0.70547062
vt 0.87656140 0.19739568
vt 0.87558633 0.18867445
vt 0.87681639 0.18807316
vt 0.87473947 0.19718355
vt 0.87488884 0.18920064
vt 0.87527210 0.19710845
vt 0.21376570 0.15982616
vt 0.21564505 0.16818023
vt 0.21486856 0.16857946
vt 0.03191463 0.28394318
vt 0.03233161 0.27566391
vt 0.03371075 0.27592671
vt 0.02068251 0.89748842
vt 0.02045666 0.88911039
vt 0.02147312 0.88897395
vt 0.02271544 0.89721549
vt 0.02169898 0.89735198
vt 0.26175529 0.09086180
vt 0.26175529 0.08309060
vt 0.26349926 0.08372039
vt 0.73933846 0.44117475
vt 0.73787993 0.44105494
vt 0.38992861 0.04770249
vt 0.08859027 0.27102542
vt 0.08859027 0.27940011
vt 0.08689509 0.27882773
vt 0.95806628 0.46671909
vt 0.95891678 0.47403431
vt 0.92658490 0.46644771
vt 0.71386069 0.43949842
vt 0.87416464 0.20610970
vt 0.87598652 0.20632172
vt 0.21539454 0.17708999
vt 0.21579675 0.17786425
vt 0.02208673 0.90527791
vt 0.02086061 0.90588737
vt 0.95975256 0.48198378
vt 0.96079355 0.47399604
vt 0.07719752 0.27267265
vt 0.07926346 0.28114039
vt 0.07804446 0.28095269
vt 0.96160656 0.48196149
vt 0.92745811 0.47374690
vt 0.60266054 0.70622158
vt 0.61190635 0.70704710
vt 0.87177777 0.21352518
vt 0.45528141 0.21514755
vt 0.45052928 0.20792651
vt 0.44622234 0.19897878
vt 0.36938319 0.00138450
vt 0.37024310 0.01990908
vt 0.36898434 0.01993847
vt 0.21376570 0.18626672
vt 0.09767643 0.12371659
vt 0.09710219 0.12305695
vt 0.09767088 0.11443532
vt 0.01958700 0.91316116
vt 0.07816955 0.28965825
vt 0.07950409 0.28929847
vt 0.96052825 0.49059963
vt 0.96302301 0.49055386
vt 0.96176422 0.49058473
vt 0.92827916 0.48233068
vt 0.09710219 0.13174963
vt 0.07719752 0.29757237
vt 0.45390171 0.21521527
vt 0.96187645 0.49923998
vt 0.31941387 0.02910179
vt 0.32028785 0.03580809
vt 0.31941387 0.03634471
vt 0.96313518 0.49920917
vt 0.96061772 0.49927092
vt 0.92905480 0.49094641
vt 0.25262752 0.10221946
vt 0.25262752 0.09391648
vt 0.25441304 0.10210508
vt 0.92580706 0.48236036
vt 0.92558134 0.47378522
vt 0.07268944 0.36375678
vt 0.07085552 0.35662419
vt 0.07268944 0.35635090
vt 0.71240228 0.43937862
vt 0.07022388 0.36414009
vt 0.06838996 0.35700762
vt 0.71022028 0.43876827
vt 0.70853400 0.44657242
vt 0.70847350 0.43820870
vt 0.70782501 0.42982686
vt 0.70653844 0.44642365
vt 0.70455432 0.44541347
vt 0.70642698 0.43807089
vt 0.70577848 0.42968905
vt 0.07220059 0.37253344
vt 0.10676263 0.26161957
vt 0.10676263 0.27031398
vt 0.10459547 0.27002507
vt 0.06846134 0.36504382
vt 0.70179379 0.45315969
vt 0.70577347 0.45431870
vt 0.70354056 0.45371926
vt 0.92656004 0.49099219
vt 0.92914432 0.49961776
vt 0.22065556 0.30531812
vt 0.21316159 0.30194616
vt 0.21325620 0.29969263
vt 0.20557302 0.30082762
vt 0.22156659 0.30291498
vt 0.70414311 0.43748236
vt 0.21878447 0.30778015
vt 0.21280868 0.30555749
vt 0.92390764 0.48241472
vt 0.70205206 0.46112359
vt 0.92406523 0.49103796
vt 0.69813472 0.45909232
vt 0.69981921 0.46052420
vt 0.22723734 0.30877930
vt 0.22831215 0.30727184
vt 0.22454977 0.31139100
vt 0.92667228 0.49964750
vt 0.92353672 0.49971664
vt 0.92217380 0.49171054
vt 0.23463562 0.31209081
vt 0.22933906 0.30573404
vt 0.32090780 0.07767224
vt 0.32255948 0.08404714
vt 0.31947818 0.08404714
vt 0.23274434 0.31374794
vt 0.23043102 0.31586719
vt 0.20586152 0.34144437
vt 0.19756243 0.30017126
vt 0.19746783 0.30242479
vt 0.19118056 0.30773729
vt 0.19830561 0.30539405
vt 0.20566233 0.30478173
vt 0.17147586 0.32691312
vt 0.16931993 0.33382165
vt 0.16807620 0.34064114
vt 0.16802309 0.34681845
vt 0.16986236 0.35365278
vt 0.17326654 0.35935259
vt 0.17716075 0.36542547
vt 0.18180349 0.37051344
vt 0.18714677 0.37458640
vt 0.23465168 0.32141739
vt 0.23854589 0.32749021
vt 0.24050106 0.33518994
vt 0.24154405 0.34297878
vt 0.24064800 0.35239446
vt 0.23762771 0.35942245
vt 0.23367511 0.36573458
vt 0.22787799 0.37142015
vt 0.19501495 0.37746602
vt 0.20260346 0.37858450
vt 0.20958602 0.37846458
vt 0.22271340 0.37525541
vt 0.21607850 0.37797165
vt 0.03837740 0.07907450
vt 0.04543089 0.08237940
vt 0.14017302 0.11294144
vt 0.38545820 0.23422658
vt 0.38483974 0.23422348
vt 0.03049289 0.07593352
vt 0.62311649 0.47174084
vt 0.62459165 0.47267944
vt 0.62085813 0.48041105
vt 0.38422835 0.23298860
vt 0.62584567 0.47317195
vt 0.62233335 0.48134965
vt 0.95188046 0.10963404
vt 0.95315176 0.10909235
vt 0.02301002 0.07214421
vt 0.98304868 0.25135100
vt 0.97918040 0.25825179
vt 0.97399253 0.26475900
vt 0.39351827 0.22989911
vt 0.39413673 0.22990221
vt 0.95288324 0.10108227
vt 0.62232643 0.48967522
vt 0.62081373 0.48961049
vt 0.62362486 0.48096836
vt 0.92066807 0.10097653
vt 0.95158887 0.10163260
vt 0.92095965 0.10897797
vt 0.61930102 0.48954570
vt 0.39290684 0.22866422
vt 0.01586251 0.06869191
vt 0.40035659 0.22377419
vt 0.40097505 0.22377729
vt 0.61896247 0.49828929
vt 0.61796618 0.49824774
vt 0.61995882 0.49833077
vt 0.64866275 0.48998046
vt 0.64780784 0.49870080
vt 0.62147152 0.49839550
vt 0.91843146 0.10945272
vt 0.91653448 0.10935664
vt 0.65449822 0.48234653
vt 0.65250665 0.48138475
vt 0.65472746 0.47358835
vt 0.65649784 0.47410405
vt 0.65874815 0.47463810
vt 0.65674853 0.48288059
vt 0.16147196 0.33174700
vt 0.16373855 0.33191144
vt 0.16612102 0.33294141
vt 0.64996123 0.48127353
vt 0.65120822 0.49009162
vt 0.65323734 0.49017966
vt 0.65574634 0.49028587
vt 0.16034411 0.33943182
vt 0.16499312 0.34062624
vt 0.65013212 0.49836588
vt 0.65216118 0.49845386
vt 0.00859239 0.06495845
vt 0.00147334 0.06163979
vt 0.69757050 0.51343119
vt 0.69716847 0.50469333
vt 0.62080139 0.50755703
vt 0.62209290 0.50717568
vt 0.64868796 0.50705314
vt 0.61903000 0.50792009
vt 0.40657893 0.21635795
vt 0.40596402 0.21573889
vt 0.40719739 0.21636105
vt 0.62031609 0.51715970
vt 0.41095749 0.20775700
vt 0.41034257 0.20713800
vt 0.62186629 0.51635063
vt 0.18514939 0.90932524
vt 0.21609056 0.90932524
vt 0.21604364 0.91740525
vt 0.62315774 0.51596928
vt 0.18510240 0.91740525
vt 0.16419160 0.34778845
vt 0.16014859 0.34783244
vt 0.65467018 0.49856007
vt 0.65381634 0.50640166
vt 0.65075344 0.50714606
vt 0.16388018 0.35532367
vt 0.65680534 0.50652623
vt 0.16603088 0.35462272
vt 0.17004105 0.36156100
vt 0.21856441 0.90932661
vt 0.65488124 0.51519525
vt 0.65207708 0.51551181
vt 0.21852364 0.91740090
vt 0.65413934 0.52346814
vt 0.21601500 0.92608654
vt 0.21849498 0.92608219
vt 0.16789035 0.36226189
vt 0.16489555 0.36388713
vt 0.17393532 0.36763382
vt 0.17276482 0.36908078
vt 0.17068215 0.37061691
vt 0.65771860 0.52274692
vt 0.17906810 0.37309492
vt 0.17838770 0.37491488
vt 0.18539158 0.37791383
vt 0.17716940 0.37633157
vt 0.18471119 0.37973380
vt 0.95928973 0.27419734
vt 0.41157597 0.20776010
vt 0.62414980 0.52475303
vt 0.62544125 0.52437168
vt 0.18507344 0.92670500
vt 0.41348425 0.19853091
vt 0.62237835 0.52511603
vt 0.41286579 0.19852781
vt 0.41410622 0.19791812
vt 0.69878405 0.52328086
vt 0.70005971 0.53307498
vt 0.70333624 0.54317486
vt 0.94977480 0.27712846
vt 0.18319531 0.93599802
vt 0.18383041 0.92671001
vt 0.18505685 0.93599331
vt 0.21599835 0.93537486
vt 0.41478214 0.18873918
vt 0.62540054 0.53310901
vt 0.62462544 0.53351361
vt 0.79731238 0.87934351
vt 0.79397410 0.88798803
vt 0.79277903 0.88764596
vt 0.41664210 0.18880486
vt 0.92924130 0.27712846
vt 0.21207142 0.16438079
vt 0.21352527 0.17364192
vt 0.21207142 0.18399513
vt 0.18319719 0.94526911
vt 0.21537563 0.94465142
vt 0.18444027 0.94526410
vt 0.79184759 0.89686269
vt 0.18195409 0.94527417
vt 0.62820256 0.53977710
vt 0.79064417 0.89657664
vt 0.41484314 0.17894125
vt 0.62764865 0.54062772
vt 0.41670310 0.17900693
vt 0.21847834 0.93537050
vt 0.65874815 0.53065687
vt 0.22033986 0.93536586
vt 0.17595108 0.37774825
vt 0.21785589 0.94402856
vt 0.21972361 0.94401819
vt 0.18313886 0.38244784
vt 0.18349287 0.38115054
vt 0.07268944 0.28516549
vt 0.07119242 0.28621471
vt 0.07119242 0.27910841
vt 0.63228261 0.43009430
vt 0.64429957 0.42834872
vt 0.64663863 0.43673587
vt 0.64875829 0.44555712
vt 0.63636291 0.46435505
vt 0.89840275 0.21161437
vt 0.90963268 0.19652474
vt 0.89539909 0.21966082
vt 0.45709798 0.22472131
vt 0.09994799 0.16582274
vt 0.09935684 0.15713942
vt 0.09994799 0.15645921
vt 0.06133172 0.28986269
vt 0.06133172 0.29757243
vt 0.06038346 0.29723680
vt 0.36899570 0.02865785
vt 0.37026182 0.02924663
vt 0.45733646 0.22388136
vt 0.96188980 0.50734109
vt 0.36075974 0.06373698
vt 0.36117575 0.07041788
vt 0.35936347 0.07041788
vt 0.96065378 0.50735605
vt 0.92918837 0.50832105
vt 0.36898434 0.03739321
vt 0.37023506 0.03861618
vt 0.45885214 0.23291767
vt 0.45696485 0.23333472
vt 0.45628947 0.22453326
vt 0.45807424 0.23406017
vt 0.03996674 0.03180158
vt 0.03956185 0.02264798
vt 0.04088777 0.02264798
vt 0.03510628 0.25523371
vt 0.03634475 0.26327211
vt 0.03510628 0.26349920
vt 0.96062171 0.51548916
vt 0.96188849 0.51607651
vt 0.64966190 0.45477760
vt 0.90322942 0.20324630
vt 0.18259771 0.30438703
vt 0.18259771 0.29770488
vt 0.18399522 0.29871631
vt 0.32719687 0.15823829
vt 0.45730743 0.24155194
vt 0.45602193 0.24304378
vt 0.88437450 0.95333433
vt 0.88474387 0.94448930
vt 0.88590258 0.94397509
vt 0.06814636 0.29302937
vt 0.06687248 0.29245758
vt 0.06814636 0.28484762
vt 0.16809435 0.18010819
vt 0.16718592 0.18760222
vt 0.16686761 0.18980902
vt 0.45713133 0.24376923
vt 0.96052152 0.52367038
vt 0.88321579 0.95384854
vt 0.92916435 0.51707244
vt 0.85225004 0.94464368
vt 0.88366264 0.94464368
vt 0.33465257 0.15144414
vt 0.16809435 0.19762444
vt 0.20671065 0.21579677
vt 0.20459132 0.21388060
vt 0.20671065 0.20667952
vt 0.92669362 0.50836682
vt 0.23750290 0.31970143
vt 0.23901999 0.31853664
vt 0.24053700 0.31737196
vt 0.23598893 0.31003034
vt 0.92481685 0.50840515
vt 0.92290938 0.50784123
vt 0.92478478 0.51653826
vt 0.92666954 0.51711822
vt 0.92287731 0.51597434
vt 0.24352026 0.32584798
vt 0.24466307 0.32517564
vt 0.24102297 0.32626665
vt 0.84942365 0.95437402
vt 0.84987044 0.94516909
vt 0.85180324 0.95384854
vt 0.92406660 0.52472687
vt 0.24759844 0.33362138
vt 0.92217380 0.52352875
vt 0.84712148 0.95453960
vt 0.24596547 0.33392072
vt 0.64883304 0.46437740
vt 0.64733160 0.47264344
vt 0.63228261 0.48611069
vt 0.88250005 0.96384841
vt 0.45430902 0.40375555
vt 0.45292866 0.40433502
vt 0.45054799 0.39579999
vt 0.88433141 0.96383148
vt 0.45211288 0.25377512
vt 0.44932657 0.39579141
vt 0.01557548 0.05264896
vt 0.01590084 0.06025022
vt 0.01557548 0.06360322
vt 0.45322233 0.25450051
vt 0.01837885 0.39829350
vt 0.02044392 0.40051490
vt 0.01837885 0.41114968
vt 0.13174960 0.38616270
vt 0.13115793 0.37674379
vt 0.13174963 0.37329543
vt 0.44418529 0.38841540
vt 0.44540671 0.38842392
vt 0.44668159 0.39821649
vt 0.44622234 0.26349926
vt 0.44809079 0.39640093
vt 0.44560894 0.38598180
vt 0.44683033 0.38599032
vt 0.44803724 0.38661683
vt 0.88279849 0.97513491
vt 0.88395715 0.97462070
vt 0.85114974 0.96435130
vt 0.24440056 0.33505511
vt 0.84870791 0.96437377
vt 0.84899110 0.97652322
vt 0.85137069 0.97599775
vt 0.31347325 0.07707286
vt 0.31195360 0.07856190
vt 0.30696934 0.07198536
vt 0.24686603 0.34393275
vt 0.30848902 0.07049632
vt 0.30984175 0.07950407
vt 0.24518524 0.34420180
vt 0.24391492 0.35410994
vt 0.84701616 0.96453381
vt 0.30485743 0.07292759
vt 0.19115598 0.15446508
vt 0.19115598 0.14328885
vt 0.19308135 0.14367795
vt 0.24571161 0.35470629
vt 0.30443218 0.06188381
vt 0.30196795 0.06289494
vt 0.28167158 0.03327996
vt 0.28167158 0.04543090
vt 0.27999672 0.04480737
vt 0.29985610 0.06383705
vt 0.24056831 0.36166060
vt 0.23624149 0.36846513
vt 0.78077269 0.06102628
vt 0.76831406 0.06152034
vt 0.89703214 0.25234413
vt 0.89369094 0.23235357
vt 0.44368610 0.37613642
vt 0.88278097 0.98585057
vt 0.44664675 0.37555826
vt 0.88400191 0.98583937
vt 0.35759798 0.13980019
vt 0.79188323 0.06170481
vt 0.89430243 0.24347526
vt 0.44543979 0.37493169
vt 0.44421840 0.37492323
vt 0.85136843 0.98585057
vt 0.44407597 0.36566001
vt 0.36811072 0.13918048
vt 0.44667765 0.36508900
vt 0.93874335 0.04502720
vt 0.93712753 0.05440950
vt 0.93593282 0.05451709
vt 0.44854701 0.36515033
vt 0.44581524 0.36507332
vt 0.96872526 0.04427427
vt 0.96788156 0.05329776
vt 0.44460833 0.36444676
vt 0.00091109 0.20077240
vt 0.00219619 0.20121723
vt 0.00169125 0.21125370
vt 0.36874080 0.13800824
vt 0.29570928 0.05514175
vt 0.29800424 0.06409907
vt 0.29335758 0.05546802
vt 0.29237962 0.04562366
vt 0.29796863 0.05420417
vt 0.30182213 0.05421335
vt 0.30413884 0.05319756
vt 0.30152878 0.04552710
vt 0.29937962 0.04525137
vt 0.29717544 0.04558229
vt 0.97011161 0.05282688
vt 0.97109932 0.04461968
vt 0.29447135 0.04597759
vt 0.23766397 0.36955392
vt 0.23007017 0.37464309
vt 0.30134788 0.03615606
vt 0.29929116 0.03649163
vt 0.23111840 0.37622428
vt 0.97222131 0.03503108
vt 0.93926805 0.03549242
vt 0.96983182 0.03524631
vt 0.29699457 0.03621125
vt 0.29469797 0.03593093
vt 0.28621471 0.42023242
vt 0.28621471 0.43468857
vt 0.27526307 0.43051577
vt 0.70622134 0.55815172
vt 0.70467871 0.55222619
vt 0.27614647 0.43840826
vt 0.80926597 0.06270254
vt 0.81675869 0.06314683
vt 0.91253436 0.27072513
vt 0.79665345 0.42565215
vt 0.79617149 0.41818929
vt 0.79772300 0.41862762
vt 0.79958391 0.41172636
vt 0.79919797 0.41834176
vt 0.18384835 0.95451206
vt 0.18326940 0.96251166
vt 0.18202604 0.96313512
vt 0.18260533 0.95451707
vt 0.79559487 0.42565411
vt 0.79453629 0.42565608
vt 0.79433954 0.91569817
vt 0.79731238 0.92451888
vt 0.79359490 0.91615427
vt 0.79803246 0.41128814
vt 0.79211956 0.90636545
vt 0.46566227 0.30479705
vt 0.46566674 0.30665863
vt 0.45828697 0.30422342
vt 0.46566674 0.27385581
vt 0.93779767 0.00349760
vt 0.96823281 0.00187463
vt 0.96881336 0.01009536
vt 0.21482295 0.96251774
vt 0.90622449 0.26629150
vt 0.90076888 0.25978267
vt 0.36979148 0.05084312
vt 0.36846516 0.05095327
vt 0.37026185 0.04245919
vt 0.36893713 0.05945593
vt 0.93899101 0.01110387
vt 0.93967515 0.01906443
vt 0.93789840 0.01866525
vt 0.93823272 0.02723575
vt 0.79728478 0.43295670
vt 0.93721426 0.01070470
vt 0.45430902 0.33974117
vt 0.45111954 0.34718472
vt 0.44940913 0.34653533
vt 0.79594326 0.43317974
vt 0.79488468 0.43318176
vt 0.36808443 0.05926812
vt 0.79680032 0.44104999
vt 0.96949744 0.01805592
vt 0.96999133 0.02688211
vt 0.93942750 0.02712822
vt 0.40139541 0.15379059
vt 0.40201738 0.15317780
vt 0.40753660 0.16053998
vt 0.39525065 0.14765710
vt 0.30792257 0.02725857
vt 0.30787155 0.01951164
vt 0.30893013 0.01951164
vt 0.40326238 0.15262449
vt 0.06888129 0.39110649
vt 0.06902834 0.38279015
vt 0.07041790 0.38336515
vt 0.07036930 0.39089870
vt 0.39587262 0.14704430
vt 0.40939656 0.16060567
vt 0.39650378 0.14654434
vt 0.19257936 0.38261348
vt 0.19325976 0.38079351
vt 0.19185114 0.38440323
vt 0.20257694 0.38167322
vt 0.20201243 0.38435864
vt 0.20128421 0.38614833
vt 0.30868694 0.00835502
vt 0.30715016 0.00733018
vt 0.31347325 0.00304657
vt 0.31134430 0.00147474
vt 0.19107506 0.38616264
vt 0.22441548 0.37810528
vt 0.21735851 0.38128370
vt 0.21042381 0.38143384
vt 0.21803258 0.38335729
vt 0.22602187 0.38089472
vt 0.21072361 0.38399988
vt 0.21048550 0.38616264
vt 0.30195016 0.02093434
vt 0.30479002 0.01474816
vt 0.30677146 0.01631528
vt 0.21821649 0.38505787
vt 0.30461371 0.00643396
vt 0.30325326 0.01372325
vt 0.21725783 0.95328224
vt 0.21916498 0.96127182
vt 0.21667854 0.96190029
vt 0.96986538 0.00145757
vt 0.21539629 0.95328695
vt 0.30071679 0.01282704
vt 0.97104341 0.00962448
vt 0.21911962 0.95265907
vt 0.31031603 0.00999117
vt 0.29965356 0.02065402
vt 0.29761702 0.01969349
vt 0.97188699 0.01784068
vt 0.29770315 0.02792484
vt 0.30103666 0.02929437
vt 0.29575896 0.02757555
vt 0.97222131 0.02641124
vt 0.18135603 0.95452785
vt 0.41421661 0.17949760
vt 0.41180834 0.16974372
vt 0.41304982 0.16980630
vt 0.79137498 0.90682149
vt 0.04254007 0.04229903
vt 0.04315936 0.05216378
vt 0.04254007 0.05224556
vt 0.27940002 0.06587481
vt 0.27860019 0.05847996
vt 0.27940002 0.05837965
vt 0.79285872 0.91655433
vt 0.80118120 0.06225449
vt 0.44999936 0.35527050
vt 0.44813010 0.35520911
vt 0.44690868 0.35520065
vt 0.04950392 0.06043971
vt 0.04997401 0.06917125
vt 0.04950389 0.07041794
vt 0.00227156 0.19062626
vt 0.44606069 0.35456693
vt 0.37861183 0.13973612
vt 0.37922677 0.14035511
vt 0.36934307 0.13913023
vt 0.93763542 0.03590947
vt 0.45212638 0.34723037
vt 0.38786650 0.14280564
vt 0.37026185 0.06814641
vt 0.79610109 0.44155502
vt 0.79958391 0.44976592
vt 0.00091109 0.18956792
vt 0.37986037 0.13856691
vt 0.38849658 0.14163333
vt 0.07041790 0.39979190
vt 0.09767643 0.26349926
vt 0.09556971 0.25545382
vt 0.09767643 0.25435895
vt 0.68217695 0.30427647
vt 0.65414327 0.85386068
vt 0.65419507 0.85607010
vt 0.68217236 0.30612051
vt 0.43873528 0.11595988
vt 0.43997675 0.11602253
vt 0.68528777 0.30428815
vt 0.68465686 0.30429375
vt 0.44181556 0.11978358
vt 0.44121823 0.11608511
vt 0.43875042 0.11416864
vt 0.00713783 0.00335819
vt 0.00729374 0.00522196
vt 0.00701762 0.00199711
vt 0.68403387 0.30613196
vt 0.65246725 0.85549498
vt 0.43998381 0.11479074
vt 0.00573781 0.00175607
vt 0.01770655 0.01590079
vt 0.01671119 0.01543951
vt 0.01817233 0.01415169
vt 0.01671119 0.01224887
vt 0.00585803 0.00311720
vt 0.03799856 0.34959090
vt 0.03861627 0.33524120
vt 0.03861627 0.35208952
f 1/1 2/2 3/3
f 4/4 2/2 1/1
f 1/1 3/3 5/5
f 1/1 5/5 6/6
f 1/1 6/6 7/7
f 8/8 4/4 1/1
f 1/1 7/7 8/8
f 9/9 10/10 11/11
f 12/12 10/10 9/9
f 11/11 13/13 9/9
f 14/14 15/15 3/3
f 16/16 12/12 9/9
f 17/17 16/16 9/9
f 18/18 10/10 12/12
f 19/19 10/10 18/18
f 20/20 21/21 22/22
f 20/20 22/22 23/23
f 18/18 24/24 19/19
f 23/23 25/25 20/20
f 26/26 11/11 10/10
f 10/10 19/19 26/26
f 13/13 11/11 27/27
f 28/28 3/3 15/15
f 27/27 29/29 13/13
f 11/11 26/26 30/30
f 30/30 27/27 11/11
f 31/31 32/32 21/21
f 21/21 32/32 22/22
f 32/32 31/31 33/33
f 34/34 22/22 32/32
f 35/35 4/4 36/36
f 37/37 23/23 22/22
f 34/34 38/38 22/22
f 22/22 38/38 37/37
f 28/28 5/5 3/3
f 39/39 19/19 24/24
f 25/25 23/23 40/40
f 41/41 26/26 19/19
f 39/39 41/41 19/19
f 42/42 30/30 26/26
f 26/26 41/41 42/42
f 23/23 37/37 43/43
f 23/23 43/43 40/40
f 44/44 6/6 5/5
f 5/5 28/28 45/45
f 45/45 44/44 5/5
f 46/46 7/7 6/6
f 6/6 44/44 46/46
f 29/29 27/27 47/47
f 29/29 47/47 48/48
f 27/27 30/30 49/49
f 49/49 47/47 27/27
f 30/30 42/42 50/50
f 30/30 50/50 49/49
f 38/38 34/34 51/51
f 52/52 37/37 38/38
f 38/38 51/51 53/53
f 38/38 53/53 52/52
f 54/54 36/36 4/4
f 8/8 54/54 4/4
f 36/36 54/54 55/55
f 37/37 56/56 57/57
f 58/58 56/56 37/37
f 37/37 57/57 59/59
f 52/52 58/58 37/37
f 59/59 43/43 37/37
f 60/60 61/61 62/62
f 63/63 64/64 65/65
f 66/66 57/57 56/56
f 60/60 62/62 67/67
f 56/56 58/58 68/68
f 65/65 69/69 63/63
f 70/70 62/62 61/61
f 71/71 72/72 64/64
f 64/64 63/63 71/71
f 57/57 66/66 73/73
f 73/73 74/74 57/57
f 57/57 74/74 59/59
f 75/75 67/67 62/62
f 62/62 70/70 76/76
f 62/62 76/76 75/75
f 67/67 75/75 77/77
f 78/78 76/76 70/70
f 72/72 71/71 79/79
f 80/80 75/75 76/76
f 81/81 80/80 76/76
f 82/82 81/81 76/76
f 76/76 78/78 82/82
f 83/83 68/68 58/58
f 58/58 52/52 84/84
f 58/58 84/84 83/83
f 85/85 63/63 69/69
f 69/69 86/86 85/85
f 87/87 71/71 63/63
f 63/63 85/85 87/87
f 71/71 87/87 88/88
f 71/71 88/88 79/79
f 80/80 77/77 75/75
f 89/89 55/55 54/54
f 54/54 8/8 90/90
f 54/54 90/90 89/89
f 91/91 53/53 51/51
f 89/89 92/92 55/55
f 51/51 93/93 91/91
f 94/94 52/52 53/53
f 53/53 91/91 94/94
f 94/94 84/84 52/52
f 95/95 83/83 84/84
f 84/84 94/94 95/95
f 96/96 97/97 98/98
f 99/99 100/100 83/83
f 87/87 85/85 86/86
f 96/96 98/98 101/101
f 102/102 103/103 104/104
f 83/83 95/95 105/105
f 83/83 105/105 99/99
f 106/106 107/107 108/108
f 109/109 110/110 111/111
f 100/100 99/99 112/112
f 113/113 8/8 7/7
f 7/7 46/46 114/114
f 114/114 113/113 7/7
f 113/113 90/90 8/8
f 115/115 108/108 107/107
f 116/116 115/115 107/107
f 109/109 117/117 110/110
f 107/107 118/118 116/116
f 119/119 120/120 121/121
f 102/102 122/122 103/103
f 123/123 124/124 125/125
f 88/88 115/115 126/126
f 122/122 102/102 127/127
f 128/128 79/79 88/88
f 88/88 126/126 128/128
f 129/129 121/121 120/120
f 115/115 116/116 126/126
f 130/130 89/89 90/90
f 90/90 113/113 131/131
f 131/131 130/130 90/90
f 92/92 89/89 132/132
f 133/133 91/91 93/93
f 132/132 134/134 92/92
f 93/93 135/135 133/133
f 130/130 132/132 89/89
f 136/136 94/94 91/91
f 91/91 133/133 136/136
f 137/137 95/95 94/94
f 94/94 136/136 137/137
f 138/138 105/105 95/95
f 95/95 137/137 138/138
f 139/139 99/99 105/105
f 138/138 139/139 105/105
f 140/140 141/141 142/142
f 143/143 144/144 145/145
f 139/139 146/146 99/99
f 147/147 148/148 149/149
f 150/150 151/151 152/152
f 153/153 154/154 155/155
f 156/156 157/157 158/158
f 159/159 160/160 161/161
f 154/154 153/153 162/162
f 163/163 152/152 151/151
f 164/164 42/42 41/41
f 41/41 39/39 165/165
f 166/166 167/167 168/168
f 169/169 50/50 42/42
f 42/42 164/164 169/169
f 166/166 40/40 43/43
f 43/43 59/59 170/170
f 43/43 170/170 166/166
f 50/50 169/169 171/171
f 50/50 171/171 49/49
f 74/74 73/73 172/172
f 173/173 59/59 74/74
f 172/172 173/173 74/74
f 174/174 175/175 176/176
f 177/177 178/178 179/179
f 180/180 181/181 182/182
f 183/183 184/184 185/185
f 186/186 172/172 73/73
f 187/187 188/188 189/189
f 190/190 191/191 192/192
f 193/193 191/191 190/190
f 194/194 195/195 190/190
f 192/192 194/194 190/190
f 189/189 196/196 187/187
f 173/173 170/170 59/59
f 181/181 180/180 197/197
f 193/193 192/192 191/191
f 198/198 166/166 170/170
f 170/170 173/173 199/199
f 199/199 198/198 170/170
f 167/167 166/166 198/198
f 200/200 169/169 164/164
f 201/201 200/200 164/164
f 202/202 171/171 169/169
f 169/169 200/200 202/202
f 173/173 172/172 203/203
f 203/203 199/199 173/173
f 172/172 186/186 204/204
f 172/172 204/204 205/205
f 206/206 203/203 172/172
f 172/172 205/205 206/206
f 207/207 208/208 209/209
f 210/210 211/211 212/212
f 213/213 214/214 215/215
f 216/216 208/208 217/217
f 208/208 216/216 218/218
f 218/218 209/209 208/208
f 219/219 220/220 221/221
f 204/204 222/222 205/205
f 192/192 193/193 223/223
f 224/224 225/225 226/226
f 227/227 228/228 229/229
f 227/227 229/229 230/230
f 231/231 232/232 233/233
f 193/193 81/81 223/223
f 189/189 234/234 196/196
f 235/235 223/223 81/81
f 82/82 235/235 81/81
f 236/236 49/49 171/171
f 171/171 202/202 237/237
f 171/171 237/237 236/236
f 238/238 239/239 209/209
f 214/214 240/240 241/241
f 209/209 218/218 238/238
f 242/242 215/215 214/214
f 241/241 242/242 214/214
f 243/243 244/244 245/245
f 246/246 247/247 248/248
f 249/249 250/250 251/251
f 235/235 252/252 223/223
f 239/239 238/238 253/253
f 254/254 255/255 256/256
f 257/257 241/241 240/240
f 258/258 259/259 260/260
f 261/261 262/262 263/263
f 264/264 265/265 266/266
f 266/266 265/265 267/267
f 268/268 269/269 270/270
f 270/270 271/271 268/268
f 267/267 272/272 266/266
f 273/273 274/274 275/275
f 276/276 277/277 278/278
f 279/279 280/280 281/281
f 278/278 282/282 276/276
f 274/274 273/273 283/283
f 274/274 283/283 284/284
f 285/285 286/286 287/287
f 277/277 288/288 278/278
f 289/289 290/290 291/291
f 291/291 290/290 292/292
f 293/293 289/289 291/291
f 294/294 295/295 296/296
f 297/297 294/294 296/296
f 292/292 298/298 291/291
f 290/290 289/289 280/280
f 290/290 280/280 279/279
f 290/290 279/279 299/299
f 299/299 292/292 290/290
f 283/283 273/273 300/300
f 301/301 283/283 300/300
f 300/300 302/302 301/301
f 279/279 303/303 299/299
f 278/278 304/304 282/282
f 283/283 301/301 305/305
f 283/283 305/305 284/284
f 295/295 294/294 306/306
f 302/302 307/307 301/301
f 306/306 308/308 295/295
f 294/294 297/297 309/309
f 294/294 309/309 306/306
f 310/310 301/301 307/307
f 306/306 311/311 308/308
f 301/301 310/310 305/305
f 298/298 312/312 313/313
f 314/314 315/315 316/316
f 317/317 297/297 318/318
f 319/319 317/317 318/318
f 320/320 321/321 322/322
f 318/318 323/323 319/319
f 312/312 298/298 292/292
f 312/312 292/292 299/299
f 324/324 316/316 315/315
f 325/325 326/326 327/327
f 317/317 309/309 297/297
f 310/310 328/328 329/329
f 330/330 331/331 311/311
f 310/310 329/329 305/305
f 311/311 306/306 330/330
f 332/332 329/329 328/328
f 333/333 334/334 331/331
f 331/331 330/330 333/333
f 329/329 332/332 335/335
f 336/336 337/337 338/338
f 339/339 340/340 341/341
f 284/284 305/305 329/329
f 342/342 335/335 332/332
f 334/334 333/333 343/343
f 344/344 345/345 346/346
f 337/337 336/336 347/347
f 340/340 348/348 341/341
f 349/349 350/350 351/351
f 352/352 353/353 335/335
f 342/342 352/352 335/335
f 309/309 317/317 354/354
f 354/354 355/355 309/309
f 309/309 355/355 306/306
f 319/319 354/354 317/317
f 355/355 354/354 356/356
f 357/357 306/306 355/355
f 356/356 357/357 355/355
f 358/358 356/356 354/354
f 359/359 358/358 354/354
f 354/354 319/319 359/359
f 357/357 330/330 306/306
f 330/330 357/357 360/360
f 330/330 360/360 333/333
f 357/357 356/356 360/360
f 356/356 358/358 361/361
f 361/361 360/360 356/356
f 362/362 361/361 358/358
f 363/363 362/362 358/358
f 358/358 359/359 364/364
f 358/358 364/364 363/363
f 360/360 361/361 365/365
f 360/360 365/365 333/333
f 361/361 362/362 366/366
f 366/366 365/365 361/361
f 362/362 363/363 367/367
f 368/368 366/366 362/362
f 367/367 368/368 362/362
f 348/348 369/369 341/341
f 370/370 371/371 372/372
f 373/373 374/374 375/375
f 376/376 377/377 378/378
f 379/379 284/284 380/380
f 265/265 264/264 381/381
f 265/265 381/381 267/267
f 382/382 383/383 384/384
f 284/284 353/353 380/380
f 385/385 386/386 387/387
f 388/388 389/389 390/390
f 390/390 389/389 391/391
f 392/392 388/388 390/390
f 393/393 394/394 395/395
f 393/393 395/395 396/396
f 44/44 397/397 46/46
f 398/398 48/48 47/47
f 49/49 398/398 47/47
f 394/394 399/399 395/395
f 400/400 395/395 399/399
f 401/401 400/400 399/399
f 402/402 403/403 398/398
f 398/398 49/49 402/402
f 395/395 400/400 396/396
f 400/400 404/404 405/405
f 401/401 404/404 400/400
f 405/405 396/396 400/400
f 406/406 405/405 404/404
f 404/404 401/401 407/407
f 408/408 406/406 404/404
f 404/404 407/407 408/408
f 397/397 409/409 410/410
f 410/410 46/46 397/397
f 411/411 410/410 409/409
f 406/406 412/412 405/405
f 403/403 402/402 413/413
f 401/401 414/414 407/407
f 46/46 410/410 415/415
f 415/415 114/114 46/46
f 410/410 411/411 415/415
f 412/412 406/406 416/416
f 412/412 416/416 417/417
f 418/418 415/415 411/411
f 419/419 402/402 49/49
f 49/49 236/236 419/419
f 420/420 413/413 402/402
f 402/402 419/419 420/420
f 421/421 407/407 414/414
f 422/422 421/421 414/414
f 413/413 420/420 423/423
f 424/424 425/425 426/426
f 427/427 425/425 428/428
f 407/407 421/421 429/429
f 430/430 426/426 425/425
f 431/431 430/430 425/425
f 425/425 427/427 431/431
f 426/426 430/430 432/432
f 433/433 417/417 416/416
f 430/430 431/431 434/434
f 434/434 432/432 430/430
f 435/435 427/427 436/436
f 436/436 437/437 435/435
f 438/438 431/431 427/427
f 427/427 435/435 438/438
f 431/431 439/439 440/440
f 441/441 439/439 431/431
f 431/431 440/440 442/442
f 443/443 441/441 431/431
f 444/444 443/443 431/431
f 445/445 444/444 431/431
f 446/446 445/445 431/431
f 431/431 442/442 447/447
f 438/438 446/446 431/431
f 447/447 434/434 431/431
f 438/438 448/448 431/431
f 449/449 450/450 451/451
f 452/452 453/453 454/454
f 455/455 456/456 457/457
f 458/458 459/459 460/460
f 460/460 459/459 461/461
f 462/462 463/463 464/464
f 465/465 463/463 462/462
f 462/462 466/466 465/465
f 467/467 440/440 468/468
f 459/459 469/469 461/461
f 463/463 470/470 464/464
f 471/471 470/470 463/463
f 463/463 465/465 471/471
f 470/470 472/472 473/473
f 474/474 472/472 470/470
f 475/475 464/464 470/470
f 473/473 475/475 470/470
f 476/476 477/477 478/478
f 479/479 480/480 481/481
f 481/481 482/482 479/479
f 483/483 482/482 481/481
f 440/440 467/467 484/484
f 440/440 484/484 442/442
f 464/464 475/475 485/485
f 486/486 487/487 488/488
f 489/489 490/490 467/467
f 491/491 492/492 493/493
f 494/494 495/495 496/496
f 497/497 498/498 499/499
f 496/496 500/500 494/494
f 501/501 502/502 503/503
f 504/504 480/480 505/505
f 506/506 489/489 507/507
f 508/508 505/505 480/480
f 479/479 508/508 480/480
f 509/509 510/510 511/511
f 490/490 489/489 512/512
f 513/513 442/442 484/484
f 510/510 509/509 514/514
f 489/489 506/506 515/515
f 515/515 512/512 489/489
f 494/494 516/516 495/495
f 505/505 508/508 517/517
f 518/518 519/519 520/520
f 508/508 479/479 521/521
f 508/508 521/521 522/522
f 523/523 517/517 508/508
f 522/522 523/523 508/508
f 524/524 479/479 482/482
f 482/482 483/483 525/525
f 482/482 525/525 526/526
f 482/482 526/526 524/524
f 479/479 527/527 521/521
f 524/524 527/527 479/479
f 527/527 528/528 529/529
f 530/530 531/531 532/532
f 529/529 521/521 527/527
f 527/527 524/524 533/533
f 531/531 534/534 535/535
f 530/530 534/534 531/531
f 536/536 529/529 528/528
f 535/535 537/537 531/531
f 538/538 535/535 534/534
f 534/534 530/530 539/539
f 534/534 539/539 540/540
f 534/534 540/540 538/538
f 521/521 529/529 522/522
f 529/529 536/536 541/541
f 541/541 522/522 529/529
f 542/542 543/543 544/544
f 544/544 545/545 542/542
f 546/546 547/547 548/548
f 549/549 550/550 551/551
f 548/548 552/552 546/546
f 547/547 546/546 553/553
f 547/547 553/553 554/554
f 555/555 544/544 556/556
f 554/554 557/557 547/547
f 558/558 559/559 560/560
f 561/561 562/562 563/563
f 564/564 498/498 565/565
f 566/566 567/567 568/568
f 560/560 569/569 558/558
f 570/570 571/571 456/456
f 456/456 571/571 457/457
f 571/571 570/570 572/572
f 573/573 574/574 575/575
f 576/576 577/577 578/578
f 578/578 579/579 576/576
f 580/580 572/572 570/570
f 574/574 573/573 581/581
f 582/582 583/583 584/584
f 584/584 583/583 585/585
f 586/586 587/587 588/588
f 572/572 580/580 589/589
f 590/590 591/591 592/592
f 593/593 594/594 595/595
f 595/595 594/594 596/596
f 596/596 597/597 595/595
f 598/598 599/599 594/594
f 594/594 599/599 596/596
f 594/594 593/593 600/600
f 594/594 600/600 598/598
f 601/601 602/602 603/603
f 601/601 603/603 604/604
f 605/605 596/596 599/599
f 604/604 606/606 601/601
f 607/607 608/608 82/82
f 609/609 610/610 559/559
f 559/559 558/558 609/609
f 608/608 611/611 82/82
f 609/609 612/612 610/610
f 613/613 589/589 580/580
f 444/444 445/445 614/614
f 615/615 592/592 591/591
f 591/591 614/614 615/615
f 616/616 617/617 618/618
f 592/592 615/615 619/619
f 620/620 598/598 600/600
f 617/617 616/616 621/621
f 617/617 621/621 622/622
f 602/602 622/622 623/623
f 623/623 603/603 602/602
f 624/624 614/614 445/445
f 625/625 626/626 627/627
f 628/628 615/615 614/614
f 614/614 624/624 628/628
f 628/628 619/619 615/615
f 629/629 621/621 616/616
f 630/630 622/622 621/621
f 621/621 629/629 631/631
f 621/621 631/631 630/630
f 632/632 623/623 622/622
f 630/630 632/632 622/622
f 623/623 633/633 603/603
f 634/634 635/635 636/636
f 636/636 637/637 634/634
f 638/638 639/639 635/635
f 635/635 639/639 640/640
f 633/633 623/623 641/641
f 640/640 636/636 635/635
f 642/642 643/643 639/639
f 639/639 643/643 644/644
f 639/639 638/638 645/645
f 639/639 645/645 642/642
f 644/644 640/640 639/639
f 646/646 647/647 643/643
f 643/643 647/647 648/648
f 643/643 642/642 646/646
f 648/648 644/644 643/643
f 623/623 632/632 649/649
f 649/649 641/641 623/623
f 650/650 649/649 632/632
f 632/632 630/630 651/651
f 632/632 651/651 650/650
f 652/652 653/653 654/654
f 654/654 653/653 655/655
f 655/655 656/656 654/654
f 653/653 652/652 657/657
f 653/653 657/657 658/658
f 653/653 658/658 659/659
f 659/659 655/655 653/653
f 660/660 645/645 638/638
f 661/661 662/662 663/663
f 645/645 660/660 664/664
f 665/665 646/646 642/642
f 662/662 661/661 666/666
f 667/667 657/657 652/652
f 646/646 665/665 668/668
f 669/669 658/658 657/657
f 657/657 667/667 670/670
f 657/657 670/670 669/669
f 671/671 661/661 649/649
f 649/649 650/650 671/671
f 672/672 666/666 661/661
f 661/661 671/671 672/672
f 673/673 668/668 665/665
f 665/665 674/674 673/673
f 658/658 669/669 675/675
f 675/675 659/659 658/658
f 676/676 670/670 667/667
f 677/677 669/669 670/670
f 670/670 676/676 678/678
f 670/670 678/678 677/677
f 669/669 677/677 675/675
f 498/498 679/679 565/565
f 497/497 679/679 498/498
f 558/558 569/569 680/680
f 681/681 682/682 683/683
f 558/558 684/684 685/685
f 685/685 609/609 558/558
f 686/686 461/461 469/469
f 597/597 465/465 466/466
f 687/687 688/688 689/689
f 597/597 471/471 465/465
f 690/690 478/478 477/477
f 471/471 597/597 596/596
f 474/474 596/596 605/605
f 474/474 605/605 691/691
f 692/692 693/693 694/694
f 636/636 695/695 696/696
f 696/696 637/637 636/636
f 695/695 697/697 698/698
f 640/640 697/697 695/695
f 695/695 636/636 640/640
f 697/697 699/699 539/539
f 644/644 699/699 697/697
f 530/530 698/698 697/697
f 539/539 530/530 697/697
f 697/697 640/640 644/644
f 700/700 701/701 702/702
f 656/656 701/701 700/700
f 699/699 644/644 648/648
f 701/701 703/703 704/704
f 655/655 703/703 701/701
f 540/540 539/539 705/705
f 701/701 656/656 655/655
f 706/706 704/704 703/703
f 707/707 706/706 703/703
f 703/703 655/655 708/708
f 703/703 708/708 707/707
f 704/704 706/706 552/552
f 706/706 707/707 709/709
f 706/706 709/709 710/710
f 710/710 552/552 706/706
f 659/659 708/708 655/655
f 675/675 707/707 708/708
f 708/708 659/659 675/675
f 675/675 709/709 707/707
f 711/711 710/710 709/709
f 675/675 711/711 709/709
f 552/552 710/710 546/546
f 710/710 711/711 712/712
f 712/712 546/546 710/710
f 713/713 712/712 711/711
f 675/675 713/713 711/711
f 546/546 712/712 553/553
f 714/714 553/553 712/712
f 713/713 714/714 712/712
f 553/553 714/714 715/715
f 715/715 554/554 553/553
f 714/714 713/713 716/716
f 714/714 716/716 715/715
f 675/675 716/716 713/713
f 717/717 715/715 716/716
f 675/675 717/717 716/716
f 718/718 719/719 720/720
f 721/721 720/720 719/719
f 722/722 721/721 719/719
f 723/723 722/722 719/719
f 392/392 724/724 388/388
f 442/442 513/513 725/725
f 442/442 725/725 447/447
f 726/726 513/513 512/512
f 512/512 515/515 726/726
f 727/727 728/728 729/729
f 730/730 731/731 732/732
f 733/733 726/726 515/515
f 731/731 734/734 735/735
f 735/735 732/732 731/731
f 736/736 737/737 523/523
f 738/738 736/736 523/523
f 523/523 522/522 738/738
f 728/728 727/727 739/739
f 740/740 741/741 725/725
f 725/725 741/741 447/447
f 684/684 742/742 743/743
f 684/684 743/743 744/744
f 684/684 744/744 745/745
f 684/684 745/745 685/685
f 726/726 733/733 740/740
f 732/732 735/735 746/746
f 747/747 740/740 733/733
f 735/735 748/748 749/749
f 749/749 746/746 735/735
f 736/736 738/738 750/750
f 751/751 749/749 748/748
f 750/750 752/752 736/736
f 741/741 740/740 753/753
f 741/741 753/753 447/447
f 522/522 541/541 738/738
f 545/545 544/544 754/754
f 755/755 738/738 541/541
f 756/756 754/754 544/544
f 555/555 756/756 544/544
f 757/757 754/754 758/758
f 754/754 756/756 759/759
f 759/759 758/758 754/754
f 740/740 747/747 760/760
f 761/761 762/762 763/763
f 764/764 753/753 740/740
f 746/746 749/749 765/765
f 766/766 760/760 747/747
f 749/749 751/751 767/767
f 768/768 769/769 766/766
f 770/770 767/767 751/751
f 771/771 770/770 751/751
f 751/751 758/758 771/771
f 767/767 770/770 772/772
f 773/773 766/766 769/769
f 767/767 772/772 774/774
f 775/775 772/772 770/770
f 776/776 775/775 770/770
f 770/770 771/771 776/776
f 760/760 766/766 777/777
f 778/778 763/763 762/762
f 753/753 764/764 779/779
f 753/753 779/779 447/447
f 766/766 773/773 777/777
f 780/780 779/779 764/764
f 764/764 777/777 780/780
f 781/781 782/782 783/783
f 392/392 784/784 724/724
f 779/779 780/780 785/785
f 779/779 785/785 447/447
f 786/786 773/773 787/787
f 772/772 775/775 788/788
f 789/789 786/786 787/787
f 790/790 777/777 773/773
f 773/773 786/786 790/790
f 791/791 792/792 793/793
f 775/775 794/794 788/788
f 793/793 795/795 791/791
f 790/790 780/780 777/777
f 796/796 797/797 798/798
f 799/799 800/800 801/801
f 792/792 791/791 802/802
f 803/803 788/788 794/794
f 794/794 804/804 803/803
f 802/802 805/805 792/792
f 756/756 555/555 806/806
f 807/807 759/759 756/756
f 756/756 806/806 807/807
f 557/557 554/554 808/808
f 809/809 806/806 555/555
f 554/554 715/715 808/808
f 715/715 717/717 810/810
f 715/715 810/810 808/808
f 811/811 810/810 717/717
f 675/675 811/811 717/717
f 758/758 759/759 812/812
f 812/812 771/771 758/758
f 759/759 807/807 813/813
f 813/813 812/812 759/759
f 814/814 808/808 810/810
f 810/810 811/811 814/814
f 815/815 807/807 806/806
f 806/806 809/809 816/816
f 816/816 815/815 806/806
f 807/807 815/815 813/813
f 814/814 817/817 808/808
f 811/811 818/818 814/814
f 675/675 818/818 811/811
f 819/819 814/814 818/818
f 818/818 820/820 819/819
f 675/675 820/820 818/818
f 771/771 812/812 776/776
f 812/812 813/813 821/821
f 821/821 776/776 812/812
f 815/815 816/816 822/822
f 823/823 813/813 815/815
f 815/815 822/822 824/824
f 824/824 823/823 815/815
f 817/817 814/814 825/825
f 823/823 821/821 813/813
f 819/819 825/825 814/814
f 826/826 824/824 822/822
f 825/825 819/819 827/827
f 828/828 826/826 822/822
f 825/825 827/827 829/829
f 776/776 821/821 830/830
f 821/821 823/823 831/831
f 821/821 831/831 830/830
f 823/823 824/824 832/832
f 832/832 831/831 823/823
f 824/824 826/826 832/832
f 827/827 819/819 820/820
f 820/820 833/833 827/827
f 675/675 833/833 820/820
f 834/834 827/827 833/833
f 833/833 835/835 834/834
f 675/675 835/835 833/833
f 836/836 791/791 837/837
f 831/831 832/832 838/838
f 791/791 836/836 802/802
f 839/839 829/829 840/840
f 841/841 832/832 826/826
f 842/842 841/841 826/826
f 834/834 829/829 827/827
f 829/829 834/834 843/843
f 829/829 843/843 840/840
f 832/832 841/841 838/838
f 844/844 834/834 835/835
f 835/835 675/675 845/845
f 835/835 845/845 844/844
f 846/846 836/836 847/847
f 841/841 842/842 848/848
f 849/849 802/802 836/836
f 836/836 846/846 849/849
f 844/844 843/843 834/834
f 850/850 840/840 843/843
f 843/843 844/844 851/851
f 843/843 851/851 850/850
f 852/852 846/846 853/853
f 854/854 783/783 782/782
f 855/855 854/854 782/782
f 856/856 857/857 858/858
f 858/858 859/859 856/856
f 856/856 859/859 860/860
f 861/861 855/855 782/782
f 862/862 863/863 864/864
f 745/745 865/865 685/685
f 866/866 790/790 786/786
f 786/786 789/789 867/867
f 786/786 867/867 866/866
f 868/868 798/798 797/797
f 789/789 869/869 867/867
f 870/870 871/871 872/872
f 873/873 785/785 874/874
f 875/875 876/876 877/877
f 878/878 879/879 880/880
f 881/881 882/882 883/883
f 881/881 883/883 884/884
f 881/881 884/884 447/447
f 865/865 885/885 886/886
f 887/887 885/885 865/865
f 865/865 886/886 685/685
f 865/865 888/888 887/887
f 889/889 803/803 804/804
f 805/805 802/802 890/890
f 891/891 892/892 805/805
f 890/890 891/891 805/805
f 893/893 867/867 869/869
f 869/869 894/894 893/893
f 895/895 866/866 867/867
f 896/896 897/897 898/898
f 899/899 900/900 901/901
f 785/785 873/873 882/882
f 873/873 895/895 882/882
f 849/849 890/890 802/802
f 82/82 902/902 235/235
f 235/235 902/902 903/903
f 904/904 905/905 906/906
f 904/904 906/906 907/907
f 908/908 909/909 910/910
f 908/908 910/910 911/911
f 908/908 911/911 912/912
f 611/611 902/902 82/82
f 609/609 913/913 612/612
f 914/914 627/627 626/626
f 915/915 914/914 626/626
f 626/626 916/916 915/915
f 438/438 917/917 446/446
f 918/918 628/628 624/624
f 624/624 919/919 918/918
f 920/920 631/631 629/629
f 921/921 922/922 923/923
f 921/921 923/923 924/924
f 925/925 630/630 631/631
f 631/631 920/920 925/925
f 630/630 925/925 651/651
f 926/926 918/918 919/919
f 927/927 928/928 918/918
f 929/929 927/927 918/918
f 918/918 926/926 929/929
f 930/930 920/920 931/931
f 931/931 932/932 930/930
f 933/933 925/925 920/920
f 920/920 930/930 933/933
f 925/925 933/933 934/934
f 934/934 651/651 925/925
f 935/935 936/936 609/609
f 685/685 935/935 609/609
f 916/916 937/937 915/915
f 938/938 939/939 917/917
f 448/448 938/938 917/917
f 438/438 448/448 917/917
f 935/935 940/940 936/936
f 939/939 941/941 926/926
f 942/942 941/941 939/939
f 943/943 944/944 945/945
f 946/946 947/947 939/939
f 939/939 938/938 946/946
f 929/929 926/926 941/941
f 948/948 929/929 941/941
f 949/949 950/950 951/951
f 952/952 953/953 954/954
f 955/955 956/956 957/957
f 958/958 930/930 932/932
f 927/927 929/929 948/948
f 927/927 948/948 959/959
f 960/960 933/933 930/930
f 958/958 960/960 930/930
f 961/961 962/962 963/963
f 964/964 934/934 933/933
f 962/962 965/965 966/966
f 967/967 963/963 962/962
f 966/966 967/967 962/962
f 968/968 959/959 948/948
f 949/949 969/969 950/950
f 965/965 970/970 966/966
f 971/971 650/650 651/651
f 651/651 934/934 971/971
f 650/650 971/971 972/972
f 972/972 671/671 650/650
f 973/973 971/971 934/934
f 934/934 964/964 973/973
f 974/974 972/972 971/971
f 971/971 973/973 974/974
f 975/975 672/672 671/671
f 671/671 972/972 975/975
f 976/976 676/676 977/977
f 977/977 978/978 976/976
f 979/979 678/678 676/676
f 676/676 976/976 979/979
f 980/980 677/677 678/678
f 678/678 979/979 980/980
f 677/677 980/980 675/675
f 981/981 975/975 972/972
f 972/972 974/974 981/981
f 982/982 976/976 978/978
f 978/978 983/983 982/982
f 984/984 979/979 976/976
f 982/982 984/984 976/976
f 985/985 980/980 979/979
f 984/984 985/985 979/979
f 980/980 985/985 675/675
f 985/985 984/984 986/986
f 986/986 675/675 985/985
f 984/984 982/982 987/987
f 987/987 986/986 984/984
f 988/988 973/973 964/964
f 964/964 989/989 988/988
f 973/973 988/988 990/990
f 990/990 974/974 973/973
f 991/991 992/992 967/967
f 967/967 966/966 993/993
f 993/993 991/991 967/967
f 994/994 995/995 992/992
f 992/992 991/991 994/994
f 996/996 981/981 974/974
f 974/974 990/990 996/996
f 997/997 982/982 983/983
f 998/998 997/997 983/983
f 982/982 997/997 987/987
f 999/999 1000/1000 1001/1001
f 995/995 994/994 1002/1002
f 997/997 998/998 1003/1003
f 1004/1004 987/987 997/997
f 1003/1003 1004/1004 997/997
f 1005/1005 954/954 953/953
f 1006/1006 1007/1007 1008/1008
f 1009/1009 966/966 970/970
f 969/969 949/949 1010/1010
f 1011/1011 1012/1012 1013/1013
f 970/970 1014/1014 1009/1009
f 1009/1009 993/993 966/966
f 1015/1015 957/957 956/956
f 954/954 1005/1005 1016/1016
f 957/957 1015/1015 1017/1017
f 675/675 986/986 1018/1018
f 675/675 1018/1018 1019/1019
f 675/675 1019/1019 1020/1020
f 675/675 1020/1020 1021/1021
f 675/675 1021/1021 1022/1022
f 675/675 1022/1022 1023/1023
f 1024/1024 845/845 675/675
f 1025/1025 1024/1024 675/675
f 1026/1026 1025/1025 675/675
f 675/675 1027/1027 1028/1028
f 1023/1023 1027/1027 675/675
f 1028/1028 1029/1029 675/675
f 675/675 1029/1029 1026/1026
f 991/991 993/993 1030/1030
f 1031/1031 994/994 991/991
f 991/991 1030/1030 1031/1031
f 993/993 1009/1009 1032/1032
f 993/993 1032/1032 1030/1030
f 986/986 987/987 1018/1018
f 987/987 1004/1004 1018/1018
f 1019/1019 1018/1018 1004/1004
f 1004/1004 1003/1003 1033/1033
f 1034/1034 1019/1019 1004/1004
f 1033/1033 1034/1034 1004/1004
f 1031/1031 1002/1002 994/994
f 1035/1035 1036/1036 1037/1037
f 1019/1019 1034/1034 1020/1020
f 1038/1038 1020/1020 1034/1034
f 1034/1034 1033/1033 1039/1039
f 1034/1034 1039/1039 1038/1038
f 1020/1020 1038/1038 1021/1021
f 1007/1007 1006/1006 1040/1040
f 1041/1041 1016/1016 1005/1005
f 1042/1042 1043/1043 1044/1044
f 685/685 1045/1045 935/935
f 1046/1046 1047/1047 1048/1048
f 1049/1049 1050/1050 947/947
f 947/947 1051/1051 1049/1049
f 1052/1052 1051/1051 947/947
f 946/946 1052/1052 947/947
f 1053/1053 1054/1054 1045/1045
f 1055/1055 1056/1056 1057/1057
f 685/685 1053/1053 1045/1045
f 1058/1058 1048/1048 1047/1047
f 1050/1050 1059/1059 1060/1060
f 1061/1061 1059/1059 1050/1050
f 1049/1049 1061/1061 1050/1050
f 1062/1062 1017/1017 1015/1015
f 1063/1063 1062/1062 1015/1015
f 1012/1012 1011/1011 1064/1064
f 1065/1065 1009/1009 1014/1014
f 1014/1014 1066/1066 1065/1065
f 1067/1067 1068/1068 1069/1069
f 1009/1009 1065/1065 1032/1032
f 1068/1068 1067/1067 1070/1070
f 1071/1071 1072/1072 1068/1068
f 1068/1068 1070/1070 1071/1071
f 1062/1062 1063/1063 1073/1073
f 1067/1067 1074/1074 1070/1070
f 1065/1065 1075/1075 1076/1076
f 1076/1076 1032/1032 1065/1065
f 1043/1043 1042/1042 1077/1077
f 1078/1078 1074/1074 1079/1079
f 1080/1080 1081/1081 1082/1082
f 1056/1056 1083/1083 1057/1057
f 1084/1084 1060/1060 1059/1059
f 1085/1085 1084/1084 1059/1059
f 1061/1061 1085/1085 1059/1059
f 1086/1086 1057/1057 1083/1083
f 1087/1087 1070/1070 1074/1074
f 1074/1074 1078/1078 1088/1088
f 1088/1088 1087/1087 1074/1074
f 1089/1089 1071/1071 1070/1070
f 1087/1087 1089/1089 1070/1070
f 1075/1075 1090/1090 1091/1091
f 1091/1091 1076/1076 1075/1075
f 1092/1092 1093/1093 1094/1094
f 1095/1095 1096/1096 1097/1097
f 1089/1089 1087/1087 1098/1098
f 1099/1099 1091/1091 1090/1090
f 1100/1100 1101/1101 1102/1102
f 1087/1087 1088/1088 1103/1103
f 1087/1087 1103/1103 1098/1098
f 1104/1104 1103/1103 1088/1088
f 1105/1105 1106/1106 1107/1107
f 1108/1108 1109/1109 1110/1110
f 1111/1111 1030/1030 1032/1032
f 1032/1032 1076/1076 1111/1111
f 1112/1112 1113/1113 1114/1114
f 1115/1115 1031/1031 1030/1030
f 1116/1116 1111/1111 1076/1076
f 1076/1076 1091/1091 1116/1116
f 1117/1117 1114/1114 1113/1113
f 1113/1113 1118/1118 1117/1117
f 1119/1119 1037/1037 1036/1036
f 1036/1036 1114/1114 1119/1119
f 1119/1119 1120/1120 1037/1037
f 1121/1121 1038/1038 1039/1039
f 1120/1120 1119/1119 1122/1122
f 1122/1122 1123/1123 1120/1120
f 1121/1121 1021/1021 1038/1038
f 1124/1124 1119/1119 1114/1114
f 1114/1114 1117/1117 1124/1124
f 1124/1124 1122/1122 1119/1119
f 1125/1125 1126/1126 1127/1127
f 1128/1128 1129/1129 1130/1130
f 1130/1130 1117/1117 1118/1118
f 1131/1131 1130/1130 1129/1129
f 1101/1101 1100/1100 1132/1132
f 1129/1129 1133/1133 1131/1131
f 1021/1021 1121/1121 1022/1022
f 1123/1123 1122/1122 1134/1134
f 1135/1135 1022/1022 1121/1121
f 1122/1122 1124/1124 1136/1136
f 1136/1136 1134/1134 1122/1122
f 1137/1137 1124/1124 1117/1117
f 1138/1138 1137/1137 1117/1117
f 1117/1117 1130/1130 1138/1138
f 1124/1124 1137/1137 1136/1136
f 1022/1022 1135/1135 1023/1023
f 1134/1134 1136/1136 1139/1139
f 1140/1140 1023/1023 1135/1135
f 1141/1141 1136/1136 1137/1137
f 1137/1137 1138/1138 1142/1142
f 1137/1137 1142/1142 1141/1141
f 1141/1141 1139/1139 1136/1136
f 1131/1131 1138/1138 1130/1130
f 1138/1138 1131/1131 1143/1143
f 1143/1143 1142/1142 1138/1138
f 1144/1144 858/858 857/857
f 1145/1145 1144/1144 857/857
f 1057/1057 1086/1086 1146/1146
f 1057/1057 1146/1146 1147/1147
f 886/886 1148/1148 1149/1149
f 1149/1149 685/685 886/886
f 1150/1150 1151/1151 1152/1152
f 1152/1152 1151/1151 1153/1153
f 1154/1154 1150/1150 1152/1152
f 1152/1152 1155/1155 1154/1154
f 1156/1156 1155/1155 1152/1152
f 1153/1153 1156/1156 1152/1152
f 1157/1157 1158/1158 1159/1159
f 1160/1160 1161/1161 1162/1162
f 1159/1159 1163/1163 1157/1157
f 1164/1164 1165/1165 1166/1166
f 1167/1167 1164/1164 1166/1166
f 1168/1168 1169/1169 1170/1170
f 1158/1158 1157/1157 1171/1171
f 1158/1158 1171/1171 1172/1172
f 1173/1173 1162/1162 1161/1161
f 1172/1172 1174/1174 1158/1158
f 1175/1175 1176/1176 1177/1177
f 1178/1178 1176/1176 1175/1175
f 1179/1179 1180/1180 1175/1175
f 1175/1175 1180/1180 1181/1181
f 1177/1177 1179/1179 1175/1175
f 1181/1181 1178/1178 1175/1175
f 1182/1182 1171/1171 1157/1157
f 1179/1179 1183/1183 1180/1180
f 1180/1180 1183/1183 1184/1184
f 1185/1185 1181/1181 1180/1180
f 1186/1186 1187/1187 1188/1188
f 1189/1189 1190/1190 1191/1191
f 1192/1192 1193/1193 1194/1194
f 1195/1195 1196/1196 1183/1183
f 1197/1197 1195/1195 1183/1183
f 1179/1179 1177/1177 1198/1198
f 1179/1179 1198/1198 1197/1197
f 1170/1170 1198/1198 1177/1177
f 846/846 852/852 1199/1199
f 846/846 1199/1199 849/849
f 1200/1200 844/844 845/845
f 845/845 1024/1024 1200/1200
f 1200/1200 851/851 844/844
f 1201/1201 850/850 851/851
f 851/851 1200/1200 1202/1202
f 851/851 1202/1202 1201/1201
f 1203/1203 1204/1204 1205/1205
f 1024/1024 1025/1025 1206/1206
f 1206/1206 1200/1200 1024/1024
f 1207/1207 1206/1206 1025/1025
f 1025/1025 1026/1026 1207/1207
f 1208/1208 1199/1199 1209/1209
f 849/849 1199/1199 1208/1208
f 1210/1210 1155/1155 1208/1208
f 1208/1208 1155/1155 1211/1211
f 1209/1209 1210/1210 1208/1208
f 1208/1208 890/890 849/849
f 1211/1211 890/890 1208/1208
f 1199/1199 1212/1212 1209/1209
f 1206/1206 1202/1202 1200/1200
f 1213/1213 1201/1201 1202/1202
f 1202/1202 1206/1206 1214/1214
f 1214/1214 1213/1213 1202/1202
f 1201/1201 1213/1213 1215/1215
f 1207/1207 1216/1216 1206/1206
f 1206/1206 1216/1216 1214/1214
f 1217/1217 1028/1028 1027/1027
f 1027/1027 1023/1023 1140/1140
f 1027/1027 1140/1140 1217/1217
f 1029/1029 1028/1028 1218/1218
f 1029/1029 1218/1218 1219/1219
f 1219/1219 1026/1026 1029/1029
f 1217/1217 1218/1218 1028/1028
f 1220/1220 1219/1219 1218/1218
f 1221/1221 1222/1222 1223/1223
f 1218/1218 1224/1224 1220/1220
f 1216/1216 1207/1207 1225/1225
f 1226/1226 1213/1213 1216/1216
f 1216/1216 1213/1213 1214/1214
f 1227/1227 1228/1228 1229/1229
f 1229/1229 1230/1230 1227/1227
f 1219/1219 1207/1207 1026/1026
f 1207/1207 1219/1219 1225/1225
f 1231/1231 1232/1232 1233/1233
f 1234/1234 1235/1235 1236/1236
f 1155/1155 1210/1210 1237/1237
f 1155/1155 1237/1237 1154/1154
f 1155/1155 1156/1156 1211/1211
f 1210/1210 1209/1209 1238/1238
f 1210/1210 1238/1238 1237/1237
f 1239/1239 1228/1228 1240/1240
f 1239/1239 1240/1240 1241/1241
f 1228/1228 1227/1227 1240/1240
f 1220/1220 1225/1225 1219/1219
f 1242/1242 1227/1227 1230/1230
f 1230/1230 1243/1243 1242/1242
f 1244/1244 1240/1240 1227/1227
f 1242/1242 1244/1244 1227/1227
f 1245/1245 1246/1246 1171/1171
f 1171/1171 1246/1246 1247/1247
f 1182/1182 1245/1245 1171/1171
f 1247/1247 1172/1172 1171/1171
f 1241/1241 1240/1240 1248/1248
f 1248/1248 1240/1240 1244/1244
f 1244/1244 1249/1249 1248/1248
f 1250/1250 882/882 895/895
f 897/897 896/896 1251/1251
f 882/882 1250/1250 883/883
f 892/892 891/891 1252/1252
f 1253/1253 893/893 894/894
f 894/894 1254/1254 1253/1253
f 1156/1156 1252/1252 891/891
f 1211/1211 1156/1156 891/891
f 891/891 890/890 1211/1211
f 893/893 1253/1253 1250/1250
f 1181/1181 1253/1253 1254/1254
f 1252/1252 1156/1156 1153/1153
f 1254/1254 1178/1178 1181/1181
f 1185/1185 1250/1250 1253/1253
f 1253/1253 1181/1181 1185/1185
f 1185/1185 883/883 1250/1250
f 1196/1196 884/884 883/883
f 1255/1255 1193/1193 1192/1192
f 1188/1188 1187/1187 1256/1256
f 884/884 1196/1196 1257/1257
f 1257/1257 447/447 884/884
f 1196/1196 1195/1195 1258/1258
f 1196/1196 1258/1258 1257/1257
f 1259/1259 1260/1260 1261/1261
f 1195/1195 1262/1262 1258/1258
f 1149/1149 1263/1263 685/685
f 1264/1264 1265/1265 1103/1103
f 1173/1173 1265/1265 1264/1264
f 1103/1103 1266/1266 1264/1264
f 1267/1267 1268/1268 1169/1169
f 1264/1264 1162/1162 1173/1173
f 1098/1098 1103/1103 1265/1265
f 1132/1132 1100/1100 1269/1269
f 1269/1269 1174/1174 1270/1270
f 1269/1269 1270/1270 1132/1132
f 1266/1266 1103/1103 1104/1104
f 1266/1266 1104/1104 1271/1271
f 1266/1266 1271/1271 1272/1272
f 1170/1170 1169/1169 1268/1268
f 1268/1268 1273/1273 1170/1170
f 1106/1106 1105/1105 1274/1274
f 1275/1275 1276/1276 1277/1277
f 1084/1084 1085/1085 1278/1278
f 1277/1277 1279/1279 1280/1280
f 1280/1280 1275/1275 1277/1277
f 1281/1281 1278/1278 1085/1085
f 1085/1085 1061/1061 1282/1282
f 1085/1085 1282/1282 1281/1281
f 1283/1283 1280/1280 1279/1279
f 1284/1284 1283/1283 1279/1279
f 1281/1281 1262/1262 1278/1278
f 1285/1285 1286/1286 1287/1287
f 1288/1288 1289/1289 1290/1290
f 1172/1172 1270/1270 1174/1174
f 1198/1198 1273/1273 1291/1291
f 1170/1170 1273/1273 1198/1198
f 1292/1292 1283/1283 1284/1284
f 1198/1198 1262/1262 1197/1197
f 1262/1262 1281/1281 1258/1258
f 1293/1293 1133/1133 1294/1294
f 1270/1270 1172/1172 1295/1295
f 1293/1293 1131/1131 1133/1133
f 1141/1141 1222/1222 1139/1139
f 1222/1222 1141/1141 1223/1223
f 1293/1293 1143/1143 1131/1131
f 1142/1142 1143/1143 1296/1296
f 1223/1223 1141/1141 1142/1142
f 1296/1296 1223/1223 1142/1142
f 1143/1143 1293/1293 1297/1297
f 1143/1143 1297/1297 1296/1296
f 1296/1296 1243/1243 1223/1223
f 1172/1172 1247/1247 1295/1295
f 1249/1249 1244/1244 1297/1297
f 1297/1297 1293/1293 1249/1249
f 1244/1244 1242/1242 1297/1297
f 1296/1296 1242/1242 1243/1243
f 1296/1296 1297/1297 1242/1242
f 1298/1298 131/131 113/113
f 113/113 114/114 1298/1298
f 1299/1299 158/158 157/157
f 1300/1300 1299/1299 157/157
f 159/159 1301/1301 160/160
f 157/157 1302/1302 1300/1300
f 158/158 1299/1299 1303/1303
f 1304/1304 162/162 153/153
f 1305/1305 1306/1306 152/152
f 116/116 1307/1307 126/126
f 152/152 163/163 1305/1305
f 1306/1306 1305/1305 1308/1308
f 1309/1309 1310/1310 1311/1311
f 1312/1312 1313/1313 1314/1314
f 1315/1315 1303/1303 1299/1299
f 1316/1316 1315/1315 1299/1299
f 1299/1299 1300/1300 1316/1316
f 1315/1315 1316/1316 1317/1317
f 1318/1318 1319/1319 1320/1320
f 1321/1321 1322/1322 1323/1323
f 1323/1323 1324/1324 1321/1321
f 1325/1325 1326/1326 1327/1327
f 1328/1328 863/863 862/862
f 134/134 132/132 1329/1329
f 1330/1330 133/133 135/135
f 132/132 130/130 1331/1331
f 132/132 1331/1331 1332/1332
f 132/132 1332/1332 1329/1329
f 1333/1333 136/136 133/133
f 1330/1330 1333/1333 133/133
f 130/130 131/131 1334/1334
f 1334/1334 1331/1331 130/130
f 1335/1335 1334/1334 131/131
f 1298/1298 1335/1335 131/131
f 1336/1336 137/137 136/136
f 136/136 1333/1333 1336/1336
f 1337/1337 138/138 137/137
f 137/137 1336/1336 1337/1337
f 1338/1338 1339/1339 1340/1340
f 1341/1341 1342/1342 1343/1343
f 1344/1344 1345/1345 1346/1346
f 1347/1347 1341/1341 1343/1343
f 1343/1343 1348/1348 1347/1347
f 1349/1349 1350/1350 1351/1351
f 1339/1339 1352/1352 1340/1340
f 1353/1353 1351/1351 1350/1350
f 1354/1354 1355/1355 1356/1356
f 138/138 1337/1337 1357/1357
f 1358/1358 1359/1359 1360/1360
f 1361/1361 1362/1362 1363/1363
f 1359/1359 1358/1358 1364/1364
f 1355/1355 1365/1365 1356/1356
f 1366/1366 1316/1316 1341/1341
f 1341/1341 1347/1347 1366/1366
f 1367/1367 1356/1356 1365/1365
f 1316/1316 1366/1366 1368/1368
f 1368/1368 1317/1317 1316/1316
f 1330/1330 1369/1369 1333/1333
f 1333/1333 1369/1369 1370/1370
f 1370/1370 1336/1336 1333/1333
f 1371/1371 1332/1332 1331/1331
f 1331/1331 1334/1334 1372/1372
f 1372/1372 1371/1371 1331/1331
f 1369/1369 1330/1330 1373/1373
f 1374/1374 1370/1370 1369/1369
f 1369/1369 1373/1373 1374/1374
f 1375/1375 1329/1329 1332/1332
f 1371/1371 1375/1375 1332/1332
f 1334/1334 1335/1335 1376/1376
f 1376/1376 1372/1372 1334/1334
f 1377/1377 1376/1376 1335/1335
f 1298/1298 1377/1377 1335/1335
f 1336/1336 1370/1370 1337/1337
f 1378/1378 1337/1337 1370/1370
f 1370/1370 1374/1374 1379/1379
f 1370/1370 1379/1379 1380/1380
f 1370/1370 1380/1380 1378/1378
f 1381/1381 1357/1357 1337/1337
f 1378/1378 1381/1381 1337/1337
f 1382/1382 1383/1383 1384/1384
f 1383/1383 1382/1382 1385/1385
f 1383/1383 1385/1385 1386/1386
f 1387/1387 1385/1385 1382/1382
f 1388/1388 1389/1389 1381/1381
f 1381/1381 1378/1378 1388/1388
f 1385/1385 1387/1387 1390/1390
f 1385/1385 1390/1390 1391/1391
f 1392/1392 1386/1386 1385/1385
f 1391/1391 1392/1392 1385/1385
f 1393/1393 1394/1394 1395/1395
f 1389/1389 1388/1388 1396/1396
f 1389/1389 1396/1396 1397/1397
f 1398/1398 1399/1399 1394/1394
f 1394/1394 1393/1393 1398/1398
f 1386/1386 1392/1392 1400/1400
f 1401/1401 1368/1368 1366/1366
f 1392/1392 1391/1391 1400/1400
f 1373/1373 1402/1402 1403/1403
f 1379/1379 1374/1374 1373/1373
f 1403/1403 1379/1379 1373/1373
f 1404/1404 1405/1405 1406/1406
f 1372/1372 1376/1376 1407/1407
f 1405/1405 1408/1408 1406/1406
f 1376/1376 1377/1377 1409/1409
f 1409/1409 1407/1407 1376/1376
f 1410/1410 1409/1409 1377/1377
f 1298/1298 1410/1410 1377/1377
f 1407/1407 1409/1409 1411/1411
f 1412/1412 1406/1406 1408/1408
f 1408/1408 1413/1413 1412/1412
f 1410/1410 1414/1414 1409/1409
f 1415/1415 1416/1416 1413/1413
f 1414/1414 1410/1410 1417/1417
f 1416/1416 1418/1418 1419/1419
f 1420/1420 1413/1413 1416/1416
f 1419/1419 1420/1420 1416/1416
f 1421/1421 1417/1417 1410/1410
f 1410/1410 1298/1298 1421/1421
f 1422/1422 1423/1423 1424/1424
f 1425/1425 1422/1422 1424/1424
f 1417/1417 1421/1421 1426/1426
f 1403/1403 1380/1380 1379/1379
f 1403/1403 1427/1427 1380/1380
f 1380/1380 1427/1427 1378/1378
f 1427/1427 1403/1403 1428/1428
f 1427/1427 1428/1428 1429/1429
f 1427/1427 1429/1429 1430/1430
f 1427/1427 1430/1430 1388/1388
f 1388/1388 1378/1378 1427/1427
f 1431/1431 1412/1412 1413/1413
f 1420/1420 1431/1431 1413/1413
f 1431/1431 1420/1420 1432/1432
f 1433/1433 1430/1430 1429/1429
f 1432/1432 1434/1434 1431/1431
f 1429/1429 1435/1435 1433/1433
f 1420/1420 1419/1419 1436/1436
f 1437/1437 1438/1438 1439/1439
f 1422/1422 1437/1437 1423/1423
f 1433/1433 1388/1388 1430/1430
f 1434/1434 1432/1432 1440/1440
f 1441/1441 1442/1442 1434/1434
f 1440/1440 1441/1441 1434/1434
f 1438/1438 1437/1437 1443/1443
f 1443/1443 1444/1444 1438/1438
f 1437/1437 1422/1422 1445/1445
f 1437/1437 1445/1445 1443/1443
f 1446/1446 1445/1445 1422/1422
f 1422/1422 1425/1425 1446/1446
f 1447/1447 1443/1443 1445/1445
f 1448/1448 1447/1447 1445/1445
f 1445/1445 1446/1446 1448/1448
f 1388/1388 1433/1433 1396/1396
f 1442/1442 1441/1441 1449/1449
f 1450/1450 1396/1396 1433/1433
f 1441/1441 1440/1440 1451/1451
f 1451/1451 1449/1449 1441/1441
f 1444/1444 1443/1443 1452/1452
f 1453/1453 1451/1451 1440/1440
f 1443/1443 1447/1447 1454/1454
f 1454/1454 1452/1452 1443/1443
f 1455/1455 1454/1454 1447/1447
f 1448/1448 1455/1455 1447/1447
f 1396/1396 1450/1450 1456/1456
f 1396/1396 1457/1457 1397/1397
f 1456/1456 1457/1457 1396/1396
f 1458/1458 1456/1456 1450/1450
f 1459/1459 1458/1458 1450/1450
f 1399/1399 1398/1398 1460/1460
f 1399/1399 1460/1460 1461/1461
f 1399/1399 1461/1461 1462/1462
f 1399/1399 1462/1462 1463/1463
f 1463/1463 1464/1464 1399/1399
f 1465/1465 1397/1397 1457/1457
f 1466/1466 1465/1465 1457/1457
f 1456/1456 1466/1466 1457/1457
f 1467/1467 1398/1398 1393/1393
f 1398/1398 1467/1467 1460/1460
f 321/321 320/320 1468/1468
f 1469/1469 1470/1470 1471/1471
f 323/323 1472/1472 319/319
f 316/316 324/324 1473/1473
f 1474/1474 1475/1475 320/320
f 320/320 1475/1475 1468/1468
f 1476/1476 1477/1477 1478/1478
f 1474/1474 1479/1479 1475/1475
f 1475/1475 1479/1479 1480/1480
f 1480/1480 1468/1468 1475/1475
f 1481/1481 1482/1482 1483/1483
f 278/278 1484/1484 304/304
f 1485/1485 1486/1486 1487/1487
f 1488/1488 1489/1489 1490/1490
f 1491/1491 1487/1487 1485/1485
f 1491/1491 1487/1487 1486/1486
f 1492/1492 1484/1484 278/278
f 1493/1493 1480/1480 1479/1479
f 278/278 1494/1494 1492/1492
f 1322/1322 1321/1321 1495/1495
f 1470/1470 1496/1496 1471/1471
f 1497/1497 1496/1496 1470/1470
f 1498/1498 1497/1497 1470/1470
f 1499/1499 1472/1472 1500/1500
f 1496/1496 1497/1497 1501/1501
f 1501/1501 1502/1502 1496/1496
f 1500/1500 1503/1503 1499/1499
f 1499/1499 319/319 1472/1472
f 1504/1504 1501/1501 1497/1497
f 1497/1497 1498/1498 1505/1505
f 1497/1497 1505/1505 1504/1504
f 1502/1502 1501/1501 1506/1506
f 1507/1507 1499/1499 1503/1503
f 1501/1501 1504/1504 1508/1508
f 1509/1509 1510/1510 1511/1511
f 1498/1498 1512/1512 1505/1505
f 1512/1512 1513/1513 1505/1505
f 278/278 1514/1514 1494/1494
f 1515/1515 1505/1505 1513/1513
f 278/278 1516/1516 1514/1514
f 1505/1505 1515/1515 1504/1504
f 1517/1517 1518/1518 1519/1519
f 1516/1516 278/278 1520/1520
f 1517/1517 1521/1521 1519/1519
f 1517/1517 1522/1522 1518/1518
f 1523/1523 359/359 319/319
f 1499/1499 1523/1523 319/319
f 1523/1523 364/364 359/359
f 364/364 1523/1523 1524/1524
f 1524/1524 363/363 364/364
f 1499/1499 1524/1524 1523/1523
f 363/363 1524/1524 1525/1525
f 1525/1525 367/367 363/363
f 1524/1524 1499/1499 1526/1526
f 1524/1524 1526/1526 1527/1527
f 1527/1527 1525/1525 1524/1524
f 1507/1507 1526/1526 1499/1499
f 1526/1526 1507/1507 1528/1528
f 1526/1526 1528/1528 1529/1529
f 1529/1529 1527/1527 1526/1526
f 1530/1530 1531/1531 1532/1532
f 383/383 382/382 1533/1533
f 383/383 1533/1533 1534/1534
f 383/383 1534/1534 1535/1535
f 1536/1536 1537/1537 1538/1538
f 1539/1539 1540/1540 278/278
f 278/278 1540/1540 1520/1520
f 1541/1541 1539/1539 278/278
f 278/278 1542/1542 1543/1543
f 1544/1544 1545/1545 1546/1546
f 278/278 1543/1543 1547/1547
f 278/278 1547/1547 1541/1541
f 1548/1548 1549/1549 1550/1550
f 1548/1548 1550/1550 1551/1551
f 1509/1509 1552/1552 1510/1510
f 1553/1553 1554/1554 1555/1555
f 1556/1556 1557/1557 1558/1558
f 1559/1559 1555/1555 1554/1554
f 1560/1560 1556/1556 1557/1557
f 1557/1557 1556/1556 1561/1561
f 1562/1562 1563/1563 1564/1564
f 1554/1554 1565/1565 1559/1559
f 1563/1563 1566/1566 1567/1567
f 1561/1561 1556/1556 1568/1568
f 1567/1567 1563/1563 1562/1562
f 1517/1517 1569/1569 1521/1521
f 1570/1570 1571/1571 1572/1572
f 1573/1573 1574/1574 1575/1575
f 1576/1576 1570/1570 1572/1572
f 1577/1577 1576/1576 1572/1572
f 1575/1575 1578/1578 1573/1573
f 1579/1579 1465/1465 1580/1580
f 1581/1581 1582/1582 1583/1583
f 1584/1584 1585/1585 1586/1586
f 1587/1587 1588/1588 1589/1589
f 1587/1587 1589/1589 1590/1590
f 1465/1465 1466/1466 1580/1580
f 1591/1591 1592/1592 1593/1593
f 1466/1466 1456/1456 1594/1594
f 1595/1595 1580/1580 1466/1466
f 1594/1594 1595/1595 1466/1466
f 1596/1596 1583/1583 1582/1582
f 1456/1456 1458/1458 1594/1594
f 1458/1458 1459/1459 1597/1597
f 1597/1597 1594/1594 1458/1458
f 1576/1576 1577/1577 1598/1598
f 1599/1599 1600/1600 1601/1601
f 1602/1602 1462/1462 1461/1461
f 1461/1461 1583/1583 1596/1596
f 1461/1461 1596/1596 1602/1602
f 1603/1603 1463/1463 1462/1462
f 1604/1604 1603/1603 1462/1462
f 1602/1602 1604/1604 1462/1462
f 1451/1451 1453/1453 1605/1605
f 1605/1605 1606/1606 1451/1451
f 1452/1452 1454/1454 1607/1607
f 1608/1608 1605/1605 1453/1453
f 1454/1454 1455/1455 1609/1609
f 1609/1609 1607/1607 1454/1454
f 1455/1455 1448/1448 1610/1610
f 1610/1610 1609/1609 1455/1455
f 1611/1611 1612/1612 1613/1613
f 1595/1595 1614/1614 1580/1580
f 1615/1615 1613/1613 1612/1612
f 1616/1616 1615/1615 1612/1612
f 1617/1617 1618/1618 1619/1619
f 1620/1620 1621/1621 1622/1622
f 1614/1614 1595/1595 1623/1623
f 1614/1614 1623/1623 1624/1624
f 1625/1625 1626/1626 1627/1627
f 1628/1628 1627/1627 1626/1626
f 1616/1616 1629/1629 1615/1615
f 1627/1627 1628/1628 1630/1630
f 1629/1629 1616/1616 1631/1631
f 1629/1629 1631/1631 1632/1632
f 114/114 415/415 1633/1633
f 1633/1633 1298/1298 114/114
f 415/415 418/418 1634/1634
f 1634/1634 1633/1633 415/415
f 417/417 433/433 1635/1635
f 1635/1635 1636/1636 417/417
f 432/432 434/434 1637/1637
f 1637/1637 1638/1638 432/432
f 434/434 447/447 1639/1639
f 1639/1639 1637/1637 434/434
f 447/447 1640/1640 1641/1641
f 1642/1642 1640/1640 447/447
f 447/447 1641/1641 1639/1639
f 1643/1643 1644/1644 447/447
f 447/447 1644/1644 1645/1645
f 1646/1646 1643/1643 447/447
f 1645/1645 1642/1642 447/447
f 1257/1257 1646/1646 447/447
f 1647/1647 1648/1648 1649/1649
f 1650/1650 1651/1651 1652/1652
f 1653/1653 1654/1654 1655/1655
f 1640/1640 1656/1656 1657/1657
f 1658/1658 1656/1656 1640/1640
f 1659/1659 1660/1660 1661/1661
f 1662/1662 1663/1663 1664/1664
f 1665/1665 1666/1666 1667/1667
f 1668/1668 1666/1666 1665/1665
f 1669/1669 1657/1657 1656/1656
f 1665/1665 1664/1664 1668/1668
f 1670/1670 1671/1671 1669/1669
f 1672/1672 1671/1671 1670/1670
f 1673/1673 1674/1674 1675/1675
f 1676/1676 1677/1677 1678/1678
f 1679/1679 1680/1680 1681/1681
f 1678/1678 1680/1680 1679/1679
f 1682/1682 1669/1669 1671/1671
f 1683/1683 1684/1684 1685/1685
f 1686/1686 1687/1687 1680/1680
f 1688/1688 1681/1681 1680/1680
f 1685/1685 1689/1689 1683/1683
f 1680/1680 1678/1678 1686/1686
f 1690/1690 1685/1685 1684/1684
f 1684/1684 1691/1691 1690/1690
f 1692/1692 1691/1691 1684/1684
f 1648/1648 1647/1647 1693/1693
f 1651/1651 1694/1694 1652/1652
f 1695/1695 1694/1694 1651/1651
f 1696/1696 1697/1697 1698/1698
f 1641/1641 1657/1657 1699/1699
f 1699/1699 1700/1700 1641/1641
f 1641/1641 1700/1700 1639/1639
f 1657/1657 1669/1669 1699/1699
f 1669/1669 1682/1682 1699/1699
f 1681/1681 1688/1688 1701/1701
f 1702/1702 1699/1699 1682/1682
f 1689/1689 1685/1685 1703/1703
f 1704/1704 1701/1701 1688/1688
f 1685/1685 1690/1690 1705/1705
f 1685/1685 1706/1706 1703/1703
f 1705/1705 1706/1706 1685/1685
f 1691/1691 1707/1707 1690/1690
f 1708/1708 1707/1707 1691/1691
f 1691/1691 1692/1692 1709/1709
f 1691/1691 1709/1709 1708/1708
f 1707/1707 1710/1710 1711/1711
f 1712/1712 1713/1713 1714/1714
f 1711/1711 1690/1690 1707/1707
f 1715/1715 1711/1711 1710/1710
f 1716/1716 1717/1717 1713/1713
f 1718/1718 1716/1716 1713/1713
f 1713/1713 1712/1712 1719/1719
f 1713/1713 1719/1719 1720/1720
f 1713/1713 1720/1720 1718/1718
f 1690/1690 1711/1711 1705/1705
f 1711/1711 1715/1715 1721/1721
f 1721/1721 1705/1705 1711/1711
f 1717/1717 1716/1716 1722/1722
f 1723/1723 1721/1721 1715/1715
f 1724/1724 1725/1725 1726/1726
f 1727/1727 1728/1728 1729/1729
f 1729/1729 1728/1728 1730/1730
f 1716/1716 1718/1718 1731/1731
f 1732/1732 1722/1722 1716/1716
f 1728/1728 1727/1727 1733/1733
f 1728/1728 1733/1733 1734/1734
f 1728/1728 1734/1734 1730/1730
f 1735/1735 1736/1736 1737/1737
f 1738/1738 1739/1739 1740/1740
f 1741/1741 1742/1742 1738/1738
f 1740/1740 1741/1741 1738/1738
f 1736/1736 1735/1735 1743/1743
f 1744/1744 1745/1745 1746/1746
f 1747/1747 1745/1745 1744/1744
f 1748/1748 1740/1740 1739/1739
f 1749/1749 1743/1743 1735/1735
f 1750/1750 1751/1751 1752/1752
f 1753/1753 1751/1751 1750/1750
f 1752/1752 1748/1748 1750/1750
f 1745/1745 1747/1747 1754/1754
f 1755/1755 1756/1756 1757/1757
f 1758/1758 1759/1759 1760/1760
f 1761/1761 1762/1762 1751/1751
f 1763/1763 1761/1761 1751/1751
f 1751/1751 1753/1753 1763/1763
f 1764/1764 1765/1765 1766/1766
f 1767/1767 1765/1765 1764/1764
f 1766/1766 1768/1768 1764/1764
f 1764/1764 1768/1768 1769/1769
f 1764/1764 1769/1769 1770/1770
f 1764/1764 1770/1770 1767/1767
f 1771/1771 1766/1766 1765/1765
f 1772/1772 1771/1771 1765/1765
f 1773/1773 1772/1772 1765/1765
f 1765/1765 1767/1767 1773/1773
f 1654/1654 1774/1774 1775/1775
f 1653/1653 1774/1774 1654/1654
f 1324/1324 1776/1776 1321/1321
f 1777/1777 1778/1778 1694/1694
f 1694/1694 1695/1695 1777/1777
f 1779/1779 1664/1664 1663/1663
f 1742/1742 1779/1779 1663/1663
f 1780/1780 1668/1668 1664/1664
f 1664/1664 1779/1779 1780/1780
f 1781/1781 1675/1675 1674/1674
f 1674/1674 1782/1782 1781/1781
f 1677/1677 1783/1783 1784/1784
f 1677/1677 1784/1784 1678/1678
f 1785/1785 1780/1780 1779/1779
f 1779/1779 1742/1742 1741/1741
f 1779/1779 1741/1741 1785/1785
f 1786/1786 1781/1781 1782/1782
f 1782/1782 1787/1787 1786/1786
f 1788/1788 1784/1784 1783/1783
f 1789/1789 1790/1790 1784/1784
f 1784/1784 1790/1790 1686/1686
f 1791/1791 1792/1792 1793/1793
f 1794/1794 1795/1795 1796/1796
f 1686/1686 1678/1678 1784/1784
f 1790/1790 1789/1789 1797/1797
f 1709/1709 1692/1692 1798/1798
f 1799/1799 1709/1709 1798/1798
f 1800/1800 1801/1801 1778/1778
f 1776/1776 1802/1802 1321/1321
f 1777/1777 1800/1800 1778/1778
f 1748/1748 1785/1785 1741/1741
f 1741/1741 1740/1740 1748/1748
f 1752/1752 1803/1803 1785/1785
f 1785/1785 1748/1748 1752/1752
f 1758/1758 1793/1793 1792/1792
f 1792/1792 1759/1759 1758/1758
f 1804/1804 1796/1796 1795/1795
f 1795/1795 1805/1805 1804/1804
f 1796/1796 1804/1804 1806/1806
f 1807/1807 1797/1797 1789/1789
f 1802/1802 1808/1808 1321/1321
f 1768/1768 1804/1804 1805/1805
f 1805/1805 1809/1809 1768/1768
f 1804/1804 1768/1768 1766/1766
f 1766/1766 1806/1806 1804/1804
f 1808/1808 1810/1810 1321/1321
f 1777/1777 1811/1811 1800/1800
f 1769/1769 1768/1768 1809/1809
f 1809/1809 1812/1812 1769/1769
f 1813/1813 1797/1797 1814/1814
f 1814/1814 1712/1712 1813/1813
f 1815/1815 1814/1814 1797/1797
f 1797/1797 1807/1807 1815/1815
f 1712/1712 1814/1814 1816/1816
f 1712/1712 1816/1816 1719/1719
f 1815/1815 1816/1816 1814/1814
f 1816/1816 1815/1815 1817/1817
f 1816/1816 1817/1817 1818/1818
f 1816/1816 1818/1818 1719/1719
f 1819/1819 1820/1820 1821/1821
f 1822/1822 1823/1823 1824/1824
f 1825/1825 1817/1817 1815/1815
f 1817/1817 1826/1826 1818/1818
f 1827/1827 1826/1826 1817/1817
f 1817/1817 1825/1825 1827/1827
f 1826/1826 1828/1828 1829/1829
f 1830/1830 1828/1828 1826/1826
f 1829/1829 1818/1818 1826/1826
f 1826/1826 1827/1827 1830/1830
f 1831/1831 1832/1832 1833/1833
f 1834/1834 1831/1831 1833/1833
f 1828/1828 1830/1830 1835/1835
f 1833/1833 1836/1836 1837/1837
f 1833/1833 1837/1837 1834/1834
f 1818/1818 1829/1829 1720/1720
f 1720/1720 1719/1719 1818/1818
f 1832/1832 1831/1831 1838/1838
f 1839/1839 1720/1720 1829/1829
f 1831/1831 1840/1840 1841/1841
f 1834/1834 1840/1840 1831/1831
f 1842/1842 1838/1838 1831/1831
f 1841/1841 1842/1842 1831/1831
f 1843/1843 1841/1841 1840/1840
f 1840/1840 1834/1834 1844/1844
f 1840/1840 1844/1844 1843/1843
f 1839/1839 1718/1718 1720/1720
f 1839/1839 1731/1731 1718/1718
f 1727/1727 1838/1838 1733/1733
f 1838/1838 1842/1842 1733/1733
f 1845/1845 1733/1733 1842/1842
f 1841/1841 1845/1845 1842/1842
f 1845/1845 1734/1734 1733/1733
f 1734/1734 1845/1845 1846/1846
f 1734/1734 1846/1846 1847/1847
f 1847/1847 1730/1730 1734/1734
f 1843/1843 1846/1846 1845/1845
f 1845/1845 1841/1841 1843/1843
f 1848/1848 1847/1847 1846/1846
f 1843/1843 1848/1848 1846/1846
f 1772/1772 1849/1849 1771/1771
f 1850/1850 1830/1830 1827/1827
f 1827/1827 1851/1851 1850/1850
f 1850/1850 1835/1835 1830/1830
f 1852/1852 1837/1837 1836/1836
f 1835/1835 1850/1850 1853/1853
f 1836/1836 1854/1854 1852/1852
f 1855/1855 1834/1834 1837/1837
f 1856/1856 1855/1855 1837/1837
f 1837/1837 1852/1852 1856/1856
f 1855/1855 1844/1844 1834/1834
f 1844/1844 1855/1855 1843/1843
f 1855/1855 1856/1856 1843/1843
f 1773/1773 1857/1857 1772/1772
f 1858/1858 1854/1854 1859/1859
f 1857/1857 1773/1773 1860/1860
f 1861/1861 1852/1852 1854/1854
f 1854/1854 1858/1858 1861/1861
f 1862/1862 1856/1856 1852/1852
f 1852/1852 1861/1861 1863/1863
f 1852/1852 1863/1863 1862/1862
f 1856/1856 1862/1862 1843/1843
f 1864/1864 1865/1865 1866/1866
f 1867/1867 1864/1864 1866/1866
f 1868/1868 1869/1869 1870/1870
f 1700/1700 1699/1699 1871/1871
f 1871/1871 1872/1872 1700/1700
f 1700/1700 1872/1872 1639/1639
f 1873/1873 1874/1874 1875/1875
f 1876/1876 1877/1877 1878/1878
f 1879/1879 1871/1871 1702/1702
f 1880/1880 1703/1703 1706/1706
f 1881/1881 1880/1880 1706/1706
f 1882/1882 1881/1881 1706/1706
f 1706/1706 1705/1705 1882/1882
f 1883/1883 1878/1878 1877/1877
f 1884/1884 1885/1885 1886/1886
f 1695/1695 1887/1887 1888/1888
f 1695/1695 1888/1888 1889/1889
f 1889/1889 1777/1777 1695/1695
f 1872/1872 1871/1871 1890/1890
f 1872/1872 1890/1890 1639/1639
f 1871/1871 1879/1879 1891/1891
f 1891/1891 1890/1890 1871/1871
f 1878/1878 1883/1883 1892/1892
f 1879/1879 1893/1893 1891/1891
f 1864/1864 1867/1867 1894/1894
f 1880/1880 1881/1881 1895/1895
f 1896/1896 1897/1897 1898/1898
f 1899/1899 1895/1895 1881/1881
f 1900/1900 1899/1899 1881/1881
f 1881/1881 1882/1882 1900/1900
f 1901/1901 1894/1894 1867/1867
f 1869/1869 1868/1868 1902/1902
f 1903/1903 1901/1901 1867/1867
f 1887/1887 1904/1904 1888/1888
f 1890/1890 1891/1891 1905/1905
f 1890/1890 1905/1905 1639/1639
f 1906/1906 1907/1907 1908/1908
f 1897/1897 1896/1896 1909/1909
f 1910/1910 1911/1911 1912/1912
f 1913/1913 1914/1914 1915/1915
f 1895/1895 1899/1899 1916/1916
f 1917/1917 1918/1918 1919/1919
f 1899/1899 1900/1900 1920/1920
f 1921/1921 1918/1918 1922/1922
f 1923/1923 1921/1921 1922/1922
f 1924/1924 1639/1639 1905/1905
f 1911/1911 1910/1910 1925/1925
f 1925/1925 1926/1926 1911/1911
f 1705/1705 1721/1721 1882/1882
f 1721/1721 1723/1723 1927/1927
f 1927/1927 1882/1882 1721/1721
f 1725/1725 1724/1724 1928/1928
f 1929/1929 1927/1927 1723/1723
f 1930/1930 1931/1931 1932/1932
f 1933/1933 1934/1934 1935/1935
f 1936/1936 1928/1928 1724/1724
f 1730/1730 1847/1847 1936/1936
f 1882/1882 1927/1927 1900/1900
f 1937/1937 1931/1931 1938/1938
f 1938/1938 1939/1939 1937/1937
f 1931/1931 1930/1930 1940/1940
f 1941/1941 1942/1942 1943/1943
f 1940/1940 1944/1944 1931/1931
f 1928/1928 1936/1936 1945/1945
f 1945/1945 1946/1946 1928/1928
f 1939/1939 1938/1938 1947/1947
f 1939/1939 1947/1947 1923/1923
f 1938/1938 1944/1944 1948/1948
f 1948/1948 1947/1947 1938/1938
f 1944/1944 1940/1940 1949/1949
f 1949/1949 1948/1948 1944/1944
f 1298/1298 1633/1633 1950/1950
f 1950/1950 1421/1421 1298/1298
f 1633/1633 1634/1634 1951/1951
f 1951/1951 1950/1950 1633/1633
f 1952/1952 1953/1953 1954/1954
f 1954/1954 1955/1955 1952/1952
f 1638/1638 1637/1637 1956/1956
f 1956/1956 1957/1957 1638/1638
f 1639/1639 1956/1956 1637/1637
f 1950/1950 1426/1426 1421/1421
f 1958/1958 1959/1959 1960/1960
f 1960/1960 1961/1961 1958/1958
f 1959/1959 1958/1958 1962/1962
f 1446/1446 1963/1963 1448/1448
f 1964/1964 1958/1958 1961/1961
f 1961/1961 1955/1955 1964/1964
f 1958/1958 1964/1964 1962/1962
f 1955/1955 1954/1954 1965/1965
f 1965/1965 1964/1964 1955/1955
f 1966/1966 1965/1965 1954/1954
f 1964/1964 1965/1965 1967/1967
f 1967/1967 1962/1962 1964/1964
f 1965/1965 1966/1966 1968/1968
f 1965/1965 1968/1968 1967/1967
f 1969/1969 1970/1970 1956/1956
f 1956/1956 1639/1639 1969/1969
f 1971/1971 1967/1967 1968/1968
f 1970/1970 1969/1969 1972/1972
f 1968/1968 1973/1973 1971/1971
f 1963/1963 1974/1974 1975/1975
f 1975/1975 1448/1448 1963/1963
f 1976/1976 1975/1975 1974/1974
f 1977/1977 1969/1969 1639/1639
f 1639/1639 1924/1924 1978/1978
f 1639/1639 1978/1978 1979/1979
f 1639/1639 1979/1979 1980/1980
f 1639/1639 1980/1980 1981/1981
f 1639/1639 1981/1981 1977/1977
f 1448/1448 1975/1975 1982/1982
f 1983/1983 1610/1610 1448/1448
f 1982/1982 1983/1983 1448/1448
f 1984/1984 1972/1972 1969/1969
f 1969/1969 1977/1977 1984/1984
f 1975/1975 1976/1976 1985/1985
f 1985/1985 1982/1982 1975/1975
f 1986/1986 1976/1976 1987/1987
f 1976/1976 1986/1986 1985/1985
f 1988/1988 1902/1902 1868/1868
f 1901/1901 1903/1903 1989/1989
f 1904/1904 1990/1990 1888/1888
f 1918/1918 1921/1921 1991/1991
f 1992/1992 1919/1919 1918/1918
f 1991/1991 1992/1992 1918/1918
f 1921/1921 1923/1923 1993/1993
f 1921/1921 1993/1993 1994/1994
f 1994/1994 1991/1991 1921/1921
f 1914/1914 1913/1913 1995/1995
f 1996/1996 1995/1995 1913/1913
f 1847/1847 1848/1848 1997/1997
f 1997/1997 1936/1936 1847/1847
f 1998/1998 1997/1997 1848/1848
f 1843/1843 1998/1998 1848/1848
f 1936/1936 1997/1997 1945/1945
f 1997/1997 1998/1998 1999/1999
f 1999/1999 1945/1945 1997/1997
f 2000/2000 1999/1999 1998/1998
f 1843/1843 2000/2000 1998/1998
f 1946/1946 1945/1945 2001/2001
f 1946/1946 2001/2001 2002/2002
f 1945/1945 1999/1999 2001/2001
f 1999/1999 2000/2000 2003/2003
f 2003/2003 2001/2001 1999/1999
f 2004/2004 2003/2003 2000/2000
f 1843/1843 2004/2004 2000/2000
f 2001/2001 2003/2003 2005/2005
f 2006/2006 2002/2002 2001/2001
f 2001/2001 2005/2005 2006/2006
f 2003/2003 2004/2004 2007/2007
f 2003/2003 2007/2007 2005/2005
f 1993/1993 1923/1923 1947/1947
f 1947/1947 1948/1948 2008/2008
f 2009/2009 1993/1993 1947/1947
f 2008/2008 2009/2009 1947/1947
f 1948/1948 1949/1949 2008/2008
f 2010/2010 2008/2008 1949/1949
f 1993/1993 2009/2009 2011/2011
f 2011/2011 1994/1994 1993/1993
f 2009/2009 2008/2008 2012/2012
f 2009/2009 2012/2012 2013/2013
f 2013/2013 2011/2011 2009/2009
f 2008/2008 2010/2010 2012/2012
f 2014/2014 2007/2007 2004/2004
f 1843/1843 2014/2014 2004/2004
f 2015/2015 2005/2005 2007/2007
f 2007/2007 2014/2014 2016/2016
f 2016/2016 2017/2017 2007/2007
f 2007/2007 2017/2017 2015/2015
f 2015/2015 2006/2006 2005/2005
f 2018/2018 2012/2012 2010/2010
f 2010/2010 2019/2019 2018/2018
f 1843/1843 2016/2016 2014/2014
f 2017/2017 2016/2016 2020/2020
f 2017/2017 2020/2020 2021/2021
f 2021/2021 2015/2015 2017/2017
f 1843/1843 2020/2020 2016/2016
f 2022/2022 2021/2021 2020/2020
f 2023/2023 2022/2022 2020/2020
f 1843/1843 2023/2023 2020/2020
f 2024/2024 1989/1989 1903/1903
f 2025/2025 2024/2024 1903/1903
f 1926/1926 1925/1925 2026/2026
f 1926/1926 2026/2026 2027/2027
f 1995/1995 1996/1996 2028/2028
f 1992/1992 1991/1991 2029/2029
f 2030/2030 2028/2028 1996/1996
f 1991/1991 1994/1994 2031/2031
f 1991/1991 2031/2031 2029/2029
f 2032/2032 2031/2031 1994/1994
f 2011/2011 2032/2032 1994/1994
f 1990/1990 2033/2033 1888/1888
f 2034/2034 1463/1463 2035/2035
f 2036/2036 2037/2037 2038/2038
f 2039/2039 1978/1978 2040/2040
f 2031/2031 2032/2032 2041/2041
f 2042/2042 2029/2029 2031/2031
f 2041/2041 2042/2042 2031/2031
f 2043/2043 2041/2041 2032/2032
f 2044/2044 2045/2045 2046/2046
f 2046/2046 2047/2047 2044/2044
f 2048/2048 2039/2039 2049/2049
f 1978/1978 2039/2039 1979/1979
f 2050/2050 2035/2035 1463/1463
f 1603/1603 2050/2050 1463/1463
f 1888/1888 2051/2051 2052/2052
f 1888/1888 2052/2052 2053/2053
f 1888/1888 2053/2053 2054/2054
f 1888/1888 2054/2054 1889/1889
f 2039/2039 2048/2048 2055/2055
f 2055/2055 1979/1979 2039/2039
f 2042/2042 2041/2041 2056/2056
f 2042/2042 2056/2056 2057/2057
f 2058/2058 2045/2045 2059/2059
f 2060/2060 2056/2056 2041/2041
f 2061/2061 2059/2059 2045/2045
f 2062/2062 2061/2061 2045/2045
f 2045/2045 2044/2044 2062/2062
f 2063/2063 2064/2064 2065/2065
f 1979/1979 2066/2066 1980/1980
f 2050/2050 1603/1603 2067/2067
f 2056/2056 2060/2060 2068/2068
f 2069/2069 2057/2057 2056/2056
f 2070/2070 2071/2071 2072/2072
f 2059/2059 2061/2061 2073/2073
f 2074/2074 2075/2075 2076/2076
f 2061/2061 2062/2062 2077/2077
f 2078/2078 2073/2073 2061/2061
f 2077/2077 2078/2078 2061/2061
f 2012/2012 2018/2018 2079/2079
f 2080/2080 2013/2013 2012/2012
f 2079/2079 2080/2080 2012/2012
f 2081/2081 2018/2018 2019/2019
f 2021/2021 2082/2082 2015/2015
f 2018/2018 2081/2081 2079/2079
f 2047/2047 2083/2083 2044/2044
f 2084/2084 2044/2044 2083/2083
f 2080/2080 2085/2085 2013/2013
f 2044/2044 2084/2084 2086/2086
f 2086/2086 2062/2062 2044/2044
f 2084/2084 2087/2087 2086/2086
f 2080/2080 2079/2079 2088/2088
f 2087/2087 2089/2089 2086/2086
f 2082/2082 2021/2021 2090/2090
f 2091/2091 2092/2092 2082/2082
f 2082/2082 2090/2090 2091/2091
f 2021/2021 2022/2022 2090/2090
f 2093/2093 2088/2088 2079/2079
f 2094/2094 2090/2090 2022/2022
f 2022/2022 2023/2023 2095/2095
f 2022/2022 2095/2095 2094/2094
f 2096/2096 2091/2091 2090/2090
f 2090/2090 2094/2094 2096/2096
f 2088/2088 2093/2093 2097/2097
f 2098/2098 2086/2086 2089/2089
f 2099/2099 2100/2100 2101/2101
f 2023/2023 1843/1843 2102/2102
f 2023/2023 2102/2102 2095/2095
f 2062/2062 2086/2086 2103/2103
f 2103/2103 2077/2077 2062/2062
f 2098/2098 2103/2103 2086/2086
f 2104/2104 1321/1321 1810/1810
f 2105/2105 1754/1754 1747/1747
f 2106/2106 2107/2107 2108/2108
f 2109/2109 1757/1757 1756/1756
f 1754/1754 2105/2105 2110/2110
f 1754/1754 2110/2110 2111/2111
f 2112/2112 2113/2113 2114/2114
f 1757/1757 2109/2109 2115/2115
f 2116/2116 1769/1769 1812/1812
f 1812/1812 2115/2115 2116/2116
f 2116/2116 1770/1770 1769/1769
f 2117/2117 2118/2118 2119/2119
f 2120/2120 2121/2121 1646/1646
f 1646/1646 1257/1257 2120/2120
f 2122/2122 2110/2110 2105/2105
f 2118/2118 2117/2117 2123/2123
f 2124/2124 2111/2111 2110/2110
f 2122/2122 2125/2125 2110/2110
f 2110/2110 2125/2125 2124/2124
f 2126/2126 2115/2115 2109/2109
f 2109/2109 2127/2127 2126/2126
f 2128/2128 1767/1767 1770/1770
f 1770/1770 2129/2129 2128/2128
f 2116/2116 2129/2129 1770/1770
f 2130/2130 1773/1773 1767/1767
f 1767/1767 2128/2128 2130/2130
f 2131/2131 1860/1860 1773/1773
f 2132/2132 2133/2133 2134/2134
f 2135/2135 2128/2128 2129/2129
f 2129/2129 2116/2116 2136/2136
f 2129/2129 2136/2136 2137/2137
f 2129/2129 2137/2137 2135/2135
f 2128/2128 2135/2135 2138/2138
f 2138/2138 2130/2130 2128/2128
f 2139/2139 2140/2140 2141/2141
f 2139/2139 2141/2141 2142/2142
f 2143/2143 2144/2144 1777/1777
f 1889/1889 2143/2143 1777/1777
f 2145/2145 2146/2146 2144/2144
f 2141/2141 2147/2147 2142/2142
f 2143/2143 2145/2145 2144/2144
f 2136/2136 2116/2116 2115/2115
f 2126/2126 2136/2136 2115/2115
f 2136/2136 2126/2126 2148/2148
f 2149/2149 2150/2150 2151/2151
f 2152/2152 2123/2123 2117/2117
f 2117/2117 2153/2153 2152/2152
f 2120/2120 2154/2154 2121/2121
f 2147/2147 2155/2155 2142/2142
f 2125/2125 2122/2122 2156/2156
f 2157/2157 2124/2124 2125/2125
f 2125/2125 2156/2156 2157/2157
f 2158/2158 2156/2156 2122/2122
f 2159/2159 2126/2126 2127/2127
f 2124/2124 2157/2157 2160/2160
f 2126/2126 2159/2159 2148/2148
f 2161/2161 2157/2157 2156/2156
f 2156/2156 2158/2158 2162/2162
f 2163/2163 2164/2164 2165/2165
f 2166/2166 2160/2160 2157/2157
f 2161/2161 2166/2166 2157/2157
f 2167/2167 2168/2168 2169/2169
f 2169/2169 2170/2170 2167/2167
f 2168/2168 2167/2167 2171/2171
f 2172/2172 2137/2137 2148/2148
f 2173/2173 2174/2174 2175/2175
f 2154/2154 2176/2176 2177/2177
f 2178/2178 2176/2176 2154/2154
f 2120/2120 2178/2178 2154/2154
f 2179/2179 2162/2162 2158/2158
f 2155/2155 2180/2180 2142/2142
f 2181/2181 2182/2182 2183/2183
f 2176/2176 2184/2184 2185/2185
f 2178/2178 2184/2184 2176/2176
f 2186/2186 2142/2142 2180/2180
f 2187/2187 2188/2188 2143/2143
f 1889/1889 2187/2187 2143/2143
f 2189/2189 2165/2165 2164/2164
f 2162/2162 2179/2179 2190/2190
f 2191/2191 2189/2189 2164/2164
f 2192/2192 2193/2193 2194/2194
f 2195/2195 2167/2167 2170/2170
f 2170/2170 2196/2196 2195/2195
f 2165/2165 2189/2189 2197/2197
f 2198/2198 2199/2199 2200/2200
f 2201/2201 2171/2171 2167/2167
f 2195/2195 2201/2201 2167/2167
f 2202/2202 2203/2203 2204/2204
f 2202/2202 2204/2204 2205/2205
f 2202/2202 2205/2205 2206/2206
f 2207/2207 1861/1861 1858/1858
f 1860/1860 2131/2131 2208/2208
f 2209/2209 1863/1863 1861/1861
f 2207/2207 2209/2209 1861/1861
f 2210/2210 1862/1862 1863/1863
f 1863/1863 2209/2209 2210/2210
f 1862/1862 2210/2210 1843/1843
f 2211/2211 2210/2210 2209/2209
f 2209/2209 2207/2207 2212/2212
f 2209/2209 2212/2212 2211/2211
f 2210/2210 2211/2211 1843/1843
f 2213/2213 2135/2135 2137/2137
f 2137/2137 2172/2172 2213/2213
f 2213/2213 2138/2138 2135/2135
f 2214/2214 2134/2134 2133/2133
f 2130/2130 2138/2138 2215/2215
f 2216/2216 2208/2208 2131/2131
f 2217/2217 2218/2218 2219/2219
f 2219/2219 2212/2212 2207/2207
f 2220/2220 2215/2215 2138/2138
f 2138/2138 2213/2213 2220/2220
f 2221/2221 2219/2219 2218/2218
f 2215/2215 2220/2220 2222/2222
f 2212/2212 2219/2219 2223/2223
f 2224/2224 2211/2211 2212/2212
f 2212/2212 2223/2223 2224/2224
f 2221/2221 2225/2225 2219/2219
f 2219/2219 2225/2225 2223/2223
f 2211/2211 2224/2224 1843/1843
f 2226/2226 2227/2227 2171/2171
f 2201/2201 2226/2226 2171/2171
f 2228/2228 2229/2229 2227/2227
f 2227/2227 2226/2226 2228/2228
f 2230/2230 2231/2231 2232/2232
f 2233/2233 2234/2234 2235/2235
f 2236/2236 2223/2223 2225/2225
f 2237/2237 2238/2238 2225/2225
f 2225/2225 2238/2238 2236/2236
f 2239/2239 2228/2228 2240/2240
f 2241/2241 2224/2224 2223/2223
f 2236/2236 2241/2241 2223/2223
f 2224/2224 2241/2241 1843/1843
f 2241/2241 2236/2236 2242/2242
f 2241/2241 2242/2242 1843/1843
f 2226/2226 2201/2201 2243/2243
f 2244/2244 2228/2228 2226/2226
f 2226/2226 2243/2243 2244/2244
f 2201/2201 2195/2195 2245/2245
f 2201/2201 2245/2245 2243/2243
f 2246/2246 2247/2247 2248/2248
f 2249/2249 2236/2236 2238/2238
f 2250/2250 2249/2249 2238/2238
f 2244/2244 2240/2240 2228/2228
f 2247/2247 2251/2251 2248/2248
f 2252/2252 2251/2251 2247/2247
f 2249/2249 2242/2242 2236/2236
f 2253/2253 2248/2248 2251/2251
f 2251/2251 2252/2252 2254/2254
f 2255/2255 2253/2253 2251/2251
f 2251/2251 2254/2254 2255/2255
f 2242/2242 2249/2249 2256/2256
f 2242/2242 2256/2256 1843/1843
f 2249/2249 2250/2250 2257/2257
f 2249/2249 2258/2258 2256/2256
f 2257/2257 2258/2258 2249/2249
f 2259/2259 2256/2256 2258/2258
f 2260/2260 2259/2259 2258/2258
f 2261/2261 2262/2262 2263/2263
f 2256/2256 2259/2259 1843/1843
f 2259/2259 2260/2260 2264/2264
f 2264/2264 1843/1843 2259/2259
f 2265/2265 2185/2185 2184/2184
f 2266/2266 2267/2267 2268/2268
f 2269/2269 2270/2270 2184/2184
f 2184/2184 2178/2178 2269/2269
f 2271/2271 2197/2197 2189/2189
f 2189/2189 2191/2191 2272/2272
f 2273/2273 2271/2271 2189/2189
f 2274/2274 2275/2275 2276/2276
f 2277/2277 2200/2200 2199/2199
f 2197/2197 2271/2271 2278/2278
f 2279/2279 2280/2280 2188/2188
f 2187/2187 2279/2279 2188/2188
f 2281/2281 2195/2195 2196/2196
f 2282/2282 2283/2283 2284/2284
f 2195/2195 2281/2281 2245/2245
f 2285/2285 2278/2278 2271/2271
f 2271/2271 2273/2273 2286/2286
f 2271/2271 2286/2286 2285/2285
f 2287/2287 2284/2284 2283/2283
f 2288/2288 2289/2289 2290/2290
f 2281/2281 2291/2291 2292/2292
f 2292/2292 2245/2245 2281/2281
f 2293/2293 2276/2276 2275/2275
f 2267/2267 2266/2266 2294/2294
f 2295/2295 2296/2296 2297/2297
f 2298/2298 2299/2299 2300/2300
f 2301/2301 2205/2205 2204/2204
f 2302/2302 2285/2285 2286/2286
f 2296/2296 2295/2295 2303/2303
f 2304/2304 2302/2302 2286/2286
f 2305/2305 2304/2304 2286/2286
f 2306/2306 2290/2290 2289/2289
f 2285/2285 2302/2302 2307/2307
f 2308/2308 2292/2292 2291/2291
f 2309/2309 2310/2310 2311/2311
f 2290/2290 2306/2306 2312/2312
f 2313/2313 2314/2314 2270/2270
f 2269/2269 2313/2313 2270/2270
f 2299/2299 2298/2298 2315/2315
f 2314/2314 2313/2313 2316/2316
f 2316/2316 2317/2317 2314/2314
f 2318/2318 2316/2316 2313/2313
f 2313/2313 2269/2269 2318/2318
f 2319/2319 2243/2243 2245/2245
f 2245/2245 2292/2292 2319/2319
f 2320/2320 2244/2244 2243/2243
f 2321/2321 2322/2322 2254/2254
f 2323/2323 2319/2319 2292/2292
f 2292/2292 2308/2308 2323/2323
f 2324/2324 2254/2254 2322/2322
f 2322/2322 2325/2325 2324/2324
f 2253/2253 2255/2255 2326/2326
f 2257/2257 2327/2327 2260/2260
f 2328/2328 2255/2255 2254/2254
f 2254/2254 2324/2324 2328/2328
f 2328/2328 2326/2326 2255/2255
f 2329/2329 2325/2325 2330/2330
f 2331/2331 2324/2324 2325/2325
f 2325/2325 2329/2329 2331/2331
f 2332/2332 2260/2260 2327/2327
f 2326/2326 2328/2328 2333/2333
f 2326/2326 2333/2333 2334/2334
f 2332/2332 2264/2264 2260/2260
f 2335/2335 2328/2328 2324/2324
f 2324/2324 2331/2331 2336/2336
f 2336/2336 2335/2335 2324/2324
f 2335/2335 2333/2333 2328/2328
f 2337/2337 2338/2338 2339/2339
f 2340/2340 2341/2341 1889/1889
f 2342/2342 1604/1604 2343/2343
f 2344/2344 2345/2345 2346/2346
f 1889/1889 2347/2347 2340/2340
f 2338/2338 2337/2337 2348/2348
f 2349/2349 2350/2350 2351/2351
f 2351/2351 2350/2350 2352/2352
f 2353/2353 2354/2354 2355/2355
f 2356/2356 2353/2353 2355/2355
f 2357/2357 2356/2356 2355/2355
f 2358/2358 2359/2359 2360/2360
f 2349/2349 2361/2361 2350/2350
f 2350/2350 2361/2361 2362/2362
f 2363/2363 2352/2352 2350/2350
f 2362/2362 2363/2363 2350/2350
f 2364/2364 2365/2365 1843/1843
f 1843/1843 2365/2365 2366/2366
f 1843/1843 2264/2264 2367/2367
f 1843/1843 2367/2367 2368/2368
f 1843/1843 2368/2368 2369/2369
f 2370/2370 2364/2364 1843/1843
f 2369/2369 2370/2370 1843/1843
f 2366/2366 2102/2102 1843/1843
f 2365/2365 2364/2364 2371/2371
f 2365/2365 2371/2371 2372/2372
f 2372/2372 2366/2366 2365/2365
f 2332/2332 2367/2367 2264/2264
f 2373/2373 2368/2368 2367/2367
f 2367/2367 2332/2332 2373/2373
f 2374/2374 2369/2369 2368/2368
f 2375/2375 2374/2374 2368/2368
f 2368/2368 2373/2373 2375/2375
f 2364/2364 2370/2370 2376/2376
f 2376/2376 2371/2371 2364/2364
f 2370/2370 2369/2369 2376/2376
f 2377/2377 2378/2378 2371/2371
f 2371/2371 2378/2378 2372/2372
f 2371/2371 2376/2376 2377/2377
f 2379/2379 2380/2380 2381/2381
f 2379/2379 2381/2381 2382/2382
f 2383/2383 2372/2372 2378/2378
f 2384/2384 2383/2383 2378/2378
f 2369/2369 2374/2374 2376/2376
f 2374/2374 2385/2385 2376/2376
f 2386/2386 2385/2385 2374/2374
f 2374/2374 2375/2375 2386/2386
f 2387/2387 2388/2388 2381/2381
f 2389/2389 2388/2388 2387/2387
f 2377/2377 2376/2376 2385/2385
f 2381/2381 2380/2380 2387/2387
f 2390/2390 2389/2389 2387/2387
f 2391/2391 2381/2381 2388/2388
f 2388/2388 2389/2389 2391/2391
f 2392/2392 2393/2393 2361/2361
f 2361/2361 2393/2393 2394/2394
f 2361/2361 2349/2349 2392/2392
f 2394/2394 2362/2362 2361/2361
f 2381/2381 2395/2395 2382/2382
f 2391/2391 2395/2395 2381/2381
f 2395/2395 2396/2396 2397/2397
f 2398/2398 2396/2396 2395/2395
f 2397/2397 2399/2399 2395/2395
f 2395/2395 2399/2399 2382/2382
f 2395/2395 2391/2391 2398/2398
f 2393/2393 2392/2392 2400/2400
f 2401/2401 2067/2067 1603/1603
f 2402/2402 2401/2401 1603/1603
f 1603/1603 1604/1604 2402/2402
f 2073/2073 2078/2078 2403/2403
f 2404/2404 2076/2076 2075/2075
f 2073/2073 2403/2403 2405/2405
f 2406/2406 2403/2403 2078/2078
f 2078/2078 2077/2077 2406/2406
f 2071/2071 2070/2070 2407/2407
f 2408/2408 1980/1980 2066/2066
f 2066/2066 2409/2409 2408/2408
f 2076/2076 2404/2404 2409/2409
f 1980/1980 2408/2408 1981/1981
f 2410/2410 2405/2405 2403/2403
f 2411/2411 2410/2410 2403/2403
f 2412/2412 2411/2411 2403/2403
f 2403/2403 2406/2406 2412/2412
f 2413/2413 2409/2409 2404/2404
f 2405/2405 2410/2410 2414/2414
f 2415/2415 2408/2408 2409/2409
f 2409/2409 2413/2413 2415/2415
f 2415/2415 2416/2416 2408/2408
f 2408/2408 2416/2416 2417/2417
f 2408/2408 2417/2417 1981/1981
f 2342/2342 2402/2402 1604/1604
f 2418/2418 2419/2419 2420/2420
f 1602/1602 2421/2421 1604/1604
f 2054/2054 2347/2347 1889/1889
f 2410/2410 2411/2411 2422/2422
f 2353/2353 2423/2423 2424/2424
f 2424/2424 2423/2423 2425/2425
f 2411/2411 2426/2426 2422/2422
f 2427/2427 2426/2426 2411/2411
f 2411/2411 2412/2412 2427/2427
f 2423/2423 2353/2353 2356/2356
f 2428/2428 2416/2416 2415/2415
f 2429/2429 2416/2416 2428/2428
f 2415/2415 2413/2413 2428/2428
f 2430/2430 2431/2431 2432/2432
f 2428/2428 2433/2433 2434/2434
f 2416/2416 2429/2429 2435/2435
f 2416/2416 2435/2435 2417/2417
f 2429/2429 2434/2434 2436/2436
f 2429/2429 2436/2436 2435/2435
f 2437/2437 2434/2434 2433/2433
f 2357/2357 2438/2438 2356/2356
f 2437/2437 2436/2436 2434/2434
f 2436/2436 2437/2437 2439/2439
f 2436/2436 2439/2439 2440/2440
f 2436/2436 2440/2440 2441/2441
f 2436/2436 2441/2441 2435/2435
f 2442/2442 2095/2095 2102/2102
f 2102/2102 2366/2366 2442/2442
f 2443/2443 2094/2094 2095/2095
f 2095/2095 2442/2442 2443/2443
f 2443/2443 2096/2096 2094/2094
f 2444/2444 2101/2101 2100/2100
f 2445/2445 2446/2446 2447/2447
f 2372/2372 2442/2442 2366/2366
f 2077/2077 2103/2103 2448/2448
f 2448/2448 2406/2406 2077/2077
f 2103/2103 2098/2098 2449/2449
f 2103/2103 2449/2449 2448/2448
f 2450/2450 2451/2451 2452/2452
f 2372/2372 2443/2443 2442/2442
f 2453/2453 2454/2454 2455/2455
f 2443/2443 2372/2372 2383/2383
f 2456/2456 2452/2452 2451/2451
f 2451/2451 2383/2383 2456/2456
f 2449/2449 2457/2457 2458/2458
f 2458/2458 2448/2448 2449/2449
f 2384/2384 2456/2456 2383/2383
f 2399/2399 2459/2459 2460/2460
f 2382/2382 2399/2399 2460/2460
f 2406/2406 2448/2448 2412/2412
f 2461/2461 2412/2412 2448/2448
f 2458/2458 2461/2461 2448/2448
f 2412/2412 2461/2461 2462/2462
f 2462/2462 2427/2427 2412/2412
f 2461/2461 2458/2458 2463/2463
f 2461/2461 2463/2463 2462/2462
f 2205/2205 2301/2301 2464/2464
f 2205/2205 2464/2464 2337/2337
f 2205/2205 2337/2337 2206/2206
f 2465/2465 2307/2307 2302/2302
f 2466/2466 2467/2467 2468/2468
f 2304/2304 2469/2469 2302/2302
f 2470/2470 2468/2468 2471/2471
f 2348/2348 2337/2337 2464/2464
f 2304/2304 2472/2472 2469/2469
f 2469/2469 2472/2472 2473/2473
f 2474/2474 2468/2468 2467/2467
f 2469/2469 2473/2473 2475/2475
f 2472/2472 2304/2304 2476/2476
f 2472/2472 2476/2476 2477/2477
f 2477/2477 2473/2473 2472/2472
f 2468/2468 2474/2474 2478/2478
f 2478/2478 2471/2471 2468/2468
f 2304/2304 2305/2305 2476/2476
f 2317/2317 2316/2316 2479/2479
f 2317/2317 2479/2479 2480/2480
f 2481/2481 2479/2479 2316/2316
f 2316/2316 2318/2318 2481/2481
f 2482/2482 2480/2480 2479/2479
f 2483/2483 2484/2484 2485/2485
f 2486/2486 2487/2487 2479/2479
f 2479/2479 2481/2481 2486/2486
f 2488/2488 2489/2489 2490/2490
f 2482/2482 2491/2491 2480/2480
f 2473/2473 2477/2477 2492/2492
f 2493/2493 2475/2475 2473/2473
f 2494/2494 2352/2352 2363/2363
f 2495/2495 2490/2490 2489/2489
f 2491/2491 2482/2482 2439/2439
f 2496/2496 2438/2438 2357/2357
f 2439/2439 2437/2437 2491/2491
f 2360/2360 2359/2359 2497/2497
f 2487/2487 2439/2439 2482/2482
f 2474/2474 2363/2363 2498/2498
f 2498/2498 2478/2478 2474/2474
f 2362/2362 2498/2498 2363/2363
f 2439/2439 2487/2487 2440/2440
f 2487/2487 2486/2486 2499/2499
f 2487/2487 2499/2499 2440/2440
f 2500/2500 2331/2331 2329/2329
f 2329/2329 2501/2501 2500/2500
f 2502/2502 2336/2336 2331/2331
f 2500/2500 2502/2502 2331/2331
f 2503/2503 2334/2334 2333/2333
f 2333/2333 2335/2335 2504/2504
f 2505/2505 2373/2373 2506/2506
f 2335/2335 2336/2336 2502/2502
f 2507/2507 2504/2504 2335/2335
f 2335/2335 2502/2502 2507/2507
f 2508/2508 2500/2500 2501/2501
f 2478/2478 2498/2498 2509/2509
f 2373/2373 2505/2505 2386/2386
f 2386/2386 2375/2375 2373/2373
f 2504/2504 2507/2507 2389/2389
f 2504/2504 2389/2389 2390/2390
f 2389/2389 2507/2507 2502/2502
f 2502/2502 2500/2500 2510/2510
f 2510/2510 2389/2389 2502/2502
f 2508/2508 2510/2510 2500/2500
f 2394/2394 2509/2509 2498/2498
f 2498/2498 2362/2362 2394/2394
f 2389/2389 2510/2510 2391/2391
f 2508/2508 2391/2391 2510/2510
f 2391/2391 2508/2508 2398/2398
f 2511/2511 2512/2512 2513/2513
f 2514/2514 2515/2515 2516/2516
f 2514/2514 2516/2516 2517/2517
f 2517/2517 2518/2518 2514/2514
f 200/200 201/201 2519/2519
f 2520/2520 202/202 200/200
f 2521/2521 2522/2522 2523/2523
f 198/198 199/199 2522/2522
f 2524/2524 237/237 202/202
f 202/202 2520/2520 2524/2524
f 237/237 2524/2524 2525/2525
f 237/237 2525/2525 236/236
f 199/199 203/203 2526/2526
f 2526/2526 2522/2522 199/199
f 203/203 206/206 2527/2527
f 203/203 2527/2527 2528/2528
f 2528/2528 2526/2526 203/203
f 222/222 2529/2529 205/205
f 2530/2530 2531/2531 2532/2532
f 2533/2533 2534/2534 2535/2535
f 2536/2536 2537/2537 2538/2538
f 2539/2539 205/205 2540/2540
f 2541/2541 2542/2542 2543/2543
f 2543/2543 2542/2542 2544/2544
f 2538/2538 2545/2545 2536/2536
f 2546/2546 2547/2547 2548/2548
f 2527/2527 206/206 205/205
f 2539/2539 2527/2527 205/205
f 2542/2542 2541/2541 2549/2549
f 2550/2550 2544/2544 2542/2542
f 2551/2551 2550/2550 2542/2542
f 2549/2549 2551/2551 2542/2542
f 2552/2552 2553/2553 2554/2554
f 2555/2555 2556/2556 2557/2557
f 2541/2541 2512/2512 2549/2549
f 2558/2558 2559/2559 2560/2560
f 2561/2561 2549/2549 2512/2512
f 2512/2512 2511/2511 2561/2561
f 353/353 352/352 380/380
f 365/365 366/366 2562/2562
f 365/365 2562/2562 2563/2563
f 2563/2563 333/333 365/365
f 368/368 2562/2562 366/366
f 2562/2562 368/368 2564/2564
f 2562/2562 2564/2564 2563/2563
f 2565/2565 2564/2564 368/368
f 368/368 367/367 2566/2566
f 368/368 2566/2566 2565/2565
f 2567/2567 2563/2563 2564/2564
f 2564/2564 2565/2565 2567/2567
f 333/333 2563/2563 2568/2568
f 2569/2569 343/343 333/333
f 2568/2568 2569/2569 333/333
f 2570/2570 2568/2568 2563/2563
f 2563/2563 2567/2567 2570/2570
f 345/345 2571/2571 346/346
f 2571/2571 2572/2572 2573/2573
f 2574/2574 346/346 2571/2571
f 2573/2573 2574/2574 2571/2571
f 2575/2575 2576/2576 2577/2577
f 2578/2578 2579/2579 2580/2580
f 2581/2581 2577/2577 2576/2576
f 2579/2579 2578/2578 2582/2582
f 2579/2579 2582/2582 2583/2583
f 2584/2584 2516/2516 2515/2515
f 2585/2585 2586/2586 2587/2587
f 2588/2588 346/346 2574/2574
f 2589/2589 2590/2590 2588/2588
f 2588/2588 2574/2574 2589/2589
f 2589/2589 2591/2591 2590/2590
f 2591/2591 2589/2589 2592/2592
f 2593/2593 2589/2589 2574/2574
f 2573/2573 2593/2593 2574/2574
f 2589/2589 2593/2593 2592/2592
f 2594/2594 2577/2577 2581/2581
f 2581/2581 2595/2595 2594/2594
f 2595/2595 2581/2581 2596/2596
f 2527/2527 2539/2539 2597/2597
f 2527/2527 2597/2597 2528/2528
f 2544/2544 2550/2550 2598/2598
f 2599/2599 2598/2598 2550/2550
f 2551/2551 2599/2599 2550/2550
f 2600/2600 2601/2601 2602/2602
f 2603/2603 2528/2528 2597/2597
f 2602/2602 2604/2604 2600/2600
f 2597/2597 2605/2605 2603/2603
f 2599/2599 2551/2551 2606/2606
f 2607/2607 2608/2608 2609/2609
f 2609/2609 2610/2610 2607/2607
f 2611/2611 2608/2608 2612/2612
f 2608/2608 2611/2611 2613/2613
f 2608/2608 2613/2613 2609/2609
f 2614/2614 2523/2523 2522/2522
f 2526/2526 2614/2614 2522/2522
f 2614/2614 2615/2615 2523/2523
f 2520/2520 2616/2616 2524/2524
f 2617/2617 2618/2618 2619/2619
f 2617/2617 2620/2620 2621/2621
f 2619/2619 2620/2620 2617/2617
f 2622/2622 2524/2524 2616/2616
f 2614/2614 2526/2526 2623/2623
f 2614/2614 2623/2623 2624/2624
f 2625/2625 2621/2621 2620/2620
f 2626/2626 2625/2625 2620/2620
f 2620/2620 2619/2619 2627/2627
f 2620/2620 2627/2627 2626/2626
f 2628/2628 2525/2525 2524/2524
f 2524/2524 2622/2622 2628/2628
f 2525/2525 2628/2628 2629/2629
f 2629/2629 236/236 2525/2525
f 2630/2630 2631/2631 2621/2621
f 2621/2621 2625/2625 2630/2630
f 2631/2631 2630/2630 2632/2632
f 2632/2632 2633/2633 2631/2631
f 2634/2634 2630/2630 2625/2625
f 2625/2625 2626/2626 2634/2634
f 2630/2630 2634/2634 2635/2635
f 2635/2635 2632/2632 2630/2630
f 2526/2526 2528/2528 2623/2623
f 2636/2636 2623/2623 2528/2528
f 2637/2637 2636/2636 2528/2528
f 2528/2528 2603/2603 2637/2637
f 2638/2638 2619/2619 2639/2639
f 2623/2623 2636/2636 2640/2640
f 2638/2638 2627/2627 2619/2619
f 2641/2641 2640/2640 2636/2636
f 2642/2642 2641/2641 2636/2636
f 2636/2636 2637/2637 2642/2642
f 2627/2627 2638/2638 2643/2643
f 2627/2627 2643/2643 2644/2644
f 2644/2644 2626/2626 2627/2627
f 2645/2645 2643/2643 2638/2638
f 2646/2646 2647/2647 2648/2648
f 2649/2649 2650/2650 2646/2646
f 2646/2646 2648/2648 2649/2649
f 2641/2641 2642/2642 2651/2651
f 2652/2652 2653/2653 2654/2654
f 2626/2626 2644/2644 2655/2655
f 2655/2655 2634/2634 2626/2626
f 2656/2656 2657/2657 2650/2650
f 2650/2650 2649/2649 2656/2656
f 2634/2634 2655/2655 2658/2658
f 2658/2658 2635/2635 2634/2634
f 2657/2657 2656/2656 2659/2659
f 2660/2660 2661/2661 2662/2662
f 2662/2662 2663/2663 2660/2660
f 2664/2664 2665/2665 2666/2666
f 2667/2667 2664/2664 2666/2666
f 2668/2668 2667/2667 2666/2666
f 2604/2604 2602/2602 2669/2669
f 2670/2670 2603/2603 2605/2605
f 2671/2671 2672/2672 2673/2673
f 2605/2605 2674/2674 2670/2670
f 2602/2602 2665/2665 2669/2669
f 2603/2603 2670/2670 2675/2675
f 2603/2603 2675/2675 2637/2637
f 2664/2664 2669/2669 2665/2665
f 2669/2669 2664/2664 2676/2676
f 2677/2677 2678/2678 2679/2679
f 2680/2680 2681/2681 2682/2682
f 2683/2683 2684/2684 2685/2685
f 2686/2686 2687/2687 2688/2688
f 2677/2677 2679/2679 2689/2689
f 2690/2690 2691/2691 2692/2692
f 2693/2693 2679/2679 2678/2678
f 2694/2694 2667/2667 2695/2695
f 2696/2696 2689/2689 2679/2679
f 2697/2697 2698/2698 2694/2694
f 2699/2699 2697/2697 2694/2694
f 2694/2694 2695/2695 2699/2699
f 2700/2700 2695/2695 2667/2667
f 2667/2667 2668/2668 2701/2701
f 2667/2667 2701/2701 2702/2702
f 2667/2667 2702/2702 2700/2700
f 2703/2703 2704/2704 2705/2705
f 2706/2706 2675/2675 2670/2670
f 2698/2698 2697/2697 2699/2699
f 2698/2698 2699/2699 2707/2707
f 2708/2708 2637/2637 2675/2675
f 2675/2675 2706/2706 2708/2708
f 2709/2709 2642/2642 2637/2637
f 2637/2637 2708/2708 2710/2710
f 2637/2637 2710/2710 2709/2709
f 2709/2709 2651/2651 2642/2642
f 2711/2711 2648/2648 2712/2712
f 2651/2651 2709/2709 2713/2713
f 2712/2712 2714/2714 2711/2711
f 2715/2715 2649/2649 2648/2648
f 2648/2648 2711/2711 2715/2715
f 2716/2716 2656/2656 2649/2649
f 2649/2649 2715/2715 2716/2716
f 2716/2716 2659/2659 2656/2656
f 2700/2700 2717/2717 2695/2695
f 2718/2718 2719/2719 2720/2720
f 2721/2721 2699/2699 2695/2695
f 2722/2722 2721/2721 2695/2695
f 2723/2723 2724/2724 2725/2725
f 2725/2725 2724/2724 2726/2726
f 2727/2727 1551/1551 2728/2728
f 2729/2729 2730/2730 2731/2731
f 2732/2732 2517/2517 2516/2516
f 2733/2733 2732/2732 2516/2516
f 2734/2734 2733/2733 2516/2516
f 2735/2735 2736/2736 2737/2737
f 2738/2738 2739/2739 2740/2740
f 2741/2741 2742/2742 2511/2511
f 2743/2743 2738/2738 2740/2740
f 2741/2741 2511/2511 2744/2744
f 2745/2745 2746/2746 2740/2740
f 2740/2740 2746/2746 2747/2747
f 2740/2740 2747/2747 2748/2748
f 2748/2748 2743/2743 2740/2740
f 2742/2742 2749/2749 2561/2561
f 2561/2561 2511/2511 2742/2742
f 2750/2750 2561/2561 2749/2749
f 2518/2518 2751/2751 2752/2752
f 2517/2517 2751/2751 2518/2518
f 2751/2751 2517/2517 2753/2753
f 2746/2746 2754/2754 2747/2747
f 2732/2732 2753/2753 2517/2517
f 1051/1051 2755/2755 1049/1049
f 1052/1052 2755/2755 1051/1051
f 2755/2755 2756/2756 2757/2757
f 2758/2758 2756/2756 2755/2755
f 2757/2757 1049/1049 2755/2755
f 2755/2755 1052/1052 2758/2758
f 2756/2756 2759/2759 2760/2760
f 2761/2761 2759/2759 2756/2756
f 2762/2762 2763/2763 2764/2764
f 2756/2756 2758/2758 2765/2765
f 2766/2766 2767/2767 2768/2768
f 2769/2769 2770/2770 2771/2771
f 2772/2772 2770/2770 2769/2769
f 2773/2773 2760/2760 2759/2759
f 2771/2771 2774/2774 2769/2769
f 2775/2775 2776/2776 2777/2777
f 2778/2778 2779/2779 2780/2780
f 2781/2781 2771/2771 2770/2770
f 2782/2782 2783/2783 2784/2784
f 2785/2785 2777/2777 2776/2776
f 2776/2776 2786/2786 2785/2785
f 2787/2787 2786/2786 2776/2776
f 2779/2779 2778/2778 2788/2788
f 1061/1061 1049/1049 2757/2757
f 1061/1061 2757/2757 2789/2789
f 1061/1061 2789/2789 2790/2790
f 2790/2790 1282/1282 1061/1061
f 2747/2747 2791/2791 2792/2792
f 2747/2747 2792/2792 2793/2793
f 2747/2747 2793/2793 2794/2794
f 2747/2747 2794/2794 2795/2795
f 2795/2795 2748/2748 2747/2747
f 2796/2796 2764/2764 2763/2763
f 2760/2760 2773/2773 2797/2797
f 2764/2764 2796/2796 2798/2798
f 2774/2774 2771/2771 2799/2799
f 2800/2800 2797/2797 2773/2773
f 2801/2801 2777/2777 2802/2802
f 2803/2803 2799/2799 2771/2771
f 2804/2804 2803/2803 2771/2771
f 2805/2805 2802/2802 2777/2777
f 2777/2777 2785/2785 2805/2805
f 2797/2797 2800/2800 2806/2806
f 2807/2807 2798/2798 2796/2796
f 2799/2799 2803/2803 2808/2808
f 2809/2809 2806/2806 2800/2800
f 2810/2810 2802/2802 2811/2811
f 2812/2812 2809/2809 2813/2813
f 2802/2802 2805/2805 2814/2814
f 2815/2815 2811/2811 2802/2802
f 2814/2814 2815/2815 2802/2802
f 2798/2798 2807/2807 2816/2816
f 2817/2817 2785/2785 2786/2786
f 2786/2786 2787/2787 2818/2818
f 2786/2786 2818/2818 2819/2819
f 2820/2820 2821/2821 2822/2822
f 2785/2785 2823/2823 2824/2824
f 2821/2821 2825/2825 2826/2826
f 2824/2824 2805/2805 2785/2785
f 2825/2825 2827/2827 2828/2828
f 2829/2829 2827/2827 2825/2825
f 2825/2825 2821/2821 2829/2829
f 2827/2827 2830/2830 2831/2831
f 2829/2829 2830/2830 2827/2827
f 2831/2831 2828/2828 2827/2827
f 2832/2832 2831/2831 2830/2830
f 2833/2833 2832/2832 2830/2830
f 2830/2830 2829/2829 2834/2834
f 2830/2830 2834/2834 2833/2833
f 2805/2805 2824/2824 2814/2814
f 2824/2824 2835/2835 2836/2836
f 2836/2836 2814/2814 2824/2824
f 2835/2835 2837/2837 2838/2838
f 2838/2838 2836/2836 2835/2835
f 2839/2839 2840/2840 2841/2841
f 2841/2841 2840/2840 2842/2842
f 2843/2843 2838/2838 2837/2837
f 2842/2842 2844/2844 2841/2841
f 2840/2840 2839/2839 2845/2845
f 2840/2840 2845/2845 2846/2846
f 2840/2840 2846/2846 2847/2847
f 2847/2847 2842/2842 2840/2840
f 2848/2848 2849/2849 2850/2850
f 2850/2850 2849/2849 2851/2851
f 2850/2850 2852/2852 2848/2848
f 2853/2853 2854/2854 2855/2855
f 2855/2855 2854/2854 2856/2856
f 2855/2855 2857/2857 2858/2858
f 2859/2859 2860/2860 2861/2861
f 2862/2862 2851/2851 2849/2849
f 2856/2856 2863/2863 2855/2855
f 2864/2864 2865/2865 2866/2866
f 2866/2866 2865/2865 2867/2867
f 2867/2867 2868/2868 2866/2866
f 2869/2869 2870/2870 2871/2871
f 2872/2872 2873/2873 2874/2874
f 2872/2872 2874/2874 2875/2875
f 2876/2876 2867/2867 2865/2865
f 2877/2877 2876/2876 2865/2865
f 2878/2878 2848/2848 2852/2852
f 2879/2879 2880/2880 2881/2881
f 448/448 2882/2882 2883/2883
f 2883/2883 2858/2858 2857/2857
f 2884/2884 2861/2861 2860/2860
f 2858/2858 2883/2883 2885/2885
f 2886/2886 2871/2871 2870/2870
f 2887/2887 2888/2888 2889/2889
f 2890/2890 2874/2874 2873/2873
f 2873/2873 2889/2889 2890/2890
f 2891/2891 2892/2892 2874/2874
f 2874/2874 2892/2892 2875/2875
f 2890/2890 2891/2891 2874/2874
f 2893/2893 2894/2894 2892/2892
f 2895/2895 2896/2896 2897/2897
f 2892/2892 2891/2891 2893/2893
f 2898/2898 2875/2875 2892/2892
f 2899/2899 2900/2900 2896/2896
f 2896/2896 2900/2900 2901/2901
f 2894/2894 2893/2893 2902/2902
f 2901/2901 2897/2897 2896/2896
f 2900/2900 2899/2899 2903/2903
f 2904/2904 2901/2901 2900/2900
f 2905/2905 2904/2904 2900/2900
f 2903/2903 2905/2905 2900/2900
f 2906/2906 2893/2893 2891/2891
f 2891/2891 2907/2907 2906/2906
f 2890/2890 2907/2907 2891/2891
f 2893/2893 2906/2906 2908/2908
f 2908/2908 2902/2902 2893/2893
f 2909/2909 2906/2906 2907/2907
f 2907/2907 2890/2890 2910/2910
f 2907/2907 2910/2910 2911/2911
f 2907/2907 2911/2911 2909/2909
f 2912/2912 2908/2908 2906/2906
f 2906/2906 2909/2909 2912/2912
f 2913/2913 2914/2914 2899/2899
f 2899/2899 2914/2914 2903/2903
f 2915/2915 2916/2916 2914/2914
f 2914/2914 2916/2916 2917/2917
f 2914/2914 2913/2913 2915/2915
f 2917/2917 2903/2903 2914/2914
f 2916/2916 2915/2915 2918/2918
f 2916/2916 2918/2918 2919/2919
f 2919/2919 2917/2917 2916/2916
f 2920/2920 2921/2921 2908/2908
f 2912/2912 2920/2920 2908/2908
f 2922/2922 2918/2918 2915/2915
f 2923/2923 2924/2924 2925/2925
f 2926/2926 2927/2927 2928/2928
f 2929/2929 2927/2927 2926/2926
f 2926/2926 2925/2925 2929/2929
f 2930/2930 2928/2928 2927/2927
f 2931/2931 2930/2930 2927/2927
f 2927/2927 2929/2929 2931/2931
f 2863/2863 2758/2758 1052/1052
f 2932/2932 2851/2851 2862/2862
f 2863/2863 2765/2765 2758/2758
f 2867/2867 2768/2768 2767/2767
f 2765/2765 2863/2863 2856/2856
f 2767/2767 2868/2868 2867/2867
f 2933/2933 2784/2784 2783/2783
f 2768/2768 2867/2867 2876/2876
f 2934/2934 2788/2788 2778/2778
f 2778/2778 2935/2935 2934/2934
f 2788/2788 2934/2934 2936/2936
f 2875/2875 2937/2937 2938/2938
f 2937/2937 2875/2875 2898/2898
f 2897/2897 2936/2936 2934/2934
f 2901/2901 2820/2820 2936/2936
f 2936/2936 2897/2897 2901/2901
f 2939/2939 2829/2829 2821/2821
f 2821/2821 2820/2820 2939/2939
f 2940/2940 2834/2834 2829/2829
f 2829/2829 2939/2939 2940/2940
f 2834/2834 2940/2940 2941/2941
f 2834/2834 2941/2941 2942/2942
f 2834/2834 2942/2942 2833/2833
f 2904/2904 2939/2939 2820/2820
f 2820/2820 2901/2901 2904/2904
f 2904/2904 2940/2940 2939/2939
f 2943/2943 2941/2941 2940/2940
f 2940/2940 2904/2904 2905/2905
f 2944/2944 2945/2945 2946/2946
f 2947/2947 2948/2948 2949/2949
f 2947/2947 2949/2949 2950/2950
f 2951/2951 2946/2946 2945/2945
f 2943/2943 2952/2952 2953/2953
f 2954/2954 2952/2952 2943/2943
f 2943/2943 2903/2903 2917/2917
f 2943/2943 2917/2917 2954/2954
f 2955/2955 2949/2949 2956/2956
f 2957/2957 2955/2955 2956/2956
f 2955/2955 2958/2958 2949/2949
f 2949/2949 2958/2958 2959/2959
f 2959/2959 2950/2950 2949/2949
f 2958/2958 2955/2955 2960/2960
f 2961/2961 2959/2959 2958/2958
f 2960/2960 2961/2961 2958/2958
f 2955/2955 2957/2957 2962/2962
f 2955/2955 2962/2962 2960/2960
f 2959/2959 2839/2839 2950/2950
f 2959/2959 2845/2845 2839/2839
f 2845/2845 2959/2959 2961/2961
f 2845/2845 2961/2961 2963/2963
f 2845/2845 2963/2963 2846/2846
f 2960/2960 2963/2963 2961/2961
f 2964/2964 2846/2846 2963/2963
f 2960/2960 2964/2964 2963/2963
f 2846/2846 2964/2964 2965/2965
f 2965/2965 2847/2847 2846/2846
f 2960/2960 2965/2965 2964/2964
f 2919/2919 2954/2954 2917/2917
f 2966/2966 2962/2962 2957/2957
f 2957/2957 2928/2928 2966/2966
f 2962/2962 2966/2966 2960/2960
f 2930/2930 2966/2966 2928/2928
f 2966/2966 2930/2930 2960/2960
f 2930/2930 2931/2931 2960/2960
f 2586/2586 2585/2585 2967/2967
f 2967/2967 2968/2968 2586/2586
f 2585/2585 2969/2969 2970/2970
f 2971/2971 2969/2969 2585/2585
f 2972/2972 2967/2967 2585/2585
f 2970/2970 2972/2972 2585/2585
f 2973/2973 2974/2974 2975/2975
f 2726/2726 2974/2974 2973/2973
f 2976/2976 2970/2970 2969/2969
f 2977/2977 2976/2976 2969/2969
f 2978/2978 2975/2975 2974/2974
f 2979/2979 2978/2978 2974/2974
f 2974/2974 2724/2724 2980/2980
f 2726/2726 2724/2724 2974/2974
f 2980/2980 2979/2979 2974/2974
f 1282/1282 2790/2790 2981/2981
f 1282/1282 2981/2981 1281/1281
f 2982/2982 2790/2790 2806/2806
f 2806/2806 2809/2809 2982/2982
f 2983/2983 2984/2984 2985/2985
f 2809/2809 2812/2812 2986/2986
f 2986/2986 2982/2982 2809/2809
f 2811/2811 2815/2815 2987/2987
f 2988/2988 2986/2986 2812/2812
f 2811/2811 2987/2987 2989/2989
f 2990/2990 2987/2987 2815/2815
f 2815/2815 2814/2814 2990/2990
f 2793/2793 2991/2991 2992/2992
f 2793/2793 2992/2992 2794/2794
f 2993/2993 2994/2994 2995/2995
f 2982/2982 2986/2986 2996/2996
f 2994/2994 2993/2993 2997/2997
f 2981/2981 2998/2998 1281/1281
f 2986/2986 2988/2988 2999/2999
f 2999/2999 2996/2996 2986/2986
f 3000/3000 3001/3001 3002/3002
f 2987/2987 2990/2990 3003/3003
f 3004/3004 3005/3005 2987/2987
f 3003/3003 3004/3004 2987/2987
f 3006/3006 2999/2999 2988/2988
f 3007/3007 2997/2997 2993/2993
f 2996/2996 2999/2999 3008/3008
f 3008/3008 1281/1281 2998/2998
f 2999/2999 3006/3006 3009/3009
f 3009/3009 3008/3008 2999/2999
f 3010/3010 3011/3011 3012/3012
f 2814/2814 2836/2836 2990/2990
f 3013/3013 3014/3014 3015/3015
f 3016/3016 2990/2990 2836/2836
f 2838/2838 2843/2843 3017/3017
f 3018/3018 3016/3016 2838/2838
f 3017/3017 3018/3018 2838/2838
f 2844/2844 2842/2842 3019/3019
f 3019/3019 3020/3020 2844/2844
f 2842/2842 2847/2847 3021/3021
f 3021/3021 3019/3019 2842/2842
f 3022/3022 3023/3023 3024/3024
f 3024/3024 3025/3025 3022/3022
f 3023/3023 3026/3026 3027/3027
f 3023/3023 3027/3027 3024/3024
f 3026/3026 3028/3028 3029/3029
f 3029/3029 3027/3027 3026/3026
f 3020/3020 3019/3019 3030/3030
f 3030/3030 3031/3031 3020/3020
f 2991/2991 3032/3032 2992/2992
f 3033/3033 3034/3034 3035/3035
f 3035/3035 3036/3036 3033/3033
f 3037/3037 3035/3035 3034/3034
f 3038/3038 3037/3037 3034/3034
f 3034/3034 3025/3025 3038/3038
f 3008/3008 3009/3009 3039/3039
f 3039/3039 3040/3040 3008/3008
f 3008/3008 3040/3040 1258/1258
f 3036/3036 3035/3035 3041/3041
f 3036/3036 3041/3041 3042/3042
f 3035/3035 3037/3037 3043/3043
f 3044/3044 3045/3045 3046/3046
f 3037/3037 3038/3038 3047/3047
f 3037/3037 3047/3047 3048/3048
f 3048/3048 3043/3043 3037/3037
f 2847/2847 2965/2965 3021/3021
f 3019/3019 3021/3021 3030/3030
f 2965/2965 3049/3049 3021/3021
f 2960/2960 3049/3049 2965/2965
f 3050/3050 3021/3021 3049/3049
f 3051/3051 3050/3050 3049/3049
f 2960/2960 3051/3051 3049/3049
f 3021/3021 3050/3050 3030/3030
f 3050/3050 3051/3051 3052/3052
f 3053/3053 3030/3030 3050/3050
f 3052/3052 3053/3053 3050/3050
f 3051/3051 3054/3054 3052/3052
f 2960/2960 3054/3054 3051/3051
f 3025/3025 3024/3024 3055/3055
f 3055/3055 3038/3038 3025/3025
f 3056/3056 3024/3024 3027/3027
f 3027/3027 3029/3029 3056/3056
f 3024/3024 3056/3056 3055/3055
f 3057/3057 3056/3056 3029/3029
f 3058/3058 3057/3057 3029/3029
f 3031/3031 3030/3030 3053/3053
f 3056/3056 3057/3057 3059/3059
f 3060/3060 3055/3055 3056/3056
f 3059/3059 3060/3060 3056/3056
f 3061/3061 3059/3059 3057/3057
f 3057/3057 3058/3058 3061/3061
f 3038/3038 3055/3055 3047/3047
f 3060/3060 3047/3047 3055/3055
f 3047/3047 3060/3060 3062/3062
f 3063/3063 3064/3064 3065/3065
f 3060/3060 3059/3059 3066/3066
f 3066/3066 3062/3062 3060/3060
f 3059/3059 3061/3061 3067/3067
f 3059/3059 3067/3067 3068/3068
f 3068/3068 3066/3066 3059/3059
f 3053/3053 3052/3052 3069/3069
f 3070/3070 3061/3061 3058/3058
f 3071/3071 3052/3052 3054/3054
f 3054/3054 3072/3072 3071/3071
f 2960/2960 3072/3072 3054/3054
f 3071/3071 3069/3069 3052/3052
f 3073/3073 3071/3071 3072/3072
f 2960/2960 3073/3073 3072/3072
f 3061/3061 3070/3070 3074/3074
f 3061/3061 3074/3074 3067/3067
f 3069/3069 3071/3071 3075/3075
f 3069/3069 3075/3075 3076/3076
f 3073/3073 3075/3075 3071/3071
f 3077/3077 3076/3076 3075/3075
f 3075/3075 3073/3073 3078/3078
f 3078/3078 3077/3077 3075/3075
f 3079/3079 3067/3067 3074/3074
f 3076/3076 3077/3077 3080/3080
f 3081/3081 3068/3068 3067/3067
f 3067/3067 3079/3079 3081/3081
f 2960/2960 3078/3078 3073/3073
f 3077/3077 3078/3078 3082/3082
f 3083/3083 3080/3080 3077/3077
f 3077/3077 3082/3082 3083/3083
f 3078/3078 2960/2960 3082/3082
f 3040/3040 3039/3039 3084/3084
f 3085/3085 1258/1258 3040/3040
f 3040/3040 3084/3084 3085/3085
f 3045/3045 3044/3044 3086/3086
f 3087/3087 3042/3042 3041/3041
f 3045/3045 3086/3086 3088/3088
f 3043/3043 3048/3048 3089/3089
f 3043/3043 3089/3089 3090/3090
f 3088/3088 3084/3084 3039/3039
f 1258/1258 3085/3085 3091/3091
f 1258/1258 3091/3091 3092/3092
f 3093/3093 1257/1257 1258/1258
f 3094/3094 3093/3093 1258/1258
f 3092/3092 3094/3094 1258/1258
f 3095/3095 3089/3089 3048/3048
f 3062/3062 3095/3095 3048/3048
f 2794/2794 3096/3096 2795/2795
f 3084/3084 3088/3088 3097/3097
f 3097/3097 3085/3085 3084/3084
f 3098/3098 3090/3090 3089/3089
f 3099/3099 3100/3100 3101/3101
f 3102/3102 3088/3088 3086/3086
f 3086/3086 3103/3103 3104/3104
f 3105/3105 3106/3106 3107/3107
f 3088/3088 3102/3102 3097/3097
f 3085/3085 3097/3097 3091/3091
f 3099/3099 3108/3108 3100/3100
f 3100/3100 3108/3108 3109/3109
f 3110/3110 3104/3104 3103/3103
f 3100/3100 3109/3109 3111/3111
f 3112/3112 3113/3113 3114/3114
f 3108/3108 3099/3099 3115/3115
f 3108/3108 3115/3115 3116/3116
f 3116/3116 3109/3109 3108/3108
f 3117/3117 2795/2795 3096/3096
f 3096/3096 3118/3118 3119/3119
f 3096/3096 3119/3119 3117/3117
f 3120/3120 3097/3097 3102/3102
f 3106/3106 3105/3105 3121/3121
f 3102/3102 3122/3122 3120/3120
f 3123/3123 3091/3091 3097/3097
f 3097/3097 3120/3120 3123/3123
f 3091/3091 3123/3123 3092/3092
f 3104/3104 3110/3110 3122/3122
f 3099/3099 3124/3124 3115/3115
f 3124/3124 3125/3125 3126/3126
f 3126/3126 3115/3115 3124/3124
f 3127/3127 3128/3128 3129/3129
f 3066/3066 3130/3130 3131/3131
f 3081/3081 3130/3130 3068/3068
f 3132/3132 3131/3131 3130/3130
f 3130/3130 3081/3081 3133/3133
f 3133/3133 3132/3132 3130/3130
f 3115/3115 3126/3126 3116/3116
f 3134/3134 3116/3116 3126/3126
f 3135/3135 3136/3136 3080/3080
f 3080/3080 3083/3083 3135/3135
f 3137/3137 3133/3133 3081/3081
f 2561/2561 2750/2750 3138/3138
f 3139/3139 3140/3140 3141/3141
f 3139/3139 3141/3141 3142/3142
f 3143/3143 3144/3144 3145/3145
f 2795/2795 3146/3146 2748/2748
f 3141/3141 3147/3147 3142/3142
f 3148/3148 3149/3149 3150/3150
f 3151/3151 3142/3142 3147/3147
f 236/236 2629/2629 3152/3152
f 3152/3152 419/419 236/236
f 2633/2633 2632/2632 3153/3153
f 3153/3153 3154/3154 2633/2633
f 2632/2632 2635/2635 3155/3155
f 3155/3155 3153/3153 2632/2632
f 3156/3156 3155/3155 2635/2635
f 2635/2635 2658/2658 3156/3156
f 3157/3157 420/420 419/419
f 419/419 3152/3152 3157/3157
f 3158/3158 423/423 420/420
f 420/420 3157/3157 3158/3158
f 3159/3159 435/435 437/437
f 3160/3160 3161/3161 3162/3162
f 435/435 3163/3163 438/438
f 3164/3164 3157/3157 3152/3152
f 3154/3154 3153/3153 3165/3165
f 3157/3157 3164/3164 3166/3166
f 3167/3167 3168/3168 3169/3169
f 3155/3155 3165/3165 3153/3153
f 3165/3165 3155/3155 3170/3170
f 3171/3171 3172/3172 3173/3173
f 3174/3174 3175/3175 3176/3176
f 3167/3167 3177/3177 3168/3168
f 3178/3178 3172/3172 3179/3179
f 3178/3178 3179/3179 3180/3180
f 3181/3181 438/438 3163/3163
f 3171/3171 3179/3179 3172/3172
f 3179/3179 3171/3171 3182/3182
f 3183/3183 3181/3181 3184/3184
f 3182/3182 3185/3185 3179/3179
f 3186/3186 3187/3187 3188/3188
f 3189/3189 3190/3190 2659/2659
f 2659/2659 2716/2716 3189/3189
f 438/438 3181/3181 1981/1981
f 3191/3191 2882/2882 438/438
f 3192/3192 3191/3191 438/438
f 3193/3193 3192/3192 438/438
f 3194/3194 3193/3193 438/438
f 3195/3195 3194/3194 438/438
f 3196/3196 3195/3195 438/438
f 3197/3197 3196/3196 438/438
f 3198/3198 3197/3197 438/438
f 3199/3199 3198/3198 438/438
f 1981/1981 3199/3199 438/438
f 3200/3200 3201/3201 3190/3190
f 3190/3190 3189/3189 3200/3200
f 3181/3181 3183/3183 3202/3202
f 3202/3202 1981/1981 3181/3181
f 3185/3185 3182/3182 3203/3203
f 3204/3204 3202/3202 3183/3183
f 3185/3185 3203/3203 3205/3205
f 3182/3182 3206/3206 3203/3203
f 2668/2668 3207/3207 3208/3208
f 3208/3208 2701/2701 2668/2668
f 3209/3209 3210/3210 3146/3146
f 2795/2795 3209/3209 3146/3146
f 2701/2701 3208/3208 3211/3211
f 2701/2701 3211/3211 3212/3212
f 2701/2701 3212/3212 2702/2702
f 3209/3209 2795/2795 3213/3213
f 3214/3214 2883/2883 2882/2882
f 2882/2882 3191/3191 3214/3214
f 3215/3215 2885/2885 2883/2883
f 2883/2883 3214/3214 3215/3215
f 3216/3216 2889/2889 2888/2888
f 2888/2888 3217/3217 3216/3216
f 2910/2910 2890/2890 2889/2889
f 3216/3216 2910/2910 2889/2889
f 2910/2910 3216/3216 3218/3218
f 2910/2910 3218/3218 2911/2911
f 3192/3192 3214/3214 3191/3191
f 3219/3219 3215/3215 3214/3214
f 3220/3220 3221/3221 3222/3222
f 3214/3214 3223/3223 3219/3219
f 3224/3224 3216/3216 3217/3217
f 3225/3225 3224/3224 3217/3217
f 3216/3216 3224/3224 3218/3218
f 3226/3226 3218/3218 3224/3224
f 3224/3224 3225/3225 3227/3227
f 3224/3224 3227/3227 3226/3226
f 3228/3228 2911/2911 3218/3218
f 3229/3229 3228/3228 3218/3218
f 3226/3226 3229/3229 3218/3218
f 3230/3230 3222/3222 3221/3221
f 3221/3221 3231/3231 3230/3230
f 3232/3232 3219/3219 3223/3223
f 3223/3223 3233/3233 3232/3232
f 3234/3234 3233/3233 3223/3223
f 3225/3225 3235/3235 3227/3227
f 3236/3236 3237/3237 3238/3238
f 3239/3239 3240/3240 3241/3241
f 3242/3242 2909/2909 2911/2911
f 2911/2911 3228/3228 3242/3242
f 3243/3243 2912/2912 2909/2909
f 2909/2909 3242/3242 3243/3243
f 3244/3244 2925/2925 2924/2924
f 2920/2920 2912/2912 3245/3245
f 2924/2924 3246/3246 3244/3244
f 3247/3247 2929/2929 2925/2925
f 3244/3244 3247/3247 2925/2925
f 2912/2912 3243/3243 3245/3245
f 3248/3248 3242/3242 3228/3228
f 3228/3228 3229/3229 3248/3248
f 3249/3249 3243/3243 3242/3242
f 3248/3248 3249/3249 3242/3242
f 3250/3250 3245/3245 3243/3243
f 3243/3243 3249/3249 3250/3250
f 3251/3251 3244/3244 3246/3246
f 3245/3245 3250/3250 3252/3252
f 3253/3253 3254/3254 3255/3255
f 3256/3256 3257/3257 3253/3253
f 3253/3253 3255/3255 3256/3256
f 3258/3258 3232/3232 3233/3233
f 3233/3233 3234/3234 3259/3259
f 3259/3259 3258/3258 3233/3233
f 3260/3260 3261/3261 3262/3262
f 3262/3262 3263/3263 3260/3260
f 3264/3264 3254/3254 3265/3265
f 3265/3265 3266/3266 3264/3264
f 3254/3254 3264/3264 3255/3255
f 3258/3258 3259/3259 3267/3267
f 3268/3268 3260/3260 3263/3263
f 3263/3263 3269/3269 3268/3268
f 3270/3270 3241/3241 3240/3240
f 3271/3271 3269/3269 3272/3272
f 3273/3273 3274/3274 3275/3275
f 3276/3276 3277/3277 3278/3278
f 3279/3279 3264/3264 3266/3266
f 3266/3266 3280/3280 3279/3279
f 3281/3281 3255/3255 3264/3264
f 3264/3264 3279/3279 3281/3281
f 3282/3282 2931/2931 2929/2929
f 2929/2929 3247/3247 3282/3282
f 2931/2931 3282/3282 2960/2960
f 3283/3283 3282/3282 3247/3247
f 3247/3247 3244/3244 3284/3284
f 3247/3247 3284/3284 3283/3283
f 3283/3283 2960/2960 3282/3282
f 3244/3244 3251/3251 3284/3284
f 2960/2960 3283/3283 3285/3285
f 2960/2960 3285/3285 3286/3286
f 2960/2960 3286/3286 3287/3287
f 2960/2960 3287/3287 3288/3288
f 2960/2960 3288/3288 3289/3289
f 3290/3290 3082/3082 2960/2960
f 3291/3291 3290/3290 2960/2960
f 3292/3292 3291/3291 2960/2960
f 2960/2960 3289/3289 3293/3293
f 2960/2960 3293/3293 3294/3294
f 2960/2960 3294/3294 3295/3295
f 3295/3295 3296/3296 2960/2960
f 2960/2960 3296/3296 3292/3292
f 3297/3297 3257/3257 3298/3298
f 3299/3299 3250/3250 3249/3249
f 3300/3300 3299/3299 3249/3249
f 3257/3257 3256/3256 3298/3298
f 3301/3301 3302/3302 3303/3303
f 3304/3304 3284/3284 3251/3251
f 3251/3251 3305/3305 3304/3304
f 3285/3285 3283/3283 3284/3284
f 3284/3284 3306/3306 3285/3285
f 3304/3304 3306/3306 3284/3284
f 3286/3286 3285/3285 3306/3306
f 3306/3306 3304/3304 3307/3307
f 3307/3307 3286/3286 3306/3306
f 3308/3308 3256/3256 3255/3255
f 3255/3255 3281/3281 3308/3308
f 3309/3309 3298/3298 3256/3256
f 3256/3256 3308/3308 3309/3309
f 3310/3310 3311/3311 3312/3312
f 3312/3312 3313/3313 3310/3310
f 3314/3314 3315/3315 3311/3311
f 3310/3310 3314/3314 3311/3311
f 3316/3316 3310/3310 3313/3313
f 3286/3286 3307/3307 3287/3287
f 3315/3315 3314/3314 3317/3317
f 3307/3307 3318/3318 3287/3287
f 3314/3314 3310/3310 3319/3319
f 3320/3320 3321/3321 3322/3322
f 3319/3319 3323/3323 3314/3314
f 3310/3310 3316/3316 3324/3324
f 3310/3310 3324/3324 3319/3319
f 3288/3288 3287/3287 3318/3318
f 3325/3325 3288/3288 3318/3318
f 3326/3326 3327/3327 3328/3328
f 3288/3288 3325/3325 3289/3289
f 3329/3329 3268/3268 3269/3269
f 3269/3269 3271/3271 3330/3330
f 3269/3269 3330/3330 3329/3329
f 3331/3331 3332/3332 3333/3333
f 3334/3334 3335/3335 3336/3336
f 3279/3279 3337/3337 3338/3338
f 3338/3338 3281/3281 3279/3279
f 3339/3339 3275/3275 3274/3274
f 3340/3340 3339/3339 3274/3274
f 3341/3341 3278/3278 3277/3277
f 3278/3278 3341/3341 3342/3342
f 3343/3343 3344/3344 3345/3345
f 3346/3346 3342/3342 3341/3341
f 3339/3339 3340/3340 3347/3347
f 3348/3348 3345/3345 3344/3344
f 3342/3342 3346/3346 3349/3349
f 3350/3350 3329/3329 3330/3330
f 3351/3351 3350/3350 3330/3330
f 3350/3350 3352/3352 3329/3329
f 3337/3337 3353/3353 3354/3354
f 3354/3354 3338/3338 3337/3337
f 3350/3350 3351/3351 3355/3355
f 3356/3356 3357/3357 3358/3358
f 3350/3350 3355/3355 3359/3359
f 3360/3360 3347/3347 3340/3340
f 3347/3347 3360/3360 3361/3361
f 3361/3361 3362/3362 3347/3347
f 3360/3360 3363/3363 3361/3361
f 3364/3364 3355/3355 3351/3351
f 3365/3365 3366/3366 3367/3367
f 3368/3368 3369/3369 3370/3370
f 3371/3371 3308/3308 3281/3281
f 3281/3281 3338/3338 3371/3371
f 3372/3372 3316/3316 3373/3373
f 3316/3316 3372/3372 3324/3324
f 3374/3374 3371/3371 3338/3338
f 3375/3375 3376/3376 3377/3377
f 3378/3378 3324/3324 3372/3372
f 3372/3372 3377/3377 3378/3378
f 3323/3323 3319/3319 3379/3379
f 3380/3380 3381/3381 3325/3325
f 3382/3382 3319/3319 3324/3324
f 3378/3378 3382/3382 3324/3324
f 3382/3382 3379/3379 3319/3319
f 3383/3383 3377/3377 3376/3376
f 3357/3357 3356/3356 3384/3384
f 3376/3376 3385/3385 3383/3383
f 3386/3386 3378/3378 3377/3377
f 3377/3377 3383/3383 3386/3386
f 3387/3387 3325/3325 3381/3381
f 3379/3379 3382/3382 3388/3388
f 3389/3389 3390/3390 3379/3379
f 3388/3388 3389/3389 3379/3379
f 3387/3387 3289/3289 3325/3325
f 3382/3382 3378/3378 3386/3386
f 3386/3386 3388/3388 3382/3382
f 3391/3391 3392/3392 3393/3393
f 3391/3391 3393/3393 3394/3394
f 3395/3395 2980/2980 2724/2724
f 3396/3396 3395/3395 2724/2724
f 2702/2702 3212/3212 3397/3397
f 2700/2700 2702/2702 3397/3397
f 3397/3397 3398/3398 2700/2700
f 3399/3399 3400/3400 2795/2795
f 3401/3401 3399/3399 2795/2795
f 3402/3402 3401/3401 2795/2795
f 2795/2795 3117/3117 3402/3402
f 3403/3403 2700/2700 3398/3398
f 2700/2700 3403/3403 3404/3404
f 3405/3405 3406/3406 3407/3407
f 3407/3407 3406/3406 3408/3408
f 3407/3407 3409/3409 3410/3410
f 3411/3411 3409/3409 3407/3407
f 3407/3407 3410/3410 3405/3405
f 3407/3407 3408/3408 3411/3411
f 3412/3412 3413/3413 3414/3414
f 3414/3414 3413/3413 3415/3415
f 3414/3414 3416/3416 3417/3417
f 3415/3415 3416/3416 3414/3414
f 3418/3418 3419/3419 3420/3420
f 3421/3421 3422/3422 3423/3423
f 3424/3424 3410/3410 3409/3409
f 3425/3425 3426/3426 3427/3427
f 3428/3428 3420/3420 3419/3419
f 3429/3429 3428/3428 3419/3419
f 3430/3430 3431/3431 3422/3422
f 3422/3422 3421/3421 3430/3430
f 3082/3082 3290/3290 3083/3083
f 3291/3291 3432/3432 3290/3290
f 3290/3290 3432/3432 3083/3083
f 3432/3432 3291/3291 3433/3433
f 3432/3432 3433/3433 3434/3434
f 3135/3135 3083/3083 3432/3432
f 3434/3434 3135/3135 3432/3432
f 3292/3292 3433/3433 3291/3291
f 3435/3435 3436/3436 3433/3433
f 3433/3433 3436/3436 3434/3434
f 3433/3433 3292/3292 3435/3435
f 3435/3435 3437/3437 3436/3436
f 3436/3436 3437/3437 3438/3438
f 3438/3438 3439/3439 3436/3436
f 3440/3440 3441/3441 3442/3442
f 3387/3387 3293/3293 3289/3289
f 3443/3443 3294/3294 3293/3293
f 3293/3293 3387/3387 3443/3443
f 3444/3444 3295/3295 3294/3294
f 3445/3445 3444/3444 3294/3294
f 3294/3294 3443/3443 3445/3445
f 3295/3295 3446/3446 3296/3296
f 3296/3296 3446/3446 3435/3435
f 3435/3435 3292/3292 3296/3296
f 3447/3447 3437/3437 3446/3446
f 3446/3446 3437/3437 3435/3435
f 3446/3446 3295/3295 3444/3444
f 3446/3446 3444/3444 3448/3448
f 3446/3446 3448/3448 3447/3447
f 3447/3447 3449/3449 3437/3437
f 3437/3437 3449/3449 3438/3438
f 3450/3450 3451/3451 3452/3452
f 3453/3453 3454/3454 3455/3455
f 3452/3452 3456/3456 3450/3450
f 3457/3457 3458/3458 3413/3413
f 3457/3457 3413/3413 3459/3459
f 3455/3455 3460/3460 3453/3453
f 3461/3461 3460/3460 3455/3455
f 3451/3451 3462/3462 3463/3463
f 3464/3464 3462/3462 3451/3451
f 3463/3463 3452/3452 3451/3451
f 3454/3454 3453/3453 3465/3465
f 3462/3462 3466/3466 3463/3463
f 3464/3464 3467/3467 3462/3462
f 3445/3445 3448/3448 3444/3444
f 3468/3468 3469/3469 3466/3466
f 3470/3470 3469/3469 3468/3468
f 3448/3448 3445/3445 3471/3471
f 3469/3469 3472/3472 3463/3463
f 3473/3473 3472/3472 3469/3469
f 3463/3463 3466/3466 3469/3469
f 3469/3469 3470/3470 3473/3473
f 3472/3472 3452/3452 3463/3463
f 3474/3474 3452/3452 3472/3472
f 3473/3473 3475/3475 3472/3472
f 3472/3472 3475/3475 3474/3474
f 3456/3456 3452/3452 3474/3474
f 3476/3476 3477/3477 3478/3478
f 3458/3458 3479/3479 3415/3415
f 3413/3413 3412/3412 3459/3459
f 3480/3480 3111/3111 3109/3109
f 3481/3481 3480/3480 3109/3109
f 3109/3109 3116/3116 3481/3481
f 3482/3482 3114/3114 3113/3113
f 3480/3480 3483/3483 3111/3111
f 3113/3113 3484/3484 3482/3482
f 3485/3485 3122/3122 3110/3110
f 3110/3110 3486/3486 3485/3485
f 3487/3487 3120/3120 3122/3122
f 3488/3488 3489/3489 3490/3490
f 3487/3487 3123/3123 3120/3120
f 3123/3123 3487/3487 3491/3491
f 3123/3123 3491/3491 3092/3092
f 3483/3483 3480/3480 3492/3492
f 3493/3493 3494/3494 3483/3483
f 3495/3495 3493/3493 3483/3483
f 3483/3483 3492/3492 3495/3495
f 3460/3460 3492/3492 3480/3480
f 3480/3480 3481/3481 3460/3460
f 3496/3496 3491/3491 3487/3487
f 3497/3497 3498/3498 3499/3499
f 3491/3491 3496/3496 3500/3500
f 3491/3491 3500/3500 3501/3501
f 3502/3502 3092/3092 3491/3491
f 3501/3501 3502/3502 3491/3491
f 3503/3503 3485/3485 3486/3486
f 3486/3486 3504/3504 3503/3503
f 3505/3505 3499/3499 3498/3498
f 3420/3420 3503/3503 3504/3504
f 3506/3506 3507/3507 3410/3410
f 3506/3506 3410/3410 3424/3424
f 3508/3508 3509/3509 3510/3510
f 3428/3428 3500/3500 3496/3496
f 3503/3503 3420/3420 3428/3428
f 3511/3511 3495/3495 3492/3492
f 3512/3512 3511/3511 3492/3492
f 3460/3460 3512/3512 3492/3492
f 3512/3512 3460/3460 3461/3461
f 3500/3500 3428/3428 3429/3429
f 3500/3500 3429/3429 3513/3513
f 3513/3513 3501/3501 3500/3500
f 3429/3429 3514/3514 3515/3515
f 3515/3515 3513/3513 3429/3429
f 3116/3116 3134/3134 3516/3516
f 3116/3116 3516/3516 3481/3481
f 3134/3134 3517/3517 3518/3518
f 3518/3518 3516/3516 3134/3134
f 3519/3519 3439/3439 3520/3520
f 3135/3135 3439/3439 3519/3519
f 3438/3438 3520/3520 3439/3439
f 3521/3521 3522/3522 3523/3523
f 3516/3516 3518/3518 3465/3465
f 3460/3460 3481/3481 3516/3516
f 3453/3453 3460/3460 3516/3516
f 3465/3465 3453/3453 3516/3516
f 3520/3520 3438/3438 3524/3524
f 3359/3359 3355/3355 3525/3525
f 3525/3525 3355/3355 3526/3526
f 3384/3384 3356/3356 3527/3527
f 3525/3525 3526/3526 3528/3528
f 3525/3525 3528/3528 3529/3529
f 3527/3527 3530/3530 3531/3531
f 3531/3531 3384/3384 3527/3527
f 3532/3532 3361/3361 3363/3363
f 3533/3533 3532/3532 3363/3363
f 3355/3355 3364/3364 3526/3526
f 3366/3366 3365/3365 3534/3534
f 3535/3535 3536/3536 3537/3537
f 3538/3538 3526/3526 3364/3364
f 3526/3526 3538/3538 3539/3539
f 3539/3539 3540/3540 3526/3526
f 3526/3526 3540/3540 3528/3528
f 3532/3532 3533/3533 3541/3541
f 3542/3542 3543/3543 3544/3544
f 3545/3545 3546/3546 3547/3547
f 3548/3548 3549/3549 3550/3550
f 3551/3551 3552/3552 3199/3199
f 1981/1981 3551/3551 3199/3199
f 3540/3540 3539/3539 3411/3411
f 3540/3540 3408/3408 3528/3528
f 3411/3411 3408/3408 3540/3540
f 3426/3426 3544/3544 3543/3543
f 3546/3546 3545/3545 3553/3553
f 3544/3544 3426/3426 3425/3425
f 3548/3548 3554/3554 3549/3549
f 3528/3528 3408/3408 3555/3555
f 3529/3529 3528/3528 3555/3555
f 3556/3556 3530/3530 3416/3416
f 3415/3415 3556/3556 3416/3416
f 3556/3556 3531/3531 3530/3530
f 3557/3557 3430/3430 3421/3421
f 3514/3514 3552/3552 3551/3551
f 3558/3558 3515/3515 3514/3514
f 3551/3551 3558/3558 3514/3514
f 3559/3559 3383/3383 3385/3385
f 3385/3385 3560/3560 3559/3559
f 3390/3390 3389/3389 3561/3561
f 3562/3562 3443/3443 3563/3563
f 3564/3564 3565/3565 3389/3389
f 3389/3389 3388/3388 3564/3564
f 3443/3443 3562/3562 3445/3445
f 3565/3565 3564/3564 3470/3470
f 3471/3471 3445/3445 3562/3562
f 3388/3388 3386/3386 3566/3566
f 3388/3388 3566/3566 3564/3564
f 3566/3566 3386/3386 3383/3383
f 3559/3559 3566/3566 3383/3383
f 3470/3470 3564/3564 3566/3566
f 3473/3473 3470/3470 3566/3566
f 3566/3566 3559/3559 3475/3475
f 3566/3566 3475/3475 3473/3473
f 3531/3531 3556/3556 3567/3567
f 3475/3475 3559/3559 3560/3560
f 3415/3415 3567/3567 3556/3556
f 3415/3415 3479/3479 3567/3567
f 367/367 1525/1525 2566/2566
f 1527/1527 2566/2566 1525/1525
f 2566/2566 1527/1527 2565/2565
f 3568/3568 2565/2565 1527/1527
f 1527/1527 1529/1529 3569/3569
f 3570/3570 3568/3568 1527/1527
f 3569/3569 3570/3570 1527/1527
f 3571/3571 2567/2567 2565/2565
f 3568/3568 3571/3571 2565/2565
f 1555/1555 1559/1559 3572/3572
f 3573/3573 3574/3574 3575/3575
f 3576/3576 3577/3577 3578/3578
f 3579/3579 3576/3576 3578/3578
f 3580/3580 3581/3581 3582/3582
f 3583/3583 3584/3584 3585/3585
f 3586/3586 3587/3587 3588/3588
f 3589/3589 3590/3590 3591/3591
f 3587/3587 3592/3592 3588/3588
f 3593/3593 3594/3594 3595/3595
f 3596/3596 3588/3588 3592/3592
f 3597/3597 3598/3598 3599/3599
f 3600/3600 3597/3597 3599/3599
f 3601/3601 3602/3602 3603/3603
f 3604/3604 3601/3601 3603/3603
f 2582/2582 2578/2578 3605/3605
f 3606/3606 3607/3607 3608/3608
f 3609/3609 3610/3610 3611/3611
f 3612/3612 3613/3613 3614/3614
f 3615/3615 3616/3616 3617/3617
f 3618/3618 3611/3611 3610/3610
f 3610/3610 3619/3619 3618/3618
f 3618/3618 3620/3620 3611/3611
f 3611/3611 3620/3620 3621/3621
f 3622/3622 3623/3623 3624/3624
f 3620/3620 3618/3618 3625/3625
f 3620/3620 3625/3625 3626/3626
f 3627/3627 3628/3628 3629/3629
f 3630/3630 3631/3631 3632/3632
f 3619/3619 3633/3633 3618/3618
f 3634/3634 3574/3574 3573/3573
f 3633/3633 3635/3635 3636/3636
f 3636/3636 3618/3618 3633/3633
f 3637/3637 3636/3636 3635/3635
f 3636/3636 3625/3625 3618/3618
f 3625/3625 3636/3636 3638/3638
f 3625/3625 3638/3638 3626/3626
f 3636/3636 3637/3637 3638/3638
f 3639/3639 3638/3638 3637/3637
f 3640/3640 3626/3626 3638/3638
f 3639/3639 3640/3640 3638/3638
f 3641/3641 3642/3642 3643/3643
f 3644/3644 3645/3645 3646/3646
f 3630/3630 3647/3647 3631/3631
f 3648/3648 3649/3649 3650/3650
f 2728/2728 1550/1550 1549/1549
f 1549/1549 3651/3651 2728/2728
f 3652/3652 3653/3653 3654/3654
f 3598/3598 3597/3597 3655/3655
f 3654/3654 3656/3656 3652/3652
f 2728/2728 1551/1551 1550/1550
f 3657/3657 1619/1619 1618/1618
f 1618/1618 3658/3658 3657/3657
f 1595/1595 1594/1594 1623/1623
f 1594/1594 1597/1597 3659/3659
f 3659/3659 1623/1623 1594/1594
f 1606/1606 1605/1605 3660/3660
f 3661/3661 3659/3659 1597/1597
f 1605/1605 1608/1608 3662/3662
f 3662/3662 3660/3660 1605/1605
f 1607/1607 1609/1609 3663/3663
f 3664/3664 3662/3662 1608/1608
f 1609/1609 1610/1610 3665/3665
f 3666/3666 3667/3667 3668/3668
f 3669/3669 3665/3665 1610/1610
f 1983/1983 3669/3669 1610/1610
f 1602/1602 3670/3670 2421/2421
f 2421/2421 3670/3670 3671/3671
f 2421/2421 3671/3671 3672/3672
f 3673/3673 3670/3670 1619/1619
f 1619/1619 3657/3657 3673/3673
f 3670/3670 3673/3673 3671/3671
f 3674/3674 1624/1624 1623/1623
f 3659/3659 3674/3674 1623/1623
f 3675/3675 3676/3676 1624/1624
f 3658/3658 3677/3677 3657/3657
f 3674/3674 3675/3675 1624/1624
f 3678/3678 3679/3679 3680/3680
f 3673/3673 3657/3657 3677/3677
f 3681/3681 3682/3682 3683/3683
f 3675/3675 3674/3674 3684/3684
f 3685/3685 3680/3680 3679/3679
f 3686/3686 3687/3687 3688/3688
f 3689/3689 3687/3687 3686/3686
f 3684/3684 3690/3690 3675/3675
f 3674/3674 3659/3659 3684/3684
f 3659/3659 3661/3661 3691/3691
f 3692/3692 3684/3684 3659/3659
f 3691/3691 3692/3692 3659/3659
f 3660/3660 3662/3662 3693/3693
f 3694/3694 3691/3691 3661/3661
f 3662/3662 3664/3664 3693/3693
f 3663/3663 3665/3665 3695/3695
f 3696/3696 3693/3693 3664/3664
f 3697/3697 3698/3698 3699/3699
f 3700/3700 3701/3701 3702/3702
f 3685/3685 3703/3703 3680/3680
f 3704/3704 3705/3705 3706/3706
f 3671/3671 3688/3688 3707/3707
f 3671/3671 3707/3707 3708/3708
f 3671/3671 3708/3708 3709/3709
f 3709/3709 3672/3672 3671/3671
f 3665/3665 3669/3669 3710/3710
f 3710/3710 3695/3695 3665/3665
f 3711/3711 3710/3710 3669/3669
f 1983/1983 3711/3711 3669/3669
f 3712/3712 3713/3713 3714/3714
f 3715/3715 3716/3716 3717/3717
f 3717/3717 3718/3718 3715/3715
f 3719/3719 3720/3720 3721/3721
f 3715/3715 2706/2706 3716/3716
f 3722/3722 3723/3723 3724/3724
f 3724/3724 3723/3723 3725/3725
f 2721/2721 2707/2707 2699/2699
f 3726/3726 2708/2708 2706/2706
f 2706/2706 3715/3715 3726/3726
f 3727/3727 2710/2710 2708/2708
f 2708/2708 3726/3726 3727/3727
f 3728/3728 3729/3729 3723/3723
f 3723/3723 3729/3729 3725/3725
f 3723/3723 3722/3722 3728/3728
f 3727/3727 2709/2709 2710/2710
f 3730/3730 2713/2713 2709/2709
f 3727/3727 3730/3730 2709/2709
f 3731/3731 2711/2711 2714/2714
f 2713/2713 3730/3730 3732/3732
f 2714/2714 3733/3733 3731/3731
f 3734/3734 2715/2715 2711/2711
f 2711/2711 3731/3731 3734/3734
f 3735/3735 2716/2716 2715/2715
f 2715/2715 3734/3734 3735/3735
f 3729/3729 3728/3728 3736/3736
f 3736/3736 3725/3725 3729/3729
f 3737/3737 3732/3732 3730/3730
f 3730/3730 3727/3727 3738/3738
f 3730/3730 3738/3738 3737/3737
f 3739/3739 3731/3731 3733/3733
f 3733/3733 3740/3740 3739/3739
f 3741/3741 3742/3742 3743/3743
f 2730/2730 2729/2729 3744/3744
f 3728/3728 3745/3745 3746/3746
f 3747/3747 3728/3728 3746/3746
f 3746/3746 3748/3748 3747/3747
f 3749/3749 3748/3748 3746/3746
f 3750/3750 3751/3751 3752/3752
f 3747/3747 3736/3736 3728/3728
f 2716/2716 3735/3735 3189/3189
f 3707/3707 3688/3688 3687/3687
f 3687/3687 3689/3689 3753/3753
f 3687/3687 3753/3753 3707/3707
f 3754/3754 3755/3755 3756/3756
f 3757/3757 3758/3758 3759/3759
f 3760/3760 3754/3754 3756/3756
f 3757/3757 3759/3759 3761/3761
f 3756/3756 3762/3762 3760/3760
f 3763/3763 3726/3726 3715/3715
f 3764/3764 3765/3765 3766/3766
f 3767/3767 3765/3765 3764/3764
f 3715/3715 3768/3768 3763/3763
f 3763/3763 3727/3727 3726/3726
f 3769/3769 3766/3766 3765/3765
f 3770/3770 3769/3769 3765/3765
f 3771/3771 3770/3770 3765/3765
f 3767/3767 3771/3771 3765/3765
f 3772/3772 3761/3761 3759/3759
f 3727/3727 3763/3763 3692/3692
f 3727/3727 3692/3692 3738/3738
f 3773/3773 3734/3734 3731/3731
f 3731/3731 3739/3739 3773/3773
f 3774/3774 3735/3735 3734/3734
f 3734/3734 3773/3773 3774/3774
f 3735/3735 3774/3774 3189/3189
f 3775/3775 3776/3776 3777/3777
f 3690/3690 3684/3684 3778/3778
f 3779/3779 3780/3780 3776/3776
f 3776/3776 3775/3775 3779/3779
f 3692/3692 3778/3778 3684/3684
f 3780/3780 3779/3779 3781/3781
f 3780/3780 3781/3781 3782/3782
f 3783/3783 3766/3766 3769/3769
f 3763/3763 3768/3768 3778/3778
f 3783/3783 3769/3769 3784/3784
f 3692/3692 3763/3763 3778/3778
f 3770/3770 3784/3784 3769/3769
f 3770/3770 3785/3785 3784/3784
f 3785/3785 3770/3770 3771/3771
f 3786/3786 3782/3782 3781/3781
f 3708/3708 3787/3787 3788/3788
f 3788/3788 3709/3709 3708/3708
f 3767/3767 3748/3748 3771/3771
f 3771/3771 3748/3748 3789/3789
f 3790/3790 3788/3788 3787/3787
f 3692/3692 3691/3691 3791/3791
f 3791/3791 3738/3738 3692/3692
f 3691/3691 3694/3694 3792/3792
f 3792/3792 3791/3791 3691/3691
f 3693/3693 3696/3696 3793/3793
f 3695/3695 3710/3710 3794/3794
f 3795/3795 3793/3793 3696/3696
f 3710/3710 3711/3711 3796/3796
f 3796/3796 3794/3794 3710/3710
f 3797/3797 3796/3796 3711/3711
f 1983/1983 3797/3797 3711/3711
f 3798/3798 3799/3799 3800/3800
f 3801/3801 3737/3737 3738/3738
f 3802/3802 3800/3800 3799/3799
f 3791/3791 3792/3792 3803/3803
f 3800/3800 3739/3739 3740/3740
f 3739/3739 3800/3800 3804/3804
f 3739/3739 3804/3804 3773/3773
f 3802/3802 3804/3804 3800/3800
f 3804/3804 3805/3805 3773/3773
f 3806/3806 3805/3805 3804/3804
f 3804/3804 3802/3802 3806/3806
f 3807/3807 3773/3773 3805/3805
f 3805/3805 3806/3806 3808/3808
f 3805/3805 3808/3808 3809/3809
f 3805/3805 3809/3809 3807/3807
f 3807/3807 3774/3774 3773/3773
f 3793/3793 3795/3795 3810/3810
f 3794/3794 3796/3796 3811/3811
f 3812/3812 3810/3810 3795/3795
f 3813/3813 3811/3811 3796/3796
f 3797/3797 3813/3813 3796/3796
f 3808/3808 3814/3814 3809/3809
f 3815/3815 3809/3809 3814/3814
f 3797/3797 1983/1983 3816/3816
f 3817/3817 3807/3807 3809/3809
f 3818/3818 3816/3816 3819/3819
f 3774/3774 3807/3807 3820/3820
f 3820/3820 3189/3189 3774/3774
f 3807/3807 3817/3817 3820/3820
f 3821/3821 3822/3822 3823/3823
f 3824/3824 3825/3825 3826/3826
f 3827/3827 3828/3828 3829/3829
f 3748/3748 3749/3749 3830/3830
f 3748/3748 3830/3830 3831/3831
f 3831/3831 3789/3789 3748/3748
f 3832/3832 3597/3597 3833/3833
f 3834/3834 3597/3597 3832/3832
f 3835/3835 3836/3836 3837/3837
f 3835/3835 3838/3838 3839/3839
f 3837/3837 3838/3838 3835/3835
f 2178/2178 3840/3840 3841/3841
f 2120/2120 3840/3840 2178/2178
f 2178/2178 3841/3841 3842/3842
f 2178/2178 3842/3842 2269/2269
f 3843/3843 3844/3844 3845/3845
f 3846/3846 3847/3847 3848/3848
f 3849/3849 3850/3850 3851/3851
f 3852/3852 3853/3853 3854/3854
f 3855/3855 3856/3856 3857/3857
f 3858/3858 3859/3859 3860/3860
f 3860/3860 3861/3861 3858/3858
f 3847/3847 3862/3862 3863/3863
f 3846/3846 3862/3862 3847/3847
f 3864/3864 3865/3865 3866/3866
f 3867/3867 3865/3865 3864/3864
f 3868/3868 3863/3863 3862/3862
f 3862/3862 3846/3846 3869/3869
f 3870/3870 3871/3871 3872/3872
f 3867/3867 3873/3873 3865/3865
f 3874/3874 3866/3866 3865/3865
f 3875/3875 3876/3876 3877/3877
f 3878/3878 3879/3879 3880/3880
f 3881/3881 3878/3878 3880/3880
f 3882/3882 3881/3881 3880/3880
f 3873/3873 3867/3867 3883/3883
f 3884/3884 3833/3833 3597/3597
f 3600/3600 3884/3884 3597/3597
f 3885/3885 3886/3886 3887/3887
f 3836/3836 3888/3888 3837/3837
f 3884/3884 3600/3600 3889/3889
f 3888/3888 3890/3890 3891/3891
f 3888/3888 3891/3891 3892/3892
f 3888/3888 3892/3892 3893/3893
f 3888/3888 3893/3893 3894/3894
f 3894/3894 3837/3837 3888/3888
f 3895/3895 2269/2269 3842/3842
f 3896/3896 3897/3897 3898/3898
f 3899/3899 3900/3900 3901/3901
f 3895/3895 2318/2318 2269/2269
f 3902/3902 3903/3903 3904/3904
f 3905/3905 3906/3906 3907/3907
f 3908/3908 3905/3905 3907/3907
f 3909/3909 3910/3910 3911/3911
f 2318/2318 3895/3895 3912/3912
f 3912/3912 2481/2481 2318/2318
f 3903/3903 3902/3902 3913/3913
f 3906/3906 3905/3905 3914/3914
f 3915/3915 3913/3913 3902/3902
f 3905/3905 3908/3908 3916/3916
f 3905/3905 3916/3916 3917/3917
f 3905/3905 3917/3917 3918/3918
f 3918/3918 3914/3914 3905/3905
f 3863/3863 3868/3868 3919/3919
f 3866/3866 3874/3874 3920/3920
f 3920/3920 3921/3921 3866/3866
f 3922/3922 3923/3923 3924/3924
f 3924/3924 3879/3879 3922/3922
f 3923/3923 3922/3922 3925/3925
f 3926/3926 3922/3922 3879/3879
f 3879/3879 3878/3878 3926/3926
f 3927/3927 3925/3925 3922/3922
f 3928/3928 3927/3927 3922/3922
f 3922/3922 3926/3926 3928/3928
f 3925/3925 3927/3927 3929/3929
f 3930/3930 3931/3931 3932/3932
f 3927/3927 3928/3928 3933/3933
f 3934/3934 3929/3929 3927/3927
f 3933/3933 3934/3934 3927/3927
f 3935/3935 3936/3936 3937/3937
f 3878/3878 3938/3938 3926/3926
f 3937/3937 3939/3939 3935/3935
f 3936/3936 3935/3935 3940/3940
f 3936/3936 3940/3940 3941/3941
f 3942/3942 3926/3926 3938/3938
f 3943/3943 3944/3944 3936/3936
f 3941/3941 3943/3943 3936/3936
f 3945/3945 3935/3935 3939/3939
f 3881/3881 3882/3882 3946/3946
f 3939/3939 3947/3947 3945/3945
f 3948/3948 3940/3940 3935/3935
f 3935/3935 3945/3945 3948/3948
f 3949/3949 3941/3941 3940/3940
f 3940/3940 3948/3948 3949/3949
f 3926/3926 3942/3942 3928/3928
f 3942/3942 3950/3950 3951/3951
f 3951/3951 3928/3928 3942/3942
f 3943/3943 3941/3941 3952/3952
f 3943/3943 3952/3952 3953/3953
f 3954/3954 3951/3951 3950/3950
f 3955/3955 3954/3954 3950/3950
f 3941/3941 3956/3956 3952/3952
f 3949/3949 3956/3956 3941/3941
f 3957/3957 3958/3958 3959/3959
f 3949/3949 3960/3960 3956/3956
f 3961/3961 3952/3952 3960/3960
f 3962/3962 3963/3963 3964/3964
f 3960/3960 3949/3949 3965/3965
f 3964/3964 3966/3966 3967/3967
f 3964/3964 3967/3967 3962/3962
f 3952/3952 3961/3961 3968/3968
f 3968/3968 3953/3953 3952/3952
f 3963/3963 3969/3969 3970/3970
f 3962/3962 3969/3969 3963/3963
f 3970/3970 3971/3971 3963/3963
f 3972/3972 3970/3970 3969/3969
f 3969/3969 3962/3962 3973/3973
f 3969/3969 3973/3973 3974/3974
f 3969/3969 3974/3974 3972/3972
f 3928/3928 3951/3951 3933/3933
f 3951/3951 3954/3954 3975/3975
f 3975/3975 3933/3933 3951/3951
f 3954/3954 3955/3955 3976/3976
f 3977/3977 3975/3975 3954/3954
f 3976/3976 3977/3977 3954/3954
f 3978/3978 3971/3971 3979/3979
f 3979/3979 3980/3980 3978/3978
f 3971/3971 3970/3970 3981/3981
f 3981/3981 3979/3979 3971/3971
f 3970/3970 3972/3972 3981/3981
f 3982/3982 3983/3983 3656/3656
f 3984/3984 3985/3985 3838/3838
f 3887/3887 3886/3886 3986/3986
f 3837/3837 3984/3984 3838/3838
f 3987/3987 3988/3988 3985/3985
f 3983/3983 3989/3989 3656/3656
f 3984/3984 3987/3987 3985/3985
f 3990/3990 3991/3991 3992/3992
f 3992/3992 3991/3991 3851/3851
f 3851/3851 3850/3850 3992/3992
f 3993/3993 3994/3994 3991/3991
f 3991/3991 3994/3994 3851/3851
f 3991/3991 3990/3990 3995/3995
f 3996/3996 3997/3997 3998/3998
f 3999/3999 4000/4000 4001/4001
f 4001/4001 4000/4000 3854/3854
f 3854/3854 3853/3853 4001/4001
f 4002/4002 4003/4003 4004/4004
f 4004/4004 4003/4003 3857/3857
f 4004/4004 4005/4005 4006/4006
f 4004/4004 4006/4006 4002/4002
f 3857/3857 3856/3856 4004/4004
f 4007/4007 4008/4008 4009/4009
f 4010/4010 4011/4011 3883/3883
f 3869/3869 3846/3846 4012/4012
f 3883/3883 3867/3867 4010/4010
f 4013/4013 4014/4014 4015/4015
f 4016/4016 4017/4017 4018/4018
f 4011/4011 4019/4019 3947/3947
f 3947/3947 3883/3883 4011/4011
f 4020/4020 3995/3995 3990/3990
f 3990/3990 4021/4021 4020/4020
f 4022/4022 3998/3998 3997/3997
f 3997/3997 4023/4023 4022/4022
f 4024/4024 4006/4006 4005/4005
f 4025/4025 4002/4002 4006/4006
f 4006/4006 4024/4024 4025/4025
f 4026/4026 4017/4017 4027/4027
f 4028/4028 4029/4029 4030/4030
f 4027/4027 4031/4031 4026/4026
f 4017/4017 4026/4026 4032/4032
f 4017/4017 4032/4032 4018/4018
f 3989/3989 4033/4033 3652/3652
f 3652/3652 3656/3656 3989/3989
f 4034/4034 3652/3652 4033/4033
f 4035/4035 4020/4020 4021/4021
f 4036/4036 4037/4037 4038/4038
f 4039/4039 4040/4040 4041/4041
f 4042/4042 4022/4022 4023/4023
f 4043/4043 4044/4044 4045/4045
f 4046/4046 4025/4025 4024/4024
f 4047/4047 4030/4030 4029/4029
f 4029/4029 4048/4048 4047/4047
f 4049/4049 4026/4026 4031/4031
f 4031/4031 4050/4050 4051/4051
f 4031/4031 4051/4051 4049/4049
f 4026/4026 4049/4049 4052/4052
f 4052/4052 4032/4032 4026/4026
f 4044/4044 4043/4043 4053/4053
f 4054/4054 4047/4047 4048/4048
f 4036/4036 4055/4055 4037/4037
f 4056/4056 4051/4051 4050/4050
f 4057/4057 4058/4058 4059/4059
f 4050/4050 4060/4060 4056/4056
f 4061/4061 4049/4049 4051/4051
f 4051/4051 4056/4056 4061/4061
f 4062/4062 4052/4052 4049/4049
f 4061/4061 4062/4062 4049/4049
f 4063/4063 4064/4064 4065/4065
f 4066/4066 4067/4067 4032/4032
f 4032/4032 4052/4052 4066/4066
f 4068/4068 4069/4069 4070/4070
f 4019/4019 4071/4071 3947/3947
f 4072/4072 4073/4073 4069/4069
f 4071/4071 4074/4074 3945/3945
f 4069/4069 4068/4068 4072/4072
f 3945/3945 3947/3947 4071/4071
f 4075/4075 4076/4076 4074/4074
f 4074/4074 4076/4076 4077/4077
f 3948/3948 3945/3945 4074/4074
f 4077/4077 3948/3948 4074/4074
f 4076/4076 4075/4075 4078/4078
f 4076/4076 4078/4078 4079/4079
f 4076/4076 4079/4079 4080/4080
f 4081/4081 4077/4077 4076/4076
f 4080/4080 4081/4081 4076/4076
f 4082/4082 4072/4072 4068/4068
f 4083/4083 4084/4084 4085/4085
f 4082/4082 4086/4086 4072/4072
f 4087/4087 4079/4079 4078/4078
f 4078/4078 4088/4088 4089/4089
f 4078/4078 4089/4089 4087/4087
f 4052/4052 4062/4062 4090/4090
f 4090/4090 4066/4066 4052/4052
f 4091/4091 4090/4090 4062/4062
f 4062/4062 4061/4061 4091/4091
f 4092/4092 4093/4093 4094/4094
f 4094/4094 4093/4093 4095/4095
f 4094/4094 4096/4096 4092/4092
f 4097/4097 4080/4080 4079/4079
f 4093/4093 4092/4092 4098/4098
f 4099/4099 4095/4095 4093/4093
f 4098/4098 4099/4099 4093/4093
f 4090/4090 4100/4100 4066/4066
f 4101/4101 4089/4089 4088/4088
f 4100/4100 4090/4090 4102/4102
f 4103/4103 4087/4087 4089/4089
f 4089/4089 4101/4101 4104/4104
f 4089/4089 4104/4104 4103/4103
f 4105/4105 4092/4092 4096/4096
f 4096/4096 4106/4106 4105/4105
f 4092/4092 4105/4105 4107/4107
f 4092/4092 4107/4107 4098/4098
f 4108/4108 4102/4102 4090/4090
f 4090/4090 4091/4091 4108/4108
f 4109/4109 4110/4110 4102/4102
f 4102/4102 4108/4108 4109/4109
f 4111/4111 4106/4106 4112/4112
f 4113/4113 4114/4114 4115/4115
f 4116/4116 4105/4105 4106/4106
f 4111/4111 4116/4116 4106/4106
f 4117/4117 4107/4107 4105/4105
f 4105/4105 4116/4116 4117/4117
f 4118/4118 4098/4098 4107/4107
f 4117/4117 4118/4118 4107/4107
f 3948/3948 4077/4077 3949/3949
f 4077/4077 4081/4081 3949/3949
f 4119/4119 4120/4120 3966/3966
f 4095/4095 4120/4120 4119/4119
f 3965/3965 3949/3949 4081/4081
f 4081/4081 4080/4080 4097/4097
f 3967/3967 3966/3966 4120/4120
f 4121/4121 3967/3967 4120/4120
f 4122/4122 4121/4121 4120/4120
f 4120/4120 4095/4095 4122/4122
f 3967/3967 4121/4121 3962/3962
f 4121/4121 4122/4122 4118/4118
f 3973/3973 3962/3962 4121/4121
f 4118/4118 3973/3973 4121/4121
f 4095/4095 4123/4123 4122/4122
f 4099/4099 4123/4123 4095/4095
f 4118/4118 4122/4122 4123/4123
f 4123/4123 4099/4099 4118/4118
f 4118/4118 3974/3974 3973/3973
f 4118/4118 3972/3972 3974/3974
f 3972/3972 4118/4118 4124/4124
f 4124/4124 3981/3981 3972/3972
f 4099/4099 4098/4098 4118/4118
f 4125/4125 4124/4124 4118/4118
f 4126/4126 4125/4125 4118/4118
f 4127/4127 4126/4126 4118/4118
f 4128/4128 4127/4127 4118/4118
f 4129/4129 4128/4128 4118/4118
f 4130/4130 4129/4129 4118/4118
f 4131/4131 4130/4130 4118/4118
f 4132/4132 4131/4131 4118/4118
f 4118/4118 4117/4117 4133/4133
f 4118/4118 4133/4133 4134/4134
f 4118/4118 4134/4134 4135/4135
f 4118/4118 4135/4135 4136/4136
f 4118/4118 4136/4136 4137/4137
f 4118/4118 4137/4137 4138/4138
f 4118/4118 4138/4138 4139/4139
f 4118/4118 4139/4139 4140/4140
f 4141/4141 4132/4132 4118/4118
f 4118/4118 4142/4142 4141/4141
f 4143/4143 4142/4142 4118/4118
f 4118/4118 4140/4140 4144/4144
f 4118/4118 4144/4144 4145/4145
f 4118/4118 4145/4145 4143/4143
f 4146/4146 4147/4147 3602/3602
f 3601/3601 4146/4146 3602/3602
f 2481/2481 3912/3912 2486/2486
f 3913/3913 3915/3915 4148/4148
f 4149/4149 2486/2486 3912/3912
f 3912/3912 4150/4150 4149/4149
f 3914/3914 3918/3918 4150/4150
f 3601/3601 4151/4151 4146/4146
f 4152/4152 4153/4153 4154/4154
f 4155/4155 4150/4150 3918/3918
f 4153/4153 4156/4156 4157/4157
f 4157/4157 4154/4154 4153/4153
f 3934/3934 4158/4158 4159/4159
f 3933/3933 4158/4158 3934/3934
f 4151/4151 3601/3601 4160/4160
f 3892/3892 4161/4161 4162/4162
f 3892/3892 4162/4162 4163/4163
f 3892/3892 4163/4163 3893/3893
f 2486/2486 4149/4149 2499/2499
f 4164/4164 4149/4149 4150/4150
f 4150/4150 4155/4155 4164/4164
f 4165/4165 2499/2499 4149/4149
f 4149/4149 4164/4164 4165/4165
f 4166/4166 4159/4159 4158/4158
f 4167/4167 4168/4168 4169/4169
f 4170/4170 4171/4171 4158/4158
f 4158/4158 3933/3933 4172/4172
f 4158/4158 4172/4172 4170/4170
f 4154/4154 4157/4157 4173/4173
f 4174/4174 4164/4164 4155/4155
f 4168/4168 4173/4173 4157/4157
f 3604/3604 4160/4160 3601/3601
f 4160/4160 3604/3604 4175/4175
f 2499/2499 4165/4165 2440/2440
f 4176/4176 4165/4165 4164/4164
f 4164/4164 4174/4174 4176/4176
f 4165/4165 4176/4176 4177/4177
f 4165/4165 4177/4177 2440/2440
f 4173/4173 4168/4168 4178/4178
f 4173/4173 4178/4178 4179/4179
f 4168/4168 4167/4167 4180/4180
f 4180/4180 4178/4178 4168/4168
f 4167/4167 4181/4181 4182/4182
f 4167/4167 4183/4183 4180/4180
f 4182/4182 4183/4183 4167/4167
f 3933/3933 3975/3975 4184/4184
f 4184/4184 4172/4172 3933/3933
f 3975/3975 3977/3977 4185/4185
f 4186/4186 4187/4187 4188/4188
f 4189/4189 4190/4190 4191/4191
f 4191/4191 4186/4186 4189/4189
f 3980/3980 3979/3979 4192/4192
f 3979/3979 3981/3981 4193/4193
f 4193/4193 4192/4192 3979/3979
f 4194/4194 4193/4193 3981/3981
f 3981/3981 4124/4124 4194/4194
f 4195/4195 4187/4187 4196/4196
f 4196/4196 4181/4181 4195/4195
f 4187/4187 4186/4186 4197/4197
f 4197/4197 4196/4196 4187/4187
f 4186/4186 4191/4191 4198/4198
f 4198/4198 4197/4197 4186/4186
f 4192/4192 4193/4193 4199/4199
f 4193/4193 4194/4194 4200/4200
f 4193/4193 4200/4200 4199/4199
f 4181/4181 4196/4196 4201/4201
f 4201/4201 4182/4182 4181/4181
f 4196/4196 4197/4197 4202/4202
f 4196/4196 4202/4202 4201/4201
f 4203/4203 4175/4175 3604/3604
f 4204/4204 4203/4203 3604/3604
f 4205/4205 4206/4206 3672/3672
f 3672/3672 3709/3709 4205/4205
f 4207/4207 4180/4180 4183/4183
f 4208/4208 4207/4207 4183/4183
f 4209/4209 4208/4208 4183/4183
f 4183/4183 4182/4182 4209/4209
f 4210/4210 4179/4179 4178/4178
f 4178/4178 4180/4180 4210/4210
f 4211/4211 4177/4177 4176/4176
f 4176/4176 4212/4212 4211/4211
f 2441/2441 2440/2440 4177/4177
f 4213/4213 2441/2441 4177/4177
f 4177/4177 4211/4211 4213/4213
f 4207/4207 4210/4210 4180/4180
f 4210/4210 4207/4207 4214/4214
f 4215/4215 4211/4211 4212/4212
f 4216/4216 4215/4215 4212/4212
f 4207/4207 4208/4208 4217/4217
f 4217/4217 4214/4214 4207/4207
f 4218/4218 4219/4219 4220/4220
f 4208/4208 4221/4221 4217/4217
f 4220/4220 4222/4222 4218/4218
f 4125/4125 4194/4194 4124/4124
f 4194/4194 4125/4125 4200/4200
f 4126/4126 4200/4200 4125/4125
f 4200/4200 4126/4126 4223/4223
f 4224/4224 4199/4199 4200/4200
f 4223/4223 4224/4224 4200/4200
f 4127/4127 4223/4223 4126/4126
f 4225/4225 4202/4202 4197/4197
f 4197/4197 4198/4198 4225/4225
f 4202/4202 4225/4225 4226/4226
f 4227/4227 4201/4201 4202/4202
f 4226/4226 4227/4227 4202/4202
f 4224/4224 4223/4223 4228/4228
f 4229/4229 4226/4226 4225/4225
f 4223/4223 4127/4127 4230/4230
f 4230/4230 4228/4228 4223/4223
f 4182/4182 4201/4201 4209/4209
f 4227/4227 4209/4209 4201/4201
f 4127/4127 4128/4128 4230/4230
f 4231/4231 4230/4230 4128/4128
f 4128/4128 4129/4129 4231/4231
f 4219/4219 4232/4232 4220/4220
f 4233/4233 4234/4234 4227/4227
f 4232/4232 4235/4235 4220/4220
f 4227/4227 4226/4226 4233/4233
f 4234/4234 4233/4233 4236/4236
f 4237/4237 4220/4220 4235/4235
f 4235/4235 4238/4238 4237/4237
f 4226/4226 4229/4229 4233/4233
f 4228/4228 4230/4230 4239/4239
f 4228/4228 4239/4239 4240/4240
f 4230/4230 4231/4231 4239/4239
f 4130/4130 4231/4231 4129/4129
f 4241/4241 4239/4239 4231/4231
f 4130/4130 4241/4241 4231/4231
f 4242/4242 4240/4240 4239/4239
f 4239/4239 4241/4241 4242/4242
f 4240/4240 4242/4242 4243/4243
f 4244/4244 4236/4236 4233/4233
f 4245/4245 4242/4242 4241/4241
f 4241/4241 4130/4130 4131/4131
f 4241/4241 4131/4131 4245/4245
f 4242/4242 4245/4245 4246/4246
f 4242/4242 4246/4246 4243/4243
f 4132/4132 4245/4245 4131/4131
f 4247/4247 4246/4246 4245/4245
f 4245/4245 4132/4132 4247/4247
f 4248/4248 4243/4243 4246/4246
f 4249/4249 4248/4248 4246/4246
f 4246/4246 4247/4247 4249/4249
f 2441/2441 4213/4213 2435/2435
f 3893/3893 4250/4250 3894/3894
f 4251/4251 4213/4213 4211/4211
f 4211/4211 4215/4215 4251/4251
f 4251/4251 2435/2435 4213/4213
f 4252/4252 4217/4217 4221/4221
f 4221/4221 4253/4253 4252/4252
f 4237/4237 4254/4254 4222/4222
f 4222/4222 4220/4220 4237/4237
f 4215/4215 4216/4216 4255/4255
f 4255/4255 4251/4251 4215/4215
f 4214/4214 4217/4217 4256/4256
f 4216/4216 4257/4257 4255/4255
f 4252/4252 4256/4256 4217/4217
f 2435/2435 4251/4251 4258/4258
f 4258/4258 2417/2417 2435/2435
f 4251/4251 4255/4255 4258/4258
f 4259/4259 4205/4205 3709/3709
f 4260/4260 4259/4259 3709/3709
f 3709/3709 3788/3788 4261/4261
f 4261/4261 4260/4260 3709/3709
f 4250/4250 4262/4262 3894/3894
f 4263/4263 4264/4264 4254/4254
f 4254/4254 4265/4265 4263/4263
f 4266/4266 4265/4265 4254/4254
f 4254/4254 4237/4237 4266/4266
f 4267/4267 4255/4255 4257/4257
f 4256/4256 4252/4252 4268/4268
f 4256/4256 4268/4268 4269/4269
f 4267/4267 4258/4258 4255/4255
f 4270/4270 4271/4271 4272/4272
f 2417/2417 4258/4258 4267/4267
f 2417/2417 4267/4267 4273/4273
f 2417/2417 4273/4273 1981/1981
f 4274/4274 3894/3894 4262/4262
f 4275/4275 4276/4276 4277/4277
f 4278/4278 4263/4263 4265/4265
f 4265/4265 4266/4266 4279/4279
f 4280/4280 4278/4278 4265/4265
f 4279/4279 4280/4280 4265/4265
f 4281/4281 4272/4272 4271/4271
f 4278/4278 4282/4282 4263/4263
f 4283/4283 4269/4269 4268/4268
f 4272/4272 4281/4281 4284/4284
f 4285/4285 4273/4273 4267/4267
f 4283/4283 4286/4286 4269/4269
f 4273/4273 4285/4285 4287/4287
f 4273/4273 4287/4287 1981/1981
f 4288/4288 4237/4237 4238/4238
f 4236/4236 4244/4244 4289/4289
f 4290/4290 4288/4288 4238/4238
f 4288/4288 4266/4266 4237/4237
f 4243/4243 4248/4248 4291/4291
f 4266/4266 4288/4288 4292/4292
f 4292/4292 4279/4279 4266/4266
f 4288/4288 4290/4290 4293/4293
f 4288/4288 4293/4293 4292/4292
f 4294/4294 4291/4291 4248/4248
f 4248/4248 4249/4249 4295/4295
f 4296/4296 4297/4297 4298/4298
f 4299/4299 4300/4300 4301/4301
f 4299/4299 4301/4301 4302/4302
f 4299/4299 4302/4302 4303/4303
f 4304/4304 4305/4305 3837/3837
f 4306/4306 4304/4304 3837/3837
f 3894/3894 4306/4306 3837/3837
f 4055/4055 4036/4036 4307/4307
f 4308/4308 4309/4309 4310/4310
f 4311/4311 4312/4312 4313/4313
f 4314/4314 4041/4041 4040/4040
f 4040/4040 4315/4315 4314/4314
f 4036/4036 4316/4316 4307/4307
f 4317/4317 4056/4056 4060/4060
f 4318/4318 4319/4319 4320/4320
f 4321/4321 4061/4061 4056/4056
f 4056/4056 4317/4317 4321/4321
f 4061/4061 4321/4321 4322/4322
f 4322/4322 4091/4091 4061/4061
f 4323/4323 4314/4314 4315/4315
f 4315/4315 4324/4324 4323/4323
f 4325/4325 4307/4307 4316/4316
f 4326/4326 4327/4327 4307/4307
f 4307/4307 4325/4325 4328/4328
f 4328/4328 4326/4326 4307/4307
f 4329/4329 4330/4330 4331/4331
f 4332/4332 4333/4333 4334/4334
f 4335/4335 4321/4321 4317/4317
f 4317/4317 4336/4336 4335/4335
f 4321/4321 4335/4335 4322/4322
f 4302/4302 4337/4337 4303/4303
f 4304/4304 4338/4338 4305/4305
f 4339/4339 4340/4340 4341/4341
f 3513/3513 4342/4342 3501/3501
f 4343/4343 4328/4328 4325/4325
f 4326/4326 4328/4328 4344/4344
f 4345/4345 4346/4346 4347/4347
f 4348/4348 4349/4349 4350/4350
f 4351/4351 4352/4352 4353/4353
f 4354/4354 4344/4344 4328/4328
f 4355/4355 4335/4335 4336/4336
f 4346/4346 4345/4345 4356/4356
f 4357/4357 4322/4322 4335/4335
f 4356/4356 4358/4358 4359/4359
f 4342/4342 3513/3513 4360/4360
f 4361/4361 4353/4353 4352/4352
f 4362/4362 4363/4363 4364/4364
f 4091/4091 4322/4322 4108/4108
f 4365/4365 4108/4108 4322/4322
f 4357/4357 4365/4365 4322/4322
f 4366/4366 4117/4117 4116/4116
f 4116/4116 4111/4111 4367/4367
f 4367/4367 4366/4366 4116/4116
f 4117/4117 4366/4366 4133/4133
f 4365/4365 4109/4109 4108/4108
f 4368/4368 4111/4111 4369/4369
f 4109/4109 4365/4365 4370/4370
f 4370/4370 4371/4371 4109/4109
f 4111/4111 4368/4368 4367/4367
f 4372/4372 4370/4370 4365/4365
f 4365/4365 4357/4357 4373/4373
f 4373/4373 4372/4372 4365/4365
f 4371/4371 4370/4370 4374/4374
f 4375/4375 4367/4367 4368/4368
f 4368/4368 4376/4376 4375/4375
f 4370/4370 4372/4372 4374/4374
f 4366/4366 4367/4367 4375/4375
f 4366/4366 4375/4375 4377/4377
f 4377/4377 4133/4133 4366/4366
f 4378/4378 4379/4379 4358/4358
f 4358/4358 4356/4356 4380/4380
f 4358/4358 4380/4380 4378/4378
f 4381/4381 4374/4374 4372/4372
f 4372/4372 4373/4373 4381/4381
f 4382/4382 4375/4375 4376/4376
f 4381/4381 4383/4383 4374/4374
f 4379/4379 4378/4378 4384/4384
f 4385/4385 4377/4377 4375/4375
f 4382/4382 4385/4385 4375/4375
f 4386/4386 4303/4303 4337/4337
f 4303/4303 4386/4386 4387/4387
f 4303/4303 4387/4387 4388/4388
f 4389/4389 4356/4356 4345/4345
f 4390/4390 4391/4391 4392/4392
f 4345/4345 4393/4393 4389/4389
f 4356/4356 4389/4389 4380/4380
f 4344/4344 4354/4354 4394/4394
f 4391/4391 4395/4395 4392/4392
f 4396/4396 4397/4397 4398/4398
f 4354/4354 4399/4399 4394/4394
f 4400/4400 4401/4401 4402/4402
f 4403/4403 4404/4404 4405/4405
f 4406/4406 4407/4407 4408/4408
f 4409/4409 4394/4394 4399/4399
f 4410/4410 4407/4407 4411/4411
f 4410/4410 4411/4411 4412/4412
f 4413/4413 4392/4392 4395/4395
f 4412/4412 4413/4413 4395/4395
f 4414/4414 4389/4389 4393/4393
f 4393/4393 4415/4415 4414/4414
f 4416/4416 4380/4380 4389/4389
f 4414/4414 4416/4416 4389/4389
f 4133/4133 4377/4377 4134/4134
f 4135/4135 4134/4134 4377/4377
f 4417/4417 4135/4135 4377/4377
f 4377/4377 4385/4385 4417/4417
f 4380/4380 4416/4416 4418/4418
f 4418/4418 4378/4378 4380/4380
f 4419/4419 4418/4418 4416/4416
f 4416/4416 4414/4414 4420/4420
f 4416/4416 4420/4420 4419/4419
f 4135/4135 4417/4417 4136/4136
f 4421/4421 4422/4422 4423/4423
f 4424/4424 4417/4417 4385/4385
f 4423/4423 4425/4425 4421/4421
f 4422/4422 4426/4426 4423/4423
f 4427/4427 4136/4136 4417/4417
f 4417/4417 4424/4424 4427/4427
f 4136/4136 4427/4427 4428/4428
f 4428/4428 4137/4137 4136/4136
f 4429/4429 4384/4384 4378/4378
f 4378/4378 4418/4418 4429/4429
f 4426/4426 4430/4430 4423/4423
f 4431/4431 4432/4432 4433/4433
f 4434/4434 4427/4427 4424/4424
f 4425/4425 4423/4423 4435/4435
f 4434/4434 4428/4428 4427/4427
f 4436/4436 4423/4423 4430/4430
f 4437/4437 4438/4438 4439/4439
f 4430/4430 4440/4440 4436/4436
f 4436/4436 4435/4435 4423/4423
f 4137/4137 4428/4428 4138/4138
f 4441/4441 4138/4138 4428/4428
f 4428/4428 4434/4434 4441/4441
f 4441/4441 4139/4139 4138/4138
f 4139/4139 4441/4441 4442/4442
f 4139/4139 4442/4442 4140/4140
f 4443/4443 3830/3830 4444/4444
f 4445/4445 4446/4446 4306/4306
f 4306/4306 3894/3894 4445/4445
f 4407/4407 4406/4406 4447/4447
f 4447/4447 4411/4411 4407/4407
f 4448/4448 4414/4414 4415/4415
f 4413/4413 4412/4412 4449/4449
f 4415/4415 4450/4450 4448/4448
f 3551/3551 4451/4451 3558/3558
f 3830/3830 4443/4443 4452/4452
f 3830/3830 4452/4452 3831/3831
f 4445/4445 4453/4453 4446/4446
f 4454/4454 4412/4412 4411/4411
f 4411/4411 4447/4447 4455/4455
f 4455/4455 4454/4454 4411/4411
f 4414/4414 4448/4448 4456/4456
f 4456/4456 4420/4420 4414/4414
f 4454/4454 4449/4449 4412/4412
f 4457/4457 4455/4455 4447/4447
f 4451/4451 3551/3551 4458/4458
f 4449/4449 4454/4454 4459/4459
f 4460/4460 4461/4461 4462/4462
f 4449/4449 4459/4459 4463/4463
f 4454/4454 4455/4455 4464/4464
f 4464/4464 4459/4459 4454/4454
f 4465/4465 4466/4466 4461/4461
f 4460/4460 4465/4465 4461/4461
f 4467/4467 4464/4464 4455/4455
f 4455/4455 4457/4457 4467/4467
f 4468/4468 4469/4469 4470/4470
f 1981/1981 4471/4471 3551/3551
f 4420/4420 4456/4456 4419/4419
f 4472/4472 4473/4473 4474/4474
f 4475/4475 4472/4472 4474/4474
f 4472/4472 4440/4440 4473/4473
f 4476/4476 4436/4436 4440/4440
f 4440/4440 4472/4472 4476/4476
f 4435/4435 4436/4436 4477/4477
f 4435/4435 4477/4477 4478/4478
f 4476/4476 4477/4477 4436/4436
f 4479/4479 4478/4478 4477/4477
f 4477/4477 4480/4480 4479/4479
f 4476/4476 4480/4480 4477/4477
f 4481/4481 4476/4476 4472/4472
f 4482/4482 4465/4465 4483/4483
f 4472/4472 4484/4484 4481/4481
f 4485/4485 4442/4442 4441/4441
f 4442/4442 4485/4485 4486/4486
f 4486/4486 4140/4140 4442/4442
f 4487/4487 4479/4479 4480/4480
f 4480/4480 4476/4476 4481/4481
f 4480/4480 4481/4481 4488/4488
f 4488/4488 4487/4487 4480/4480
f 4489/4489 4486/4486 4485/4485
f 4490/4490 4483/4483 4465/4465
f 4465/4465 4460/4460 4491/4491
f 4465/4465 4491/4491 4492/4492
f 4465/4465 4492/4492 4490/4490
f 4493/4493 4481/4481 4484/4484
f 4494/4494 4493/4493 4484/4484
f 4481/4481 4493/4493 4488/4488
f 4495/4495 4496/4496 4497/4497
f 4498/4498 4499/4499 3788/3788
f 3788/3788 4499/4499 4261/4261
f 4496/4496 4500/4500 4497/4497
f 4501/4501 4502/4502 3789/3789
f 3789/3789 3831/3831 4501/4501
f 3894/3894 4503/4503 4445/4445
f 4504/4504 4505/4505 4506/4506
f 4506/4506 4505/4505 4507/4507
f 4506/4506 4508/4508 4504/4504
f 4509/4509 4510/4510 4511/4511
f 4512/4512 4509/4509 4511/4511
f 4505/4505 4513/4513 4514/4514
f 4504/4504 4513/4513 4505/4505
f 4515/4515 4516/4516 4517/4517
f 4518/4518 4507/4507 4505/4505
f 4517/4517 4519/4519 4515/4515
f 4520/4520 4521/4521 4522/4522
f 4523/4523 4520/4520 4522/4522
f 4524/4524 4525/4525 4526/4526
f 4509/4509 4527/4527 4510/4510
f 4445/4445 4503/4503 4528/4528
f 4529/4529 4445/4445 4528/4528
f 4530/4530 4531/4531 4532/4532
f 4533/4533 4531/4531 4530/4530
f 4534/4534 4535/4535 4536/4536
f 4536/4536 4535/4535 4537/4537
f 4538/4538 4513/4513 4504/4504
f 4536/4536 4539/4539 4534/4534
f 4540/4540 4541/4541 4542/4542
f 4514/4514 4513/4513 4543/4543
f 4544/4544 4514/4514 4543/4543
f 4531/4531 4533/4533 4545/4545
f 4543/4543 4546/4546 4544/4544
f 4535/4535 4534/4534 4547/4547
f 4535/4535 4547/4547 4548/4548
f 4549/4549 4537/4537 4535/4535
f 4548/4548 4549/4549 4535/4535
f 4550/4550 4551/4551 4552/4552
f 4553/4553 4551/4551 4550/4550
f 4554/4554 4555/4555 4556/4556
f 4551/4551 4557/4557 4552/4552
f 4558/4558 4559/4559 4560/4560
f 4561/4561 4558/4558 4560/4560
f 4551/4551 4553/4553 4562/4562
f 4563/4563 4552/4552 4557/4557
f 1981/1981 4563/4563 4557/4557
f 4557/4557 4564/4564 1981/1981
f 4526/4526 4547/4547 4534/4534
f 4141/4141 4247/4247 4132/4132
f 4565/4565 4249/4249 4247/4247
f 4247/4247 4141/4141 4566/4566
f 4247/4247 4566/4566 4565/4565
f 4249/4249 4565/4565 4567/4567
f 4249/4249 4567/4567 4295/4295
f 4566/4566 4141/4141 4142/4142
f 4568/4568 4566/4566 4142/4142
f 4143/4143 4568/4568 4142/4142
f 4569/4569 4565/4565 4566/4566
f 4566/4566 4568/4568 4569/4569
f 4570/4570 4567/4567 4565/4565
f 4565/4565 4569/4569 4570/4570
f 4571/4571 4572/4572 4573/4573
f 4573/4573 4572/4572 4574/4574
f 4575/4575 4295/4295 4567/4567
f 4140/4140 4486/4486 4144/4144
f 4576/4576 4144/4144 4486/4486
f 4489/4489 4576/4576 4486/4486
f 4577/4577 4145/4145 4144/4144
f 4144/4144 4576/4576 4577/4577
f 4578/4578 4143/4143 4145/4145
f 4577/4577 4578/4578 4145/4145
f 4576/4576 4579/4579 4577/4577
f 4580/4580 4579/4579 4576/4576
f 4576/4576 4489/4489 4580/4580
f 4568/4568 4143/4143 4578/4578
f 4568/4568 4578/4578 4581/4581
f 4568/4568 4581/4581 4569/4569
f 4579/4579 4581/4581 4578/4578
f 4577/4577 4579/4579 4578/4578
f 4582/4582 4569/4569 4581/4581
f 4583/4583 4584/4584 4585/4585
f 4581/4581 4579/4579 4586/4586
f 4587/4587 4572/4572 4588/4588
f 4589/4589 4590/4590 4591/4591
f 4526/4526 4525/4525 4592/4592
f 4591/4591 4527/4527 4593/4593
f 4587/4587 4588/4588 4594/4594
f 4595/4595 4526/4526 4592/4592
f 4593/4593 4589/4589 4591/4591
f 4572/4572 4571/4571 4588/4588
f 4590/4590 4589/4589 4596/4596
f 4527/4527 4509/4509 4593/4593
f 4584/4584 4571/4571 4597/4597
f 4571/4571 4584/4584 4588/4588
f 4598/4598 4588/4588 4584/4584
f 4584/4584 4583/4583 4598/4598
f 4588/4588 4598/4598 4599/4599
f 4588/4588 4599/4599 4594/4594
f 4526/4526 4600/4600 4547/4547
f 4547/4547 4600/4600 4548/4548
f 4580/4580 4586/4586 4579/4579
f 4601/4601 4598/4598 4583/4583
f 4583/4583 4602/4602 4601/4601
f 4603/4603 4599/4599 4598/4598
f 4601/4601 4603/4603 4598/4598
f 4600/4600 4526/4526 4595/4595
f 4604/4604 4548/4548 4600/4600
f 4282/4282 4278/4278 4605/4605
f 4519/4519 4284/4284 4281/4281
f 4278/4278 4280/4280 4512/4512
f 4278/4278 4512/4512 4605/4605
f 4280/4280 4509/4509 4512/4512
f 4593/4593 4509/4509 4280/4280
f 4280/4280 4279/4279 4593/4593
f 4285/4285 4606/4606 4607/4607
f 4608/4608 4287/4287 4285/4285
f 4607/4607 4608/4608 4285/4285
f 4284/4284 4519/4519 4609/4609
f 4610/4610 4611/4611 4612/4612
f 4287/4287 4608/4608 1981/1981
f 4608/4608 4607/4607 4563/4563
f 4608/4608 4563/4563 1981/1981
f 4517/4517 4609/4609 4519/4519
f 4613/4613 4614/4614 4615/4615
f 4517/4517 4616/4616 4609/4609
f 4607/4607 4552/4552 4563/4563
f 4596/4596 4292/4292 4293/4293
f 4294/4294 4295/4295 4575/4575
f 4279/4279 4292/4292 4593/4593
f 4292/4292 4589/4589 4593/4593
f 4596/4596 4589/4589 4292/4292
f 4617/4617 3831/3831 4452/4452
f 3831/3831 4617/4617 4501/4501
f 4618/4618 4463/4463 4459/4459
f 4459/4459 4464/4464 4619/4619
f 4459/4459 4619/4619 4618/4618
f 4464/4464 4467/4467 4620/4620
f 4464/4464 4620/4620 4619/4619
f 4621/4621 4622/4622 4623/4623
f 4468/4468 4624/4624 4469/4469
f 4625/4625 4620/4620 4467/4467
f 4626/4626 4627/4627 4628/4628
f 4619/4619 4620/4620 4541/4541
f 4541/4541 4620/4620 4542/4542
f 4549/4549 4629/4629 4537/4537
f 4620/4620 4625/4625 4542/4542
f 4630/4630 4618/4618 4619/4619
f 4491/4491 4549/4549 4492/4492
f 4627/4627 4626/4626 4631/4631
f 4545/4545 4533/4533 4632/4632
f 4633/4633 4546/4546 4634/4634
f 4468/4468 4635/4635 4624/4624
f 4626/4626 4636/4636 4631/4631
f 4636/4636 4471/4471 1981/1981
f 4637/4637 4631/4631 4636/4636
f 1981/1981 4637/4637 4636/4636
f 4548/4548 4492/4492 4549/4549
f 4633/4633 4544/4544 4546/4546
f 4558/4558 4561/4561 4638/4638
f 4564/4564 4637/4637 1981/1981
f 4631/4631 4562/4562 4553/4553
f 4562/4562 4631/4631 4637/4637
f 4487/4487 4488/4488 4602/4602
f 4602/4602 4488/4488 4493/4493
f 4493/4493 4494/4494 4603/4603
f 4601/4601 4602/4602 4493/4493
f 4493/4493 4603/4603 4601/4601
f 4604/4604 4490/4490 4492/4492
f 4639/4639 4640/4640 4641/4641
f 4642/4642 3816/3816 1983/1983
f 1983/1983 1982/1982 4642/4642
f 3189/3189 3820/3820 4643/4643
f 4643/4643 3200/3200 3189/3189
f 4642/4642 3819/3819 3816/3816
f 4644/4644 3820/3820 3817/3817
f 4642/4642 4645/4645 3819/3819
f 3820/3820 4644/4644 4643/4643
f 4646/4646 1977/1977 1981/1981
f 1981/1981 3202/3202 4646/4646
f 4647/4647 1984/1984 1977/1977
f 1977/1977 4646/4646 4647/4647
f 4648/4648 1985/1985 1986/1986
f 1982/1982 1985/1985 4649/4649
f 1982/1982 4649/4649 4642/4642
f 4650/4650 4647/4647 4651/4651
f 3202/3202 3204/3204 4652/4652
f 4652/4652 4646/4646 3202/3202
f 4653/4653 3203/3203 3206/3206
f 3206/3206 4654/4654 4653/4653
f 4655/4655 3205/3205 3203/3203
f 4653/4653 4655/4655 3203/3203
f 4642/4642 4656/4656 4645/4645
f 4644/4644 4657/4657 4643/4643
f 4646/4646 4652/4652 4658/4658
f 4658/4658 4647/4647 4646/4646
f 4653/4653 4659/4659 4655/4655
f 4658/4658 4651/4651 4647/4647
f 4660/4660 4661/4661 4662/4662
f 4662/4662 4661/4661 4663/4663
f 4664/4664 4659/4659 4653/4653
f 4653/4653 4654/4654 4664/4664
f 4665/4665 4666/4666 4667/4667

