# https://github.com/mikedh/trimesh
mtllib material.mtl
usemtl material_0
v 0.00915851 0.00977495 0.03504892
v 0.00774951 0.01373777 0.03654599
v 0.00510763 0.01373777 0.03337573
v 0.01197652 0.00977495 0.03733855
v 0.00686888 0.00977495 0.03231898
v 0.01127202 0.00642857 0.03328767
v 0.01356164 0.00642857 0.03504892
v 0.00413894 0.01796477 0.03408023
v 0.00678082 0.01796477 0.03742661
v 0.00413894 0.01796477 0.03408023
v 0.00678082 0.01796477 0.03742661
v 0.00378669 0.02245597 0.03425636
v 0.00211350 0.01796477 0.03029354
v 0.00176125 0.02245597 0.03038160
v 0.00211350 0.01796477 0.03029354
v 0.01083170 0.01373777 0.03909980
v 0.01012720 0.01796477 0.04015656
v 0.01435421 0.01373777 0.04103718
v 0.00651663 0.02245597 0.03769080
v 0.01391389 0.01796477 0.04227006
v 0.00986301 0.02245597 0.04050881
v 0.01523483 0.00977495 0.03918787
v 0.00651663 0.02245597 0.03769080
v 0.00510763 0.00977495 0.02914873
v 0.00405088 0.00977495 0.02571429
v 0.00766145 0.00642857 0.02818004
v 0.00202544 0.01373777 0.02606654
v 0.00907045 0.00642857 0.03082192
v 0.00510763 0.00977495 0.02914873
v 0.00325832 0.01373777 0.02985323
v 0.00766145 0.00642857 0.02818004
v 0.00325832 0.01373777 0.02985323
v 0.00669276 0.00642857 0.02518591
v 0.00361057 0.00977495 0.02210372
v 0.00158513 0.01373777 0.02210372
v 0.00607632 0.00810176 0.02439335
v 0.00519569 0.00748532 0.02412916
v 0.00545988 0.00739726 0.02465753
v 0.00545988 0.00739726 0.02465753
v 0.00519569 0.00748532 0.02412916
v 0.00590020 0.00590019 0.02360078
v 0.00695695 0.00598826 0.02412916
v 0.00660470 0.00713307 0.02536204
v 0.00545988 0.00739726 0.02465753
v 0.00660470 0.00713307 0.02536204
v 0.00607632 0.00810176 0.02439335
v 0.00616438 0.00572407 0.02395303
v 0.00519569 0.00748532 0.02412916
v 0.00607632 0.00810176 0.02439335
v 0.00572407 0.00792563 0.02386497
v 0.00519569 0.00748532 0.02412916
v 0.00572407 0.00792563 0.02386497
v 0.00572407 0.00607632 0.02324853
v 0.00572407 0.00607632 0.02324853
v 0.00590020 0.00590019 0.02360078
v 0.00519569 0.00748532 0.02412916
v 0.00528376 0.00651663 0.02227984
v 0.00466732 0.00810176 0.02316047
v 0.00440313 0.00827789 0.02272016
v 0.00563601 0.00660470 0.02263209
v 0.00466732 0.00810176 0.02316047
v 0.00528376 0.00651663 0.02227984
v 0.00493151 0.00695695 0.02166341
v 0.00678082 0.00537182 0.02175147
v 0.00616438 0.00545988 0.02087084
v 0.00642857 0.00528376 0.02131115
v 0.00642857 0.00528376 0.02131115
v 0.00510763 0.00880626 0.02272016
v 0.00440313 0.00827789 0.02272016
v 0.00466732 0.00810176 0.02316047
v 0.00537182 0.00863014 0.02316047
v 0.00572407 0.00792563 0.02386497
v 0.00572407 0.00792563 0.02386497
v 0.00440313 0.00827789 0.02272016
v 0.00510763 0.00880626 0.02272016
v 0.00493151 0.00863014 0.02245597
v 0.00440313 0.00827789 0.02272016
v 0.00493151 0.00863014 0.02245597
v 0.00537182 0.00748532 0.02139922
v 0.00493151 0.00695695 0.02166341
v 0.00651663 0.00801370 0.02263209
v 0.00510763 0.00880626 0.02272016
v 0.00537182 0.00863014 0.02316047
v 0.00572407 0.00792563 0.02386497
v 0.00651663 0.00801370 0.02263209
v 0.00493151 0.00863014 0.02245597
v 0.00510763 0.00880626 0.02272016
v 0.00493151 0.00863014 0.02245597
v 0.00493151 0.00739726 0.02113503
v 0.00537182 0.00748532 0.02139922
v 0.00413894 0.00854207 0.02192759
v 0.00466732 0.00942270 0.02175147
v 0.00413894 0.00854207 0.02192759
v 0.00493151 0.00863014 0.02245597
v 0.00554795 0.00951076 0.02078278
v 0.00466732 0.00942270 0.02175147
v 0.00493151 0.00863014 0.02245597
v 0.00607632 0.00863014 0.02219178
v 0.00554795 0.00951076 0.02078278
v 0.00493151 0.00863014 0.02245597
v 0.01109589 0.00422701 0.03170254
v 0.01056752 0.00598826 0.03249511
v 0.01030333 0.00590020 0.03205479
v 0.01171233 0.00413894 0.03223092
v 0.01109589 0.00422701 0.03170254
v 0.01030333 0.00590020 0.03205479
v 0.01127202 0.00466732 0.03099804
v 0.01232877 0.00281800 0.03090998
v 0.01197652 0.00290607 0.03046967
v 0.01197652 0.00290607 0.03046967
v 0.00951076 0.00431507 0.02958904
v 0.00942270 0.00457926 0.02914873
v 0.01047945 0.00308219 0.02835616
v 0.00889433 0.00607632 0.03020548
v 0.00951076 0.00431507 0.02958904
v 0.01065558 0.00457926 0.03064579
v 0.00933464 0.00590020 0.03073386
v 0.01153620 0.00317025 0.02976517
v 0.01074364 0.00299413 0.02879648
v 0.01074364 0.00299413 0.02879648
v 0.01109589 0.00299413 0.02923679
v 0.00889433 0.00607632 0.03020548
v 0.01003914 0.00334638 0.02756360
v 0.01012720 0.00634051 0.02888454
v 0.00774951 0.00625245 0.02844423
v 0.00942270 0.00457926 0.02914873
v 0.00942270 0.00457926 0.02914873
v 0.00774951 0.00625245 0.02844423
v 0.00845401 0.00449119 0.02782779
v 0.00942270 0.00457926 0.02914873
v 0.00889433 0.00607632 0.03020548
v 0.00871820 0.00598826 0.02985323
v 0.00942270 0.00457926 0.02914873
v 0.00871820 0.00598826 0.02985323
v 0.01012720 0.00634051 0.02888454
v 0.01003914 0.00334638 0.02756360
v 0.01065558 0.00616438 0.03170254
v 0.01127202 0.00466732 0.03099804
v 0.01250489 0.00343444 0.03011742
v 0.01180039 0.00202544 0.02747554
v 0.01153620 0.00237769 0.02641879
v 0.01241683 0.00193738 0.02809198
v 0.01109589 0.00299413 0.02923679
v 0.01241683 0.00193738 0.02809198
v 0.01276908 0.00211350 0.02853229
v 0.00739726 0.00625245 0.02791585
v 0.00774951 0.00625245 0.02844423
v 0.00810176 0.00704501 0.02800391
v 0.00810176 0.00457926 0.02738748
v 0.00739726 0.00625245 0.02791585
v 0.00739726 0.00625245 0.02791585
v 0.00810176 0.00704501 0.02800391
v 0.00774951 0.00660470 0.02738748
v 0.00792564 0.00475538 0.02703523
v 0.00810176 0.00457926 0.02738748
v 0.00739726 0.00625245 0.02791585
v 0.00836595 0.00519569 0.02659491
v 0.00792564 0.00475538 0.02703523
v 0.00739726 0.00625245 0.02791585
v 0.00774951 0.00660470 0.02738748
v 0.01197652 0.00361057 0.02906067
v 0.00907045 0.00642857 0.03082192
v 0.01091977 0.00361057 0.02694716
v 0.01012720 0.00634051 0.02888454
v 0.00810176 0.00704501 0.02800391
v 0.00774951 0.00625245 0.02844423
v 0.00810176 0.00704501 0.02800391
v 0.01012720 0.00634051 0.02888454
v 0.00915851 0.00642857 0.02747554
v 0.00854208 0.00669276 0.02694716
v 0.00854208 0.00669276 0.02694716
v 0.01197652 0.00361057 0.02906067
v 0.01338552 0.00361057 0.03090998
v 0.00933464 0.00590020 0.03073386
v 0.01065558 0.00616438 0.03170254
v 0.00951076 0.00686888 0.03002935
v 0.00889433 0.00607632 0.03020548
v 0.01091977 0.00704501 0.03214286
v 0.01056752 0.00598826 0.03249511
v 0.01109589 0.00581213 0.03293542
v 0.01109589 0.00581213 0.03293542
v 0.01197652 0.00651663 0.03205479
v 0.01091977 0.00704501 0.03214286
v 0.01109589 0.00581213 0.03293542
v 0.01276908 0.00466732 0.03319961
v 0.01276908 0.00466732 0.03319961
v 0.01030333 0.00590020 0.03205479
v 0.01065558 0.00616438 0.03170254
v 0.01091977 0.00704501 0.03214286
v 0.01118395 0.00634051 0.03117417
v 0.01065558 0.00616438 0.03170254
v 0.01118395 0.00634051 0.03117417
v 0.01039139 0.00651663 0.02985323
v 0.01039139 0.00651663 0.02985323
v 0.00951076 0.00686888 0.03002935
v 0.01065558 0.00616438 0.03170254
v 0.00871820 0.00598826 0.02985323
v 0.00871820 0.00598826 0.02985323
v 0.00951076 0.00686888 0.03002935
v 0.01012720 0.00634051 0.02888454
v 0.00951076 0.00686888 0.03002935
v 0.01039139 0.00651663 0.02985323
v 0.01012720 0.00634051 0.02888454
v 0.00810176 0.00387476 0.02439335
v 0.00713307 0.00501957 0.02571429
v 0.00686889 0.00519569 0.02527397
v 0.00686889 0.00519569 0.02527397
v 0.00713307 0.00501957 0.02571429
v 0.00651664 0.00669276 0.02641879
v 0.00669276 0.00537182 0.02492172
v 0.00783757 0.00413894 0.02395303
v 0.00625245 0.00686888 0.02589041
v 0.00651664 0.00669276 0.02641879
v 0.00907045 0.00343444 0.02615460
v 0.00933464 0.00325832 0.02659491
v 0.00845401 0.00449119 0.02782779
v 0.00792564 0.00475538 0.02703523
v 0.00836595 0.00519569 0.02659491
v 0.00959883 0.00369863 0.02659491
v 0.00792564 0.00475538 0.02703523
v 0.00959883 0.00369863 0.02659491
v 0.00907045 0.00343444 0.02615460
v 0.00836595 0.00519569 0.02659491
v 0.00774951 0.00510763 0.02633072
v 0.00871820 0.00378669 0.02536204
v 0.00774951 0.00660470 0.02738748
v 0.00959883 0.00369863 0.02659491
v 0.00836595 0.00378669 0.02483366
v 0.00836595 0.00378669 0.02483366
v 0.00669276 0.00572407 0.02439335
v 0.00669276 0.00537182 0.02492172
v 0.00625245 0.00686888 0.02589041
v 0.00669276 0.00572407 0.02439335
v 0.00686889 0.00484344 0.02227984
v 0.00713307 0.00457926 0.02263209
v 0.00827789 0.00387476 0.02139922
v 0.00563601 0.00660470 0.02263209
v 0.00678082 0.00537182 0.02175147
v 0.00951076 0.00290607 0.02360078
v 0.00986302 0.00281800 0.02395303
v 0.00871820 0.00378669 0.02536204
v 0.00933464 0.00317025 0.02307241
v 0.00766145 0.00449119 0.02342466
v 0.00810176 0.00484344 0.02377691
v 0.00783757 0.00413894 0.02395303
v 0.00783757 0.00413894 0.02395303
v 0.00810176 0.00484344 0.02377691
v 0.00959883 0.00413894 0.02307241
v 0.00766145 0.00449119 0.02342466
v 0.00933464 0.00317025 0.02307241
v 0.00810176 0.00484344 0.02377691
v 0.00766145 0.00449119 0.02342466
v 0.00959883 0.00413894 0.02307241
v 0.00766145 0.00449119 0.02342466
v 0.00739726 0.00449119 0.02307241
v 0.00907045 0.00352250 0.02245597
v 0.00739726 0.00449119 0.02307241
v 0.00766145 0.00449119 0.02342466
v 0.00907045 0.00352250 0.02245597
v 0.00766145 0.00449119 0.02342466
v 0.00695695 0.00598826 0.02412916
v 0.00616438 0.00572407 0.02395303
v 0.00871820 0.00352250 0.02192759
v 0.01047945 0.00246575 0.02527397
v 0.01074364 0.00228963 0.02571429
v 0.01224071 0.00176125 0.02465753
v 0.01065558 0.00281800 0.02483366
v 0.00968689 0.00325832 0.02703523
v 0.01109589 0.00220157 0.02606654
v 0.01153620 0.00237769 0.02641879
v 0.00968689 0.00325832 0.02703523
v 0.01109589 0.00220157 0.02606654
v 0.01250489 0.00167319 0.02518591
v 0.01153620 0.00237769 0.02641879
v 0.01109589 0.00220157 0.02606654
v 0.01250489 0.00167319 0.02518591
v 0.00933464 0.00325832 0.02659491
v 0.01065558 0.00281800 0.02483366
v 0.00907045 0.00343444 0.02615460
v 0.00959883 0.00369863 0.02659491
v 0.00959883 0.00369863 0.02659491
v 0.01065558 0.00281800 0.02483366
v 0.01021527 0.00361057 0.02456947
v 0.01470646 0.00158513 0.02545010
v 0.01532290 0.00158513 0.02694716
v 0.01109589 0.00228963 0.02263209
v 0.01109589 0.00228963 0.02263209
v 0.01136008 0.00220157 0.02316047
v 0.01109589 0.00387476 0.02289628
v 0.01188845 0.00325832 0.02263209
v 0.01206458 0.00308219 0.02316047
v 0.01136008 0.00220157 0.02316047
v 0.01109589 0.00228963 0.02263209
v 0.01188845 0.00325832 0.02263209
v 0.01030333 0.00281800 0.02122309
v 0.01030333 0.00281800 0.02122309
v 0.00959883 0.00413894 0.02307241
v 0.01030333 0.00281800 0.02122309
v 0.01039139 0.00449119 0.02148728
v 0.00634051 0.00642857 0.02210372
v 0.01409002 0.00158513 0.02386497
v 0.00995108 0.00361057 0.02219178
v 0.01215264 0.00334638 0.02483366
v 0.01224071 0.00176125 0.02465753
v 0.01065558 0.00281800 0.02483366
v 0.01065558 0.00281800 0.02483366
v 0.01136008 0.00220157 0.02316047
v 0.01171233 0.00343444 0.02368885
v 0.00625245 0.00686888 0.02589041
v 0.00651664 0.00669276 0.02641879
v 0.00695695 0.00748532 0.02597847
v 0.00625245 0.00686888 0.02589041
v 0.00695695 0.00748532 0.02597847
v 0.00660470 0.00713307 0.02536204
v 0.00660470 0.00713307 0.02536204
v 0.00774951 0.00660470 0.02738748
v 0.00695695 0.00748532 0.02597847
v 0.00651664 0.00669276 0.02641879
v 0.00748532 0.00730920 0.02500978
v 0.00695695 0.00748532 0.02597847
v 0.00774951 0.00660470 0.02738748
v 0.00801370 0.00686888 0.02545010
v 0.00748532 0.00730920 0.02500978
v 0.00748532 0.00730920 0.02500978
v 0.00854208 0.00669276 0.02694716
v 0.00801370 0.00686888 0.02545010
v 0.00774951 0.00660470 0.02738748
v 0.00695695 0.00783757 0.02368885
v 0.00572407 0.00792563 0.02386497
v 0.00607632 0.00810176 0.02439335
v 0.00748532 0.00730920 0.02500978
v 0.00695695 0.00783757 0.02368885
v 0.00607632 0.00810176 0.02439335
v 0.00572407 0.00792563 0.02386497
v 0.00695695 0.00783757 0.02368885
v 0.00651663 0.00801370 0.02263209
v 0.00563601 0.00660470 0.02263209
v 0.00572407 0.00607632 0.02324853
v 0.00572407 0.00792563 0.02386497
v 0.00325832 0.01373777 0.02985323
v 0.00211350 0.01796477 0.03029354
v 0.00088063 0.01796477 0.02624266
v 0.00088063 0.01796477 0.02624266
v 0.00202544 0.01373777 0.02606654
v 0.00325832 0.01373777 0.02985323
v 0.00044031 0.02245597 0.02624266
v 0.00088063 0.01796477 0.02624266
v 0.00088063 0.01796477 0.02624266
v 0.00035225 0.01796477 0.02210372
v 0.00000000 0.02245597 0.02210372
v 0.00035225 0.01796477 0.02210372
v 0.01629159 0.00642857 0.03654599
v 0.01928571 0.00642857 0.03751468
v 0.01866928 0.00977495 0.04015656
v 0.01312133 0.00449119 0.03399217
v 0.01338552 0.00449119 0.03434442
v 0.01232877 0.00607632 0.03434442
v 0.01417808 0.00308219 0.03293542
v 0.01312133 0.00449119 0.03399217
v 0.01232877 0.00607632 0.03434442
v 0.01276908 0.00466732 0.03319961
v 0.01417808 0.00308219 0.03293542
v 0.01400196 0.00449119 0.03469667
v 0.01329746 0.00616438 0.03540117
v 0.01470646 0.00361057 0.03328767
v 0.01259296 0.00625245 0.03487280
v 0.01338552 0.00449119 0.03434442
v 0.01417808 0.00308219 0.03293542
v 0.01470646 0.00361057 0.03328767
v 0.01576321 0.00352250 0.03443249
v 0.01488258 0.00501957 0.03531311
v 0.01497065 0.00325832 0.03372798
v 0.01470646 0.00361057 0.03328767
v 0.01497065 0.00325832 0.03372798
v 0.01400196 0.00449119 0.03469667
v 0.01620352 0.00501957 0.03663405
v 0.01646771 0.00361057 0.03504892
v 0.01681996 0.00361057 0.03540117
v 0.01549902 0.00493151 0.03610568
v 0.01726027 0.00378669 0.03566536
v 0.01488258 0.00669276 0.03689824
v 0.01541096 0.00669276 0.03725049
v 0.01708415 0.00554795 0.03707436
v 0.01787671 0.00413894 0.03610568
v 0.01673190 0.00405088 0.03478474
v 0.01558708 0.00528376 0.03548924
v 0.01488258 0.00501957 0.03531311
v 0.01558708 0.00528376 0.03548924
v 0.01373777 0.00669276 0.03478474
v 0.01329746 0.00616438 0.03540117
v 0.01646771 0.00237769 0.03293542
v 0.01620352 0.00299413 0.03249511
v 0.01646771 0.00237769 0.03293542
v 0.01770059 0.00264188 0.03408023
v 0.01549902 0.00493151 0.03610568
v 0.01673190 0.00396282 0.03522505
v 0.01646771 0.00361057 0.03504892
v 0.01761253 0.00325832 0.03372798
v 0.01761253 0.00325832 0.03372798
v 0.01770059 0.00264188 0.03408023
v 0.01646771 0.00361057 0.03504892
v 0.01681996 0.00361057 0.03540117
v 0.01770059 0.00264188 0.03408023
v 0.01814090 0.00272994 0.03434442
v 0.01726027 0.00378669 0.03566536
v 0.01673190 0.00396282 0.03522505
v 0.01549902 0.00493151 0.03610568
v 0.01673190 0.00405088 0.03478474
v 0.01761253 0.00325832 0.03372798
v 0.01558708 0.00528376 0.03548924
v 0.01453033 0.00651663 0.03654599
v 0.01453033 0.00651663 0.03654599
v 0.01444227 0.00634051 0.03390411
v 0.01373777 0.00669276 0.03478474
v 0.01558708 0.00528376 0.03548924
v 0.01558708 0.00528376 0.03548924
v 0.01453033 0.00651663 0.03654599
v 0.01514677 0.00695695 0.03531311
v 0.01726027 0.00255382 0.03337573
v 0.01673190 0.00405088 0.03478474
v 0.01576321 0.00352250 0.03443249
v 0.01646771 0.00237769 0.03293542
v 0.01673190 0.00405088 0.03478474
v 0.01726027 0.00255382 0.03337573
v 0.01752446 0.00325832 0.03196673
v 0.01232877 0.00607632 0.03434442
v 0.01259296 0.00625245 0.03487280
v 0.01320939 0.00730920 0.03469667
v 0.01232877 0.00607632 0.03434442
v 0.01320939 0.00730920 0.03469667
v 0.01364971 0.00634051 0.03337573
v 0.01364971 0.00634051 0.03337573
v 0.01276908 0.00466732 0.03319961
v 0.01232877 0.00607632 0.03434442
v 0.01329746 0.00616438 0.03540117
v 0.01320939 0.00730920 0.03469667
v 0.01761253 0.00361057 0.03363992
v 0.01532290 0.00361057 0.03240705
v 0.01320939 0.00730920 0.03469667
v 0.01320939 0.00730920 0.03469667
v 0.01444227 0.00634051 0.03390411
v 0.01364971 0.00634051 0.03337573
v 0.01453033 0.00651663 0.03654599
v 0.01488258 0.00669276 0.03689824
v 0.01505871 0.00783757 0.03654599
v 0.01505871 0.00783757 0.03654599
v 0.01541096 0.00669276 0.03725049
v 0.01567515 0.00730920 0.03663405
v 0.01505871 0.00783757 0.03654599
v 0.01541096 0.00669276 0.03725049
v 0.01708415 0.00554795 0.03707436
v 0.01505871 0.00783757 0.03654599
v 0.01567515 0.00730920 0.03663405
v 0.01646771 0.00695695 0.03575342
v 0.01646771 0.00695695 0.03575342
v 0.01514677 0.00695695 0.03531311
v 0.01505871 0.00783757 0.03654599
v 0.01999022 0.00361057 0.03434442
v 0.01708415 0.00554795 0.03707436
v 0.01646771 0.00695695 0.03575342
v 0.01708415 0.00554795 0.03707436
v 0.01778865 0.00598826 0.03707436
v 0.01928571 0.00774951 0.03954012
v 0.01787671 0.00739726 0.03883562
v 0.01840509 0.00581213 0.03821918
v 0.01770059 0.00845401 0.03821918
v 0.01787671 0.00739726 0.03883562
v 0.01928571 0.00774951 0.03954012
v 0.01990215 0.00634051 0.03865949
v 0.01972603 0.00854207 0.03909980
v 0.01770059 0.00845401 0.03821918
v 0.01928571 0.00774951 0.03954012
v 0.01928571 0.00774951 0.03954012
v 0.01990215 0.00634051 0.03865949
v 0.01972603 0.00854207 0.03909980
v 0.02227984 0.00642857 0.03777886
v 0.02227984 0.00977495 0.04050881
v 0.01822896 0.01373777 0.04227006
v 0.02078278 0.00660470 0.03936399
v 0.02139922 0.00686888 0.03945205
v 0.02025440 0.00836595 0.04006849
v 0.02219178 0.00554795 0.03848337
v 0.02139922 0.00686888 0.03945205
v 0.02078278 0.00660470 0.03936399
v 0.02016634 0.00625245 0.03909980
v 0.02122309 0.00501957 0.03813112
v 0.02166341 0.00528376 0.03830724
v 0.02122309 0.00501957 0.03813112
v 0.02210372 0.00695695 0.03989237
v 0.02122309 0.00854207 0.04033268
v 0.02219178 0.00554795 0.03848337
v 0.02175147 0.00889432 0.04059687
v 0.02307241 0.00757339 0.04006849
v 0.02316047 0.00572407 0.03892368
v 0.02360078 0.00598826 0.03892368
v 0.02307241 0.00757339 0.04006849
v 0.02210372 0.00695695 0.03989237
v 0.02316047 0.00572407 0.03892368
v 0.02113503 0.00898239 0.03971624
v 0.02016634 0.00933464 0.03936399
v 0.02025440 0.00836595 0.04006849
v 0.02025440 0.00836595 0.04006849
v 0.02016634 0.00933464 0.03936399
v 0.01972603 0.00854207 0.03909980
v 0.02122309 0.00854207 0.04033268
v 0.02016634 0.00625245 0.03909980
v 0.02016634 0.00933464 0.03936399
v 0.02113503 0.00898239 0.03971624
v 0.01972603 0.00854207 0.03909980
v 0.02166341 0.00986301 0.03989237
v 0.02122309 0.00854207 0.04033268
v 0.02175147 0.00889432 0.04059687
v 0.02333660 0.01012720 0.04042074
v 0.02166341 0.00986301 0.03989237
v 0.02175147 0.00889432 0.04059687
v 0.02175147 0.00889432 0.04059687
v 0.02307241 0.00757339 0.04006849
v 0.02333660 0.01012720 0.04042074
v 0.02113503 0.00898239 0.03971624
v 0.02113503 0.00898239 0.03971624
v 0.02166341 0.00986301 0.03989237
v 0.02210372 0.00924658 0.03892368
v 0.02095890 0.00871820 0.03865949
v 0.01972603 0.00854207 0.03909980
v 0.02113503 0.00898239 0.03971624
v 0.02210372 0.00924658 0.03892368
v 0.02333660 0.01012720 0.04042074
v 0.02210372 0.00924658 0.03892368
v 0.02166341 0.00986301 0.03989237
v 0.02227984 0.00977495 0.04050881
v 0.02227984 0.00642857 0.03777886
v 0.02545010 0.00642857 0.03769080
v 0.02227984 0.01373777 0.04271037
v 0.02597847 0.00977495 0.04033268
v 0.02597847 0.00977495 0.04033268
v 0.01963797 0.00325832 0.03540117
v 0.01893346 0.00431507 0.03689824
v 0.01858121 0.00422701 0.03663405
v 0.01761253 0.00554795 0.03769080
v 0.01858121 0.00422701 0.03663405
v 0.01884540 0.00475538 0.03636986
v 0.01946184 0.00378669 0.03513699
v 0.01708415 0.00554795 0.03707436
v 0.01884540 0.00475538 0.03636986
v 0.01858121 0.00422701 0.03663405
v 0.01946184 0.00378669 0.03513699
v 0.01963797 0.00325832 0.03540117
v 0.01858121 0.00422701 0.03663405
v 0.01708415 0.00554795 0.03707436
v 0.02007828 0.00334638 0.03566536
v 0.01937378 0.00449119 0.03716243
v 0.01893346 0.00431507 0.03689824
v 0.01937378 0.00449119 0.03716243
v 0.01963797 0.00325832 0.03540117
v 0.01884540 0.00475538 0.03636986
v 0.01787671 0.00413894 0.03610568
v 0.01946184 0.00378669 0.03513699
v 0.01708415 0.00554795 0.03707436
v 0.02131116 0.00387476 0.03610568
v 0.02016634 0.00475538 0.03751468
v 0.02016634 0.00475538 0.03751468
v 0.02043053 0.00343444 0.03584149
v 0.01928572 0.00211350 0.03293542
v 0.01902153 0.00290607 0.03223092
v 0.01928572 0.00211350 0.03293542
v 0.01884540 0.00299413 0.03460861
v 0.01761253 0.00325832 0.03372798
v 0.01831703 0.00361057 0.03284736
v 0.01902153 0.00290607 0.03223092
v 0.02087084 0.00158513 0.03055773
v 0.01999022 0.00361057 0.03434442
v 0.01761253 0.00361057 0.03363992
v 0.01532290 0.00361057 0.03240705
v 0.01919765 0.00158513 0.03002935
v 0.02051859 0.00334638 0.03346380
v 0.02095890 0.00264188 0.03408023
v 0.02095890 0.00264188 0.03408023
v 0.01972603 0.00317025 0.03302348
v 0.01972603 0.00317025 0.03302348
v 0.01981409 0.00413894 0.03416830
v 0.01946184 0.00378669 0.03513699
v 0.01946184 0.00378669 0.03513699
v 0.01981409 0.00413894 0.03416830
v 0.02051859 0.00334638 0.03346380
v 0.01963797 0.00228963 0.03328767
v 0.01884540 0.00299413 0.03460861
v 0.01963797 0.00228963 0.03328767
v 0.01972603 0.00317025 0.03302348
v 0.02087084 0.00493151 0.03795499
v 0.02104697 0.00528376 0.03795499
v 0.02078278 0.00501957 0.03751468
v 0.01990215 0.00634051 0.03865949
v 0.02104697 0.00528376 0.03795499
v 0.02087084 0.00493151 0.03795499
v 0.02087084 0.00493151 0.03795499
v 0.02078278 0.00501957 0.03751468
v 0.02131116 0.00387476 0.03610568
v 0.02201566 0.00405088 0.03672211
v 0.02087084 0.00493151 0.03795499
v 0.02087084 0.00493151 0.03795499
v 0.02131116 0.00387476 0.03610568
v 0.02016634 0.00625245 0.03909980
v 0.01990215 0.00634051 0.03865949
v 0.02087084 0.00493151 0.03795499
v 0.02007828 0.00660470 0.03830724
v 0.02078278 0.00501957 0.03751468
v 0.02104697 0.00528376 0.03795499
v 0.02104697 0.00528376 0.03795499
v 0.01990215 0.00634051 0.03865949
v 0.02007828 0.00660470 0.03830724
v 0.02078278 0.00501957 0.03751468
v 0.01990215 0.00634051 0.03865949
v 0.02007828 0.00660470 0.03830724
v 0.01990215 0.00634051 0.03865949
v 0.02078278 0.00501957 0.03751468
v 0.02245597 0.00413894 0.03689824
v 0.02289628 0.00440313 0.03698630
v 0.02342466 0.00352250 0.03548924
v 0.02298435 0.00334638 0.03522505
v 0.02412916 0.00387476 0.03592955
v 0.02139922 0.00281800 0.03443249
v 0.02148728 0.00361057 0.03346380
v 0.02139922 0.00281800 0.03443249
v 0.02095890 0.00264188 0.03408023
v 0.02095890 0.00264188 0.03408023
v 0.02051859 0.00334638 0.03346380
v 0.02148728 0.00361057 0.03346380
v 0.02254403 0.00361057 0.03460861
v 0.01928571 0.00642857 0.03751468
v 0.02254403 0.00158513 0.03073386
v 0.02131116 0.00378669 0.03416830
v 0.02139922 0.00466732 0.03513699
v 0.02131116 0.00387476 0.03610568
v 0.02131116 0.00387476 0.03610568
v 0.02139922 0.00466732 0.03513699
v 0.02219178 0.00396282 0.03452055
v 0.02131116 0.00387476 0.03610568
v 0.02139922 0.00281800 0.03443249
v 0.02131116 0.00378669 0.03416830
v 0.02298435 0.00334638 0.03522505
v 0.02148728 0.00361057 0.03346380
v 0.02298435 0.00405088 0.03416830
v 0.02298435 0.00334638 0.03522505
v 0.02219178 0.00396282 0.03452055
v 0.01690802 0.00792564 0.03777886
v 0.01690802 0.00722114 0.03830724
v 0.01726027 0.00739726 0.03857143
v 0.01726027 0.00739726 0.03857143
v 0.01690802 0.00722114 0.03830724
v 0.01690802 0.00722114 0.03830724
v 0.01690802 0.00792564 0.03777886
v 0.01708415 0.00554795 0.03707436
v 0.01752446 0.00739726 0.03681018
v 0.01770059 0.00845401 0.03821918
v 0.01752446 0.00739726 0.03681018
v 0.01690802 0.00792564 0.03777886
v 0.01752446 0.00739726 0.03681018
v 0.01778865 0.00598826 0.03707436
v 0.01708415 0.00554795 0.03707436
v 0.01831703 0.00792564 0.03725049
v 0.01963797 0.00827789 0.03821918
v 0.01972603 0.00854207 0.03909980
v 0.01990215 0.00634051 0.03865949
v 0.02219178 0.00554795 0.03848337
v 0.02289628 0.00440313 0.03698630
v 0.02316047 0.00528376 0.03610568
v 0.02316047 0.00528376 0.03610568
v 0.02404110 0.00466732 0.03751468
v 0.02219178 0.00554795 0.03848337
v 0.02219178 0.00554795 0.03848337
v 0.02404110 0.00466732 0.03751468
v 0.02483366 0.00361057 0.03443249
v 0.02333660 0.01012720 0.04042074
v 0.02360078 0.00942270 0.03945205
v 0.02210372 0.00924658 0.03892368
v 0.01796478 0.01796477 0.04350294
v 0.01373777 0.02245597 0.04262231
v 0.02227984 0.01796477 0.04403131
v 0.02641879 0.01373777 0.04244618
v 0.02227984 0.01796477 0.04403131
v 0.02227984 0.01373777 0.04271037
v 0.02641879 0.01373777 0.04244618
v 0.01796478 0.01796477 0.04350294
v 0.01787671 0.02245597 0.04394325
v 0.01787671 0.02245597 0.04394325
v 0.02227984 0.02245597 0.04447162
v 0.02668297 0.01796478 0.04367906
v 0.01276908 0.00290607 0.03135029
v 0.01347358 0.00317025 0.03214286
v 0.01391389 0.00184932 0.03011742
v 0.01232877 0.00281800 0.03090998
v 0.01329746 0.00193738 0.02958904
v 0.01391389 0.00184932 0.03011742
v 0.01197652 0.00290607 0.03046967
v 0.01276908 0.00352250 0.03029354
v 0.01197652 0.00290607 0.03046967
v 0.01127202 0.00466732 0.03099804
v 0.01276908 0.00352250 0.03029354
v 0.01417808 0.00308219 0.03293542
v 0.01347358 0.00317025 0.03214286
v 0.01276908 0.00290607 0.03135029
v 0.01453033 0.00211350 0.03055773
v 0.01435421 0.00343444 0.03249511
v 0.01417808 0.00308219 0.03293542
v 0.01347358 0.00317025 0.03214286
v 0.01532290 0.00299413 0.02976517
v 0.01435421 0.00343444 0.03249511
v 0.01347358 0.00317025 0.03214286
v 0.01347358 0.00317025 0.03214286
v 0.01453033 0.00211350 0.03055773
v 0.01532290 0.00299413 0.02976517
v 0.01391389 0.00184932 0.03011742
v 0.01338552 0.00361057 0.03090998
v 0.01637965 0.00158513 0.02826810
v 0.01761253 0.00158513 0.02923679
v 0.01637965 0.00158513 0.02826810
v 0.01373777 0.00132094 0.02712329
v 0.01276908 0.00211350 0.02853229
v 0.01241683 0.00193738 0.02809198
v 0.01373777 0.00132094 0.02712329
v 0.01479452 0.00123288 0.02853229
v 0.01364971 0.00228963 0.02879648
v 0.01514677 0.00132094 0.02897260
v 0.01479452 0.00123288 0.02853229
v 0.01250489 0.00343444 0.03011742
v 0.01153620 0.00317025 0.02976517
v 0.01276908 0.00211350 0.02853229
v 0.01171233 0.00369863 0.02897260
v 0.01250489 0.00343444 0.03011742
v 0.01276908 0.00211350 0.02853229
v 0.01417808 0.00255382 0.02747554
v 0.01171233 0.00369863 0.02897260
v 0.01276908 0.00211350 0.02853229
v 0.01276908 0.00211350 0.02853229
v 0.01373777 0.00132094 0.02712329
v 0.01417808 0.00255382 0.02747554
v 0.01364971 0.00228963 0.02879648
v 0.01197652 0.00290607 0.03046967
v 0.01276908 0.00352250 0.03029354
v 0.01276908 0.00352250 0.03029354
v 0.01250489 0.00343444 0.03011742
v 0.01364971 0.00228963 0.02879648
v 0.01549902 0.00193738 0.02765166
v 0.01479452 0.00123288 0.02853229
v 0.01364971 0.00228963 0.02879648
v 0.01444227 0.00281800 0.02853229
v 0.01435421 0.00343444 0.03249511
v 0.01497065 0.00264188 0.03117417
v 0.01497065 0.00211350 0.03152642
v 0.01611546 0.00228963 0.02923679
v 0.01497065 0.00211350 0.03152642
v 0.01567515 0.00211350 0.03196673
v 0.01417808 0.00308219 0.03293542
v 0.01664384 0.00140900 0.03046967
v 0.01567515 0.00211350 0.03196673
v 0.01497065 0.00211350 0.03152642
v 0.01417808 0.00308219 0.03293542
v 0.01497065 0.00211350 0.03152642
v 0.01602740 0.00140900 0.02967710
v 0.01664384 0.00140900 0.03046967
v 0.01602740 0.00140900 0.02967710
v 0.01532290 0.00299413 0.02976517
v 0.01532290 0.00299413 0.02976517
v 0.01611546 0.00228963 0.02923679
v 0.01497065 0.00264188 0.03117417
v 0.01602740 0.00228963 0.03223092
v 0.01620352 0.00299413 0.03249511
v 0.01673190 0.00317025 0.03108611
v 0.01620352 0.00299413 0.03249511
v 0.01602740 0.00228963 0.03223092
v 0.01708415 0.00237769 0.03020548
v 0.01664384 0.00140900 0.03046967
v 0.01761253 0.00167319 0.03135029
v 0.01822896 0.00176125 0.03205479
v 0.01761253 0.00167319 0.03135029
v 0.01761253 0.00158513 0.02923679
v 0.01620352 0.00299413 0.03249511
v 0.01673190 0.00317025 0.03108611
v 0.01770059 0.00255382 0.03082192
v 0.01770059 0.00255382 0.03082192
v 0.01761253 0.00167319 0.03135029
v 0.01620352 0.00299413 0.03249511
v 0.01453033 0.00211350 0.03055773
v 0.01514677 0.00132094 0.02897260
v 0.01541096 0.00220157 0.02888454
v 0.01505871 0.00272994 0.02941292
v 0.01453033 0.00211350 0.03055773
v 0.01505871 0.00272994 0.02941292
v 0.01532290 0.00299413 0.02976517
v 0.01549902 0.00193738 0.02765166
v 0.01514677 0.00132094 0.02897260
v 0.01479452 0.00123288 0.02853229
v 0.01558708 0.00228963 0.02835616
v 0.01549902 0.00193738 0.02765166
v 0.01558708 0.00228963 0.02835616
v 0.01514677 0.00132094 0.02897260
v 0.01681996 0.00228963 0.02950098
v 0.01664384 0.00140900 0.03046967
v 0.01602740 0.00140900 0.02967710
v 0.01611546 0.00228963 0.02923679
v 0.01681996 0.00228963 0.02950098
v 0.01602740 0.00140900 0.02967710
v 0.01708415 0.00237769 0.03020548
v 0.01620352 0.00264188 0.03029354
v 0.01681996 0.00228963 0.02950098
v 0.01611546 0.00228963 0.02923679
v 0.01708415 0.00237769 0.03020548
v 0.01681996 0.00228963 0.02950098
v 0.01620352 0.00264188 0.03029354
v 0.01946184 0.00035225 0.02527397
v 0.02007828 0.00035225 0.02580235
v 0.01637965 0.00158513 0.02826810
v 0.01946184 0.00035225 0.02527397
v 0.01180039 0.00202544 0.02747554
v 0.01153620 0.00237769 0.02641879
v 0.01285714 0.00290607 0.02571429
v 0.01338552 0.00140900 0.02659491
v 0.01382583 0.00237769 0.02633072
v 0.01338552 0.00140900 0.02659491
v 0.01180039 0.00202544 0.02747554
v 0.01329746 0.00299413 0.02694716
v 0.01382583 0.00237769 0.02633072
v 0.01180039 0.00202544 0.02747554
v 0.01329746 0.00299413 0.02694716
v 0.01285714 0.00290607 0.02571429
v 0.01250489 0.00167319 0.02518591
v 0.01320939 0.00255382 0.02509785
v 0.01285714 0.00290607 0.02571429
v 0.01294521 0.00264188 0.02456947
v 0.01320939 0.00255382 0.02509785
v 0.01250489 0.00167319 0.02518591
v 0.01224071 0.00176125 0.02465753
v 0.01444227 0.00228963 0.02677104
v 0.01373777 0.00132094 0.02712329
v 0.01338552 0.00140900 0.02659491
v 0.01338552 0.00140900 0.02659491
v 0.01382583 0.00237769 0.02633072
v 0.01444227 0.00228963 0.02677104
v 0.01444227 0.00228963 0.02677104
v 0.01294521 0.00264188 0.02456947
v 0.01206458 0.00308219 0.02316047
v 0.01171233 0.00343444 0.02368885
v 0.01136008 0.00220157 0.02316047
v 0.01884540 0.00035225 0.02465753
v 0.01884540 0.00035225 0.02465753
v 0.01532290 0.00158513 0.02694716
v 0.01849315 0.00035225 0.02386497
v 0.01822896 0.00035225 0.02307241
v 0.01391389 0.00158513 0.02219178
v 0.01726027 0.00255382 0.03337573
v 0.01822896 0.00176125 0.03205479
v 0.01752446 0.00325832 0.03196673
v 0.01822896 0.00176125 0.03205479
v 0.01761253 0.00167319 0.03135029
v 0.01849315 0.00264188 0.03108611
v 0.01822896 0.00176125 0.03205479
v 0.01849315 0.00264188 0.03108611
v 0.01831703 0.00272994 0.03179061
v 0.01831703 0.00272994 0.03179061
v 0.01752446 0.00325832 0.03196673
v 0.01822896 0.00176125 0.03205479
v 0.01761253 0.00167319 0.03135029
v 0.01770059 0.00255382 0.03082192
v 0.01849315 0.00264188 0.03108611
v 0.01990215 0.00308219 0.03240705
v 0.01963797 0.00228963 0.03328767
v 0.01928572 0.00211350 0.03293542
v 0.01928572 0.00211350 0.03293542
v 0.01902153 0.00290607 0.03223092
v 0.01990215 0.00308219 0.03240705
v 0.01990215 0.00308219 0.03240705
v 0.02087084 0.00035225 0.02624266
v 0.02166341 0.00035225 0.02650685
v 0.02254403 0.00035225 0.02659491
v 0.02254403 0.00000000 0.02219178
v 0.01849315 0.00035225 0.02386497
v 0.01822896 0.00035225 0.02307241
v 0.01814090 0.00035225 0.02219178
v 0.01822896 0.00035225 0.02307241
v 0.01814090 0.00035225 0.02219178
v 0.02254403 0.00000000 0.02219178
v 0.00413894 0.02694716 0.03408023
v 0.00211350 0.02694716 0.03029354
v 0.00678082 0.02694716 0.03742661
v 0.00519569 0.03117417 0.03337573
v 0.00334638 0.03117417 0.02985323
v 0.00986301 0.02245597 0.04050881
v 0.01012720 0.02694716 0.04015656
v 0.01373777 0.02245597 0.04262231
v 0.00774951 0.03117417 0.03654599
v 0.01083170 0.03117417 0.03909980
v 0.01391389 0.02694716 0.04227006
v 0.01012720 0.02694716 0.04015656
v 0.01373777 0.02245597 0.04262231
v 0.01391389 0.02694716 0.04227006
v 0.00924658 0.03513699 0.03513699
v 0.00695695 0.03513698 0.03231898
v 0.01197652 0.03513699 0.03742661
v 0.01435421 0.03117417 0.04112524
v 0.00924657 0.03848337 0.03082192
v 0.01118395 0.03848337 0.03319961
v 0.00995108 0.03663405 0.03328767
v 0.01109589 0.03733855 0.03425636
v 0.00951076 0.03733855 0.03372798
v 0.00951076 0.03733855 0.03372798
v 0.01109589 0.03733855 0.03425636
v 0.01074364 0.03883562 0.03337573
v 0.00907045 0.03733855 0.03319961
v 0.00959883 0.03654599 0.03284736
v 0.00968689 0.03909980 0.03275930
v 0.00907045 0.03733855 0.03319961
v 0.00951076 0.03733855 0.03372798
v 0.01012720 0.03901174 0.03319961
v 0.01012720 0.03901174 0.03319961
v 0.01109589 0.03927593 0.03390411
v 0.01109589 0.03733855 0.03425636
v 0.01100783 0.03751468 0.03496086
v 0.01100783 0.03751468 0.03496086
v 0.01109589 0.03733855 0.03425636
v 0.01144814 0.03654599 0.03469667
v 0.01136008 0.03927593 0.03425636
v 0.01109589 0.03927593 0.03390411
v 0.01100783 0.03751468 0.03496086
v 0.01144814 0.03654599 0.03469667
v 0.01162427 0.03751468 0.03540117
v 0.01100783 0.03751468 0.03496086
v 0.01162427 0.03751468 0.03540117
v 0.01197652 0.03909980 0.03469667
v 0.01109589 0.03733855 0.03425636
v 0.01109589 0.03927593 0.03390411
v 0.01074364 0.03883562 0.03337573
v 0.01109589 0.03733855 0.03425636
v 0.00995108 0.03663405 0.03328767
v 0.01065558 0.03698630 0.03249511
v 0.01188845 0.03742661 0.03337573
v 0.01188845 0.03742661 0.03337573
v 0.01171233 0.04068493 0.03258317
v 0.01206458 0.04068493 0.03293542
v 0.01206458 0.04068493 0.03293542
v 0.01171233 0.04068493 0.03258317
v 0.01109589 0.03927593 0.03390411
v 0.00088063 0.02694716 0.02624266
v 0.00211350 0.03117417 0.02606654
v 0.00519569 0.03513698 0.02914873
v 0.00413894 0.03513698 0.02571429
v 0.00044031 0.02694716 0.02210372
v 0.00167319 0.03117417 0.02210372
v 0.00378669 0.03513698 0.02210372
v 0.00299413 0.03231898 0.02316047
v 0.00211350 0.03275929 0.02245597
v 0.00272994 0.03223092 0.02254403
v 0.00272994 0.03223092 0.02254403
v 0.00211350 0.03275929 0.02245597
v 0.00237769 0.03363992 0.02069472
v 0.00369863 0.03258317 0.02192759
v 0.00299413 0.03231898 0.02316047
v 0.00272994 0.03223092 0.02254403
v 0.00237769 0.03363992 0.02069472
v 0.00246575 0.03143836 0.02139922
v 0.00272994 0.03223092 0.02254403
v 0.00246575 0.03143836 0.02139922
v 0.00352250 0.03196673 0.02087084
v 0.00228963 0.03302348 0.02298434
v 0.00281800 0.03469667 0.02210372
v 0.00211350 0.03275929 0.02245597
v 0.00228963 0.03302348 0.02298434
v 0.00334638 0.03363992 0.02395303
v 0.00334638 0.03363992 0.02395303
v 0.00308219 0.03487280 0.02254403
v 0.00255382 0.03434442 0.02131115
v 0.00237769 0.03363992 0.02069472
v 0.00264188 0.03460861 0.02175147
v 0.00334638 0.03363992 0.02395303
v 0.00361057 0.03319961 0.02430528
v 0.00290607 0.03381605 0.02421722
v 0.00466732 0.03390411 0.02316047
v 0.00361057 0.03319961 0.02430528
v 0.00334638 0.03363992 0.02395303
v 0.00334638 0.03363992 0.02395303
v 0.00466732 0.03390411 0.02316047
v 0.00334638 0.03363992 0.02395303
v 0.00290607 0.03381605 0.02421722
v 0.00325832 0.03540117 0.02307241
v 0.00343444 0.03469667 0.02245597
v 0.00308219 0.03487280 0.02254403
v 0.00334638 0.03363992 0.02395303
v 0.00325832 0.03540117 0.02307241
v 0.00343444 0.03469667 0.02245597
v 0.00334638 0.03363992 0.02395303
v 0.00290607 0.03381605 0.02421722
v 0.00361057 0.03319961 0.02430528
v 0.00378669 0.03337573 0.02483366
v 0.00378669 0.03337573 0.02483366
v 0.00361057 0.03319961 0.02430528
v 0.00466732 0.03381605 0.02395303
v 0.00405088 0.03452055 0.02562622
v 0.00308219 0.03408023 0.02474560
v 0.00528376 0.03460861 0.02483366
v 0.00405088 0.03452055 0.02562622
v 0.00466732 0.03381605 0.02395303
v 0.00545988 0.03469667 0.02791585
v 0.00501957 0.03566536 0.02826810
v 0.00475538 0.03548924 0.02765166
v 0.00572407 0.03513698 0.02818004
v 0.00545988 0.03469667 0.02791585
v 0.00475538 0.03548924 0.02765166
v 0.00510763 0.03531311 0.02729941
v 0.00545988 0.03469667 0.02791585
v 0.00510763 0.03531311 0.02729941
v 0.00642857 0.03575342 0.02685910
v 0.00651663 0.03557730 0.02773973
v 0.00572407 0.03513698 0.02818004
v 0.00545988 0.03469667 0.02791585
v 0.00651663 0.03557730 0.02773973
v 0.00686888 0.03848336 0.02518591
v 0.00774951 0.03848337 0.02818004
v 0.00510763 0.03716243 0.02668297
v 0.00475538 0.03548924 0.02765166
v 0.00501957 0.03566536 0.02826810
v 0.00545988 0.03733855 0.02747554
v 0.00572407 0.03733855 0.02773973
v 0.00501957 0.03566536 0.02826810
v 0.00572407 0.03513698 0.02818004
v 0.00572407 0.03733855 0.02773973
v 0.00396282 0.03487280 0.02641879
v 0.00405088 0.03452055 0.02562622
v 0.00449119 0.03408023 0.02597847
v 0.00413894 0.03636986 0.02483366
v 0.00405088 0.03452055 0.02562622
v 0.00396282 0.03487280 0.02641879
v 0.00396282 0.03487280 0.02641879
v 0.00466732 0.03434442 0.02650685
v 0.00510763 0.03531311 0.02729941
v 0.00449119 0.03408023 0.02597847
v 0.00396282 0.03487280 0.02641879
v 0.00510763 0.03531311 0.02729941
v 0.00475538 0.03672211 0.02606654
v 0.00449119 0.03663405 0.02571429
v 0.00413894 0.03636986 0.02483366
v 0.00528376 0.03460861 0.02483366
v 0.00449119 0.03408023 0.02597847
v 0.00405088 0.03452055 0.02562622
v 0.00387476 0.03584149 0.02421722
v 0.00308219 0.03408023 0.02474560
v 0.00405088 0.03452055 0.02562622
v 0.00422701 0.03566536 0.02421722
v 0.00422701 0.03566536 0.02421722
v 0.00387476 0.03584149 0.02421722
v 0.00405088 0.03452055 0.02562622
v 0.00651663 0.03848336 0.02210372
v 0.00563601 0.03487280 0.02606654
v 0.00510763 0.03531311 0.02729941
v 0.00466732 0.03434442 0.02650685
v 0.00449119 0.03408023 0.02597847
v 0.00510763 0.03716243 0.02668297
v 0.00510763 0.03531311 0.02729941
v 0.00475538 0.03548924 0.02765166
v 0.00510763 0.03654599 0.02597847
v 0.00510763 0.03654599 0.02597847
v 0.00475538 0.03672211 0.02606654
v 0.00510763 0.03531311 0.02729941
v 0.00642857 0.03575342 0.02685910
v 0.00528376 0.03460861 0.02483366
v 0.00607632 0.03865949 0.02589041
v 0.00545988 0.03733855 0.02747554
v 0.00572407 0.03733855 0.02773973
v 0.00634051 0.03874755 0.02633072
v 0.00634051 0.03874755 0.02633072
v 0.00607632 0.03865949 0.02589041
v 0.00537182 0.03804305 0.02448141
v 0.00537182 0.03804305 0.02448141
v 0.00510763 0.03786693 0.02404110
v 0.00607632 0.03742661 0.02456947
v 0.00704501 0.03945205 0.02421722
v 0.00607632 0.03742661 0.02456947
v 0.00361057 0.03575342 0.02386497
v 0.00290607 0.03381605 0.02421722
v 0.00343444 0.03566536 0.02351272
v 0.00325832 0.03540117 0.02307241
v 0.00501957 0.03769080 0.02360078
v 0.00501957 0.03769080 0.02360078
v 0.00457926 0.03725049 0.02272016
v 0.00387476 0.03584149 0.02421722
v 0.00422701 0.03566536 0.02421722
v 0.00537182 0.03681017 0.02316047
v 0.00537182 0.03681017 0.02316047
v 0.00457926 0.03725049 0.02272016
v 0.00387476 0.03584149 0.02421722
v 0.00308219 0.03487280 0.02254403
v 0.00343444 0.03469667 0.02245597
v 0.00449119 0.03575342 0.02113503
v 0.00378669 0.03619374 0.02095890
v 0.00449119 0.03575342 0.02113503
v 0.00378669 0.03619374 0.02095890
v 0.00308219 0.03487280 0.02254403
v 0.00475538 0.03628180 0.02192759
v 0.00343444 0.03469667 0.02245597
v 0.00475538 0.03628180 0.02192759
v 0.00449119 0.03575342 0.02113503
v 0.00440313 0.03707436 0.02236791
v 0.00422701 0.03689824 0.02192759
v 0.00422701 0.03689824 0.02192759
v 0.00475538 0.03628180 0.02192759
v 0.00325832 0.03540117 0.02307241
v 0.00537182 0.03681017 0.02316047
v 0.00510763 0.03786693 0.02404110
v 0.00537182 0.03804305 0.02448141
v 0.00634051 0.03892368 0.02289628
v 0.00616438 0.03874755 0.02254403
v 0.00501957 0.03769080 0.02360078
v 0.00537182 0.03804305 0.02448141
v 0.00607632 0.03742661 0.02456947
v 0.00713307 0.03830724 0.02351272
v 0.00651663 0.03909980 0.02324853
v 0.00651663 0.03909980 0.02324853
v 0.00440313 0.03707436 0.02236791
v 0.00457926 0.03725049 0.02272016
v 0.00581213 0.03839530 0.02157534
v 0.00422701 0.03689824 0.02192759
v 0.00581213 0.03839530 0.02157534
v 0.00616438 0.03874755 0.02254403
v 0.00537182 0.03681017 0.02316047
v 0.00616438 0.03874755 0.02254403
v 0.00766145 0.03945205 0.02166341
v 0.00783757 0.03795499 0.02122309
v 0.00581213 0.03839530 0.02157534
v 0.00537182 0.03681017 0.02316047
v 0.00801370 0.03839530 0.02166341
v 0.00748532 0.03681018 0.03161448
v 0.00792564 0.03610568 0.03117417
v 0.00836595 0.03610568 0.03170254
v 0.00836595 0.03610568 0.03170254
v 0.00792564 0.03610568 0.03117417
v 0.00898239 0.03654599 0.03073386
v 0.00810176 0.03698630 0.03214286
v 0.00942270 0.03707436 0.03275930
v 0.01012720 0.03725049 0.03187867
v 0.00942270 0.03707436 0.03275930
v 0.00836595 0.03610568 0.03170254
v 0.00898239 0.03654599 0.03073386
v 0.00792564 0.03610568 0.03117417
v 0.00748532 0.03681018 0.03161448
v 0.00774951 0.03654599 0.03099804
v 0.00818982 0.03645793 0.02967710
v 0.00818982 0.03645793 0.02967710
v 0.00827789 0.03857143 0.03126223
v 0.00748532 0.03681018 0.03161448
v 0.00810176 0.03698630 0.03214286
v 0.00871820 0.03865949 0.03170254
v 0.00942270 0.03707436 0.03275930
v 0.00757338 0.03839530 0.03038160
v 0.00774951 0.03654599 0.03099804
v 0.00748532 0.03681018 0.03161448
v 0.00783757 0.03857143 0.03073386
v 0.00757338 0.03839530 0.03038160
v 0.00774951 0.03654599 0.03099804
v 0.00634051 0.03628180 0.03011742
v 0.00678082 0.03548924 0.02985323
v 0.00704501 0.03795499 0.02967710
v 0.00634051 0.03628180 0.03011742
v 0.00774951 0.03654599 0.03099804
v 0.00774951 0.03654599 0.03099804
v 0.00678082 0.03548924 0.02985323
v 0.00818982 0.03645793 0.02967710
v 0.00757338 0.03839530 0.03038160
v 0.00739726 0.03769080 0.02958904
v 0.00774951 0.03654599 0.03099804
v 0.00774951 0.03654599 0.03099804
v 0.00739726 0.03769080 0.02958904
v 0.00704501 0.03795499 0.02967710
v 0.00880626 0.04006849 0.02958904
v 0.00845401 0.03998043 0.02923679
v 0.00590020 0.03610567 0.02958904
v 0.00590020 0.03610567 0.02958904
v 0.00660470 0.03786693 0.02923679
v 0.00642857 0.03548924 0.02932485
v 0.00607632 0.03716243 0.02765166
v 0.00642857 0.03548924 0.02932485
v 0.00590020 0.03610567 0.02958904
v 0.00625244 0.03786693 0.02870841
v 0.00607632 0.03769080 0.02835616
v 0.00590020 0.03610567 0.02958904
v 0.00607632 0.03769080 0.02835616
v 0.00607632 0.03716243 0.02765166
v 0.00748532 0.03619374 0.02853229
v 0.00678082 0.03548924 0.02985323
v 0.00642857 0.03548924 0.02932485
v 0.00607632 0.03716243 0.02765166
v 0.00818982 0.03645793 0.02967710
v 0.00651663 0.03557730 0.02773973
v 0.00607632 0.03716243 0.02765166
v 0.00607632 0.03716243 0.02765166
v 0.00651663 0.03557730 0.02773973
v 0.00748532 0.03619374 0.02853229
v 0.00704501 0.03927593 0.02747554
v 0.00739726 0.03936399 0.02782779
v 0.00686888 0.03901174 0.02703523
v 0.00686888 0.03901174 0.02703523
v 0.00739726 0.03769080 0.02958904
v 0.00757338 0.03839530 0.03038160
v 0.00810176 0.03980431 0.02879648
v 0.00774951 0.03918787 0.02800391
v 0.00801370 0.03874755 0.02773973
v 0.00774951 0.03918787 0.02800391
v 0.00739726 0.03769080 0.02958904
v 0.00836595 0.03909980 0.02844423
v 0.00739726 0.03769080 0.02958904
v 0.00836595 0.03909980 0.02844423
v 0.00801370 0.03874755 0.02773973
v 0.00810176 0.03980431 0.02879648
v 0.00704501 0.03795499 0.02967710
v 0.00774951 0.03918787 0.02800391
v 0.00739726 0.03936399 0.02782779
v 0.00774951 0.03848337 0.02818004
v 0.00924657 0.03848337 0.03082192
v 0.01083170 0.04121331 0.02694716
v 0.01012720 0.04121331 0.02456947
v 0.01083170 0.04121331 0.02694716
v 0.00880626 0.03998043 0.02677104
v 0.00845401 0.04042074 0.02650685
v 0.00774951 0.03918787 0.02800391
v 0.00880626 0.03998043 0.02677104
v 0.00845401 0.04042074 0.02650685
v 0.00880626 0.03998043 0.02677104
v 0.00880626 0.03998043 0.02677104
v 0.00942270 0.03707436 0.03275930
v 0.00959883 0.03654599 0.03284736
v 0.00907045 0.03733855 0.03319961
v 0.00915851 0.03839530 0.03152642
v 0.00942270 0.03707436 0.03275930
v 0.00907045 0.03733855 0.03319961
v 0.00951076 0.03901174 0.03240705
v 0.00915851 0.03839530 0.03152642
v 0.01012720 0.03725049 0.03187867
v 0.01065558 0.03698630 0.03249511
v 0.00995108 0.03663405 0.03328767
v 0.00959883 0.03654599 0.03284736
v 0.01012720 0.03725049 0.03187867
v 0.00915851 0.03839530 0.03152642
v 0.00871820 0.03865949 0.03170254
v 0.00942270 0.03707436 0.03275930
v 0.01065558 0.04068493 0.03135029
v 0.00968689 0.03909980 0.03275930
v 0.01012720 0.03901174 0.03319961
v 0.01109589 0.04059687 0.03205479
v 0.01065558 0.04068493 0.03135029
v 0.00889432 0.03954012 0.02932485
v 0.00871820 0.03865949 0.03170254
v 0.00889432 0.03954012 0.02932485
v 0.00880626 0.04006849 0.02958904
v 0.00915851 0.03839530 0.03152642
v 0.01021526 0.03989237 0.03073386
v 0.00995107 0.04042074 0.03073386
v 0.01021526 0.03989237 0.03073386
v 0.00915851 0.03839530 0.03152642
v 0.00995107 0.04042074 0.03073386
v 0.00959882 0.04033268 0.03038160
v 0.00915851 0.03839530 0.03152642
v 0.00959882 0.04033268 0.03038160
v 0.00986301 0.03971624 0.03020548
v 0.01118395 0.03848337 0.03319961
v 0.01197652 0.04121331 0.02906067
v 0.01074364 0.03883562 0.03337573
v 0.01197652 0.03513699 0.03742661
v 0.01356164 0.03848337 0.03513699
v 0.01356164 0.04121331 0.03090998
v 0.01180039 0.04006849 0.03196673
v 0.01109589 0.04059687 0.03205479
v 0.01074364 0.03883562 0.03337573
v 0.01074364 0.03883562 0.03337573
v 0.01171233 0.04068493 0.03258317
v 0.01180039 0.04006849 0.03196673
v 0.00810176 0.03980431 0.02879648
v 0.00845401 0.03998043 0.02923679
v 0.00942270 0.04086106 0.02773973
v 0.00907045 0.04077299 0.02747554
v 0.00907045 0.04077299 0.02747554
v 0.01109589 0.04156556 0.02967710
v 0.01109589 0.04156556 0.02967710
v 0.01109589 0.04156556 0.02967710
v 0.00959882 0.04033268 0.03038160
v 0.00995107 0.04042074 0.03073386
v 0.01180039 0.04165362 0.03046967
v 0.01109589 0.04059687 0.03205479
v 0.01180039 0.04006849 0.03196673
v 0.01180039 0.04165362 0.03046967
v 0.01109589 0.04156556 0.02967710
v 0.01003914 0.04103718 0.02844423
v 0.00968689 0.04033268 0.02782779
v 0.01003914 0.04103718 0.02844423
v 0.00889432 0.03954012 0.02932485
v 0.01003914 0.04103718 0.02844423
v 0.00845401 0.03998043 0.02923679
v 0.00880626 0.04006849 0.02958904
v 0.01083170 0.04077299 0.02897260
v 0.01065558 0.04138943 0.02914873
v 0.01065558 0.04138943 0.02914873
v 0.00968689 0.04103718 0.02818004
v 0.00845401 0.03998043 0.02923679
v 0.00968689 0.04103718 0.02818004
v 0.00942270 0.04086106 0.02773973
v 0.01109589 0.04156556 0.02712329
v 0.01074364 0.04156556 0.02659491
v 0.01074364 0.04156556 0.02659491
v 0.01188845 0.04200587 0.02791585
v 0.01065558 0.04138943 0.02914873
v 0.01109589 0.04156556 0.02967710
v 0.01180039 0.04165362 0.03046967
v 0.01188845 0.04094912 0.03011742
v 0.01109589 0.04156556 0.02967710
v 0.01109589 0.04156556 0.02967710
v 0.01188845 0.04094912 0.03011742
v 0.01285714 0.04209393 0.02897260
v 0.01232877 0.04209393 0.02835616
v 0.01188845 0.04200587 0.02791585
v 0.01003914 0.04103718 0.02844423
v 0.00968689 0.04033268 0.02782779
v 0.01109589 0.04156556 0.02712329
v 0.01215264 0.04094912 0.02765166
v 0.01215264 0.04094912 0.02765166
v 0.01224070 0.04068493 0.02853229
v 0.01083170 0.04077299 0.02897260
v 0.01188845 0.04200587 0.02791585
v 0.00669276 0.03857143 0.02650685
v 0.00704501 0.03821918 0.02641879
v 0.00704501 0.03821918 0.02641879
v 0.00669276 0.03857143 0.02650685
v 0.00748532 0.03980431 0.02500978
v 0.00669276 0.03857143 0.02650685
v 0.00704501 0.03821918 0.02641879
v 0.00792563 0.03901174 0.02509785
v 0.00748532 0.03980431 0.02500978
v 0.00686888 0.03901174 0.02703523
v 0.00704501 0.03927593 0.02747554
v 0.00801370 0.04015656 0.02589041
v 0.00792563 0.03901174 0.02509785
v 0.00801370 0.04015656 0.02589041
v 0.00607632 0.03865949 0.02589041
v 0.00748532 0.03980431 0.02500978
v 0.00722113 0.03962818 0.02465753
v 0.00607632 0.03865949 0.02589041
v 0.00704501 0.03945205 0.02421722
v 0.00686888 0.03848336 0.02518591
v 0.01012720 0.04121331 0.02456947
v 0.00986301 0.04121331 0.02219178
v 0.00651663 0.03848336 0.02210372
v 0.00704501 0.03927593 0.02747554
v 0.00818982 0.04024462 0.02624266
v 0.00845401 0.04042074 0.02650685
v 0.00792563 0.03901174 0.02509785
v 0.00907045 0.03909980 0.02421722
v 0.00880626 0.04033268 0.02404110
v 0.00933464 0.04077299 0.02474560
v 0.00748532 0.03980431 0.02500978
v 0.00933464 0.04077299 0.02474560
v 0.00968689 0.03971624 0.02474560
v 0.00792563 0.03901174 0.02509785
v 0.00713307 0.03830724 0.02351272
v 0.00766145 0.03945205 0.02166341
v 0.00792563 0.03971624 0.02201566
v 0.00792563 0.03971624 0.02201566
v 0.00827789 0.04006849 0.02298434
v 0.00880626 0.03909980 0.02307241
v 0.00713307 0.03830724 0.02351272
v 0.00713307 0.03830724 0.02351272
v 0.00845401 0.03892368 0.02263209
v 0.00792563 0.03971624 0.02201566
v 0.00827789 0.04006849 0.02298434
v 0.00951076 0.03954012 0.02342466
v 0.00880626 0.04033268 0.02404110
v 0.00907045 0.03909980 0.02421722
v 0.00880626 0.03909980 0.02307241
v 0.00827789 0.04006849 0.02298434
v 0.00951076 0.03954012 0.02342466
v 0.00845401 0.03892368 0.02263209
v 0.00880626 0.03892368 0.02192759
v 0.00792563 0.03971624 0.02201566
v 0.00933464 0.04077299 0.02474560
v 0.00968689 0.04103718 0.02518591
v 0.00863014 0.04033268 0.02360078
v 0.00827789 0.04006849 0.02298434
v 0.00748532 0.03980431 0.02500978
v 0.00880626 0.04033268 0.02404110
v 0.00863014 0.04033268 0.02360078
v 0.00863014 0.04033268 0.02360078
v 0.00968689 0.04103718 0.02518591
v 0.00845401 0.04042074 0.02650685
v 0.00880626 0.03998043 0.02677104
v 0.00880626 0.03998043 0.02677104
v 0.00907045 0.04077299 0.02747554
v 0.01030333 0.04130137 0.02606654
v 0.01030333 0.04015656 0.02553816
v 0.01003914 0.03962818 0.02641879
v 0.01030333 0.04130137 0.02606654
v 0.01003914 0.03962818 0.02641879
v 0.00880626 0.03998043 0.02677104
v 0.00968689 0.04033268 0.02782779
v 0.01118395 0.04024462 0.02721135
v 0.01109589 0.04156556 0.02712329
v 0.01030333 0.04130137 0.02606654
v 0.01030333 0.04130137 0.02606654
v 0.01047945 0.04015656 0.02483366
v 0.01047945 0.04015656 0.02483366
v 0.00933464 0.04077299 0.02474560
v 0.00968689 0.04103718 0.02518591
v 0.01153620 0.04068493 0.02633072
v 0.01109589 0.04156556 0.02712329
v 0.01118395 0.04024462 0.02721135
v 0.01382583 0.04323875 0.02386497
v 0.01012720 0.04121331 0.02456947
v 0.01435421 0.04323875 0.02545010
v 0.01074364 0.04156556 0.02659491
v 0.01109589 0.04156556 0.02712329
v 0.01153620 0.04068493 0.02633072
v 0.01030333 0.04130137 0.02606654
v 0.01083170 0.04033268 0.02606654
v 0.01083170 0.04033268 0.02606654
v 0.00951076 0.03954012 0.02342466
v 0.00863014 0.04033268 0.02360078
v 0.00880626 0.04033268 0.02404110
v 0.01047945 0.04015656 0.02483366
v 0.01382583 0.04323875 0.02386497
v 0.01373777 0.04323875 0.02219178
v 0.01391389 0.02694716 0.04227006
v 0.01373777 0.02245597 0.04262231
v 0.01796477 0.02694716 0.04350294
v 0.01435421 0.03117417 0.04112524
v 0.01822896 0.03117417 0.04227006
v 0.01523483 0.03513699 0.03918787
v 0.01523483 0.03513699 0.03918787
v 0.02227984 0.02694716 0.04403131
v 0.02677104 0.02245597 0.04411937
v 0.02227984 0.03117417 0.04271037
v 0.02668297 0.02694716 0.04367906
v 0.01866928 0.03513699 0.04033268
v 0.02227984 0.03513699 0.04050881
v 0.02641879 0.03117417 0.04244618
v 0.01523483 0.03513699 0.03918787
v 0.01629158 0.03848337 0.03663405
v 0.01866928 0.03513699 0.04033268
v 0.01329746 0.03654599 0.03619374
v 0.01356164 0.03751468 0.03689824
v 0.01294520 0.03751468 0.03663405
v 0.01294520 0.03751468 0.03663405
v 0.01356164 0.03751468 0.03689824
v 0.01373777 0.03927593 0.03610568
v 0.01294520 0.03733855 0.03575342
v 0.01329746 0.03654599 0.03619374
v 0.01294520 0.03751468 0.03663405
v 0.01312133 0.03892368 0.03522505
v 0.01294520 0.03733855 0.03575342
v 0.01294520 0.03751468 0.03663405
v 0.01347358 0.03927593 0.03584149
v 0.01312133 0.03892368 0.03522505
v 0.01373777 0.03681018 0.03636986
v 0.01497065 0.03725049 0.03725049
v 0.01373777 0.03681018 0.03636986
v 0.01329746 0.03654599 0.03619374
v 0.01444227 0.03725049 0.03566536
v 0.01444227 0.03725049 0.03566536
v 0.01497065 0.03725049 0.03725049
v 0.01373777 0.03681018 0.03636986
v 0.01417808 0.03918787 0.03636986
v 0.01356164 0.03751468 0.03689824
v 0.01497065 0.03725049 0.03725049
v 0.01470646 0.03883562 0.03636986
v 0.01417808 0.03918787 0.03636986
v 0.01241683 0.03901174 0.03504892
v 0.01294520 0.03733855 0.03575342
v 0.01241683 0.03901174 0.03504892
v 0.01162427 0.03751468 0.03540117
v 0.01162427 0.03751468 0.03540117
v 0.01144814 0.03654599 0.03469667
v 0.01188845 0.03689824 0.03487280
v 0.01162427 0.03751468 0.03540117
v 0.01188845 0.03689824 0.03487280
v 0.01294520 0.03733855 0.03575342
v 0.01303327 0.04068493 0.03355186
v 0.01197652 0.03909980 0.03469667
v 0.01241683 0.03901174 0.03504892
v 0.01312133 0.03892368 0.03522505
v 0.01312133 0.03892368 0.03522505
v 0.01250489 0.03725049 0.03434442
v 0.01188845 0.03742661 0.03337573
v 0.01250489 0.03725049 0.03434442
v 0.01144814 0.03654599 0.03469667
v 0.01188845 0.03689824 0.03487280
v 0.01250489 0.03725049 0.03434442
v 0.01294520 0.03733855 0.03575342
v 0.01364971 0.03769080 0.03487280
v 0.01136008 0.03927593 0.03425636
v 0.01250489 0.04068493 0.03328767
v 0.01364971 0.03769080 0.03487280
v 0.01329746 0.03654599 0.03619374
v 0.01364971 0.03769080 0.03487280
v 0.01444227 0.03725049 0.03566536
v 0.01364971 0.04077299 0.03399217
v 0.01373777 0.04006849 0.03408023
v 0.01364971 0.04077299 0.03399217
v 0.01373777 0.04006849 0.03408023
v 0.01312133 0.03892368 0.03522505
v 0.01347358 0.03927593 0.03584149
v 0.01373777 0.03927593 0.03610568
v 0.01470646 0.04068493 0.03513699
v 0.01435421 0.04068493 0.03478474
v 0.01364971 0.04077299 0.03399217
v 0.01417808 0.03918787 0.03636986
v 0.01514677 0.04059687 0.03548924
v 0.01541096 0.04121331 0.03249511
v 0.01505871 0.03663405 0.03733855
v 0.01523483 0.03725049 0.03804305
v 0.01488258 0.03751468 0.03786693
v 0.01488258 0.03751468 0.03786693
v 0.01523483 0.03725049 0.03804305
v 0.01567515 0.03909980 0.03742661
v 0.01497065 0.03725049 0.03725049
v 0.01505871 0.03663405 0.03733855
v 0.01488258 0.03751468 0.03786693
v 0.01470646 0.03883562 0.03636986
v 0.01541096 0.03909980 0.03716243
v 0.01470646 0.03883562 0.03636986
v 0.01488258 0.03751468 0.03786693
v 0.01567515 0.03909980 0.03742661
v 0.01576321 0.03725049 0.03830724
v 0.01523483 0.03725049 0.03804305
v 0.01576321 0.03725049 0.03830724
v 0.01620352 0.03892368 0.03769080
v 0.01620352 0.03892368 0.03769080
v 0.01576321 0.03742661 0.03645793
v 0.01576321 0.03654599 0.03769080
v 0.01576321 0.03742661 0.03645793
v 0.01576321 0.03654599 0.03769080
v 0.01505871 0.03663405 0.03733855
v 0.01576321 0.03742661 0.03645793
v 0.01514677 0.04059687 0.03548924
v 0.01558708 0.04024462 0.03540117
v 0.01558708 0.04024462 0.03540117
v 0.01541096 0.03909980 0.03716243
v 0.01567515 0.03909980 0.03742661
v 0.01655577 0.04050881 0.03636986
v 0.01611546 0.04050881 0.03601761
v 0.01611546 0.04050881 0.03601761
v 0.01576321 0.03725049 0.03830724
v 0.01576321 0.03654599 0.03769080
v 0.01655577 0.03865949 0.03760274
v 0.01655577 0.03865949 0.03760274
v 0.01620352 0.03892368 0.03769080
v 0.01576321 0.03725049 0.03830724
v 0.01655577 0.03689824 0.03716243
v 0.01655577 0.03689824 0.03716243
v 0.01726027 0.03681018 0.03857143
v 0.01655577 0.03865949 0.03760274
v 0.01655577 0.03689824 0.03716243
v 0.01787671 0.03725049 0.03742661
v 0.01726027 0.03681018 0.03857143
v 0.01655577 0.03689824 0.03716243
v 0.01620352 0.03892368 0.03769080
v 0.01708415 0.04033268 0.03672211
v 0.01708415 0.04033268 0.03672211
v 0.01726027 0.03681018 0.03857143
v 0.01717221 0.03707436 0.03918787
v 0.01655577 0.03865949 0.03760274
v 0.01655577 0.03865949 0.03760274
v 0.01717221 0.03707436 0.03918787
v 0.01752446 0.03874755 0.03848337
v 0.01655577 0.03865949 0.03760274
v 0.01752446 0.03874755 0.03848337
v 0.01752446 0.03971624 0.03636986
v 0.01655577 0.03865949 0.03760274
v 0.01752446 0.03971624 0.03636986
v 0.01708415 0.04033268 0.03672211
v 0.01928571 0.03848337 0.03760274
v 0.01761252 0.04121331 0.03363992
v 0.01303327 0.04068493 0.03355186
v 0.01373777 0.04006849 0.03408023
v 0.01329746 0.04006849 0.03319961
v 0.01364971 0.04174168 0.03187867
v 0.01303327 0.04068493 0.03355186
v 0.01329746 0.04006849 0.03319961
v 0.01364971 0.04174168 0.03187867
v 0.01426614 0.04112524 0.03214286
v 0.01426614 0.04112524 0.03214286
v 0.01329746 0.04006849 0.03319961
v 0.01373777 0.04006849 0.03408023
v 0.01505871 0.04165362 0.03319961
v 0.01470646 0.04174168 0.03302348
v 0.01426614 0.04174168 0.03258317
v 0.01426614 0.04174168 0.03258317
v 0.01752446 0.04147750 0.03513699
v 0.01620352 0.04156556 0.03425636
v 0.01585127 0.04165362 0.03399217
v 0.01514677 0.04059687 0.03548924
v 0.01558708 0.04024462 0.03540117
v 0.01611546 0.04103718 0.03390411
v 0.01514677 0.04059687 0.03548924
v 0.01611546 0.04103718 0.03390411
v 0.01620352 0.04156556 0.03425636
v 0.01558708 0.04174168 0.03372798
v 0.01646771 0.04103718 0.03425636
v 0.01558708 0.04024462 0.03540117
v 0.01726027 0.04147750 0.03487280
v 0.01611546 0.04103718 0.03390411
v 0.01558708 0.04024462 0.03540117
v 0.01567515 0.03989237 0.03504892
v 0.01567515 0.03989237 0.03504892
v 0.01558708 0.04024462 0.03540117
v 0.01646771 0.04103718 0.03425636
v 0.01673190 0.04050881 0.03328767
v 0.01673190 0.04050881 0.03328767
v 0.01726027 0.04227006 0.03284736
v 0.01611546 0.04103718 0.03390411
v 0.01673190 0.04050881 0.03328767
v 0.01770059 0.04103718 0.03302348
v 0.01611546 0.04103718 0.03390411
v 0.01770059 0.04103718 0.03302348
v 0.01726027 0.04227006 0.03284736
v 0.01699609 0.04235812 0.03258317
v 0.01726027 0.04227006 0.03284736
v 0.01646771 0.04103718 0.03425636
v 0.01726027 0.04147750 0.03487280
v 0.01831702 0.04130137 0.03311155
v 0.01673190 0.04050881 0.03328767
v 0.02227984 0.03513699 0.04050881
v 0.01761252 0.03592955 0.03883562
v 0.01761252 0.03689824 0.03936399
v 0.01717221 0.03707436 0.03918787
v 0.01717221 0.03707436 0.03918787
v 0.01761252 0.03689824 0.03936399
v 0.01787671 0.03874755 0.03874755
v 0.01761252 0.03592955 0.03883562
v 0.01787671 0.03874755 0.03874755
v 0.01814090 0.03689824 0.03954012
v 0.01814090 0.03689824 0.03954012
v 0.01831702 0.03865949 0.03892368
v 0.01814090 0.03689824 0.03954012
v 0.01761252 0.03592955 0.03883562
v 0.01814090 0.03636986 0.03892368
v 0.01814090 0.03689824 0.03954012
v 0.01814090 0.03636986 0.03892368
v 0.01866928 0.03830724 0.03874755
v 0.01866928 0.03830724 0.03874755
v 0.02025440 0.03628180 0.04042074
v 0.01981409 0.03645793 0.04033268
v 0.02016634 0.03531311 0.03989237
v 0.02016634 0.03531311 0.03989237
v 0.01981409 0.03645793 0.04033268
v 0.01981409 0.03619374 0.03962818
v 0.02087084 0.03628180 0.04050881
v 0.02025440 0.03663405 0.03848337
v 0.02016634 0.03531311 0.03989237
v 0.02078278 0.03575342 0.03989237
v 0.02087084 0.03628180 0.04050881
v 0.02113503 0.03601761 0.03918787
v 0.02025440 0.03663405 0.03848337
v 0.02113503 0.03601761 0.03918787
v 0.02016634 0.03531311 0.03989237
v 0.01981409 0.03645793 0.04033268
v 0.02025440 0.03628180 0.04042074
v 0.02034247 0.03821918 0.03980431
v 0.01814090 0.03636986 0.03892368
v 0.01981409 0.03619374 0.03962818
v 0.01981409 0.03645793 0.04033268
v 0.02034247 0.03821918 0.03980431
v 0.01999021 0.03821918 0.03962818
v 0.01981409 0.03645793 0.04033268
v 0.01875734 0.03813112 0.03830724
v 0.01814090 0.03636986 0.03892368
v 0.02087084 0.03628180 0.04050881
v 0.02087084 0.03804305 0.03989237
v 0.01981409 0.03619374 0.03962818
v 0.01814090 0.03636986 0.03892368
v 0.02025440 0.03663405 0.03848337
v 0.02122309 0.03769080 0.03971624
v 0.02087084 0.03628180 0.04050881
v 0.02078278 0.03575342 0.03989237
v 0.02236791 0.03540117 0.04042074
v 0.02245597 0.03575342 0.04112524
v 0.02078278 0.03575342 0.03989237
v 0.02078278 0.03575342 0.03989237
v 0.02245597 0.03575342 0.04112524
v 0.02122309 0.03760274 0.03927593
v 0.02078278 0.03575342 0.03989237
v 0.02113503 0.03601761 0.03918787
v 0.02272016 0.03592955 0.03927593
v 0.02236791 0.03540117 0.04042074
v 0.02122309 0.03760274 0.03927593
v 0.02122309 0.03769080 0.03971624
v 0.02307241 0.03460861 0.04059687
v 0.02254403 0.03751468 0.04042074
v 0.02298434 0.03557730 0.04112524
v 0.02245597 0.03575342 0.04112524
v 0.02298434 0.03557730 0.04112524
v 0.02298434 0.03751468 0.04050881
v 0.02254403 0.03751468 0.04042074
v 0.02227984 0.03848337 0.03795499
v 0.02597847 0.03513699 0.04042074
v 0.02227984 0.03848337 0.03795499
v 0.02272016 0.03592955 0.03927593
v 0.02307241 0.03460861 0.04059687
v 0.02236791 0.03540117 0.04042074
v 0.01999021 0.03821918 0.03962818
v 0.02034247 0.03821918 0.03980431
v 0.02051859 0.03980431 0.03830724
v 0.01937378 0.03945205 0.03742661
v 0.02016634 0.03971624 0.03821918
v 0.02016634 0.03971624 0.03821918
v 0.02122309 0.03962818 0.03874755
v 0.02122309 0.03962818 0.03874755
v 0.02087084 0.03804305 0.03989237
v 0.02122309 0.03769080 0.03971624
v 0.02122309 0.03962818 0.03874755
v 0.02157534 0.03909980 0.03848337
v 0.02157534 0.03909980 0.03848337
v 0.02122309 0.03927593 0.03848337
v 0.02122309 0.03769080 0.03971624
v 0.02122309 0.03927593 0.03848337
v 0.02245597 0.03909980 0.03901174
v 0.02157534 0.03909980 0.03848337
v 0.01858121 0.03654599 0.03821918
v 0.01787671 0.03725049 0.03742661
v 0.01761252 0.03592955 0.03883562
v 0.01787671 0.03725049 0.03742661
v 0.01858121 0.03654599 0.03821918
v 0.01858121 0.03654599 0.03821918
v 0.01875734 0.03813112 0.03830724
v 0.01752446 0.03874755 0.03848337
v 0.01787671 0.03874755 0.03874755
v 0.01840509 0.04024462 0.03742661
v 0.01796477 0.04024462 0.03716243
v 0.01752446 0.03971624 0.03636986
v 0.01752446 0.03874755 0.03848337
v 0.01796477 0.04024462 0.03716243
v 0.01831702 0.03865949 0.03892368
v 0.01893346 0.04006849 0.03769080
v 0.01893346 0.04006849 0.03769080
v 0.01831702 0.03865949 0.03892368
v 0.01866928 0.03830724 0.03874755
v 0.01937378 0.03945205 0.03742661
v 0.01902153 0.03980431 0.03751468
v 0.01937378 0.03945205 0.03742661
v 0.01902153 0.03980431 0.03751468
v 0.01866928 0.03830724 0.03874755
v 0.01990215 0.04121331 0.03434442
v 0.02122309 0.03927593 0.03848337
v 0.02157534 0.03909980 0.03848337
v 0.02183953 0.04006849 0.03716243
v 0.02148728 0.04024462 0.03681018
v 0.02183953 0.04006849 0.03716243
v 0.02148728 0.04024462 0.03681018
v 0.02122309 0.03927593 0.03848337
v 0.02157534 0.03909980 0.03848337
v 0.02245597 0.03909980 0.03901174
v 0.02280822 0.04033268 0.03742661
v 0.02183953 0.04006849 0.03716243
v 0.02254403 0.03751468 0.04042074
v 0.02298434 0.03918787 0.03918787
v 0.02316047 0.04024462 0.03760274
v 0.02227984 0.04121331 0.03460861
v 0.02536203 0.03848337 0.03769080
v 0.02597847 0.03513699 0.04042074
v 0.01770059 0.04094912 0.03496086
v 0.01875734 0.04130137 0.03575342
v 0.01849315 0.04042074 0.03416830
v 0.01770059 0.04094912 0.03496086
v 0.01752446 0.03971624 0.03636986
v 0.01752446 0.03971624 0.03636986
v 0.01875734 0.04130137 0.03575342
v 0.01849315 0.04042074 0.03416830
v 0.01752446 0.04147750 0.03513699
v 0.01875734 0.04130137 0.03575342
v 0.01946184 0.04121331 0.03619374
v 0.01910959 0.04121331 0.03601761
v 0.01946184 0.04059687 0.03592955
v 0.01946184 0.04121331 0.03619374
v 0.01902153 0.03980431 0.03751468
v 0.01937378 0.03945205 0.03742661
v 0.01946184 0.04059687 0.03592955
v 0.02069472 0.04086106 0.03672211
v 0.01946184 0.04059687 0.03592955
v 0.01937378 0.03945205 0.03742661
v 0.02069472 0.04086106 0.03672211
v 0.01875734 0.04209393 0.03372798
v 0.01858121 0.04218200 0.03355186
v 0.01875734 0.04209393 0.03372798
v 0.01849315 0.04042074 0.03416830
v 0.01726027 0.04147750 0.03487280
v 0.01858121 0.04218200 0.03355186
v 0.01831702 0.04130137 0.03311155
v 0.01902153 0.04323875 0.03011742
v 0.01752446 0.04323875 0.02932485
v 0.01999021 0.04191781 0.03434442
v 0.01946184 0.04059687 0.03592955
v 0.02069472 0.04086106 0.03672211
v 0.02016634 0.04033268 0.03522505
v 0.01946184 0.04059687 0.03592955
v 0.02016634 0.04033268 0.03522505
v 0.01972603 0.04050881 0.03478474
v 0.01946184 0.04059687 0.03592955
v 0.01972603 0.04050881 0.03478474
v 0.02034246 0.04094912 0.03425636
v 0.02034246 0.04094912 0.03425636
v 0.01999021 0.04191781 0.03434442
v 0.01937378 0.04191781 0.03416830
v 0.01849315 0.04042074 0.03416830
v 0.01875734 0.04130137 0.03575342
v 0.01937378 0.04191781 0.03416830
v 0.01928571 0.04121331 0.03311155
v 0.01963796 0.04112524 0.03355186
v 0.01866928 0.04138943 0.03275930
v 0.01858121 0.04218200 0.03355186
v 0.01875734 0.04209393 0.03372798
v 0.01928571 0.04121331 0.03311155
v 0.01963796 0.04112524 0.03355186
v 0.01937378 0.04191781 0.03416830
v 0.02034246 0.04112524 0.03355186
v 0.01999021 0.04191781 0.03434442
v 0.01866928 0.04138943 0.03275930
v 0.02069472 0.04086106 0.03672211
v 0.02104697 0.04086106 0.03689824
v 0.02148728 0.04077299 0.03707436
v 0.02113503 0.04156556 0.03496086
v 0.02113503 0.04156556 0.03496086
v 0.02016634 0.04033268 0.03522505
v 0.02069472 0.04086106 0.03672211
v 0.02201565 0.04147750 0.03522505
v 0.02166340 0.04156556 0.03504892
v 0.02148728 0.04077299 0.03707436
v 0.02148728 0.04024462 0.03681018
v 0.02183953 0.04006849 0.03716243
v 0.02210372 0.03980431 0.03636986
v 0.02227984 0.04068493 0.03513699
v 0.02201565 0.04147750 0.03522505
v 0.02227984 0.04068493 0.03513699
v 0.02298434 0.04033268 0.03540117
v 0.02210372 0.03980431 0.03636986
v 0.02183953 0.04006849 0.03716243
v 0.02289628 0.04112524 0.03575342
v 0.02289628 0.04112524 0.03575342
v 0.02298434 0.04033268 0.03540117
v 0.02307241 0.03945205 0.03628180
v 0.02210372 0.03980431 0.03636986
v 0.02113503 0.04077299 0.03469667
v 0.02122309 0.03989237 0.03557730
v 0.02016634 0.04033268 0.03522505
v 0.02016634 0.04033268 0.03522505
v 0.02113503 0.04156556 0.03496086
v 0.02113503 0.04077299 0.03469667
v 0.02060665 0.04323875 0.03055773
v 0.02034246 0.04112524 0.03355186
v 0.01999021 0.04191781 0.03434442
v 0.02034246 0.04094912 0.03425636
v 0.02069472 0.04103718 0.03399217
v 0.02034246 0.04112524 0.03355186
v 0.02034246 0.04094912 0.03425636
v 0.02219178 0.04077299 0.03425636
v 0.02201565 0.04147750 0.03522505
v 0.02227984 0.04068493 0.03513699
v 0.02113503 0.04156556 0.03496086
v 0.02166340 0.04156556 0.03504892
v 0.02148728 0.04077299 0.03443249
v 0.02148728 0.04077299 0.03443249
v 0.02166340 0.04156556 0.03504892
v 0.02201565 0.04147750 0.03522505
v 0.02219178 0.04077299 0.03425636
v 0.02219178 0.04077299 0.03425636
v 0.02148728 0.04077299 0.03443249
v 0.02166340 0.04156556 0.03504892
v 0.02227984 0.04323875 0.03073386
v 0.02474560 0.04121331 0.03443249
v 0.01294520 0.04174168 0.03143836
v 0.01259295 0.04112524 0.03082192
v 0.01259295 0.04174168 0.03117417
v 0.01259295 0.04174168 0.03117417
v 0.01312133 0.04068493 0.02985323
v 0.01312133 0.04068493 0.02985323
v 0.01347358 0.04235812 0.02958904
v 0.01373777 0.04138943 0.02932485
v 0.01347358 0.04235812 0.02958904
v 0.01426614 0.04112524 0.03214286
v 0.01364971 0.04174168 0.03187867
v 0.01329746 0.04006849 0.03319961
v 0.01409002 0.04235812 0.03002935
v 0.01364971 0.04174168 0.03187867
v 0.01426614 0.04112524 0.03214286
v 0.01409002 0.04086106 0.03064579
v 0.01364971 0.04174168 0.03187867
v 0.01409002 0.04086106 0.03064579
v 0.01409002 0.04235812 0.03002935
v 0.01514677 0.04323875 0.02694716
v 0.01629158 0.04323875 0.02826810
v 0.01188845 0.04094912 0.03011742
v 0.01180039 0.04165362 0.03046967
v 0.01312133 0.04068493 0.02985323
v 0.01188845 0.04094912 0.03011742
v 0.01312133 0.04068493 0.02985323
v 0.01303327 0.04086106 0.02888454
v 0.01188845 0.04094912 0.03011742
v 0.01303327 0.04086106 0.02888454
v 0.01285714 0.04209393 0.02897260
v 0.01188845 0.04200587 0.02791585
v 0.01232877 0.04209393 0.02835616
v 0.01294520 0.04121331 0.02800391
v 0.01215264 0.04094912 0.02765166
v 0.01285714 0.04209393 0.02897260
v 0.01373777 0.04138943 0.02932485
v 0.01347358 0.04235812 0.02958904
v 0.01453033 0.04156556 0.02923679
v 0.01294520 0.04121331 0.02800391
v 0.01409002 0.04235812 0.03002935
v 0.01453033 0.04156556 0.02923679
v 0.01347358 0.04235812 0.02958904
v 0.01585127 0.04235812 0.03161448
v 0.01523483 0.04235812 0.03117417
v 0.01629158 0.04156556 0.03082192
v 0.01558708 0.04112524 0.03135029
v 0.01426614 0.04112524 0.03214286
v 0.01523483 0.04235812 0.03117417
v 0.01523483 0.04235812 0.03117417
v 0.01681996 0.04138943 0.03205479
v 0.01593933 0.04077299 0.03249511
v 0.01505871 0.04165362 0.03319961
v 0.01505871 0.04165362 0.03319961
v 0.01593933 0.04077299 0.03249511
v 0.01585127 0.04235812 0.03161448
v 0.01699609 0.04235812 0.03258317
v 0.01681996 0.04138943 0.03205479
v 0.01505871 0.04165362 0.03319961
v 0.01620352 0.04138943 0.03152642
v 0.01629158 0.04156556 0.03082192
v 0.01699609 0.04235812 0.03258317
v 0.01770059 0.04147750 0.03205479
v 0.01681996 0.04138943 0.03205479
v 0.01629158 0.04156556 0.03082192
v 0.01523483 0.04235812 0.03117417
v 0.01585127 0.04235812 0.03161448
v 0.01453033 0.04138943 0.02994129
v 0.01453033 0.04138943 0.02994129
v 0.01453033 0.04156556 0.02923679
v 0.01409002 0.04235812 0.03002935
v 0.01866927 0.04447162 0.02465753
v 0.01919765 0.04447162 0.02527397
v 0.01796477 0.04447162 0.02307241
v 0.01796477 0.04447162 0.02307241
v 0.01787671 0.04447162 0.02219178
v 0.01822896 0.04447162 0.02386497
v 0.01770059 0.04103718 0.03302348
v 0.01770059 0.04147750 0.03205479
v 0.01726027 0.04227006 0.03284736
v 0.01726027 0.04227006 0.03284736
v 0.01981409 0.04447162 0.02580235
v 0.02060665 0.04447162 0.02624266
v 0.02139922 0.04447162 0.02650685
v 0.02227984 0.04447162 0.02659491
v 0.02395303 0.04323875 0.03064579
v 0.02219178 0.04482387 0.02219178
v 0.01787671 0.04447162 0.02219178
v 0.02307241 0.04447162 0.02650685
v 0.00264188 0.01091976 0.01893346
v 0.00378669 0.01039139 0.01981409
v 0.00352250 0.01074364 0.01990215
v 0.00361057 0.00915851 0.01840509
v 0.00264188 0.01091976 0.01893346
v 0.00352250 0.01074364 0.01990215
v 0.00325832 0.01144814 0.01902153
v 0.00325832 0.00968689 0.01778865
v 0.00361057 0.00915851 0.01840509
v 0.00264188 0.01091976 0.01893346
v 0.00317025 0.01039139 0.01743640
v 0.00325832 0.00968689 0.01778865
v 0.00264188 0.01091976 0.01893346
v 0.00317025 0.01162427 0.01858121
v 0.00317025 0.01162427 0.01858121
v 0.00590020 0.00625244 0.02007828
v 0.00607632 0.00581213 0.02051859
v 0.00590020 0.00625244 0.02007828
v 0.00590020 0.00625244 0.02007828
v 0.00413894 0.00854207 0.02192759
v 0.00457926 0.00748532 0.02051859
v 0.00493151 0.00739726 0.02113503
v 0.00590020 0.00625244 0.02007828
v 0.00387476 0.00898239 0.02148728
v 0.00431507 0.00774951 0.02016634
v 0.00537182 0.00669276 0.01884540
v 0.00554795 0.00651663 0.01928571
v 0.00378669 0.00915851 0.02104697
v 0.00422701 0.00801370 0.01981409
v 0.00528376 0.00704501 0.01849315
v 0.00422701 0.00801370 0.01981409
v 0.00378669 0.00915851 0.02104697
v 0.00413894 0.00942270 0.02087084
v 0.00457926 0.00863014 0.01954990
v 0.00528376 0.00704501 0.01849315
v 0.00387476 0.00898239 0.02148728
v 0.00440313 0.00968689 0.02122309
v 0.00378669 0.00915851 0.02104697
v 0.00440313 0.00968689 0.02122309
v 0.00413894 0.00942270 0.02087084
v 0.00378669 0.00915851 0.02104697
v 0.00396282 0.01021526 0.02034247
v 0.00343444 0.00951076 0.02043053
v 0.00413894 0.00942270 0.02087084
v 0.00413894 0.00942270 0.02087084
v 0.00343444 0.00951076 0.02043053
v 0.00431507 0.00907045 0.01928571
v 0.00554795 0.00951076 0.02078278
v 0.00457926 0.00863014 0.01954990
v 0.00387476 0.00977495 0.01849315
v 0.00193738 0.01373777 0.01822896
v 0.00317025 0.00995107 0.01981409
v 0.00343444 0.00951076 0.02043053
v 0.00317025 0.00995107 0.01981409
v 0.00413894 0.00854207 0.01937378
v 0.00343444 0.00951076 0.02043053
v 0.00413894 0.00854207 0.01937378
v 0.00431507 0.00907045 0.01928571
v 0.00317025 0.00995107 0.01981409
v 0.00396282 0.01021526 0.02034247
v 0.00378669 0.01039139 0.01981409
v 0.00317025 0.00995107 0.01981409
v 0.00378669 0.01039139 0.01981409
v 0.00361057 0.00915851 0.01840509
v 0.00440313 0.01100783 0.01902153
v 0.00352250 0.01074364 0.01990215
v 0.00378669 0.01039139 0.01981409
v 0.00352250 0.01074364 0.01990215
v 0.00440313 0.01100783 0.01902153
v 0.00325832 0.01144814 0.01902153
v 0.00440313 0.00968689 0.02122309
v 0.00554795 0.00766145 0.01831703
v 0.00554795 0.00766145 0.01831703
v 0.00686889 0.00572407 0.01822896
v 0.00695695 0.00563601 0.01884540
v 0.00660470 0.00590019 0.01770059
v 0.00695695 0.00704501 0.01726027
v 0.00660470 0.00616438 0.01734834
v 0.00660470 0.00616438 0.01734834
v 0.00510763 0.00845401 0.01796477
v 0.00457926 0.00827789 0.01717221
v 0.00431507 0.00898239 0.01681996
v 0.00413894 0.00854207 0.01937378
v 0.00457926 0.00827789 0.01717221
v 0.00431507 0.00871820 0.01655577
v 0.00581213 0.00818982 0.01664384
v 0.00431507 0.00898239 0.01681996
v 0.00457926 0.00827789 0.01717221
v 0.00554795 0.00792563 0.01532290
v 0.00581213 0.00757338 0.01585127
v 0.00581213 0.00757338 0.01585127
v 0.00581213 0.00818982 0.01664384
v 0.00457926 0.00827789 0.01717221
v 0.00510763 0.00845401 0.01796477
v 0.00413894 0.00854207 0.01937378
v 0.00431507 0.00898239 0.01681996
v 0.00510763 0.00845401 0.01796477
v 0.00493151 0.00977495 0.01514677
v 0.00678082 0.00642857 0.01902153
v 0.00290607 0.01373777 0.01461840
v 0.00422701 0.00915851 0.01620352
v 0.00422701 0.00915851 0.01620352
v 0.00317025 0.01039139 0.01743640
v 0.00317025 0.01109589 0.01717221
v 0.00361057 0.01056751 0.01743640
v 0.00246575 0.01118395 0.01849315
v 0.00317025 0.01109589 0.01717221
v 0.00317025 0.01039139 0.01743640
v 0.00317025 0.01039139 0.01743640
v 0.00361057 0.01056751 0.01743640
v 0.00422701 0.00959882 0.01602740
v 0.00422701 0.00959882 0.01602740
v 0.00317025 0.01162427 0.01858121
v 0.00246575 0.01118395 0.01849315
v 0.00317025 0.01039139 0.01743640
v 0.00413894 0.01056751 0.01585127
v 0.00361057 0.01056751 0.01743640
v 0.00317025 0.01109589 0.01717221
v 0.00317025 0.01109589 0.01717221
v 0.00369863 0.01047945 0.01523483
v 0.00343444 0.01100783 0.01505871
v 0.00272994 0.01118395 0.01655577
v 0.00369863 0.01047945 0.01523483
v 0.00317025 0.01109589 0.01717221
v 0.00343444 0.01100783 0.01505871
v 0.00317025 0.01109589 0.01717221
v 0.00246575 0.01118395 0.01849315
v 0.00202544 0.01224070 0.01778865
v 0.00317025 0.01109589 0.01717221
v 0.00202544 0.01224070 0.01778865
v 0.00264188 0.01303327 0.01761252
v 0.00264188 0.01303327 0.01761252
v 0.00184932 0.01259295 0.01743640
v 0.00317025 0.01109589 0.01717221
v 0.00272994 0.01118395 0.01655577
v 0.00361057 0.01056751 0.01743640
v 0.00413894 0.01056751 0.01585127
v 0.00422701 0.00959882 0.01602740
v 0.00317025 0.01162427 0.01858121
v 0.00387476 0.01232877 0.01796477
v 0.00317025 0.01162427 0.01858121
v 0.00440313 0.01100783 0.01902153
v 0.00554795 0.00836595 0.01497065
v 0.00739726 0.00748532 0.01426614
v 0.00493151 0.01039139 0.01453033
v 0.00343444 0.01100783 0.01505871
v 0.00369863 0.01047945 0.01523483
v 0.00352250 0.01074364 0.01479452
v 0.00493151 0.00986301 0.01382583
v 0.00493151 0.00986301 0.01382583
v 0.00493151 0.01039139 0.01453033
v 0.00369863 0.01047945 0.01523483
v 0.00466732 0.01021526 0.01338552
v 0.00343444 0.01127201 0.01453033
v 0.00466732 0.01021526 0.01338552
v 0.00352250 0.01074364 0.01479452
v 0.00272994 0.01118395 0.01655577
v 0.00554795 0.00836595 0.01497065
v 0.00590020 0.00924657 0.01497065
v 0.00554795 0.00836595 0.01497065
v 0.00422701 0.00959882 0.01602740
v 0.00730920 0.00836595 0.01453033
v 0.00739726 0.00748532 0.01426614
v 0.00748532 0.00642857 0.01611546
v 0.00651663 0.00977495 0.01206458
v 0.00475538 0.01373777 0.01109589
v 0.00695695 0.01021526 0.01426614
v 0.00651663 0.00968689 0.01250489
v 0.00651663 0.00968689 0.01250489
v 0.00466732 0.01065558 0.01303327
v 0.00642857 0.01030333 0.01206458
v 0.00343444 0.01127201 0.01453033
v 0.00501957 0.01153620 0.01320939
v 0.00642857 0.01030333 0.01206458
v 0.00466732 0.01065558 0.01303327
v 0.00466732 0.01065558 0.01303327
v 0.00343444 0.01127201 0.01453033
v 0.00501957 0.01153620 0.01320939
v 0.00757339 0.00457926 0.01999022
v 0.00739726 0.00484344 0.01946184
v 0.00783757 0.00440313 0.02025440
v 0.00845401 0.00493151 0.02095890
v 0.00827789 0.00387476 0.02139922
v 0.00678082 0.00537182 0.02175147
v 0.00678082 0.00537182 0.02175147
v 0.00783757 0.00440313 0.02025440
v 0.00845401 0.00493151 0.02095890
v 0.00783757 0.00440313 0.02025440
v 0.01003914 0.00308219 0.02078278
v 0.01091977 0.00387476 0.02087084
v 0.01003914 0.00308219 0.02078278
v 0.00924658 0.00405088 0.01893346
v 0.00942270 0.00378669 0.01946184
v 0.00739726 0.00484344 0.01946184
v 0.00748532 0.00528376 0.01910959
v 0.00924658 0.00405088 0.01893346
v 0.00607632 0.00581213 0.02051859
v 0.00748532 0.00528376 0.01910959
v 0.00739726 0.00484344 0.01946184
v 0.00977495 0.00361057 0.02007828
v 0.00845401 0.00493151 0.02095890
v 0.00783757 0.00440313 0.02025440
v 0.00977495 0.00361057 0.02007828
v 0.00942270 0.00537182 0.01910959
v 0.00748532 0.00528376 0.01910959
v 0.00748532 0.00528376 0.01910959
v 0.00590020 0.00625244 0.02007828
v 0.00634051 0.00660470 0.02043053
v 0.00836595 0.00519569 0.01690802
v 0.00863014 0.00501957 0.01787671
v 0.00942270 0.00572407 0.01743640
v 0.00863014 0.00501957 0.01787671
v 0.00836595 0.00519569 0.01690802
v 0.00836595 0.00519569 0.01690802
v 0.00660470 0.00616438 0.01734834
v 0.00695695 0.00704501 0.01726027
v 0.00863014 0.00695695 0.01743640
v 0.00924658 0.00616438 0.01699609
v 0.00942270 0.00572407 0.01743640
v 0.00836595 0.00519569 0.01690802
v 0.00924658 0.00616438 0.01699609
v 0.00845401 0.00493151 0.02095890
v 0.00977495 0.00361057 0.02007828
v 0.00995108 0.00475538 0.02016634
v 0.01030333 0.00457926 0.01946184
v 0.00977495 0.00361057 0.02007828
v 0.00942270 0.00378669 0.01946184
v 0.00924658 0.00405088 0.01893346
v 0.01030333 0.00457926 0.01946184
v 0.00995108 0.00475538 0.02016634
v 0.00977495 0.00361057 0.02007828
v 0.01012720 0.00361057 0.01972603
v 0.01003914 0.00308219 0.02078278
v 0.01091977 0.00387476 0.02087084
v 0.01030333 0.00281800 0.02122309
v 0.01030333 0.00281800 0.02122309
v 0.01091977 0.00387476 0.02087084
v 0.01127202 0.00361057 0.02139922
v 0.01127202 0.00361057 0.02139922
v 0.01039139 0.00449119 0.02148728
v 0.01030333 0.00281800 0.02122309
v 0.01074364 0.00361057 0.01743640
v 0.01400196 0.00158513 0.02051859
v 0.01030333 0.00457926 0.01946184
v 0.00924658 0.00405088 0.01893346
v 0.01012720 0.00501957 0.01893346
v 0.01012720 0.00501957 0.01893346
v 0.00730920 0.00625245 0.01866928
v 0.00695695 0.00563601 0.01884540
v 0.00863014 0.00501957 0.01787671
v 0.00880626 0.00625245 0.01840509
v 0.00907045 0.00581213 0.01761252
v 0.00880626 0.00625245 0.01840509
v 0.00863014 0.00501957 0.01787671
v 0.00942270 0.00572407 0.01743640
v 0.00907045 0.00581213 0.01761252
v 0.00863014 0.00501957 0.01787671
v 0.00889433 0.00642857 0.01347358
v 0.01180039 0.00361057 0.01523483
v 0.01444227 0.00158513 0.01893346
v 0.00590020 0.00625244 0.02007828
v 0.00695695 0.00563601 0.01884540
v 0.00730920 0.00625245 0.01866928
v 0.00783757 0.00810176 0.01620352
v 0.00757339 0.00713307 0.01479452
v 0.00757339 0.00713307 0.01479452
v 0.00845401 0.00792564 0.01514677
v 0.00757339 0.00713307 0.01479452
v 0.00739726 0.00748532 0.01426614
v 0.00845401 0.00792564 0.01514677
v 0.00818982 0.00845401 0.01461840
v 0.00818982 0.00845401 0.01461840
v 0.00590020 0.00924657 0.01497065
v 0.00748532 0.00915851 0.01523483
v 0.00730920 0.00836595 0.01453033
v 0.00739726 0.00986301 0.01303327
v 0.00818982 0.00845401 0.01461840
v 0.00642857 0.01030333 0.01206458
v 0.00660470 0.01012720 0.01268102
v 0.00651663 0.00968689 0.01250489
v 0.00651663 0.00968689 0.01250489
v 0.00660470 0.01012720 0.01268102
v 0.00739726 0.00986301 0.01303327
v 0.00730920 0.01083170 0.01276908
v 0.00730920 0.01083170 0.01276908
v 0.00739726 0.00986301 0.01303327
v 0.00660470 0.01012720 0.01268102
v 0.00880626 0.00977495 0.00924658
v 0.00739726 0.01373777 0.00792564
v 0.00669276 0.01144814 0.01338552
v 0.00730920 0.01083170 0.01276908
v 0.00642857 0.01030333 0.01206458
v 0.00501957 0.01153620 0.01320939
v 0.01091977 0.00642857 0.01109589
v 0.01180039 0.00977495 0.00695695
v 0.01338552 0.00361057 0.01338552
v 0.01338552 0.00642857 0.00915851
v 0.00052838 0.01796477 0.01805284
v 0.00290607 0.01197652 0.01866928
v 0.00202544 0.01224070 0.01778865
v 0.00246575 0.01118395 0.01849315
v 0.00246575 0.01118395 0.01849315
v 0.00317025 0.01162427 0.01858121
v 0.00290607 0.01197652 0.01866928
v 0.00158513 0.01796477 0.01435421
v 0.00158513 0.01796477 0.01435421
v 0.00290607 0.01373777 0.01461840
v 0.00193738 0.01373777 0.01822896
v 0.00264188 0.01303327 0.01761252
v 0.00272994 0.01276908 0.01805284
v 0.00387476 0.01232877 0.01796477
v 0.00264188 0.01303327 0.01761252
v 0.00272994 0.01276908 0.01805284
v 0.00272994 0.01276908 0.01805284
v 0.00387476 0.01232877 0.01796477
v 0.00228963 0.01338552 0.01770059
v 0.00149706 0.01382583 0.01690802
v 0.00184932 0.01259295 0.01743640
v 0.00184932 0.01259295 0.01743640
v 0.00149706 0.01382583 0.01690802
v 0.00246575 0.01294520 0.01585127
v 0.00228963 0.01338552 0.01770059
v 0.00246575 0.01294520 0.01585127
v 0.00184932 0.01259295 0.01743640
v 0.00220157 0.01426614 0.01717221
v 0.00202544 0.01461839 0.01673190
v 0.00149706 0.01382583 0.01690802
v 0.00202544 0.01461839 0.01673190
v 0.00246575 0.01294520 0.01585127
v 0.00361057 0.01320939 0.01734834
v 0.00228963 0.01338552 0.01770059
v 0.00264188 0.01303327 0.01761252
v 0.00387476 0.01232877 0.01796477
v 0.00317025 0.01391389 0.01699609
v 0.00220157 0.01426614 0.01717221
v 0.00202544 0.01461839 0.01673190
v 0.00176125 0.01497065 0.01690802
v 0.00132094 0.01426614 0.01655577
v 0.00308219 0.01479452 0.01646771
v 0.00176125 0.01497065 0.01690802
v 0.00202544 0.01461839 0.01673190
v 0.00202544 0.01461839 0.01673190
v 0.00220157 0.01426614 0.01717221
v 0.00317025 0.01391389 0.01699609
v 0.00317025 0.01391389 0.01699609
v 0.00246575 0.01294520 0.01585127
v 0.00096869 0.01558708 0.01620352
v 0.00132094 0.01426614 0.01655577
v 0.00176125 0.01497065 0.01690802
v 0.00167319 0.01602740 0.01646771
v 0.00264188 0.01558708 0.01629159
v 0.00167319 0.01602740 0.01646771
v 0.00017613 0.02245597 0.01805284
v 0.00052838 0.01796477 0.01805284
v 0.00035225 0.01796477 0.02210372
v 0.00000000 0.02245597 0.02210372
v 0.00123288 0.02245597 0.01426614
v 0.00193738 0.01320939 0.01523483
v 0.00202544 0.01338552 0.01532290
v 0.00246575 0.01294520 0.01585127
v 0.00299413 0.01268102 0.01382583
v 0.00202544 0.01338552 0.01532290
v 0.00193738 0.01320939 0.01523483
v 0.00193738 0.01320939 0.01523483
v 0.00246575 0.01294520 0.01585127
v 0.00132094 0.01426614 0.01655577
v 0.00193738 0.01320939 0.01523483
v 0.00132094 0.01426614 0.01655577
v 0.00184932 0.01426614 0.01497065
v 0.00281800 0.01329746 0.01338552
v 0.00281800 0.01285714 0.01356164
v 0.00299413 0.01268102 0.01382583
v 0.00193738 0.01320939 0.01523483
v 0.00281800 0.01285714 0.01356164
v 0.00343444 0.01259295 0.01453033
v 0.00246575 0.01294520 0.01585127
v 0.00202544 0.01338552 0.01532290
v 0.00299413 0.01268102 0.01382583
v 0.00246575 0.01294520 0.01585127
v 0.00290607 0.01241683 0.01602740
v 0.00343444 0.01127201 0.01453033
v 0.00290607 0.01241683 0.01602740
v 0.00096869 0.01558708 0.01620352
v 0.00193738 0.01488258 0.01523483
v 0.00158513 0.01637965 0.01602740
v 0.00158513 0.01637965 0.01602740
v 0.00158513 0.01637965 0.01602740
v 0.00132094 0.01673190 0.01620352
v 0.00088063 0.01611546 0.01593933
v 0.00052838 0.01761252 0.01567515
v 0.00088063 0.01611546 0.01593933
v 0.00132094 0.01567515 0.01435421
v 0.00149706 0.01505871 0.01453033
v 0.00132094 0.01708415 0.01435421
v 0.00132094 0.01567515 0.01435421
v 0.00088063 0.01611546 0.01593933
v 0.00193738 0.01488258 0.01523483
v 0.00193738 0.01488258 0.01523483
v 0.00052838 0.01761252 0.01567515
v 0.00132094 0.01673190 0.01620352
v 0.00158513 0.01637965 0.01602740
v 0.00220157 0.01743640 0.01567515
v 0.00123288 0.01787671 0.01602740
v 0.00052838 0.01761252 0.01567515
v 0.00132094 0.01673190 0.01620352
v 0.00123288 0.01787671 0.01602740
v 0.00220157 0.01532290 0.01259295
v 0.00211350 0.01593933 0.01241683
v 0.00220157 0.01532290 0.01259295
v 0.00193738 0.01488258 0.01523483
v 0.00158513 0.01637965 0.01602740
v 0.00264188 0.01558708 0.01629159
v 0.00237769 0.01497065 0.01285714
v 0.00237769 0.01497065 0.01285714
v 0.00272994 0.01497065 0.01338552
v 0.00193738 0.01488258 0.01523483
v 0.00193738 0.01488258 0.01523483
v 0.00272994 0.01497065 0.01338552
v 0.00317025 0.01382583 0.01347358
v 0.00317025 0.01382583 0.01347358
v 0.00281800 0.01329746 0.01338552
v 0.00193738 0.01488258 0.01523483
v 0.00264188 0.01558708 0.01629159
v 0.00158513 0.01637965 0.01602740
v 0.00167319 0.01602740 0.01646771
v 0.00176125 0.01637965 0.01444227
v 0.00211350 0.01664383 0.01241683
v 0.00132094 0.01708415 0.01435421
v 0.00272994 0.01497065 0.01338552
v 0.00237769 0.01497065 0.01285714
v 0.00220157 0.01541096 0.01294521
v 0.00237769 0.01497065 0.01285714
v 0.00220157 0.01532290 0.01259295
v 0.00220157 0.01541096 0.01294521
v 0.00343444 0.01505871 0.01100783
v 0.00220157 0.01541096 0.01294521
v 0.00220157 0.01532290 0.01259295
v 0.00325832 0.01532290 0.01091977
v 0.00325832 0.01532290 0.01091977
v 0.00343444 0.01505871 0.01100783
v 0.00220157 0.01532290 0.01259295
v 0.00343444 0.01532290 0.01188845
v 0.00211350 0.01664383 0.01241683
v 0.00361057 0.01673190 0.01109589
v 0.00325832 0.01585127 0.01074364
v 0.00193738 0.01761252 0.01241683
v 0.00378669 0.01188845 0.01461840
v 0.00290607 0.01241683 0.01602740
v 0.00422701 0.01250489 0.01303327
v 0.00369863 0.01796477 0.01047945
v 0.00475538 0.01373777 0.01109589
v 0.00387476 0.01276908 0.01197652
v 0.00413894 0.01241683 0.01206458
v 0.00299413 0.01268102 0.01382583
v 0.00413894 0.01241683 0.01206458
v 0.00422701 0.01250489 0.01303327
v 0.00387476 0.01276908 0.01197652
v 0.00431507 0.01400196 0.01206458
v 0.00387476 0.01320939 0.01171233
v 0.00387476 0.01320939 0.01171233
v 0.00572407 0.01241683 0.01074364
v 0.00616438 0.01259295 0.01268102
v 0.00572407 0.01241683 0.01074364
v 0.00387476 0.01276908 0.01197652
v 0.00387476 0.01320939 0.01171233
v 0.00554795 0.01294520 0.01056751
v 0.00572407 0.01241683 0.01074364
v 0.00554795 0.01294520 0.01056751
v 0.00651663 0.01796477 0.00722114
v 0.00739726 0.01373777 0.00792564
v 0.00554795 0.01505871 0.01162427
v 0.00501957 0.01523483 0.00968689
v 0.00554795 0.01505871 0.01162427
v 0.00343444 0.01505871 0.01100783
v 0.00501957 0.01523483 0.00968689
v 0.00361057 0.01673190 0.01109589
v 0.00537182 0.01646771 0.01109589
v 0.00493151 0.01576321 0.00951076
v 0.00325832 0.01585127 0.01074364
v 0.00598826 0.01391389 0.01206458
v 0.00607632 0.01549902 0.01039139
v 0.00590020 0.01611546 0.01030333
v 0.00123288 0.01831702 0.01567515
v 0.00052838 0.01761252 0.01567515
v 0.00123288 0.01831702 0.01567515
v 0.00132094 0.01708415 0.01435421
v 0.00096869 0.01875734 0.01593933
v 0.00035225 0.01937378 0.01549902
v 0.00052838 0.01814090 0.01541096
v 0.00052838 0.01814090 0.01541096
v 0.00035225 0.01937378 0.01549902
v 0.00096869 0.01928571 0.01400196
v 0.00123288 0.01831702 0.01567515
v 0.00132094 0.01708415 0.01435421
v 0.00052838 0.01814090 0.01541096
v 0.00096869 0.01734834 0.01391389
v 0.00132094 0.01708415 0.01435421
v 0.00088063 0.01778865 0.01382583
v 0.00096869 0.01734834 0.01391389
v 0.00088063 0.01822896 0.01364971
v 0.00220157 0.01743640 0.01567515
v 0.00123288 0.01831702 0.01567515
v 0.00123288 0.01787671 0.01602740
v 0.00035225 0.01937378 0.01549902
v 0.00096869 0.01875734 0.01593933
v 0.00105675 0.01963796 0.01585127
v 0.00105675 0.01963796 0.01585127
v 0.00096869 0.01928571 0.01400196
v 0.00035225 0.01937378 0.01549902
v 0.00096869 0.01875734 0.01593933
v 0.00123288 0.01831702 0.01567515
v 0.00220157 0.01858121 0.01532290
v 0.00193738 0.01928571 0.01541096
v 0.00105675 0.01963796 0.01585127
v 0.00220157 0.01743640 0.01567515
v 0.00132094 0.01708415 0.01435421
v 0.00123288 0.01831702 0.01567515
v 0.00193738 0.01761252 0.01241683
v 0.00167319 0.01796477 0.01188845
v 0.00167319 0.01796477 0.01188845
v 0.00096869 0.01928571 0.01400196
v 0.00193738 0.01928571 0.01541096
v 0.00220157 0.01858121 0.01532290
v 0.00105675 0.01963796 0.01585127
v 0.00193738 0.01928571 0.01541096
v 0.00096869 0.01928571 0.01400196
v 0.00105675 0.02016634 0.01549902
v 0.00026419 0.01999021 0.01532290
v 0.00096869 0.01928571 0.01400196
v 0.00096869 0.01928571 0.01400196
v 0.00026419 0.01999021 0.01532290
v 0.00061644 0.01963796 0.01356164
v 0.00202544 0.02043053 0.01523483
v 0.00167319 0.01849315 0.01180039
v 0.00096869 0.01928571 0.01400196
v 0.00202544 0.01893346 0.01303327
v 0.00167319 0.01849315 0.01180039
v 0.00167319 0.01999021 0.01180039
v 0.00202544 0.01893346 0.01303327
v 0.00343444 0.02245597 0.01030333
v 0.00079256 0.02051859 0.01585127
v 0.00026419 0.01999021 0.01532290
v 0.00079256 0.02051859 0.01585127
v 0.00017613 0.02139922 0.01549902
v 0.00026419 0.01999021 0.01532290
v 0.00017613 0.02139922 0.01549902
v 0.00061644 0.02078278 0.01356164
v 0.00061644 0.01963796 0.01356164
v 0.00096869 0.02157534 0.01593933
v 0.00184932 0.02122309 0.01541096
v 0.00096869 0.02157534 0.01593933
v 0.00079256 0.02051859 0.01585127
v 0.00202544 0.02043053 0.01523483
v 0.00017613 0.02183953 0.01549902
v 0.00017613 0.02183953 0.01549902
v 0.00079256 0.02148728 0.01400196
v 0.00017613 0.02183953 0.01549902
v 0.00096869 0.02219178 0.01567515
v 0.00017613 0.02183953 0.01549902
v 0.00096869 0.02219178 0.01567515
v 0.00079256 0.02148728 0.01400196
v 0.00079256 0.02148728 0.01400196
v 0.00096869 0.02219178 0.01567515
v 0.00017613 0.02219178 0.01541096
v 0.00017613 0.02219178 0.01541096
v 0.00096869 0.02219178 0.01567515
v 0.00070450 0.02254403 0.01602740
v 0.00052838 0.02192759 0.01364971
v 0.00079256 0.02148728 0.01400196
v 0.00017613 0.02219178 0.01541096
v 0.00052838 0.02280822 0.01373777
v 0.00052838 0.02192759 0.01364971
v 0.00017613 0.02219178 0.01541096
v 0.00017613 0.02360078 0.01576321
v 0.00017613 0.02360078 0.01576321
v 0.00184932 0.02122309 0.01541096
v 0.00079256 0.02148728 0.01400196
v 0.00096869 0.02219178 0.01567515
v 0.00193738 0.02236791 0.01532290
v 0.00070450 0.02254403 0.01602740
v 0.00079256 0.02148728 0.01400196
v 0.00114481 0.02104697 0.01382583
v 0.00061644 0.02078278 0.01356164
v 0.00184932 0.02148728 0.01206458
v 0.00114481 0.02104697 0.01382583
v 0.00079256 0.02148728 0.01400196
v 0.00149706 0.02263209 0.01188845
v 0.00149706 0.02263209 0.01188845
v 0.00184932 0.02148728 0.01206458
v 0.00079256 0.02148728 0.01400196
v 0.00140900 0.02104697 0.01162427
v 0.00061644 0.02078278 0.01356164
v 0.00114481 0.02104697 0.01382583
v 0.00184932 0.02148728 0.01206458
v 0.00176125 0.02333659 0.01549902
v 0.00070450 0.02254403 0.01602740
v 0.00193738 0.02236791 0.01532290
v 0.00299413 0.01761252 0.01039139
v 0.00299413 0.01761252 0.01039139
v 0.00290607 0.01796477 0.01118395
v 0.00193738 0.01761252 0.01241683
v 0.00325832 0.01937378 0.01065558
v 0.00281800 0.01866927 0.01012720
v 0.00272994 0.01814090 0.01021526
v 0.00272994 0.01814090 0.01021526
v 0.00281800 0.01866927 0.01012720
v 0.00140900 0.02051859 0.01162427
v 0.00140900 0.02051859 0.01162427
v 0.00140900 0.02104697 0.01162427
v 0.00132094 0.02316047 0.01188845
v 0.00149706 0.02263209 0.01188845
v 0.00132094 0.02043053 0.01206458
v 0.00167319 0.01999021 0.01180039
v 0.00140900 0.02051859 0.01162427
v 0.00264188 0.02069472 0.01091977
v 0.00167319 0.01999021 0.01180039
v 0.00132094 0.02043053 0.01206458
v 0.00132094 0.02043053 0.01206458
v 0.00140900 0.02051859 0.01162427
v 0.00264188 0.02051859 0.00995108
v 0.00264188 0.02051859 0.00995108
v 0.00264188 0.02069472 0.01091977
v 0.00132094 0.02043053 0.01206458
v 0.00246575 0.02087084 0.01003914
v 0.00264188 0.02051859 0.00995108
v 0.00308219 0.02210372 0.01056751
v 0.00255382 0.02139922 0.00995108
v 0.00255382 0.02139922 0.00995108
v 0.00501957 0.01752446 0.01083170
v 0.00669276 0.01285714 0.01153620
v 0.00651663 0.01347358 0.01127202
v 0.00651663 0.01347358 0.01127202
v 0.00669276 0.01285714 0.01153620
v 0.00581213 0.01276908 0.01109589
v 0.00581213 0.01276908 0.01109589
v 0.00669276 0.01285714 0.01153620
v 0.00572407 0.01241683 0.01074364
v 0.00554795 0.01294520 0.01056751
v 0.00572407 0.01241683 0.01074364
v 0.00880626 0.00977495 0.00924658
v 0.00739726 0.01373777 0.00792564
v 0.01056751 0.01373777 0.00537182
v 0.01180039 0.00977495 0.00695695
v 0.00325832 0.01532290 0.01091977
v 0.00325832 0.01585127 0.01074364
v 0.00493151 0.01576321 0.00951076
v 0.00501957 0.01523483 0.00968689
v 0.00493151 0.01576321 0.00951076
v 0.00510763 0.01549902 0.01003914
v 0.00501957 0.01523483 0.00968689
v 0.00501957 0.01523483 0.00968689
v 0.00510763 0.01549902 0.01003914
v 0.00607632 0.01549902 0.01039139
v 0.00590020 0.01611546 0.01030333
v 0.00590020 0.01611546 0.01030333
v 0.00607632 0.01549902 0.01039139
v 0.00510763 0.01549902 0.01003914
v 0.00457926 0.01787671 0.00898239
v 0.00299413 0.01761252 0.01039139
v 0.00272994 0.01814090 0.01021526
v 0.00449119 0.01858121 0.00889432
v 0.00449119 0.01858121 0.00889432
v 0.00264188 0.02069472 0.01091977
v 0.00264188 0.02051859 0.00995108
v 0.00475538 0.02016634 0.01047945
v 0.00422701 0.02095890 0.00863014
v 0.00422701 0.02095890 0.00863014
v 0.00475538 0.02016634 0.01047945
v 0.00264188 0.02051859 0.00995108
v 0.00422701 0.02148728 0.00863014
v 0.00422701 0.02148728 0.00863014
v 0.00457926 0.01787671 0.00898239
v 0.00501957 0.01752446 0.01083170
v 0.00299413 0.01761252 0.01039139
v 0.00625245 0.02245597 0.00686888
v 0.00449119 0.01858121 0.00889432
v 0.00493151 0.01902153 0.01047945
v 0.00457926 0.01884540 0.00951076
v 0.00501957 0.01752446 0.01083170
v 0.00457926 0.01787671 0.00898239
v 0.00545988 0.01761252 0.00951076
v 0.00493151 0.01902153 0.01047945
v 0.00545988 0.01866928 0.00968689
v 0.00457926 0.01884540 0.00951076
v 0.00545988 0.01761252 0.00951076
v 0.00449119 0.01858121 0.00889432
v 0.00457926 0.01787671 0.00898239
v 0.00475538 0.02175147 0.01039139
v 0.00528376 0.02087084 0.00942270
v 0.00519569 0.02157534 0.00942270
v 0.00440313 0.02104697 0.00907045
v 0.00528376 0.02087084 0.00942270
v 0.00422701 0.02095890 0.00863014
v 0.00422701 0.02148728 0.00863014
v 0.00440313 0.02104697 0.00907045
v 0.00422701 0.02095890 0.00863014
v 0.00519569 0.02157534 0.00942270
v 0.00519569 0.02157534 0.00942270
v 0.00995108 0.01796477 0.00440313
v 0.00651663 0.01796477 0.00722114
v 0.01382583 0.01796477 0.00237769
v 0.01435421 0.01373777 0.00343444
v 0.00977495 0.02245597 0.00405088
v 0.00995108 0.01796477 0.00440313
v 0.01373777 0.02245597 0.00202544
v 0.00977495 0.02245597 0.00405088
v 0.01814090 0.00035225 0.02139922
v 0.01514677 0.00158513 0.01743640
v 0.01840509 0.00035225 0.02060665
v 0.01620352 0.00158513 0.01611546
v 0.01875734 0.00035225 0.01981409
v 0.01532290 0.00361057 0.01188845
v 0.01752446 0.00158513 0.01514677
v 0.01937378 0.00035225 0.01919765
v 0.01875734 0.00035225 0.01981409
v 0.01620352 0.00158513 0.01611546
v 0.01752446 0.00158513 0.01514677
v 0.01752446 0.00361057 0.01083170
v 0.01532290 0.00361057 0.01188845
v 0.01338552 0.00642857 0.00915851
v 0.01620352 0.00642857 0.00774951
v 0.01814090 0.00035225 0.02139922
v 0.01840509 0.00035225 0.02060665
v 0.01999022 0.00035225 0.01866928
v 0.01910959 0.00158513 0.01435421
v 0.02078278 0.00035225 0.01822896
v 0.02078278 0.00158513 0.01382583
v 0.02166341 0.00035225 0.01796477
v 0.02254403 0.00158513 0.01373777
v 0.02254403 0.00035225 0.01787671
v 0.01999022 0.00361057 0.01012720
v 0.02254403 0.00361057 0.00986301
v 0.01338552 0.00642857 0.00915851
v 0.01514677 0.00977495 0.00528376
v 0.01620352 0.00642857 0.00774951
v 0.01514677 0.00977495 0.00528376
v 0.01884540 0.00977495 0.00413894
v 0.01937378 0.00642857 0.00686888
v 0.01840509 0.01373777 0.00220157
v 0.01884540 0.00977495 0.00413894
v 0.02254403 0.00642857 0.00651663
v 0.02254403 0.00977495 0.00369863
v 0.02254403 0.01373777 0.00167319
v 0.02254403 0.00977495 0.00369863
v 0.01805284 0.01796477 0.00105675
v 0.01796477 0.02245597 0.00061644
v 0.02245597 0.01796477 0.00044031
v 0.02245597 0.02245597 0.00000000
v 0.02677104 0.02245597 0.00017613
v 0.02677104 0.01796478 0.00061644
v 0.00044031 0.02694716 0.02210372
v 0.00070450 0.02694716 0.01805284
v 0.00202544 0.03117417 0.01822896
v 0.00167319 0.03117417 0.02210372
v 0.00176125 0.02694716 0.01435421
v 0.00308219 0.03117417 0.01461840
v 0.00052838 0.02800391 0.01770059
v 0.00096869 0.02633072 0.01761252
v 0.00132094 0.02791585 0.01805284
v 0.00132094 0.02791585 0.01805284
v 0.00096869 0.02633072 0.01761252
v 0.00211350 0.02773973 0.01726027
v 0.00123288 0.02862035 0.01637965
v 0.00052838 0.02800391 0.01770059
v 0.00132094 0.02791585 0.01805284
v 0.00132094 0.02791585 0.01805284
v 0.00211350 0.02773973 0.01726027
v 0.00123288 0.02862035 0.01637965
v 0.00114481 0.02641879 0.01690802
v 0.00096869 0.02633072 0.01761252
v 0.00035225 0.02641879 0.01673190
v 0.00035225 0.02641879 0.01673190
v 0.00096869 0.02641879 0.01514677
v 0.00035225 0.02641879 0.01673190
v 0.00052838 0.02800391 0.01770059
v 0.00079256 0.02782779 0.01532290
v 0.00070450 0.02685910 0.01488258
v 0.00070450 0.02685910 0.01488258
v 0.00096869 0.02641879 0.01514677
v 0.00035225 0.02641879 0.01673190
v 0.00211350 0.02668297 0.01655577
v 0.00211350 0.02668297 0.01655577
v 0.00026419 0.02589041 0.01646771
v 0.00070450 0.02465753 0.01646771
v 0.00105675 0.02580235 0.01681996
v 0.00105675 0.02580235 0.01681996
v 0.00070450 0.02465753 0.01646771
v 0.00184932 0.02553816 0.01611546
v 0.00096869 0.02641879 0.01514677
v 0.00026419 0.02589041 0.01646771
v 0.00105675 0.02580235 0.01681996
v 0.00184932 0.02553816 0.01611546
v 0.00096869 0.02641879 0.01514677
v 0.00105675 0.02580235 0.01681996
v 0.00114481 0.02641879 0.01690802
v 0.00096869 0.02641879 0.01514677
v 0.00211350 0.02668297 0.01655577
v 0.00123288 0.02862035 0.01637965
v 0.00079256 0.02782779 0.01532290
v 0.00052838 0.02800391 0.01770059
v 0.00220157 0.02835616 0.01497065
v 0.00220157 0.02835616 0.01497065
v 0.00114481 0.03029354 0.01954990
v 0.00193738 0.03011742 0.01981409
v 0.00211350 0.03143836 0.02060665
v 0.00158513 0.03064579 0.01796477
v 0.00193738 0.03011742 0.01981409
v 0.00114481 0.03029354 0.01954990
v 0.00114481 0.03029354 0.01954990
v 0.00211350 0.03143836 0.02060665
v 0.00167319 0.03170254 0.01840509
v 0.00140900 0.03099804 0.01770059
v 0.00158513 0.03064579 0.01796477
v 0.00114481 0.03029354 0.01954990
v 0.00140900 0.03099804 0.01770059
v 0.00308219 0.03135029 0.02025440
v 0.00211350 0.03143836 0.02060665
v 0.00193738 0.03011742 0.01981409
v 0.00290607 0.03055773 0.01937378
v 0.00290607 0.03055773 0.01937378
v 0.00105675 0.02994129 0.01919765
v 0.00123288 0.02879648 0.01866928
v 0.00176125 0.02967710 0.01954990
v 0.00176125 0.02967710 0.01954990
v 0.00123288 0.02879648 0.01866928
v 0.00255382 0.02976517 0.01866928
v 0.00158513 0.03064579 0.01796477
v 0.00105675 0.02994129 0.01919765
v 0.00176125 0.02967710 0.01954990
v 0.00176125 0.02967710 0.01954990
v 0.00255382 0.02976517 0.01866928
v 0.00158513 0.03064579 0.01796477
v 0.00413894 0.03522505 0.02007828
v 0.00202544 0.03117417 0.01822896
v 0.00167319 0.03117417 0.02210372
v 0.00167319 0.03117417 0.02210372
v 0.00378669 0.03513698 0.02210372
v 0.00413894 0.03522505 0.02007828
v 0.00228963 0.03108611 0.02095890
v 0.00184932 0.03205479 0.02139922
v 0.00158513 0.03170254 0.02095890
v 0.00158513 0.03170254 0.02095890
v 0.00184932 0.03205479 0.02139922
v 0.00237769 0.03363992 0.02069472
v 0.00211350 0.03143836 0.02060665
v 0.00228963 0.03108611 0.02095890
v 0.00158513 0.03170254 0.02095890
v 0.00202544 0.03302348 0.01946184
v 0.00228963 0.03355186 0.02007828
v 0.00202544 0.03302348 0.01946184
v 0.00246575 0.03143836 0.02139922
v 0.00184932 0.03205479 0.02139922
v 0.00246575 0.03143836 0.02139922
v 0.00237769 0.03363992 0.02069472
v 0.00228963 0.03108611 0.02095890
v 0.00228963 0.03108611 0.02095890
v 0.00211350 0.03143836 0.02060665
v 0.00308219 0.03135029 0.02025440
v 0.00308219 0.03135029 0.02025440
v 0.00211350 0.03143836 0.02060665
v 0.00202544 0.03302348 0.01946184
v 0.00255382 0.03275929 0.01928571
v 0.00255382 0.03275929 0.01928571
v 0.00308219 0.03478473 0.01866928
v 0.00299413 0.03443248 0.01822896
v 0.00202544 0.03302348 0.01946184
v 0.00308219 0.03478473 0.01866928
v 0.00299413 0.03443248 0.01822896
v 0.00237769 0.03363992 0.02069472
v 0.00255382 0.03434442 0.02131115
v 0.00352250 0.03575342 0.02016634
v 0.00237769 0.03363992 0.02069472
v 0.00352250 0.03575342 0.02016634
v 0.00413894 0.03522505 0.02007828
v 0.00237769 0.03363992 0.02069472
v 0.00413894 0.03522505 0.02007828
v 0.00396282 0.03460861 0.01919765
v 0.00396282 0.03460861 0.01919765
v 0.00308219 0.03478473 0.01866928
v 0.00237769 0.03363992 0.02069472
v 0.00070450 0.02862035 0.01814090
v 0.00140900 0.02844423 0.01814090
v 0.00070450 0.02862035 0.01814090
v 0.00105675 0.02994129 0.01919765
v 0.00114481 0.02994129 0.01673190
v 0.00096869 0.02897260 0.01620352
v 0.00123288 0.02862035 0.01637965
v 0.00140900 0.02844423 0.01814090
v 0.00070450 0.02862035 0.01814090
v 0.00096869 0.02897260 0.01620352
v 0.00140900 0.02844423 0.01814090
v 0.00237769 0.02870841 0.01778865
v 0.00158513 0.03064579 0.01796477
v 0.00114481 0.02994129 0.01673190
v 0.00105675 0.02994129 0.01919765
v 0.00193738 0.03090998 0.01514677
v 0.00184932 0.03046967 0.01479452
v 0.00193738 0.03090998 0.01514677
v 0.00123288 0.02862035 0.01637965
v 0.00237769 0.02870841 0.01778865
v 0.00140900 0.02844423 0.01814090
v 0.00255382 0.02976517 0.01866928
v 0.00237769 0.02870841 0.01778865
v 0.00255382 0.03046967 0.01637965
v 0.00255382 0.03046967 0.01637965
v 0.00140900 0.03099804 0.01770059
v 0.00237769 0.03205479 0.01629159
v 0.00193738 0.03090998 0.01514677
v 0.00501957 0.03513698 0.01549902
v 0.00413894 0.03522505 0.02007828
v 0.00255382 0.03275929 0.01928571
v 0.00220157 0.03187867 0.01937378
v 0.00167319 0.03170254 0.01840509
v 0.00167319 0.03170254 0.01840509
v 0.00220157 0.03187867 0.01937378
v 0.00246575 0.03284736 0.01690802
v 0.00246575 0.03284736 0.01690802
v 0.00140900 0.03099804 0.01770059
v 0.00167319 0.03170254 0.01840509
v 0.00220157 0.03187867 0.01937378
v 0.00255382 0.03275929 0.01928571
v 0.00299413 0.03284736 0.01770059
v 0.00299413 0.03284736 0.01770059
v 0.00246575 0.03284736 0.01690802
v 0.00220157 0.03187867 0.01937378
v 0.00255382 0.03275929 0.01928571
v 0.00299413 0.03443248 0.01822896
v 0.00325832 0.03399217 0.01796477
v 0.00140900 0.03099804 0.01770059
v 0.00246575 0.03284736 0.01690802
v 0.00228963 0.03249511 0.01655577
v 0.00228963 0.03249511 0.01655577
v 0.00237769 0.03205479 0.01629159
v 0.00140900 0.03099804 0.01770059
v 0.00228963 0.03231898 0.01681996
v 0.00237769 0.03205479 0.01629159
v 0.00228963 0.03249511 0.01655577
v 0.00352250 0.03267123 0.01549902
v 0.00237769 0.03205479 0.01629159
v 0.00228963 0.03231898 0.01681996
v 0.00228963 0.03231898 0.01681996
v 0.00228963 0.03249511 0.01655577
v 0.00334638 0.03311155 0.01479452
v 0.00334638 0.03311155 0.01479452
v 0.00352250 0.03267123 0.01549902
v 0.00228963 0.03231898 0.01681996
v 0.00413894 0.03363992 0.01629159
v 0.00334638 0.03337573 0.01514677
v 0.00228963 0.03249511 0.01655577
v 0.00246575 0.03284736 0.01690802
v 0.00352250 0.03381605 0.01541096
v 0.00352250 0.03381605 0.01541096
v 0.00334638 0.03337573 0.01514677
v 0.00246575 0.03284736 0.01690802
v 0.00088063 0.02368884 0.01611546
v 0.00017613 0.02360078 0.01576321
v 0.00088063 0.02368884 0.01611546
v 0.00079256 0.02395303 0.01435421
v 0.00079256 0.02395303 0.01435421
v 0.00088063 0.02368884 0.01611546
v 0.00176125 0.02333659 0.01549902
v 0.00079256 0.02395303 0.01435421
v 0.00088063 0.02368884 0.01611546
v 0.00017613 0.02430528 0.01585127
v 0.00096869 0.02430528 0.01602740
v 0.00070450 0.02465753 0.01646771
v 0.00079256 0.02395303 0.01435421
v 0.00017613 0.02430528 0.01585127
v 0.00017613 0.02430528 0.01585127
v 0.00052838 0.02439335 0.01400196
v 0.00079256 0.02395303 0.01435421
v 0.00061644 0.02553816 0.01426614
v 0.00052838 0.02439335 0.01400196
v 0.00017613 0.02430528 0.01585127
v 0.00026419 0.02589041 0.01646771
v 0.00193738 0.02456947 0.01567515
v 0.00193738 0.02456947 0.01567515
v 0.00422701 0.02694716 0.01003914
v 0.00132094 0.02360078 0.01197652
v 0.00079256 0.02395303 0.01435421
v 0.00070450 0.02342466 0.01409002
v 0.00070450 0.02342466 0.01409002
v 0.00079256 0.02395303 0.01435421
v 0.00193738 0.02360078 0.01329746
v 0.00308219 0.02456947 0.01100783
v 0.00132094 0.02360078 0.01197652
v 0.00070450 0.02342466 0.01409002
v 0.00070450 0.02342466 0.01409002
v 0.00193738 0.02360078 0.01329746
v 0.00308219 0.02456947 0.01100783
v 0.00167319 0.02500978 0.01276908
v 0.00079256 0.02395303 0.01435421
v 0.00052838 0.02439335 0.01400196
v 0.00132094 0.02571428 0.01232877
v 0.00132094 0.02571428 0.01232877
v 0.00167319 0.02500978 0.01276908
v 0.00052838 0.02439335 0.01400196
v 0.00193738 0.02360078 0.01329746
v 0.00167319 0.02500978 0.01276908
v 0.00193738 0.02456947 0.01567515
v 0.00079256 0.02395303 0.01435421
v 0.00132094 0.02360078 0.01197652
v 0.00202544 0.02597847 0.01382583
v 0.00096869 0.02641879 0.01514677
v 0.00149706 0.02826810 0.01347358
v 0.00167319 0.02870841 0.01373777
v 0.00167319 0.02870841 0.01373777
v 0.00149706 0.02624266 0.01250489
v 0.00158513 0.02782779 0.01329746
v 0.00202544 0.02597847 0.01382583
v 0.00184932 0.02756360 0.01364971
v 0.00211350 0.02668297 0.01655577
v 0.00096869 0.02641879 0.01514677
v 0.00149706 0.02624266 0.01250489
v 0.00158513 0.02782779 0.01329746
v 0.00158513 0.02782779 0.01329746
v 0.00317025 0.02721135 0.01162427
v 0.00149706 0.02624266 0.01250489
v 0.00202544 0.02597847 0.01382583
v 0.00493151 0.03117417 0.01109589
v 0.00149706 0.02263209 0.01188845
v 0.00132094 0.02316047 0.01188845
v 0.00132094 0.02307241 0.01215264
v 0.00132094 0.02307241 0.01215264
v 0.00132094 0.02316047 0.01188845
v 0.00246575 0.02324853 0.01012720
v 0.00255382 0.02316047 0.01109589
v 0.00149706 0.02263209 0.01188845
v 0.00132094 0.02307241 0.01215264
v 0.00246575 0.02324853 0.01012720
v 0.00255382 0.02316047 0.01109589
v 0.00132094 0.02307241 0.01215264
v 0.00237769 0.02368884 0.01021526
v 0.00246575 0.02324853 0.01012720
v 0.00246575 0.02412916 0.01021526
v 0.00246575 0.02412916 0.01021526
v 0.00132094 0.02571428 0.01232877
v 0.00132094 0.02562622 0.01268102
v 0.00167319 0.02500978 0.01276908
v 0.00167319 0.02500978 0.01276908
v 0.00132094 0.02562622 0.01268102
v 0.00264188 0.02571428 0.01153620
v 0.00255382 0.02316047 0.01109589
v 0.00246575 0.02324853 0.01012720
v 0.00466732 0.02254403 0.01047945
v 0.00132094 0.02562622 0.01268102
v 0.00132094 0.02571428 0.01232877
v 0.00264188 0.02580235 0.01065558
v 0.00264188 0.02580235 0.01065558
v 0.00264188 0.02571428 0.01153620
v 0.00132094 0.02562622 0.01268102
v 0.00246575 0.02641879 0.01074364
v 0.00264188 0.02580235 0.01065558
v 0.00149706 0.02624266 0.01250489
v 0.00317025 0.02721135 0.01162427
v 0.00255382 0.02694716 0.01091977
v 0.00255382 0.02694716 0.01091977
v 0.00149706 0.02809198 0.01373777
v 0.00184932 0.02756360 0.01364971
v 0.00158513 0.02782779 0.01329746
v 0.00149706 0.02826810 0.01347358
v 0.00149706 0.02809198 0.01373777
v 0.00158513 0.02782779 0.01329746
v 0.00184932 0.02756360 0.01364971
v 0.00149706 0.02809198 0.01373777
v 0.00281800 0.02835616 0.01259295
v 0.00264188 0.02571428 0.01153620
v 0.00264188 0.02580235 0.01065558
v 0.00466732 0.02518591 0.01083170
v 0.00431507 0.02430528 0.00959883
v 0.00308219 0.02456947 0.01100783
v 0.00466732 0.02412916 0.01056751
v 0.00431507 0.02430528 0.00959883
v 0.00317025 0.02721135 0.01162427
v 0.00484344 0.02668297 0.01118395
v 0.00422701 0.02712329 0.00959883
v 0.00422701 0.02712329 0.00959883
v 0.00475538 0.02773973 0.01171233
v 0.00281800 0.02835616 0.01259295
v 0.00281800 0.02853229 0.01171233
v 0.00475538 0.02773973 0.01171233
v 0.00281800 0.02853229 0.01171233
v 0.00440313 0.02932485 0.01047945
v 0.00537182 0.02870841 0.01109589
v 0.00519569 0.02677104 0.01021526
v 0.00202544 0.02994129 0.01470646
v 0.00123288 0.02862035 0.01637965
v 0.00255382 0.03046967 0.01637965
v 0.00202544 0.02994129 0.01470646
v 0.00167319 0.02870841 0.01373777
v 0.00202544 0.02994129 0.01470646
v 0.00369863 0.03161448 0.01453033
v 0.00193738 0.03090998 0.01514677
v 0.00255382 0.03046967 0.01637965
v 0.00334638 0.02950098 0.01303327
v 0.00167319 0.02870841 0.01373777
v 0.00220157 0.02835616 0.01497065
v 0.00184932 0.03046967 0.01479452
v 0.00184932 0.03029354 0.01514677
v 0.00202544 0.02994129 0.01470646
v 0.00202544 0.02994129 0.01470646
v 0.00184932 0.03029354 0.01514677
v 0.00308219 0.03046967 0.01391389
v 0.00184932 0.03029354 0.01514677
v 0.00184932 0.03046967 0.01479452
v 0.00299413 0.03090998 0.01312133
v 0.00308219 0.03046967 0.01391389
v 0.00290607 0.03126223 0.01338552
v 0.00299413 0.03090998 0.01312133
v 0.00228963 0.03249511 0.01655577
v 0.00334638 0.03337573 0.01514677
v 0.00334638 0.03311155 0.01479452
v 0.00308219 0.03161448 0.01364971
v 0.00308219 0.03161448 0.01364971
v 0.00290607 0.03126223 0.01338552
v 0.00193738 0.03090998 0.01514677
v 0.00149706 0.02809198 0.01373777
v 0.00149706 0.02826810 0.01347358
v 0.00281800 0.02853229 0.01171233
v 0.00281800 0.02853229 0.01171233
v 0.00281800 0.02835616 0.01259295
v 0.00149706 0.02809198 0.01373777
v 0.00264188 0.02906066 0.01197652
v 0.00281800 0.02853229 0.01171233
v 0.00272994 0.02950098 0.01224070
v 0.00272994 0.02950098 0.01224070
v 0.00440313 0.02976517 0.01083170
v 0.00440313 0.02932485 0.01047945
v 0.00272994 0.02950098 0.01224070
v 0.00334638 0.02950098 0.01303327
v 0.00501957 0.02906066 0.01232877
v 0.00272994 0.02950098 0.01224070
v 0.00501957 0.02906066 0.01232877
v 0.00537182 0.02923679 0.01136008
v 0.00440313 0.02976517 0.01083170
v 0.00493151 0.02985323 0.01285714
v 0.00413894 0.03363992 0.01629159
v 0.00563601 0.03302348 0.01532290
v 0.00352250 0.03381605 0.01541096
v 0.00352250 0.03267123 0.01549902
v 0.00334638 0.03311155 0.01479452
v 0.00528376 0.03205479 0.01435421
v 0.00678082 0.03513698 0.01206458
v 0.00466732 0.03196673 0.01215264
v 0.00369863 0.03161448 0.01453033
v 0.00528376 0.03108611 0.01364971
v 0.00563601 0.03126223 0.01268102
v 0.00466732 0.03196673 0.01215264
v 0.00501957 0.03363992 0.01347358
v 0.00334638 0.03311155 0.01479452
v 0.00334638 0.03337573 0.01514677
v 0.00510763 0.03408023 0.01382583
v 0.00352250 0.03381605 0.01541096
v 0.00501957 0.03363992 0.01347358
v 0.00528376 0.03205479 0.01435421
v 0.00334638 0.03311155 0.01479452
v 0.00590020 0.03284736 0.01382583
v 0.00457926 0.03143836 0.01188845
v 0.00554795 0.03073385 0.01224070
v 0.00493151 0.02985323 0.01285714
v 0.00299413 0.03090998 0.01312133
v 0.00440313 0.02932485 0.01047945
v 0.00537182 0.02923679 0.01136008
v 0.00537182 0.02870841 0.01109589
v 0.00440313 0.02976517 0.01083170
v 0.00554795 0.03073385 0.01224070
v 0.00457926 0.03143836 0.01188845
v 0.00563601 0.03126223 0.01268102
v 0.00457926 0.03143836 0.01188845
v 0.00466732 0.03196673 0.01215264
v 0.00466732 0.03196673 0.01215264
v 0.00607632 0.03337573 0.01426614
v 0.00590020 0.03284736 0.01382583
v 0.00501957 0.03363992 0.01347358
v 0.00510763 0.03408023 0.01382583
v 0.00466732 0.03196673 0.01215264
v 0.00915851 0.03513699 0.00924658
v 0.00757339 0.03117417 0.00792564
v 0.00607632 0.03337573 0.01426614
v 0.00510763 0.03408023 0.01382583
v 0.00361057 0.03610567 0.02051859
v 0.00264188 0.03460861 0.02175147
v 0.00361057 0.03610567 0.02051859
v 0.00678082 0.03848336 0.01902153
v 0.00413894 0.03522505 0.02007828
v 0.00378669 0.03513698 0.02210372
v 0.00510763 0.03751468 0.01990215
v 0.00378669 0.03619374 0.02095890
v 0.00449119 0.03575342 0.02113503
v 0.00563601 0.03725049 0.02051859
v 0.00528376 0.03760274 0.02034247
v 0.00528376 0.03760274 0.02034247
v 0.00493151 0.03725049 0.01928571
v 0.00528376 0.03645792 0.01928571
v 0.00493151 0.03725049 0.01928571
v 0.00361057 0.03610567 0.02051859
v 0.00510763 0.03751468 0.01990215
v 0.00493151 0.03725049 0.01928571
v 0.00766145 0.03848337 0.01611546
v 0.00501957 0.03513698 0.01549902
v 0.00598826 0.03751468 0.02104697
v 0.00563601 0.03821918 0.02104697
v 0.00563601 0.03821918 0.02104697
v 0.00678082 0.03821918 0.01902153
v 0.00528376 0.03760274 0.02034247
v 0.00678082 0.03821918 0.01902153
v 0.00651663 0.03795499 0.01858121
v 0.00325832 0.03399217 0.01796477
v 0.00299413 0.03443248 0.01822896
v 0.00299413 0.03434442 0.01858121
v 0.00299413 0.03434442 0.01858121
v 0.00299413 0.03443248 0.01822896
v 0.00405088 0.03513698 0.01655577
v 0.00299413 0.03434442 0.01858121
v 0.00325832 0.03399217 0.01796477
v 0.00405088 0.03452055 0.01655577
v 0.00405088 0.03452055 0.01655577
v 0.00440313 0.03434442 0.01690802
v 0.00299413 0.03434442 0.01858121
v 0.00405088 0.03513698 0.01655577
v 0.00405088 0.03452055 0.01655577
v 0.00299413 0.03434442 0.01858121
v 0.00431507 0.03584149 0.01726027
v 0.00308219 0.03478473 0.01866928
v 0.00396282 0.03460861 0.01919765
v 0.00501957 0.03610567 0.01884540
v 0.00501957 0.03610567 0.01884540
v 0.00466732 0.03645792 0.01866928
v 0.00308219 0.03478473 0.01866928
v 0.00308219 0.03478473 0.01866928
v 0.00466732 0.03645792 0.01866928
v 0.00457926 0.03636986 0.01796477
v 0.00431507 0.03584149 0.01726027
v 0.00405088 0.03513698 0.01655577
v 0.00634051 0.03716243 0.01761252
v 0.00634051 0.03716243 0.01761252
v 0.00651663 0.03584149 0.01849315
v 0.00704501 0.03716243 0.01849315
v 0.00625245 0.03434442 0.01514677
v 0.00607632 0.03681017 0.01673190
v 0.00625245 0.03707436 0.01708415
v 0.00590020 0.03584149 0.01541096
v 0.00405088 0.03513698 0.01655577
v 0.00651663 0.03795499 0.01858121
v 0.00563601 0.03531311 0.01488258
v 0.00563601 0.03531311 0.01488258
v 0.00625245 0.03434442 0.01514677
v 0.00405088 0.03452055 0.01655577
v 0.00563601 0.03531311 0.01488258
v 0.00915851 0.03848337 0.01347358
v 0.00678082 0.03513698 0.01206458
v 0.00722113 0.03901174 0.02034247
v 0.00748532 0.03777886 0.02043053
v 0.00722113 0.03901174 0.02034247
v 0.00748532 0.03883562 0.02122309
v 0.00581213 0.03839530 0.02157534
v 0.00748532 0.03883562 0.02122309
v 0.00739726 0.03909980 0.02069472
v 0.00739726 0.03909980 0.02069472
v 0.01003914 0.04121331 0.01972603
v 0.00704501 0.03689824 0.01999022
v 0.00748532 0.03883562 0.02122309
v 0.00783757 0.03795499 0.02122309
v 0.00818982 0.03830724 0.02034247
v 0.00818982 0.03830724 0.02034247
v 0.00739726 0.03909980 0.02069472
v 0.00748532 0.03883562 0.02122309
v 0.00880626 0.03892368 0.02192759
v 0.00818982 0.03830724 0.02034247
v 0.00766145 0.03742661 0.01919765
v 0.00722113 0.03901174 0.02034247
v 0.00739726 0.03909980 0.02069472
v 0.00818982 0.03830724 0.02034247
v 0.00722114 0.03636986 0.01761252
v 0.00642857 0.03557730 0.01593933
v 0.00669276 0.03601761 0.01681996
v 0.00616438 0.03460861 0.01690802
v 0.00616438 0.03460861 0.01690802
v 0.00678082 0.03504892 0.01593933
v 0.00642857 0.03557730 0.01593933
v 0.00607632 0.03681017 0.01673190
v 0.00722114 0.03636986 0.01761252
v 0.00669276 0.03601761 0.01681996
v 0.00642857 0.03557730 0.01593933
v 0.00625245 0.03707436 0.01708415
v 0.00722114 0.03636986 0.01761252
v 0.00625245 0.03707436 0.01708415
v 0.00634051 0.03716243 0.01761252
v 0.00704501 0.03716243 0.01849315
v 0.00651663 0.03795499 0.01858121
v 0.00678082 0.03821918 0.01902153
v 0.00766145 0.03742661 0.01919765
v 0.01074364 0.04121331 0.01743640
v 0.00590020 0.03584149 0.01541096
v 0.00880626 0.03892368 0.02192759
v 0.00766145 0.03945205 0.02166341
v 0.00792563 0.03971624 0.02201566
v 0.01382583 0.04323875 0.02051859
v 0.01435421 0.04323875 0.01893346
v 0.01188845 0.04121331 0.01523483
v 0.01514677 0.04323875 0.01743640
v 0.00678082 0.03504892 0.01593933
v 0.00651663 0.03443248 0.01532290
v 0.00563601 0.03531311 0.01488258
v 0.00625245 0.03434442 0.01514677
v 0.01109589 0.03848337 0.01109589
v 0.00915851 0.03513699 0.00924658
v 0.01347358 0.04121331 0.01338552
v 0.01347358 0.03848337 0.00915851
v 0.01541096 0.04121331 0.01188845
v 0.00405088 0.02368884 0.00880626
v 0.00405088 0.02430528 0.00889432
v 0.00246575 0.02324853 0.01012720
v 0.00405088 0.02368884 0.00880626
v 0.00466732 0.02254403 0.01047945
v 0.00431507 0.02430528 0.00959883
v 0.00405088 0.02430528 0.00889432
v 0.00246575 0.02412916 0.01021526
v 0.00422701 0.02659491 0.00933464
v 0.00422701 0.02659491 0.00933464
v 0.00466732 0.02518591 0.01083170
v 0.00264188 0.02580235 0.01065558
v 0.00422701 0.02712329 0.00959883
v 0.00660470 0.02694716 0.00722114
v 0.00405088 0.02368884 0.00880626
v 0.00405088 0.02430528 0.00889432
v 0.00501957 0.02307241 0.00924658
v 0.00501957 0.02307241 0.00924658
v 0.00466732 0.02254403 0.01047945
v 0.00405088 0.02368884 0.00880626
v 0.00405088 0.02430528 0.00889432
v 0.00528376 0.02386497 0.00968689
v 0.00528376 0.02386497 0.00968689
v 0.00528376 0.02606654 0.01003914
v 0.00528376 0.02606654 0.01003914
v 0.00422701 0.02712329 0.00959883
v 0.00519569 0.02677104 0.01021526
v 0.00422701 0.02659491 0.00933464
v 0.01003914 0.02694716 0.00440313
v 0.01074364 0.03117417 0.00537182
v 0.01188845 0.03513699 0.00695695
v 0.01435421 0.03117417 0.00343444
v 0.01003914 0.02694716 0.00440313
v 0.01074364 0.03117417 0.00537182
v 0.01514677 0.03513699 0.00519569
v 0.01435421 0.03117417 0.00343444
v 0.01074364 0.03117417 0.00537182
v 0.01188845 0.03513699 0.00695695
v 0.01382583 0.02694716 0.00237769
v 0.01796477 0.04447162 0.02139922
v 0.01822896 0.04447162 0.02060665
v 0.01858121 0.04447162 0.01981409
v 0.01620352 0.04323875 0.01611546
v 0.01919765 0.04447162 0.01919765
v 0.01752446 0.04323875 0.01514677
v 0.01981409 0.04447162 0.01858121
v 0.01893346 0.04323875 0.01435421
v 0.01752446 0.04121331 0.01074364
v 0.01796477 0.04447162 0.02139922
v 0.02219178 0.04482387 0.02219178
v 0.02051859 0.04447162 0.01822896
v 0.02139922 0.04447162 0.01796477
v 0.02219178 0.04447162 0.01787671
v 0.02307241 0.04447162 0.01796477
v 0.02386497 0.04447162 0.02624266
v 0.02465753 0.04447162 0.02589041
v 0.02536203 0.04447162 0.02536204
v 0.02589041 0.04447162 0.02465753
v 0.02624266 0.04447162 0.02386497
v 0.02650685 0.04447162 0.02307241
v 0.02659491 0.04447162 0.02219178
v 0.02386497 0.04447162 0.01822896
v 0.02465753 0.04447162 0.01858121
v 0.02527397 0.04447162 0.01919765
v 0.02589041 0.04447162 0.01981409
v 0.02650685 0.04447162 0.02139922
v 0.02624266 0.04447162 0.02060665
v 0.02589041 0.04447162 0.01981409
v 0.02051859 0.04323875 0.01382583
v 0.02219178 0.04323875 0.01364971
v 0.01981409 0.04121331 0.01012720
v 0.02227984 0.04121331 0.00977495
v 0.02386497 0.04323875 0.01382583
v 0.01805284 0.02694716 0.00105675
v 0.01831703 0.03117417 0.00220157
v 0.01866928 0.03513699 0.00413894
v 0.01514677 0.03513699 0.00519569
v 0.02236791 0.02694716 0.00044031
v 0.02236791 0.03117417 0.00167319
v 0.02668297 0.02694716 0.00061644
v 0.02633072 0.03117417 0.00184932
v 0.02227984 0.03513699 0.00369863
v 0.02236791 0.03117417 0.00167319
v 0.02227984 0.03513699 0.00369863
v 0.02589041 0.03513699 0.00387476
v 0.02633072 0.03117417 0.00184932
v 0.01620352 0.03848337 0.00774951
v 0.01919765 0.03848337 0.00678082
v 0.01866928 0.03513699 0.00413894
v 0.02227984 0.03848337 0.00642857
v 0.02227984 0.03848337 0.00642857
v 0.02227984 0.04121331 0.00977495
v 0.02465753 0.04121331 0.01003914
v 0.02227984 0.03513699 0.00369863
v 0.02536203 0.03848337 0.00660470
v 0.02227984 0.03848337 0.00642857
v 0.02465753 0.04121331 0.01003914
v 0.02536203 0.03848337 0.00660470
v 0.02227984 0.03848337 0.00642857
v 0.02465753 0.04121331 0.01003914
v 0.02368885 0.00801370 0.03980431
v 0.02421722 0.00642857 0.03909980
v 0.02421722 0.00642857 0.03909980
v 0.02360078 0.00942270 0.04103718
v 0.02360078 0.00774951 0.04015656
v 0.02386497 0.00757339 0.04042074
v 0.02386497 0.00757339 0.04042074
v 0.02360078 0.00774951 0.04015656
v 0.02421722 0.00642857 0.03909980
v 0.02386497 0.00757339 0.04042074
v 0.02448141 0.00616438 0.03927593
v 0.02456947 0.00783757 0.04050881
v 0.02448141 0.00616438 0.03927593
v 0.02456947 0.00783757 0.04050881
v 0.02404110 0.00968689 0.04112524
v 0.02333660 0.01012720 0.04042074
v 0.02368885 0.00801370 0.03980431
v 0.02360078 0.00774951 0.04015656
v 0.02421722 0.00642857 0.03909980
v 0.02360078 0.00774951 0.04015656
v 0.02360078 0.00942270 0.04103718
v 0.02333660 0.01012720 0.04042074
v 0.02580235 0.00695695 0.03936399
v 0.02518591 0.00510763 0.03786693
v 0.02518591 0.00510763 0.03786693
v 0.02465753 0.00968689 0.04121331
v 0.02562622 0.01065558 0.04112524
v 0.02465753 0.00968689 0.04121331
v 0.02456947 0.00783757 0.04050881
v 0.02606654 0.00845401 0.04068493
v 0.02606654 0.00871820 0.04006849
v 0.02580235 0.00695695 0.03936399
v 0.02456947 0.00783757 0.04050881
v 0.02606654 0.00845401 0.04068493
v 0.02404110 0.00968689 0.04112524
v 0.02360078 0.00942270 0.03945205
v 0.02333660 0.01012720 0.04042074
v 0.02456947 0.01003914 0.03945205
v 0.02333660 0.01012720 0.04042074
v 0.02404110 0.00968689 0.04112524
v 0.02439335 0.01065558 0.04050881
v 0.02439335 0.01065558 0.04050881
v 0.02465753 0.00968689 0.04121331
v 0.02562622 0.01065558 0.04112524
v 0.02439335 0.01065558 0.04050881
v 0.02465753 0.00968689 0.04121331
v 0.02562622 0.01065558 0.04112524
v 0.02456947 0.01003914 0.03945205
v 0.02439335 0.01065558 0.04050881
v 0.02456947 0.01003914 0.03945205
v 0.02562622 0.01065558 0.04112524
v 0.02571429 0.01039139 0.03989237
v 0.02606654 0.00845401 0.04068493
v 0.02580235 0.00695695 0.03936399
v 0.02624266 0.00686888 0.03954012
v 0.02650685 0.00572407 0.03821918
v 0.02624266 0.00686888 0.03954012
v 0.02668298 0.00695695 0.03954012
v 0.02606654 0.00845401 0.04068493
v 0.02650685 0.00572407 0.03821918
v 0.02580235 0.00695695 0.03936399
v 0.02518591 0.00510763 0.03786693
v 0.02518591 0.00572407 0.03769080
v 0.02518591 0.00572407 0.03769080
v 0.02492172 0.00686888 0.03901174
v 0.02580235 0.00695695 0.03936399
v 0.02580235 0.00695695 0.03936399
v 0.02492172 0.00686888 0.03901174
v 0.02606654 0.00651663 0.03698630
v 0.02580235 0.00695695 0.03936399
v 0.02633072 0.00616438 0.03786693
v 0.02650685 0.00572407 0.03821918
v 0.02606654 0.00651663 0.03698630
v 0.02721135 0.00713307 0.03954012
v 0.02650685 0.00854207 0.04077299
v 0.02721135 0.00581213 0.03813112
v 0.02650685 0.00854207 0.04077299
v 0.02606654 0.00845401 0.04068493
v 0.02668298 0.00695695 0.03954012
v 0.02721135 0.00713307 0.03954012
v 0.02712329 0.00766145 0.03918787
v 0.02809198 0.00766145 0.03945205
v 0.02844423 0.00545988 0.03672211
v 0.02712329 0.00766145 0.03918787
v 0.02721135 0.00713307 0.03954012
v 0.02809198 0.00766145 0.03945205
v 0.02703523 0.00863014 0.04068493
v 0.02844423 0.00545988 0.03672211
v 0.02773973 0.00722114 0.03725049
v 0.02809198 0.00766145 0.03945205
v 0.02712329 0.00766145 0.03918787
v 0.02773973 0.00722114 0.03725049
v 0.02703523 0.01047945 0.04130137
v 0.02703523 0.00863014 0.04068493
v 0.02809198 0.00766145 0.03945205
v 0.02844423 0.00959883 0.04015656
v 0.02703523 0.01047945 0.04130137
v 0.02809198 0.00766145 0.03945205
v 0.02809198 0.00766145 0.03945205
v 0.02773973 0.00722114 0.03725049
v 0.02888454 0.00660470 0.03804305
v 0.02809198 0.00766145 0.03945205
v 0.02888454 0.00801370 0.03945205
v 0.02844423 0.00959883 0.04015656
v 0.02888454 0.00660470 0.03804305
v 0.02888454 0.00801370 0.03945205
v 0.02809198 0.00766145 0.03945205
v 0.02562622 0.01065558 0.04112524
v 0.02641879 0.01056751 0.04138943
v 0.02703523 0.01047945 0.04130137
v 0.02641879 0.01056751 0.04138943
v 0.02650685 0.00854207 0.04077299
v 0.02703523 0.00863014 0.04068493
v 0.02562622 0.01065558 0.04112524
v 0.02641879 0.01056751 0.04138943
v 0.02668297 0.01144814 0.04068493
v 0.02668297 0.01144814 0.04068493
v 0.02668297 0.01144814 0.04068493
v 0.02844423 0.00642857 0.03689824
v 0.02950098 0.00977495 0.03945205
v 0.02641879 0.01373777 0.04244618
v 0.02677104 0.01083170 0.03971624
v 0.02844423 0.00959883 0.04015656
v 0.02782779 0.01109589 0.04059687
v 0.02703523 0.01047945 0.04130137
v 0.02782779 0.01109589 0.04059687
v 0.02791585 0.01091977 0.03980431
v 0.02677104 0.01083170 0.03971624
v 0.02782779 0.01109589 0.04059687
v 0.02782779 0.01109589 0.04059687
v 0.02677104 0.01083170 0.03971624
v 0.02668297 0.01144814 0.04068493
v 0.02773973 0.01188845 0.04086106
v 0.02791585 0.01091977 0.03980431
v 0.02782779 0.01109589 0.04059687
v 0.02844423 0.00959883 0.04015656
v 0.02835617 0.00933464 0.04059687
v 0.02782779 0.01109589 0.04059687
v 0.02782779 0.01109589 0.04059687
v 0.02835617 0.00933464 0.04059687
v 0.02818004 0.01118395 0.04138943
v 0.02773973 0.01188845 0.04086106
v 0.02412916 0.00387476 0.03592955
v 0.02316047 0.00528376 0.03610568
v 0.02289628 0.00440313 0.03698630
v 0.02518591 0.00510763 0.03786693
v 0.02527397 0.00422701 0.03619374
v 0.02571429 0.00440313 0.03628180
v 0.02518591 0.00510763 0.03786693
v 0.02571429 0.00440313 0.03628180
v 0.02518591 0.00572407 0.03769080
v 0.02404110 0.00466732 0.03751468
v 0.02316047 0.00528376 0.03610568
v 0.02412916 0.00572407 0.03654599
v 0.02404110 0.00466732 0.03751468
v 0.02456947 0.00493151 0.03566536
v 0.02527397 0.00422701 0.03619374
v 0.02412916 0.00572407 0.03654599
v 0.02456947 0.00493151 0.03566536
v 0.02404110 0.00466732 0.03751468
v 0.02342466 0.00352250 0.03548924
v 0.02298435 0.00405088 0.03416830
v 0.02298435 0.00457926 0.03513699
v 0.02342466 0.00352250 0.03548924
v 0.02342466 0.00352250 0.03548924
v 0.02298435 0.00457926 0.03513699
v 0.02404110 0.00457926 0.03487280
v 0.02404110 0.00457926 0.03487280
v 0.02412916 0.00387476 0.03592955
v 0.02342466 0.00352250 0.03548924
v 0.02368885 0.00466732 0.03540117
v 0.02404110 0.00457926 0.03487280
v 0.02421722 0.00158513 0.03064579
v 0.02545010 0.00510763 0.03522505
v 0.02527397 0.00422701 0.03619374
v 0.02456947 0.00493151 0.03566536
v 0.02571429 0.00440313 0.03628180
v 0.02712329 0.00361057 0.03372798
v 0.02580235 0.00158513 0.03011742
v 0.02712329 0.00493151 0.03654599
v 0.02765166 0.00510763 0.03663405
v 0.02721135 0.00590020 0.03566536
v 0.02765166 0.00510763 0.03663405
v 0.02712329 0.00493151 0.03654599
v 0.02712329 0.00493151 0.03654599
v 0.02641879 0.00563601 0.03610568
v 0.02641879 0.00563601 0.03610568
v 0.02809198 0.00625245 0.03575342
v 0.02844423 0.00545988 0.03672211
v 0.02545010 0.00510763 0.03522505
v 0.02553816 0.00528376 0.03610568
v 0.02571429 0.00440313 0.03628180
v 0.02553816 0.00528376 0.03610568
v 0.02941292 0.00361057 0.03258317
v 0.02729941 0.00158513 0.02941292
v 0.02765166 0.00616438 0.03645793
v 0.02773973 0.00722114 0.03725049
v 0.02844423 0.00545988 0.03672211
v 0.02844423 0.00545988 0.03672211
v 0.02809198 0.00625245 0.03575342
v 0.02765166 0.00616438 0.03645793
v 0.02932485 0.00678082 0.03628180
v 0.02835617 0.00933464 0.04059687
v 0.02888454 0.00801370 0.03945205
v 0.02914873 0.00792564 0.03962818
v 0.02941292 0.00678082 0.03821918
v 0.02914873 0.00792564 0.03962818
v 0.02950098 0.00818982 0.03971624
v 0.02941292 0.00986301 0.04077299
v 0.02941292 0.00678082 0.03821918
v 0.02835617 0.00933464 0.04059687
v 0.02888454 0.00801370 0.03945205
v 0.02994129 0.00827789 0.03954012
v 0.02994129 0.01012720 0.04050881
v 0.02941292 0.00986301 0.04077299
v 0.02994129 0.00827789 0.03954012
v 0.02994129 0.00827789 0.03954012
v 0.02967710 0.00880626 0.03918787
v 0.03029354 0.00863014 0.03945205
v 0.03002935 0.00748532 0.03804305
v 0.02967710 0.00880626 0.03918787
v 0.02994129 0.00827789 0.03954012
v 0.03029354 0.00863014 0.03945205
v 0.03020548 0.00704501 0.03813112
v 0.03020548 0.00704501 0.03813112
v 0.02941292 0.00986301 0.04077299
v 0.02923679 0.01144814 0.04130137
v 0.02870842 0.01153620 0.04138943
v 0.02818004 0.01118395 0.04138943
v 0.02941292 0.00986301 0.04077299
v 0.02923679 0.01144814 0.04130137
v 0.03143836 0.00642857 0.03531311
v 0.03293542 0.00977495 0.03769080
v 0.03038161 0.01373777 0.04138943
v 0.03090998 0.01039139 0.04059687
v 0.03029354 0.00863014 0.03945205
v 0.03108611 0.00880626 0.03945205
v 0.03055773 0.01206458 0.04112524
v 0.03029354 0.00863014 0.03945205
v 0.03090998 0.01039139 0.04059687
v 0.03135029 0.01056751 0.04050881
v 0.03090998 0.01039139 0.04059687
v 0.03135029 0.01056751 0.04050881
v 0.03055773 0.01206458 0.04112524
v 0.03002935 0.00748532 0.03804305
v 0.03029354 0.00863014 0.03945205
v 0.02967710 0.00880626 0.03918787
v 0.03029354 0.00863014 0.03945205
v 0.02976517 0.01030333 0.04006849
v 0.02994129 0.01012720 0.04050881
v 0.03046967 0.01232877 0.03980431
v 0.02976517 0.01030333 0.04006849
v 0.03029354 0.00863014 0.03945205
v 0.03117417 0.00766145 0.03821918
v 0.03002935 0.00748532 0.03804305
v 0.03029354 0.00863014 0.03945205
v 0.03055773 0.01206458 0.04112524
v 0.03055773 0.01312133 0.04059687
v 0.03046967 0.01232877 0.03980431
v 0.02906067 0.01180039 0.04059687
v 0.02888454 0.01197652 0.03980431
v 0.02923679 0.01144814 0.04130137
v 0.03161448 0.00898239 0.03936399
v 0.03205480 0.00915851 0.03927593
v 0.03187867 0.01065558 0.04033268
v 0.03196673 0.00783757 0.03795499
v 0.03275930 0.00959883 0.03901174
v 0.03187867 0.00827789 0.03786693
v 0.03108611 0.00968689 0.03918787
v 0.03275930 0.00959883 0.03901174
v 0.03205480 0.00915851 0.03927593
v 0.03196673 0.00783757 0.03795499
v 0.03187867 0.00827789 0.03786693
v 0.03187867 0.00827789 0.03786693
v 0.03187867 0.01065558 0.04033268
v 0.03170254 0.01250489 0.04086106
v 0.03108611 0.01241683 0.04103718
v 0.03187867 0.01065558 0.04033268
v 0.03275930 0.00959883 0.03901174
v 0.03170254 0.01250489 0.04086106
v 0.03002935 0.00607632 0.03663405
v 0.03002935 0.00607632 0.03663405
v 0.02950098 0.00783757 0.03733855
v 0.03020548 0.00722114 0.03636986
v 0.03073386 0.00845401 0.03742661
v 0.03002935 0.00748532 0.03804305
v 0.02950098 0.00783757 0.03733855
v 0.03046967 0.00634051 0.03663405
v 0.03046967 0.00634051 0.03663405
v 0.03117417 0.00766145 0.03821918
v 0.02985323 0.00695695 0.03575342
v 0.03046967 0.00634051 0.03663405
v 0.03002935 0.00607632 0.03663405
v 0.02985323 0.00695695 0.03575342
v 0.03029354 0.00722114 0.03592955
v 0.03046967 0.00634051 0.03663405
v 0.02985323 0.00695695 0.03575342
v 0.03029354 0.00722114 0.03592955
v 0.03117417 0.00766145 0.03821918
v 0.03073386 0.00845401 0.03742661
v 0.03073386 0.00748532 0.03636986
v 0.03152642 0.00678082 0.03654599
v 0.03143836 0.00766145 0.03566536
v 0.03152642 0.00678082 0.03654599
v 0.03214286 0.00704501 0.03645793
v 0.03187867 0.00827789 0.03786693
v 0.03196673 0.00783757 0.03795499
v 0.03214286 0.00704501 0.03645793
v 0.03187867 0.00827789 0.03786693
v 0.03214286 0.00704501 0.03645793
v 0.03170254 0.00783757 0.03628180
v 0.03293542 0.00880626 0.03751468
v 0.03240705 0.00933464 0.03698630
v 0.03293542 0.00880626 0.03751468
v 0.03187867 0.00827789 0.03786693
v 0.03170254 0.00783757 0.03628180
v 0.03240705 0.00933464 0.03698630
v 0.03187867 0.00827789 0.03786693
v 0.03143836 0.00766145 0.03566536
v 0.03214286 0.00704501 0.03645793
v 0.03152642 0.00678082 0.03654599
v 0.03214286 0.00704501 0.03645793
v 0.03143836 0.00766145 0.03566536
v 0.03170254 0.00783757 0.03628180
v 0.03328767 0.00845401 0.03760274
v 0.03328767 0.00977495 0.03892368
v 0.03275930 0.00959883 0.03901174
v 0.03337573 0.01136008 0.03980431
v 0.03275930 0.00959883 0.03901174
v 0.03293542 0.00880626 0.03751468
v 0.03328767 0.00845401 0.03760274
v 0.03117417 0.01259296 0.03927593
v 0.03170254 0.01250489 0.04086106
v 0.03275930 0.00959883 0.03901174
v 0.03275930 0.00959883 0.03901174
v 0.03337573 0.01136008 0.03980431
v 0.03319961 0.01312133 0.04033268
v 0.03275930 0.00959883 0.03901174
v 0.03319961 0.01312133 0.04033268
v 0.03231898 0.01303327 0.03909980
v 0.03372799 0.00986301 0.03874755
v 0.03372799 0.01153620 0.03971624
v 0.03399217 0.00871820 0.03725049
v 0.03425636 0.01153620 0.03936399
v 0.03416830 0.01003914 0.03848337
v 0.03372799 0.00986301 0.03874755
v 0.03416830 0.01003914 0.03848337
v 0.03425636 0.01153620 0.03936399
v 0.03381605 0.00915851 0.03716243
v 0.03337573 0.00959883 0.03672211
v 0.03319961 0.01065558 0.03865949
v 0.03293542 0.00880626 0.03751468
v 0.03240705 0.00933464 0.03698630
v 0.03240705 0.00810176 0.03619374
v 0.03328767 0.00845401 0.03760274
v 0.03302348 0.00748532 0.03619374
v 0.03302348 0.00748532 0.03619374
v 0.03337573 0.00766145 0.03601761
v 0.03372799 0.00783757 0.03584149
v 0.03381605 0.00915851 0.03716243
v 0.03337573 0.00863014 0.03575342
v 0.03337573 0.00959883 0.03672211
v 0.03399217 0.00642857 0.03328767
v 0.03408023 0.01373777 0.03954012
v 0.03592955 0.00977495 0.03522505
v 0.03143836 0.00361057 0.03099804
v 0.03302348 0.00748532 0.03619374
v 0.03240705 0.00810176 0.03619374
v 0.03258317 0.00810176 0.03531311
v 0.03302348 0.00748532 0.03619374
v 0.03258317 0.00810176 0.03531311
v 0.03337573 0.00766145 0.03601761
v 0.03372799 0.00783757 0.03584149
v 0.03372799 0.00783757 0.03584149
v 0.03258317 0.00810176 0.03531311
v 0.03399217 0.00871820 0.03725049
v 0.03038161 0.01373777 0.04138943
v 0.02773973 0.01188845 0.04086106
v 0.02773973 0.01188845 0.04086106
v 0.02870842 0.01153620 0.04138943
v 0.02870842 0.01259295 0.04077299
v 0.03090998 0.01796478 0.04244618
v 0.02870842 0.01259295 0.04077299
v 0.02870842 0.01259295 0.04077299
v 0.03055773 0.01312133 0.04059687
v 0.03408023 0.01373777 0.03954012
v 0.03117417 0.01329746 0.04033268
v 0.03046967 0.01232877 0.03980431
v 0.03055773 0.01312133 0.04059687
v 0.03117417 0.01329746 0.04033268
v 0.03117417 0.01259296 0.03927593
v 0.03117417 0.01329746 0.04033268
v 0.03337573 0.01136008 0.03980431
v 0.03372799 0.01153620 0.03971624
v 0.03319961 0.01312133 0.04033268
v 0.03372799 0.01347358 0.04015656
v 0.03425636 0.01347358 0.03980431
v 0.03372799 0.01347358 0.04015656
v 0.03372799 0.01153620 0.03971624
v 0.03284736 0.01409002 0.03989237
v 0.03284736 0.01409002 0.03989237
v 0.03363992 0.01417808 0.03936399
v 0.03284736 0.01409002 0.03989237
v 0.03372799 0.01347358 0.04015656
v 0.03425636 0.01347358 0.03980431
v 0.03284736 0.01409002 0.03989237
v 0.03363992 0.01417808 0.03936399
v 0.03363992 0.01338552 0.03857143
v 0.03231898 0.01303327 0.03909980
v 0.03425636 0.01347358 0.03980431
v 0.03363992 0.01338552 0.03857143
v 0.03363992 0.01417808 0.03936399
v 0.03487280 0.01796478 0.04050881
v 0.03108611 0.02245597 0.04288650
v 0.03434442 0.01188845 0.03874755
v 0.02342466 0.00035225 0.02650685
v 0.02421722 0.00035225 0.02624266
v 0.02500979 0.00035225 0.02589041
v 0.02571429 0.00035225 0.02536204
v 0.02862035 0.00158513 0.02826810
v 0.02624266 0.00035225 0.02465753
v 0.02668298 0.00035225 0.02386497
v 0.02976517 0.00158513 0.02694716
v 0.02694716 0.00035225 0.02307241
v 0.03064579 0.00158513 0.02545010
v 0.03117417 0.00158513 0.02386497
v 0.02703523 0.00035225 0.02219178
v 0.03302348 0.00361057 0.02914873
v 0.03425636 0.00361057 0.02694716
v 0.03601761 0.00642857 0.03090998
v 0.03496086 0.00361057 0.02456947
v 0.03135029 0.00158513 0.02219178
v 0.03513699 0.00942270 0.03672211
v 0.03469667 0.01047945 0.03813112
v 0.03416830 0.01003914 0.03848337
v 0.03416830 0.01003914 0.03848337
v 0.03381605 0.00915851 0.03716243
v 0.03434442 0.00907045 0.03531311
v 0.03513699 0.00942270 0.03672211
v 0.03469667 0.01047945 0.03813112
v 0.03513699 0.00942270 0.03672211
v 0.03540117 0.01065558 0.03777886
v 0.03557730 0.01224071 0.03865949
v 0.03469667 0.01047945 0.03813112
v 0.03557730 0.01400196 0.03909980
v 0.03434442 0.01188845 0.03874755
v 0.03469667 0.01047945 0.03813112
v 0.03469667 0.01047945 0.03813112
v 0.03557730 0.01224071 0.03865949
v 0.03557730 0.01400196 0.03909980
v 0.03584149 0.01065558 0.03751468
v 0.03548924 0.00942270 0.03636986
v 0.03487280 0.00836595 0.03522505
v 0.03513699 0.00942270 0.03672211
v 0.03434442 0.00907045 0.03531311
v 0.03487280 0.00836595 0.03522505
v 0.03601761 0.01232877 0.03848337
v 0.03619374 0.01083170 0.03725049
v 0.03557730 0.00995108 0.03610568
v 0.03619374 0.01083170 0.03725049
v 0.03548924 0.00942270 0.03636986
v 0.03531311 0.00863014 0.03487280
v 0.03531311 0.00863014 0.03487280
v 0.03584149 0.01065558 0.03751468
v 0.03619374 0.01083170 0.03725049
v 0.03601761 0.01232877 0.03848337
v 0.03557730 0.00995108 0.03610568
v 0.03513699 0.01047945 0.03584149
v 0.03619374 0.01083170 0.03725049
v 0.03619374 0.01083170 0.03725049
v 0.03513699 0.01047945 0.03584149
v 0.03698630 0.01012720 0.03540117
v 0.03619374 0.01083170 0.03725049
v 0.03698630 0.01012720 0.03540117
v 0.03733855 0.01162427 0.03636986
v 0.03645793 0.01232877 0.03804305
v 0.03672211 0.01285714 0.03777886
v 0.03619374 0.01083170 0.03725049
v 0.03619374 0.01188845 0.03707436
v 0.03672211 0.01285714 0.03777886
v 0.03733855 0.01162427 0.03636986
v 0.03619374 0.01188845 0.03707436
v 0.03619374 0.01083170 0.03725049
v 0.03416830 0.00898239 0.03452055
v 0.03487280 0.00836595 0.03522505
v 0.03434442 0.00907045 0.03531311
v 0.03487280 0.00836595 0.03522505
v 0.03416830 0.00898239 0.03452055
v 0.03531311 0.00863014 0.03487280
v 0.03496086 0.00942270 0.03478474
v 0.03592955 0.00986301 0.03434442
v 0.03416830 0.00898239 0.03452055
v 0.03496086 0.00942270 0.03478474
v 0.03531311 0.00863014 0.03487280
v 0.03531311 0.00863014 0.03487280
v 0.03742661 0.01373777 0.03689824
v 0.03830724 0.00977495 0.03249511
v 0.03742661 0.01373777 0.03689824
v 0.03592955 0.00977495 0.03522505
v 0.03830724 0.00977495 0.03249511
v 0.03566536 0.00968689 0.03363992
v 0.03636986 0.00915851 0.03425636
v 0.03592955 0.00986301 0.03434442
v 0.03663405 0.00933464 0.03399217
v 0.03636986 0.00915851 0.03425636
v 0.03566536 0.00968689 0.03363992
v 0.03566536 0.00968689 0.03363992
v 0.03636986 0.01012720 0.03390411
v 0.03663405 0.00933464 0.03399217
v 0.03698630 0.01012720 0.03540117
v 0.03663405 0.00933464 0.03399217
v 0.03698630 0.01012720 0.03540117
v 0.03636986 0.00915851 0.03425636
v 0.03672211 0.01118395 0.03487280
v 0.03663405 0.00933464 0.03399217
v 0.03636986 0.01012720 0.03390411
v 0.03698630 0.01012720 0.03540117
v 0.03663405 0.00933464 0.03399217
v 0.03672211 0.01118395 0.03487280
v 0.03698630 0.01012720 0.03540117
v 0.03733855 0.01144814 0.03654599
v 0.03733855 0.01162427 0.03636986
v 0.03769080 0.01144814 0.03628180
v 0.03733855 0.01144814 0.03654599
v 0.03698630 0.01012720 0.03540117
v 0.03804305 0.01162427 0.03592955
v 0.03804305 0.01162427 0.03592955
v 0.03830724 0.01083170 0.03434442
v 0.03865949 0.01083170 0.03390411
v 0.03936399 0.01215264 0.03487280
v 0.03751468 0.00968689 0.03311155
v 0.03830724 0.01083170 0.03434442
v 0.03672211 0.01118395 0.03487280
v 0.03760274 0.01162427 0.03399217
v 0.03804305 0.01162427 0.03592955
v 0.03672211 0.01118395 0.03487280
v 0.03830724 0.01083170 0.03434442
v 0.03760274 0.01162427 0.03399217
v 0.03707436 0.01047945 0.03311155
v 0.03892368 0.01224071 0.03522505
v 0.03751468 0.00968689 0.03311155
v 0.03892368 0.01083170 0.03355186
v 0.03971624 0.01224071 0.03443249
v 0.03795499 0.00977495 0.03267123
v 0.03989237 0.01224071 0.03372798
v 0.03971624 0.01224071 0.03443249
v 0.03892368 0.01083170 0.03355186
v 0.03777886 0.01065558 0.03249511
v 0.03989237 0.01224071 0.03372798
v 0.03892368 0.01083170 0.03355186
v 0.03795499 0.00977495 0.03267123
v 0.03487280 0.01796478 0.04050881
v 0.03408023 0.01373777 0.03954012
v 0.03839530 0.01796478 0.03777886
v 0.03513699 0.02245597 0.04086106
v 0.03513699 0.02245597 0.04086106
v 0.03513699 0.01497065 0.03865949
v 0.03452055 0.01391389 0.03804305
v 0.03434442 0.01188845 0.03874755
v 0.03557730 0.01400196 0.03909980
v 0.03452055 0.01391389 0.03804305
v 0.03513699 0.01497065 0.03865949
v 0.03584149 0.01409002 0.03725049
v 0.03557730 0.01224071 0.03865949
v 0.03601761 0.01232877 0.03848337
v 0.03557730 0.01400196 0.03909980
v 0.03663405 0.01417808 0.03839530
v 0.03601761 0.01426615 0.03883562
v 0.03557730 0.01400196 0.03909980
v 0.03733855 0.01162427 0.03636986
v 0.03672211 0.01285714 0.03777886
v 0.03619374 0.01188845 0.03707436
v 0.03654599 0.01294521 0.03742661
v 0.03584149 0.01409002 0.03725049
v 0.03672211 0.01285714 0.03777886
v 0.03725049 0.01585127 0.03725049
v 0.03654599 0.01479452 0.03672211
v 0.03654599 0.01294521 0.03742661
v 0.03672211 0.01285714 0.03777886
v 0.03777886 0.01488258 0.03769080
v 0.03513699 0.01497065 0.03865949
v 0.03557730 0.01400196 0.03909980
v 0.03601761 0.01426615 0.03883562
v 0.03513699 0.01497065 0.03865949
v 0.03601761 0.01426615 0.03883562
v 0.03601761 0.01497065 0.03813112
v 0.03601761 0.01497065 0.03813112
v 0.03663405 0.01417808 0.03839530
v 0.03663405 0.01417808 0.03839530
v 0.03601761 0.01497065 0.03813112
v 0.03654599 0.01479452 0.03672211
v 0.03725049 0.01585127 0.03725049
v 0.03769080 0.01497065 0.03584149
v 0.03733855 0.01162427 0.03636986
v 0.03733855 0.01144814 0.03654599
v 0.03672211 0.01285714 0.03777886
v 0.03672211 0.01285714 0.03777886
v 0.03769080 0.01312133 0.03725049
v 0.03672211 0.01285714 0.03777886
v 0.03769080 0.01312133 0.03725049
v 0.03777886 0.01488258 0.03769080
v 0.03769080 0.01312133 0.03725049
v 0.03804305 0.01320939 0.03707436
v 0.03777886 0.01488258 0.03769080
v 0.03804305 0.01320939 0.03707436
v 0.04015656 0.01373777 0.03372798
v 0.03804305 0.01320939 0.03707436
v 0.03839530 0.01320939 0.03663405
v 0.03865949 0.01514677 0.03689824
v 0.03769080 0.01144814 0.03628180
v 0.03813112 0.01514677 0.03733855
v 0.03777886 0.01488258 0.03769080
v 0.03777886 0.01285714 0.03592955
v 0.03865949 0.01514677 0.03689824
v 0.03839530 0.01320939 0.03663405
v 0.03804305 0.01162427 0.03592955
v 0.03804305 0.01162427 0.03592955
v 0.03777886 0.01285714 0.03592955
v 0.03839530 0.01320939 0.03663405
v 0.03813112 0.01514677 0.03733855
v 0.03725049 0.01585127 0.03725049
v 0.03777886 0.01488258 0.03769080
v 0.03813112 0.01514677 0.03733855
v 0.03795499 0.01585127 0.03663405
v 0.03725049 0.01585127 0.03725049
v 0.03795499 0.01585127 0.03663405
v 0.03865949 0.01514677 0.03689824
v 0.03795499 0.01585127 0.03663405
v 0.03865949 0.01514677 0.03689824
v 0.03769080 0.01497065 0.03584149
v 0.03769080 0.01497065 0.03584149
v 0.03777886 0.01285714 0.03592955
v 0.03804305 0.01162427 0.03592955
v 0.03892368 0.01224071 0.03522505
v 0.03901174 0.01646771 0.03557730
v 0.03874755 0.01320939 0.03496086
v 0.03892368 0.01224071 0.03522505
v 0.03892368 0.01224071 0.03522505
v 0.03936399 0.01215264 0.03487280
v 0.03980431 0.01391389 0.03548924
v 0.03945205 0.01391389 0.03584149
v 0.03901174 0.01646771 0.03557730
v 0.03892368 0.01224071 0.03522505
v 0.03945205 0.01391389 0.03584149
v 0.03962818 0.01567515 0.03601761
v 0.03901174 0.01646771 0.03557730
v 0.03962818 0.01567515 0.03601761
v 0.04015656 0.01585127 0.03540117
v 0.03954012 0.01629159 0.03513699
v 0.04006849 0.01400196 0.03416830
v 0.03989237 0.01224071 0.03372798
v 0.03918787 0.01576321 0.03416830
v 0.03989237 0.01637965 0.03452055
v 0.04112524 0.01796478 0.03434442
v 0.03865949 0.02245597 0.03804305
v 0.04015656 0.01585127 0.03540117
v 0.03962818 0.01567515 0.03601761
v 0.04015656 0.01382583 0.03504892
v 0.04015656 0.01382583 0.03504892
v 0.03989237 0.01224071 0.03372798
v 0.04006849 0.01400196 0.03416830
v 0.04015656 0.01585127 0.03540117
v 0.03989237 0.01224071 0.03372798
v 0.03927593 0.01127202 0.03240705
v 0.04059687 0.01224071 0.03302348
v 0.04015656 0.01294521 0.03284736
v 0.03927593 0.01127202 0.03240705
v 0.03989237 0.01224071 0.03372798
v 0.03989237 0.01224071 0.03372798
v 0.04059687 0.01224071 0.03302348
v 0.04130137 0.01391389 0.03328767
v 0.04015656 0.01567515 0.03275930
v 0.04015656 0.01294521 0.03284736
v 0.03989237 0.01224071 0.03372798
v 0.03989237 0.01224071 0.03372798
v 0.04130137 0.01391389 0.03328767
v 0.04156556 0.01576321 0.03328767
v 0.04086106 0.01629159 0.03328767
v 0.04015656 0.01567515 0.03275930
v 0.03989237 0.01224071 0.03372798
v 0.04086106 0.01629159 0.03328767
v 0.04200587 0.01373777 0.03002935
v 0.04006849 0.00977495 0.02923679
v 0.03989237 0.01637965 0.03452055
v 0.03989237 0.01637965 0.03452055
v 0.04315068 0.01796478 0.03055773
v 0.04147750 0.02245597 0.03460861
v 0.03751468 0.00642857 0.02818004
v 0.03751468 0.00968689 0.03311155
v 0.03707436 0.01047945 0.03311155
v 0.03716243 0.01030333 0.03214286
v 0.03751468 0.00968689 0.03311155
v 0.03716243 0.01030333 0.03214286
v 0.03795499 0.00977495 0.03267123
v 0.03777886 0.01065558 0.03249511
v 0.03795499 0.00977495 0.03267123
v 0.03716243 0.01030333 0.03214286
v 0.03777886 0.01039139 0.03099804
v 0.03848337 0.00977495 0.03170254
v 0.03804305 0.01065558 0.03179061
v 0.03874755 0.00986302 0.03117417
v 0.03848337 0.00977495 0.03170254
v 0.03777886 0.01039139 0.03099804
v 0.03777886 0.01039139 0.03099804
v 0.03848337 0.01083170 0.03099804
v 0.03874755 0.00986302 0.03117417
v 0.04006849 0.00977495 0.02923679
v 0.03927593 0.01127202 0.03240705
v 0.03848337 0.00977495 0.03170254
v 0.03874755 0.00986302 0.03117417
v 0.03954012 0.01074364 0.03240705
v 0.03954012 0.01074364 0.03240705
v 0.03804305 0.01065558 0.03179061
v 0.03901174 0.01215264 0.03205479
v 0.03998043 0.01100783 0.03170254
v 0.03962818 0.01162427 0.03196673
v 0.03998043 0.01100783 0.03170254
v 0.03848337 0.01083170 0.03099804
v 0.03980431 0.01091977 0.03205479
v 0.03998043 0.01100783 0.03170254
v 0.03839530 0.00642857 0.02518591
v 0.03936399 0.00977495 0.02967710
v 0.03918787 0.00995108 0.03029354
v 0.03848337 0.01039139 0.02932485
v 0.03848337 0.01039139 0.02932485
v 0.03918787 0.00995108 0.03029354
v 0.03883562 0.01083170 0.02994129
v 0.03918787 0.01065558 0.02923679
v 0.03936399 0.00977495 0.02967710
v 0.03848337 0.01039139 0.02932485
v 0.03918787 0.00995108 0.03029354
v 0.03936399 0.00977495 0.02967710
v 0.04059687 0.01109589 0.03046967
v 0.04015656 0.01162427 0.03082192
v 0.04042074 0.01118395 0.03090998
v 0.03918787 0.00995108 0.03029354
v 0.04042074 0.01118395 0.03090998
v 0.04015656 0.01162427 0.03082192
v 0.03936399 0.00977495 0.02967710
v 0.03918787 0.01065558 0.02923679
v 0.04068493 0.01091977 0.02994129
v 0.04068493 0.01091977 0.02994129
v 0.03883562 0.01083170 0.02994129
v 0.04015656 0.01162427 0.03082192
v 0.03971624 0.01206458 0.03064579
v 0.04218200 0.01347358 0.02967710
v 0.03971624 0.00933464 0.02809198
v 0.03936399 0.01030333 0.02844423
v 0.03874755 0.00986302 0.02791585
v 0.03874755 0.00986302 0.02791585
v 0.03936399 0.01021527 0.02747554
v 0.03989237 0.00924658 0.02747554
v 0.03989237 0.00924658 0.02747554
v 0.03971624 0.00933464 0.02809198
v 0.03874755 0.00986302 0.02791585
v 0.04094912 0.01065558 0.02879648
v 0.03522505 0.00361057 0.02210372
v 0.04112524 0.00977495 0.02571429
v 0.03865949 0.00642857 0.02210372
v 0.04112524 0.00977495 0.02571429
v 0.03839530 0.00642857 0.02518591
v 0.03865949 0.00642857 0.02210372
v 0.04103718 0.01083170 0.02765166
v 0.04042074 0.01127202 0.02791585
v 0.03998043 0.00871820 0.02545010
v 0.03998043 0.00880626 0.02606654
v 0.03901174 0.00933464 0.02553816
v 0.03901174 0.00933464 0.02553816
v 0.03998043 0.00880626 0.02606654
v 0.03962818 0.00977495 0.02624266
v 0.03962818 0.00959883 0.02527397
v 0.03998043 0.00871820 0.02545010
v 0.03901174 0.00933464 0.02553816
v 0.03892368 0.00880626 0.02386497
v 0.03874755 0.00863014 0.02342466
v 0.03980431 0.00810176 0.02386497
v 0.03892368 0.00880626 0.02386497
v 0.03980431 0.00810176 0.02386497
v 0.03954012 0.00907045 0.02395303
v 0.03874755 0.00863014 0.02342466
v 0.03936399 0.00880626 0.02307241
v 0.03971624 0.00792564 0.02324853
v 0.03971624 0.00792564 0.02324853
v 0.03980431 0.00810176 0.02386497
v 0.03874755 0.00863014 0.02342466
v 0.04068493 0.00898239 0.02175147
v 0.03971624 0.00792564 0.02324853
v 0.03936399 0.00880626 0.02307241
v 0.04015656 0.00951076 0.02183953
v 0.04068493 0.00898239 0.02175147
v 0.03936399 0.00880626 0.02307241
v 0.03909980 0.00854208 0.02236791
v 0.03830724 0.00801370 0.02192759
v 0.03936399 0.00748532 0.02219178
v 0.03909980 0.00854208 0.02236791
v 0.03936399 0.00748532 0.02219178
v 0.04068493 0.00898239 0.02175147
v 0.04015656 0.00951076 0.02183953
v 0.04086106 0.01232877 0.03267123
v 0.04059687 0.01224071 0.03302348
v 0.04059687 0.01224071 0.03302348
v 0.03998043 0.01100783 0.03170254
v 0.03962818 0.01162427 0.03196673
v 0.04103718 0.01268102 0.03205479
v 0.04103718 0.01241683 0.03231898
v 0.04103718 0.01268102 0.03205479
v 0.04103718 0.01241683 0.03231898
v 0.03998043 0.01100783 0.03170254
v 0.04182975 0.01241683 0.03046967
v 0.04218200 0.01347358 0.02967710
v 0.04182975 0.01241683 0.03046967
v 0.04068493 0.01091977 0.02994129
v 0.04112524 0.01047945 0.02826810
v 0.04094912 0.01065558 0.02879648
v 0.03971624 0.00933464 0.02809198
v 0.03989237 0.00924658 0.02747554
v 0.04112524 0.00977495 0.02571429
v 0.04235812 0.01197652 0.02844423
v 0.04218200 0.01215264 0.02897260
v 0.04218200 0.01347358 0.02967710
v 0.04121331 0.01039139 0.02773973
v 0.04244618 0.01188845 0.02782779
v 0.04121331 0.01039139 0.02773973
v 0.03998043 0.00880626 0.02606654
v 0.03998043 0.00871820 0.02545010
v 0.04138943 0.00986302 0.02580235
v 0.04138943 0.01003914 0.02633072
v 0.03962818 0.00977495 0.02624266
v 0.03998043 0.00880626 0.02606654
v 0.04138943 0.01003914 0.02633072
v 0.04130137 0.00968689 0.02536204
v 0.04130137 0.00968689 0.02536204
v 0.04271037 0.01153620 0.02430528
v 0.04130137 0.00968689 0.02536204
v 0.03962818 0.00959883 0.02527397
v 0.04068493 0.01100783 0.02624266
v 0.04262231 0.01144814 0.02624266
v 0.04227006 0.01241683 0.02589041
v 0.04244618 0.01188845 0.02782779
v 0.04182975 0.01259296 0.02791585
v 0.04244618 0.01197652 0.02756360
v 0.04244618 0.01197652 0.02756360
v 0.04244618 0.01188845 0.02782779
v 0.04103718 0.01083170 0.02765166
v 0.04244618 0.01136008 0.02536204
v 0.04138943 0.00986302 0.02580235
v 0.04130137 0.00968689 0.02536204
v 0.04271037 0.01153620 0.02430528
v 0.04262231 0.01127202 0.02580235
v 0.04262231 0.01144814 0.02624266
v 0.04262231 0.01127202 0.02580235
v 0.04315068 0.01373777 0.02606654
v 0.04147750 0.00977495 0.02201566
v 0.04315068 0.01373777 0.02606654
v 0.03980431 0.00810176 0.02386497
v 0.03971624 0.00792564 0.02324853
v 0.04112524 0.00898239 0.02333659
v 0.04130137 0.00924658 0.02404110
v 0.04130137 0.00924658 0.02404110
v 0.04068493 0.00898239 0.02175147
v 0.04112524 0.00898239 0.02333659
v 0.03971624 0.00792564 0.02324853
v 0.04244618 0.01100783 0.02298434
v 0.04042074 0.01003914 0.02351272
v 0.04174168 0.01118395 0.02307241
v 0.04244618 0.01030333 0.02316047
v 0.04253425 0.01056752 0.02395303
v 0.04130137 0.00924658 0.02404110
v 0.04253425 0.01056752 0.02395303
v 0.04244618 0.01100783 0.02298434
v 0.04227006 0.01021527 0.02236791
v 0.04244618 0.01030333 0.02316047
v 0.04112524 0.00898239 0.02333659
v 0.04068493 0.00898239 0.02175147
v 0.04253425 0.01056752 0.02395303
v 0.04341487 0.01197652 0.02272016
v 0.04271037 0.01153620 0.02430528
v 0.04332681 0.01241683 0.02324853
v 0.04271037 0.01153620 0.02430528
v 0.04253425 0.01056752 0.02395303
v 0.04341487 0.01197652 0.02272016
v 0.04271037 0.01153620 0.02430528
v 0.04174168 0.01118395 0.02307241
v 0.04244618 0.01100783 0.02298434
v 0.04323875 0.01188845 0.02192759
v 0.04227006 0.01074364 0.02175147
v 0.04086106 0.01232877 0.03267123
v 0.04156556 0.01400196 0.03293542
v 0.04015656 0.01294521 0.03284736
v 0.04068493 0.01356164 0.03249511
v 0.03962818 0.01162427 0.03196673
v 0.04068493 0.01356164 0.03249511
v 0.04103718 0.01268102 0.03205479
v 0.04068493 0.01356164 0.03249511
v 0.04156556 0.01259296 0.03117417
v 0.04015656 0.01162427 0.03082192
v 0.04042074 0.01118395 0.03090998
v 0.04156556 0.01259296 0.03117417
v 0.04156556 0.01259296 0.03117417
v 0.04103718 0.01268102 0.03205479
v 0.04015656 0.01162427 0.03082192
v 0.04103718 0.01241683 0.03231898
v 0.04174168 0.01444227 0.03249511
v 0.04156556 0.01400196 0.03293542
v 0.04156556 0.01576321 0.03328767
v 0.04156556 0.01259296 0.03117417
v 0.04121331 0.01356164 0.03099804
v 0.04103718 0.01268102 0.03205479
v 0.04121331 0.01356164 0.03099804
v 0.04121331 0.01356164 0.03099804
v 0.04156556 0.01259296 0.03117417
v 0.04235812 0.01435421 0.03117417
v 0.04121331 0.01356164 0.03099804
v 0.04068493 0.01602740 0.03143836
v 0.04182975 0.01611546 0.03275930
v 0.04182975 0.01611546 0.03275930
v 0.04200587 0.01673190 0.03038160
v 0.04121331 0.01593934 0.03011742
v 0.04121331 0.01356164 0.03099804
v 0.04253425 0.01611546 0.03099804
v 0.04253425 0.01611546 0.03099804
v 0.04156556 0.01259296 0.03117417
v 0.04182975 0.01241683 0.03046967
v 0.04235812 0.01435421 0.03117417
v 0.04103718 0.01690802 0.03240705
v 0.04103718 0.01690802 0.03240705
v 0.04174168 0.01444227 0.03249511
v 0.04182975 0.01611546 0.03275930
v 0.04086106 0.01629159 0.03328767
v 0.04156556 0.01576321 0.03328767
v 0.04182975 0.01611546 0.03275930
v 0.04103718 0.01690802 0.03240705
v 0.04262231 0.01409002 0.03046967
v 0.04262231 0.01409002 0.03046967
v 0.04218200 0.01347358 0.02967710
v 0.04218200 0.01215264 0.02897260
v 0.04306262 0.01382583 0.02897260
v 0.04218200 0.01347358 0.02967710
v 0.04165362 0.01593934 0.02950098
v 0.04235812 0.01655577 0.02985323
v 0.04332681 0.01558708 0.02879648
v 0.04182975 0.01541096 0.02826810
v 0.04218200 0.01347358 0.02967710
v 0.04332681 0.01558708 0.02879648
v 0.04288650 0.01593934 0.03029354
v 0.04235812 0.01655577 0.02985323
v 0.04235812 0.01197652 0.02844423
v 0.04323875 0.01364971 0.02844423
v 0.04200587 0.01673190 0.03038160
v 0.04253425 0.01611546 0.03099804
v 0.04271037 0.01611546 0.03082192
v 0.04288650 0.01593934 0.03029354
v 0.04235812 0.01655577 0.02985323
v 0.04288650 0.01637965 0.02809198
v 0.04271037 0.01611546 0.03082192
v 0.04253425 0.01611546 0.03099804
v 0.04288650 0.01593934 0.03029354
v 0.04323875 0.01356164 0.02782779
v 0.04323875 0.01364971 0.02844423
v 0.04235812 0.01197652 0.02844423
v 0.04235812 0.01197652 0.02844423
v 0.04244618 0.01188845 0.02782779
v 0.04323875 0.01356164 0.02782779
v 0.04350294 0.01558708 0.02826810
v 0.04350294 0.01558708 0.02826810
v 0.04288650 0.01637965 0.02809198
v 0.04332681 0.01558708 0.02879648
v 0.04350294 0.01558708 0.02826810
v 0.04297456 0.01611546 0.02747554
v 0.04350294 0.01558708 0.02826810
v 0.04323875 0.01356164 0.02782779
v 0.04359100 0.01541096 0.02756360
v 0.04359100 0.01541096 0.02756360
v 0.04438356 0.01796478 0.02633072
v 0.04350294 0.02245597 0.03073386
v 0.04297456 0.01611546 0.02747554
v 0.04262231 0.01232877 0.02668297
v 0.04200587 0.01541096 0.02747554
v 0.04306262 0.01470646 0.02201566
v 0.04227006 0.01074364 0.02175147
v 0.04209393 0.01391389 0.02227984
v 0.04244618 0.01188845 0.02782779
v 0.04244618 0.01197652 0.02756360
v 0.04323875 0.01356164 0.02782779
v 0.04262231 0.01232877 0.02668297
v 0.04359100 0.01541096 0.02756360
v 0.04227006 0.01241683 0.02589041
v 0.04262231 0.01144814 0.02624266
v 0.04262231 0.01232877 0.02668297
v 0.04262231 0.01232877 0.02668297
v 0.04262231 0.01144814 0.02624266
v 0.04350294 0.01320939 0.02597847
v 0.04376712 0.01497065 0.02580235
v 0.04297456 0.01611546 0.02747554
v 0.04359100 0.01541096 0.02756360
v 0.04262231 0.01232877 0.02668297
v 0.04315068 0.01558708 0.02562622
v 0.04227006 0.01488258 0.02589041
v 0.04262231 0.01232877 0.02668297
v 0.04376712 0.01497065 0.02580235
v 0.04262231 0.01127202 0.02580235
v 0.04359100 0.01294521 0.02553816
v 0.04350294 0.01276908 0.02492172
v 0.04359100 0.01294521 0.02553816
v 0.04244618 0.01136008 0.02536204
v 0.04271037 0.01153620 0.02430528
v 0.04297456 0.01276908 0.02492172
v 0.04244618 0.01136008 0.02536204
v 0.04297456 0.01276908 0.02492172
v 0.04350294 0.01276908 0.02492172
v 0.04350294 0.01373777 0.02201566
v 0.04350294 0.01373777 0.02201566
v 0.04385519 0.01497065 0.02518591
v 0.04385519 0.01461840 0.02456947
v 0.04385519 0.01461840 0.02456947
v 0.04376712 0.01497065 0.02580235
v 0.04315068 0.01549902 0.02509785
v 0.04315068 0.01558708 0.02562622
v 0.04385519 0.01497065 0.02518591
v 0.04315068 0.01541096 0.02456947
v 0.04385519 0.01461840 0.02456947
v 0.04315068 0.01541096 0.02456947
v 0.04385519 0.01497065 0.02518591
v 0.04367906 0.01400196 0.02280822
v 0.04367906 0.01400196 0.02280822
v 0.04244618 0.01426615 0.02333659
v 0.04271037 0.01153620 0.02430528
v 0.04385519 0.01461840 0.02456947
v 0.04227006 0.01479452 0.02492172
v 0.04315068 0.01541096 0.02456947
v 0.04367906 0.01391389 0.02219178
v 0.04367906 0.01391389 0.02219178
v 0.04367906 0.01400196 0.02280822
v 0.04332681 0.01241683 0.02324853
v 0.04359100 0.01356164 0.02157534
v 0.04367906 0.01391389 0.02219178
v 0.04306262 0.01461840 0.02280822
v 0.04306262 0.01461840 0.02280822
v 0.04367906 0.01400196 0.02280822
v 0.04367906 0.01391389 0.02219178
v 0.04306262 0.01470646 0.02201566
v 0.04464775 0.02245597 0.02641879
v 0.04473581 0.01796478 0.02201566
v 0.03090998 0.02694716 0.04244618
v 0.03029354 0.03117417 0.04138943
v 0.02738748 0.03390411 0.03989237
v 0.02809198 0.03302348 0.04068493
v 0.02756360 0.03363992 0.04138943
v 0.02756360 0.03363992 0.04138943
v 0.02809198 0.03302348 0.04068493
v 0.02818004 0.03372798 0.04147750
v 0.02633072 0.03584149 0.04033268
v 0.02597847 0.03460861 0.04068493
v 0.02756360 0.03363992 0.04138943
v 0.02597847 0.03460861 0.04068493
v 0.02773973 0.03566536 0.04112524
v 0.02633072 0.03584149 0.04033268
v 0.02756360 0.03363992 0.04138943
v 0.02818004 0.03372798 0.04147750
v 0.02773973 0.03566536 0.04112524
v 0.02756360 0.03363992 0.04138943
v 0.02738748 0.03390411 0.03989237
v 0.02862035 0.03363992 0.04059687
v 0.02809198 0.03302348 0.04068493
v 0.02809198 0.03302348 0.04068493
v 0.02862035 0.03363992 0.04059687
v 0.02870841 0.03372798 0.04130137
v 0.02870841 0.03372798 0.04130137
v 0.03487280 0.02694716 0.04050881
v 0.02985323 0.03311155 0.03971624
v 0.03011742 0.03275930 0.04112524
v 0.02862035 0.03363992 0.04059687
v 0.02862035 0.03363992 0.04059687
v 0.03011742 0.03275930 0.04112524
v 0.02906066 0.03496086 0.04024462
v 0.02862035 0.03408023 0.03954012
v 0.02862035 0.03408023 0.03954012
v 0.02914873 0.03513699 0.04068493
v 0.02906066 0.03496086 0.04024462
v 0.02941292 0.03513699 0.03954012
v 0.03390411 0.03117417 0.03954012
v 0.03055773 0.03223092 0.04042074
v 0.03073385 0.03293542 0.04112524
v 0.03011742 0.03275930 0.04112524
v 0.03073385 0.03293542 0.04112524
v 0.03046967 0.03478474 0.04086106
v 0.03055773 0.03223092 0.04042074
v 0.03126223 0.03293542 0.04086106
v 0.03126223 0.03293542 0.04086106
v 0.03152642 0.03452055 0.04059687
v 0.03090998 0.03496086 0.04077299
v 0.03055773 0.03223092 0.04042074
v 0.02985323 0.03311155 0.03971624
v 0.03090998 0.03267123 0.04033268
v 0.03055773 0.03223092 0.04042074
v 0.03090998 0.03267123 0.04033268
v 0.03126223 0.03293542 0.04086106
v 0.03099804 0.03275930 0.03954012
v 0.03090998 0.03267123 0.04033268
v 0.02985323 0.03311155 0.03971624
v 0.03161448 0.03434442 0.04015656
v 0.03090998 0.03267123 0.04033268
v 0.03099804 0.03275930 0.03954012
v 0.03205479 0.03275930 0.03892368
v 0.03205479 0.03275930 0.03892368
v 0.03240704 0.03187867 0.04024462
v 0.03090998 0.03267123 0.04033268
v 0.03090998 0.03267123 0.04033268
v 0.03240704 0.03187867 0.04024462
v 0.03143836 0.03416830 0.03980431
v 0.03143836 0.03416830 0.03980431
v 0.03161448 0.03434442 0.04015656
v 0.03152642 0.03452055 0.04059687
v 0.03126223 0.03293542 0.04086106
v 0.03240704 0.03187867 0.04024462
v 0.03302348 0.03143836 0.03962818
v 0.03319961 0.03214286 0.04033268
v 0.03302348 0.03143836 0.03962818
v 0.03319961 0.03214286 0.04033268
v 0.03293542 0.03399217 0.04006849
v 0.03372798 0.03214286 0.04006849
v 0.03319961 0.03205480 0.03883562
v 0.03372798 0.03214286 0.04006849
v 0.03302348 0.03143836 0.03962818
v 0.03319961 0.03205480 0.03883562
v 0.03372798 0.03214286 0.04006849
v 0.03390411 0.03372798 0.03962818
v 0.03337573 0.03416830 0.03998043
v 0.03381605 0.03346380 0.03901174
v 0.03390411 0.03372798 0.03962818
v 0.03460861 0.03108611 0.03883562
v 0.03513699 0.03143836 0.03927593
v 0.03319961 0.03205480 0.03883562
v 0.03319961 0.03205480 0.03883562
v 0.03513699 0.03143836 0.03927593
v 0.03381605 0.03346380 0.03901174
v 0.03319961 0.03205480 0.03883562
v 0.03408023 0.03196673 0.03795499
v 0.03460861 0.03108611 0.03883562
v 0.02351272 0.03557730 0.04112524
v 0.02386497 0.03681018 0.03998043
v 0.02351272 0.03557730 0.04112524
v 0.02307241 0.03460861 0.04059687
v 0.02307241 0.03460861 0.04059687
v 0.02272016 0.03592955 0.03927593
v 0.02360078 0.03531311 0.03980431
v 0.02307241 0.03460861 0.04059687
v 0.02360078 0.03531311 0.03980431
v 0.02386497 0.03681018 0.03998043
v 0.02351272 0.03557730 0.04112524
v 0.02351272 0.03725049 0.04059687
v 0.02386497 0.03681018 0.03998043
v 0.02351272 0.03725049 0.04059687
v 0.02351272 0.03557730 0.04112524
v 0.02492172 0.03469667 0.03989237
v 0.02483366 0.03452055 0.04138943
v 0.02360078 0.03531311 0.03980431
v 0.02360078 0.03531311 0.03980431
v 0.02483366 0.03452055 0.04138943
v 0.02386497 0.03681018 0.03998043
v 0.02545010 0.03390411 0.04077299
v 0.02509785 0.03654599 0.04103718
v 0.02545010 0.03469667 0.04147750
v 0.02509785 0.03654599 0.04103718
v 0.02483366 0.03452055 0.04138943
v 0.02545010 0.03390411 0.04077299
v 0.02545010 0.03469667 0.04147750
v 0.02483366 0.03452055 0.04138943
v 0.02597847 0.03460861 0.04068493
v 0.02545010 0.03390411 0.04077299
v 0.02492172 0.03469667 0.03989237
v 0.02606654 0.03487280 0.03962818
v 0.02333659 0.03901174 0.03945205
v 0.02412916 0.03874755 0.03954012
v 0.02412916 0.03874755 0.03954012
v 0.02298434 0.03751468 0.04050881
v 0.02333659 0.03901174 0.03945205
v 0.02500978 0.03848337 0.03971624
v 0.02439335 0.03821918 0.03918787
v 0.02386497 0.03681018 0.03998043
v 0.02439335 0.03821918 0.03918787
v 0.02351272 0.03848337 0.03909980
v 0.02351272 0.03848337 0.03909980
v 0.02412916 0.03874755 0.03954012
v 0.02386497 0.03681018 0.03998043
v 0.02360078 0.04015656 0.03769080
v 0.02412916 0.03874755 0.03954012
v 0.02439335 0.03989237 0.03795499
v 0.02562622 0.03672211 0.04103718
v 0.02500978 0.03848337 0.03971624
v 0.02509785 0.03654599 0.04103718
v 0.02562622 0.03672211 0.04103718
v 0.02518591 0.03971624 0.03804305
v 0.02456947 0.03936399 0.03769080
v 0.02351272 0.03848337 0.03909980
v 0.02439335 0.03821918 0.03918787
v 0.02456947 0.03936399 0.03769080
v 0.02412916 0.03874755 0.03954012
v 0.02351272 0.03848337 0.03909980
v 0.02456947 0.03936399 0.03769080
v 0.02456947 0.03936399 0.03769080
v 0.02439335 0.03989237 0.03795499
v 0.02412916 0.03874755 0.03954012
v 0.02500978 0.03848337 0.03971624
v 0.02571429 0.03830724 0.03980431
v 0.02500978 0.03848337 0.03971624
v 0.02571429 0.03830724 0.03980431
v 0.02580235 0.03945205 0.03821918
v 0.02518591 0.03971624 0.03804305
v 0.02606654 0.03460861 0.04130137
v 0.02606654 0.03460861 0.04130137
v 0.02624266 0.03619374 0.04103718
v 0.02545010 0.03390411 0.04077299
v 0.02597847 0.03460861 0.04068493
v 0.02606654 0.03460861 0.04130137
v 0.02641879 0.03601761 0.04077299
v 0.02633072 0.03584149 0.04033268
v 0.02606654 0.03487280 0.03962818
v 0.02641879 0.03601761 0.04077299
v 0.02624266 0.03619374 0.04103718
v 0.02606654 0.03460861 0.04130137
v 0.02633072 0.03804305 0.03980431
v 0.02633072 0.03804305 0.03980431
v 0.02633072 0.03804305 0.03980431
v 0.02536203 0.03848337 0.03769080
v 0.02633072 0.03584149 0.04033268
v 0.02773973 0.03566536 0.04112524
v 0.02765166 0.03751468 0.03980431
v 0.02633072 0.03584149 0.04033268
v 0.02659491 0.03742661 0.03945205
v 0.02633072 0.03804305 0.03980431
v 0.02659491 0.03742661 0.03945205
v 0.02826810 0.03584149 0.04112524
v 0.02826810 0.03584149 0.04112524
v 0.02633072 0.03804305 0.03980431
v 0.02659491 0.03742661 0.03945205
v 0.02597847 0.03760274 0.03954012
v 0.02597847 0.03760274 0.03954012
v 0.02668297 0.03865949 0.03813112
v 0.02606654 0.03883562 0.03795499
v 0.02633072 0.03804305 0.03980431
v 0.02597847 0.03760274 0.03954012
v 0.02606654 0.03883562 0.03795499
v 0.02791585 0.03883562 0.03839530
v 0.02571429 0.03830724 0.03980431
v 0.02633072 0.03804305 0.03980431
v 0.02624266 0.03927593 0.03830724
v 0.02624266 0.03927593 0.03830724
v 0.02624266 0.03927593 0.03830724
v 0.02835616 0.03865949 0.03839530
v 0.02835616 0.03742661 0.03989237
v 0.02421722 0.03980431 0.03592955
v 0.02456947 0.03936399 0.03769080
v 0.02474560 0.03883562 0.03707436
v 0.02474560 0.03883562 0.03707436
v 0.02456947 0.03936399 0.03769080
v 0.02518591 0.03980431 0.03575342
v 0.02624266 0.04015656 0.03645793
v 0.02624266 0.04015656 0.03645793
v 0.02606654 0.03883562 0.03795499
v 0.02668297 0.03865949 0.03813112
v 0.02659491 0.03830724 0.03742661
v 0.02641879 0.03936399 0.03619374
v 0.02624266 0.04015656 0.03645793
v 0.02606654 0.03883562 0.03795499
v 0.02765166 0.03892368 0.03636986
v 0.02659491 0.03830724 0.03742661
v 0.02668297 0.03865949 0.03813112
v 0.02773973 0.03962818 0.03663405
v 0.02773973 0.03962818 0.03663405
v 0.02765166 0.03892368 0.03636986
v 0.02668297 0.03865949 0.03813112
v 0.02835616 0.03848337 0.03689824
v 0.02835616 0.03848337 0.03689824
v 0.02853229 0.03954012 0.03654599
v 0.02791585 0.03883562 0.03839530
v 0.02835616 0.03865949 0.03839530
v 0.02853229 0.03954012 0.03654599
v 0.02782779 0.03883562 0.03601761
v 0.02782779 0.03883562 0.03601761
v 0.02773973 0.03962818 0.03663405
v 0.02853229 0.03954012 0.03654599
v 0.02853229 0.03954012 0.03654599
v 0.02844423 0.03883562 0.03557730
v 0.02782779 0.03883562 0.03601761
v 0.02360078 0.04112524 0.03584149
v 0.02368884 0.03971624 0.03751468
v 0.02360078 0.04015656 0.03769080
v 0.02439335 0.03989237 0.03795499
v 0.02421722 0.03980431 0.03592955
v 0.02360078 0.04015656 0.03769080
v 0.02368884 0.03971624 0.03751468
v 0.02456947 0.03936399 0.03769080
v 0.02368884 0.03971624 0.03751468
v 0.02421722 0.03980431 0.03592955
v 0.02360078 0.04112524 0.03584149
v 0.02360078 0.04015656 0.03769080
v 0.02518591 0.04050881 0.03636986
v 0.02518591 0.04050881 0.03636986
v 0.02518591 0.04050881 0.03636986
v 0.02589041 0.04024462 0.03628180
v 0.02518591 0.03980431 0.03575342
v 0.02518591 0.04050881 0.03636986
v 0.02518591 0.04050881 0.03636986
v 0.02580235 0.03945205 0.03821918
v 0.02589041 0.04024462 0.03628180
v 0.02377691 0.04033268 0.03487280
v 0.02289628 0.04112524 0.03575342
v 0.02360078 0.04112524 0.03584149
v 0.02377691 0.04033268 0.03487280
v 0.02377691 0.04033268 0.03487280
v 0.02518591 0.03980431 0.03575342
v 0.02589041 0.04024462 0.03628180
v 0.02606654 0.03954012 0.03540117
v 0.02703522 0.04121331 0.03372798
v 0.02589041 0.04024462 0.03628180
v 0.02606654 0.03954012 0.03540117
v 0.02589041 0.04024462 0.03628180
v 0.02624266 0.04015656 0.03645793
v 0.02641879 0.03936399 0.03619374
v 0.03108611 0.03848337 0.03548924
v 0.02914873 0.04121331 0.03258317
v 0.02553816 0.04323875 0.03011742
v 0.02870841 0.03372798 0.04130137
v 0.02897260 0.03531311 0.04094912
v 0.02914873 0.03513699 0.04068493
v 0.02897260 0.03531311 0.04094912
v 0.02870841 0.03372798 0.04130137
v 0.02897260 0.03725049 0.03989237
v 0.02835616 0.03742661 0.03989237
v 0.02897260 0.03725049 0.03989237
v 0.02897260 0.03725049 0.03989237
v 0.02906066 0.03496086 0.04024462
v 0.03046967 0.03478474 0.04086106
v 0.03029354 0.03663405 0.03962818
v 0.02923679 0.03663405 0.03936399
v 0.02897260 0.03725049 0.03989237
v 0.02906066 0.03496086 0.04024462
v 0.03029354 0.03663405 0.03962818
v 0.02923679 0.03663405 0.03936399
v 0.02906066 0.03496086 0.04024462
v 0.03328767 0.03513699 0.03848337
v 0.03029354 0.03663405 0.03962818
v 0.03090998 0.03663405 0.03962818
v 0.03152642 0.03636986 0.03954012
v 0.02897260 0.03725049 0.03989237
v 0.02879648 0.03857143 0.03839530
v 0.02879648 0.03681018 0.03954012
v 0.02897260 0.03725049 0.03989237
v 0.02923679 0.03663405 0.03936399
v 0.02879648 0.03804305 0.03804305
v 0.02897260 0.03725049 0.03989237
v 0.02879648 0.03681018 0.03954012
v 0.02879648 0.03681018 0.03954012
v 0.02923679 0.03663405 0.03936399
v 0.02923679 0.03786693 0.03813112
v 0.02879648 0.03681018 0.03954012
v 0.02923679 0.03786693 0.03813112
v 0.02879648 0.03804305 0.03804305
v 0.02879648 0.03857143 0.03839530
v 0.02923679 0.03663405 0.03936399
v 0.03029354 0.03663405 0.03962818
v 0.03038160 0.03804305 0.03821918
v 0.02923679 0.03786693 0.03813112
v 0.03090998 0.03663405 0.03962818
v 0.03090998 0.03663405 0.03962818
v 0.03152642 0.03636986 0.03954012
v 0.03117417 0.03777886 0.03804305
v 0.03073385 0.03795499 0.03813112
v 0.03038160 0.03804305 0.03821918
v 0.03152642 0.03636986 0.03954012
v 0.03152642 0.03636986 0.03954012
v 0.03161448 0.03575342 0.03892368
v 0.03152642 0.03636986 0.03954012
v 0.03143836 0.03416830 0.03980431
v 0.03284736 0.03592955 0.03874755
v 0.03161448 0.03575342 0.03892368
v 0.03152642 0.03636986 0.03954012
v 0.03161448 0.03575342 0.03892368
v 0.03126223 0.03601761 0.03909980
v 0.03152642 0.03636986 0.03954012
v 0.03126223 0.03601761 0.03909980
v 0.03108611 0.03725049 0.03769080
v 0.03117417 0.03777886 0.03804305
v 0.03293542 0.03399217 0.04006849
v 0.03337573 0.03416830 0.03998043
v 0.03328767 0.03575342 0.03883562
v 0.03328767 0.03575342 0.03883562
v 0.03390411 0.03557730 0.03865949
v 0.03328767 0.03575342 0.03883562
v 0.03337573 0.03416830 0.03998043
v 0.03337573 0.03416830 0.03998043
v 0.03390411 0.03372798 0.03962818
v 0.03390411 0.03557730 0.03865949
v 0.02906066 0.03751468 0.03742661
v 0.02879648 0.03804305 0.03804305
v 0.02923679 0.03786693 0.03813112
v 0.02976517 0.03813112 0.03628180
v 0.02906066 0.03751468 0.03742661
v 0.02923679 0.03786693 0.03813112
v 0.02994129 0.03892368 0.03663405
v 0.02923679 0.03786693 0.03813112
v 0.02994129 0.03892368 0.03663405
v 0.02976517 0.03813112 0.03628180
v 0.02853229 0.03954012 0.03654599
v 0.02879648 0.03804305 0.03804305
v 0.02879648 0.03865949 0.03636986
v 0.02853229 0.03954012 0.03654599
v 0.02835616 0.03848337 0.03689824
v 0.03328767 0.03513699 0.03848337
v 0.03108611 0.03848337 0.03548924
v 0.02879648 0.03865949 0.03636986
v 0.02844423 0.03883562 0.03557730
v 0.02853229 0.03954012 0.03654599
v 0.02994129 0.03892368 0.03663405
v 0.03038160 0.03883562 0.03636986
v 0.03082192 0.03874755 0.03636986
v 0.03038160 0.03883562 0.03636986
v 0.03073385 0.03795499 0.03813112
v 0.03082192 0.03874755 0.03636986
v 0.02994129 0.03892368 0.03663405
v 0.03038160 0.03883562 0.03636986
v 0.02976517 0.03813112 0.03628180
v 0.03038160 0.03883562 0.03636986
v 0.03082192 0.03874755 0.03636986
v 0.03038160 0.03813112 0.03540117
v 0.03038160 0.03813112 0.03540117
v 0.03082192 0.03786693 0.03601761
v 0.03082192 0.03786693 0.03601761
v 0.03082192 0.03874755 0.03636986
v 0.03143836 0.03707436 0.03777886
v 0.03126223 0.03601761 0.03909980
v 0.03161448 0.03575342 0.03892368
v 0.03161448 0.03575342 0.03892368
v 0.03284736 0.03592955 0.03874755
v 0.03258317 0.03716243 0.03751468
v 0.03143836 0.03707436 0.03777886
v 0.03126223 0.03601761 0.03909980
v 0.03143836 0.03707436 0.03777886
v 0.03108611 0.03725049 0.03769080
v 0.03328767 0.03575342 0.03883562
v 0.03302348 0.03707436 0.03742661
v 0.03346380 0.03707436 0.03725049
v 0.03390411 0.03557730 0.03865949
v 0.03346380 0.03707436 0.03725049
v 0.03328767 0.03575342 0.03883562
v 0.03557730 0.03513699 0.03548924
v 0.03725049 0.03117417 0.03689824
v 0.03725049 0.03117417 0.03689824
v 0.03258317 0.03725049 0.03496086
v 0.03346380 0.03707436 0.03725049
v 0.03337573 0.03628180 0.03663405
v 0.03390411 0.03557730 0.03865949
v 0.03337573 0.03628180 0.03663405
v 0.03390411 0.03557730 0.03865949
v 0.03522505 0.03513699 0.03786693
v 0.03522505 0.03513699 0.03786693
v 0.03487280 0.03460861 0.03733855
v 0.03337573 0.03628180 0.03663405
v 0.03143836 0.03707436 0.03777886
v 0.03126223 0.03672211 0.03707436
v 0.03108611 0.03725049 0.03769080
v 0.03240704 0.03681018 0.03733855
v 0.03126223 0.03672211 0.03707436
v 0.03143836 0.03707436 0.03777886
v 0.03258317 0.03716243 0.03751468
v 0.03126223 0.03672211 0.03707436
v 0.03240704 0.03681018 0.03733855
v 0.03179061 0.03742661 0.03575342
v 0.03214286 0.03821918 0.03601761
v 0.03240704 0.03681018 0.03733855
v 0.03258317 0.03716243 0.03751468
v 0.03214286 0.03821918 0.03601761
v 0.03179061 0.03742661 0.03575342
v 0.03284736 0.03795499 0.03575342
v 0.03284736 0.03795499 0.03575342
v 0.03214286 0.03821918 0.03601761
v 0.03302348 0.03707436 0.03742661
v 0.03284736 0.03795499 0.03575342
v 0.03214286 0.03821918 0.03601761
v 0.03187867 0.03733855 0.03531311
v 0.03179061 0.03742661 0.03575342
v 0.03187867 0.03733855 0.03531311
v 0.03214286 0.03821918 0.03601761
v 0.03258317 0.03725049 0.03496086
v 0.03355186 0.03848337 0.03355186
v 0.02914873 0.04121331 0.03258317
v 0.03284736 0.03795499 0.03575342
v 0.03258317 0.03725049 0.03496086
v 0.03214286 0.03821918 0.03601761
v 0.03425636 0.03742661 0.03478474
v 0.03363992 0.03672211 0.03434442
v 0.03346380 0.03681018 0.03487280
v 0.03346380 0.03681018 0.03487280
v 0.03434442 0.03584149 0.03592955
v 0.03390411 0.03751468 0.03522505
v 0.03390411 0.03751468 0.03522505
v 0.03460861 0.03733855 0.03460861
v 0.03416830 0.03663405 0.03390411
v 0.03108611 0.04121331 0.03108611
v 0.03548924 0.03848337 0.03108611
v 0.03786693 0.03513699 0.03267123
v 0.02703522 0.04323875 0.02941292
v 0.02835616 0.04323875 0.02826810
v 0.02703522 0.04323875 0.02941292
v 0.02835616 0.04323875 0.02826810
v 0.02941292 0.04323875 0.02703523
v 0.02589041 0.04447162 0.02465753
v 0.02536203 0.04447162 0.02536204
v 0.02941292 0.04323875 0.02703523
v 0.03020548 0.04323875 0.02553816
v 0.02624266 0.04447162 0.02386497
v 0.03064579 0.04323875 0.02386497
v 0.02650685 0.04447162 0.02307241
v 0.03082192 0.04323875 0.02219178
v 0.02659491 0.04447162 0.02219178
v 0.03258317 0.04121331 0.02914873
v 0.03372798 0.04121331 0.02703523
v 0.03698630 0.03848337 0.02826810
v 0.03443248 0.04121331 0.02465753
v 0.03469667 0.04121331 0.02219178
v 0.03786693 0.03848337 0.02527397
v 0.03487280 0.02694716 0.04050881
v 0.03821918 0.02694716 0.03777886
v 0.03821918 0.02694716 0.03777886
v 0.03557730 0.03117417 0.03909980
v 0.03548924 0.03337573 0.03883562
v 0.03557730 0.03117417 0.03909980
v 0.03592955 0.03319961 0.03865949
v 0.04103718 0.02694716 0.03443249
v 0.03725049 0.03117417 0.03689824
v 0.03531311 0.03064579 0.03830724
v 0.03496086 0.03152642 0.03733855
v 0.03557730 0.03117417 0.03909980
v 0.03460861 0.03108611 0.03883562
v 0.03531311 0.03064579 0.03830724
v 0.03531311 0.03064579 0.03830724
v 0.03496086 0.03152642 0.03733855
v 0.03619374 0.03267123 0.03769080
v 0.03601761 0.03108611 0.03865949
v 0.03601761 0.03108611 0.03865949
v 0.03522505 0.03513699 0.03786693
v 0.03390411 0.03557730 0.03865949
v 0.03390411 0.03557730 0.03865949
v 0.03496086 0.03152642 0.03733855
v 0.03610568 0.03135029 0.03672211
v 0.03619374 0.03267123 0.03769080
v 0.03557730 0.03117417 0.03909980
v 0.03601761 0.03108611 0.03865949
v 0.03628180 0.03275930 0.03830724
v 0.03592955 0.03319961 0.03865949
v 0.03628180 0.03275930 0.03830724
v 0.03619374 0.03478474 0.03725049
v 0.03575342 0.03496086 0.03760274
v 0.03619374 0.03478474 0.03725049
v 0.03575342 0.03496086 0.03760274
v 0.03592955 0.03319961 0.03865949
v 0.03619374 0.03478474 0.03725049
v 0.03681018 0.03038161 0.03751468
v 0.03619374 0.03267123 0.03769080
v 0.03610568 0.03135029 0.03672211
v 0.03733855 0.02994129 0.03707436
v 0.03681018 0.03038161 0.03751468
v 0.03610568 0.03135029 0.03672211
v 0.03716243 0.03064579 0.03601761
v 0.03733855 0.03090998 0.03777886
v 0.03619374 0.03267123 0.03769080
v 0.03733855 0.03090998 0.03777886
v 0.03760274 0.03275930 0.03725049
v 0.03610568 0.03434442 0.03672211
v 0.03610568 0.03434442 0.03672211
v 0.03681018 0.03038161 0.03751468
v 0.03733855 0.02994129 0.03707436
v 0.03777886 0.03064579 0.03751468
v 0.03733855 0.03090998 0.03777886
v 0.03813112 0.03064579 0.03698630
v 0.03716243 0.03064579 0.03601761
v 0.03813112 0.03064579 0.03698630
v 0.03733855 0.02994129 0.03707436
v 0.03777886 0.03064579 0.03751468
v 0.03813112 0.03064579 0.03698630
v 0.03830724 0.03214286 0.03663405
v 0.03795499 0.03258317 0.03707436
v 0.03777886 0.03064579 0.03751468
v 0.03795499 0.03258317 0.03707436
v 0.03857143 0.03196673 0.03592955
v 0.03857143 0.03196673 0.03592955
v 0.03980431 0.03117417 0.03372798
v 0.03980431 0.03117417 0.03372798
v 0.03769080 0.03434442 0.03610568
v 0.03725049 0.03452055 0.03636986
v 0.03769080 0.03434442 0.03610568
v 0.03725049 0.03452055 0.03636986
v 0.03760274 0.03275930 0.03725049
v 0.03813112 0.03416830 0.03575342
v 0.03813112 0.03416830 0.03575342
v 0.03795499 0.03258317 0.03707436
v 0.03857143 0.03196673 0.03592955
v 0.03883562 0.02950098 0.03548924
v 0.03927593 0.03038161 0.03592955
v 0.03927593 0.03038161 0.03592955
v 0.03883562 0.02950098 0.03548924
v 0.03954012 0.03011742 0.03548924
v 0.03936399 0.03214286 0.03548924
v 0.03857143 0.03196673 0.03592955
v 0.03927593 0.03038161 0.03592955
v 0.03971624 0.03205480 0.03522505
v 0.03927593 0.03038161 0.03592955
v 0.03954012 0.03011742 0.03548924
v 0.03971624 0.03205480 0.03522505
v 0.03883562 0.02950098 0.03548924
v 0.03830724 0.03055773 0.03469667
v 0.03901174 0.02958904 0.03469667
v 0.03857143 0.03196673 0.03592955
v 0.03830724 0.03055773 0.03469667
v 0.03883562 0.02950098 0.03548924
v 0.03901174 0.02958904 0.03469667
v 0.03839530 0.03046967 0.03381605
v 0.03989237 0.03143836 0.03355186
v 0.03901174 0.02958904 0.03469667
v 0.03839530 0.03046967 0.03381605
v 0.03945205 0.03029354 0.03284736
v 0.03989237 0.03143836 0.03355186
v 0.03839530 0.03046967 0.03381605
v 0.03989237 0.03011742 0.03496086
v 0.03989237 0.03011742 0.03496086
v 0.03892368 0.03390411 0.03469667
v 0.03830724 0.03381605 0.03487280
v 0.03830724 0.03381605 0.03487280
v 0.03936399 0.03214286 0.03548924
v 0.03971624 0.03205480 0.03522505
v 0.03927593 0.03381605 0.03434442
v 0.03892368 0.03390411 0.03469667
v 0.03927593 0.03355186 0.03390411
v 0.03971624 0.03363992 0.03390411
v 0.03980431 0.03337573 0.03337573
v 0.03883562 0.03522505 0.03293542
v 0.03971624 0.03363992 0.03390411
v 0.03927593 0.03355186 0.03390411
v 0.03927593 0.03355186 0.03390411
v 0.03980431 0.03337573 0.03337573
v 0.03883562 0.03487280 0.03223092
v 0.03927593 0.03355186 0.03390411
v 0.03883562 0.03487280 0.03223092
v 0.03883562 0.03522505 0.03293542
v 0.04297456 0.02694716 0.03055773
v 0.03989237 0.03011742 0.03496086
v 0.03998043 0.03161448 0.03469667
v 0.04006849 0.03152642 0.03408023
v 0.03989237 0.03143836 0.03355186
v 0.04006849 0.03152642 0.03408023
v 0.03989237 0.03011742 0.03496086
v 0.03971624 0.03363992 0.03390411
v 0.03971624 0.03363992 0.03390411
v 0.03980431 0.03337573 0.03337573
v 0.03980431 0.03337573 0.03337573
v 0.04165362 0.03117417 0.03011742
v 0.04165362 0.03117417 0.03011742
v 0.03980431 0.03337573 0.03337573
v 0.03909980 0.03311155 0.03311155
v 0.03989237 0.03143836 0.03355186
v 0.03945205 0.03029354 0.03284736
v 0.04033268 0.02932485 0.03328767
v 0.03989237 0.03143836 0.03355186
v 0.03989237 0.03143836 0.03355186
v 0.04033268 0.02932485 0.03328767
v 0.04094912 0.02994129 0.03346380
v 0.04094912 0.03170254 0.03319961
v 0.04042074 0.03355186 0.03267123
v 0.03980431 0.03337573 0.03337573
v 0.03989237 0.03143836 0.03355186
v 0.04042074 0.03355186 0.03267123
v 0.03883562 0.03522505 0.03293542
v 0.03487280 0.03460861 0.03733855
v 0.03522505 0.03513699 0.03786693
v 0.03487280 0.03636986 0.03636986
v 0.03487280 0.03636986 0.03636986
v 0.03522505 0.03513699 0.03786693
v 0.03522505 0.03636986 0.03628180
v 0.03425636 0.03742661 0.03478474
v 0.03425636 0.03742661 0.03478474
v 0.03390411 0.03751468 0.03522505
v 0.03487280 0.03636986 0.03636986
v 0.03522505 0.03513699 0.03786693
v 0.03522505 0.03636986 0.03628180
v 0.03557730 0.03628180 0.03601761
v 0.03548924 0.03592955 0.03557730
v 0.03557730 0.03628180 0.03601761
v 0.03575342 0.03540117 0.03469667
v 0.03548924 0.03592955 0.03557730
v 0.03610568 0.03434442 0.03672211
v 0.03672211 0.03584149 0.03504892
v 0.03575342 0.03540117 0.03469667
v 0.03610568 0.03434442 0.03672211
v 0.03725049 0.03452055 0.03636986
v 0.03496086 0.03628180 0.03355186
v 0.03575342 0.03540117 0.03469667
v 0.03575342 0.03698630 0.03399217
v 0.03496086 0.03628180 0.03355186
v 0.03575342 0.03698630 0.03399217
v 0.03592955 0.03689824 0.03355186
v 0.03531311 0.03610568 0.03311155
v 0.03460861 0.03733855 0.03460861
v 0.03425636 0.03742661 0.03478474
v 0.03557730 0.03628180 0.03601761
v 0.03548924 0.03592955 0.03557730
v 0.03460861 0.03733855 0.03460861
v 0.03434442 0.03654599 0.03434442
v 0.03548924 0.03592955 0.03557730
v 0.03434442 0.03654599 0.03434442
v 0.03460861 0.03733855 0.03460861
v 0.03672211 0.03584149 0.03504892
v 0.03830724 0.03381605 0.03487280
v 0.03725049 0.03381605 0.03548924
v 0.03575342 0.03540117 0.03469667
v 0.03416830 0.03663405 0.03390411
v 0.03707436 0.03575342 0.03487280
v 0.03592955 0.03689824 0.03355186
v 0.03575342 0.03698630 0.03399217
v 0.03672211 0.03584149 0.03504892
v 0.03628180 0.03672211 0.03328767
v 0.03628180 0.03672211 0.03328767
v 0.03725049 0.03381605 0.03548924
v 0.03830724 0.03381605 0.03487280
v 0.03795499 0.03496086 0.03311155
v 0.03733855 0.03566536 0.03460861
v 0.03830724 0.03381605 0.03487280
v 0.03733855 0.03566536 0.03460861
v 0.03830724 0.03381605 0.03487280
v 0.03628180 0.03672211 0.03328767
v 0.03830724 0.03381605 0.03487280
v 0.03892368 0.03390411 0.03469667
v 0.03821918 0.03531311 0.03346380
v 0.03592955 0.03601761 0.03302348
v 0.03795499 0.03496086 0.03311155
v 0.03592955 0.03601761 0.03302348
v 0.03830724 0.03381605 0.03487280
v 0.03821918 0.03531311 0.03346380
v 0.03795499 0.03496086 0.03311155
v 0.03830724 0.03381605 0.03487280
v 0.03857143 0.03531311 0.03328767
v 0.03821918 0.03531311 0.03346380
v 0.04420744 0.02694716 0.02633072
v 0.03945205 0.03029354 0.03284736
v 0.04068493 0.02897260 0.03258317
v 0.04033268 0.02932485 0.03328767
v 0.04033268 0.02932485 0.03328767
v 0.04068493 0.02897260 0.03258317
v 0.04112524 0.02967710 0.03302348
v 0.04094912 0.02994129 0.03346380
v 0.03980431 0.03011742 0.03152642
v 0.04068493 0.02897260 0.03258317
v 0.03980431 0.03011742 0.03152642
v 0.04138943 0.03108611 0.03170254
v 0.04138943 0.02967710 0.03240705
v 0.04138943 0.02967710 0.03240705
v 0.04033268 0.03029354 0.03046967
v 0.04138943 0.03108611 0.03170254
v 0.03980431 0.03011742 0.03152642
v 0.04094912 0.02994129 0.03346380
v 0.04112524 0.02967710 0.03302348
v 0.04121331 0.03161448 0.03284736
v 0.04094912 0.03170254 0.03319961
v 0.04138943 0.02967710 0.03240705
v 0.04147750 0.03126223 0.03223092
v 0.04138943 0.03108611 0.03170254
v 0.04147750 0.03126223 0.03223092
v 0.04138943 0.02967710 0.03240705
v 0.04130137 0.02923679 0.03073386
v 0.04200587 0.02976517 0.03090998
v 0.04138943 0.03108611 0.03170254
v 0.04218200 0.02950098 0.03038160
v 0.04130137 0.02923679 0.03073386
v 0.04138943 0.03108611 0.03170254
v 0.04033268 0.03029354 0.03046967
v 0.04130137 0.02923679 0.03073386
v 0.04033268 0.03029354 0.03046967
v 0.04156556 0.02888454 0.03002935
v 0.04156556 0.02888454 0.03002935
v 0.04200587 0.03152642 0.03073386
v 0.04138943 0.03108611 0.03170254
v 0.04200587 0.02976517 0.03090998
v 0.04218200 0.03143836 0.03038160
v 0.04218200 0.02950098 0.03038160
v 0.04042074 0.03355186 0.03267123
v 0.04094912 0.03170254 0.03319961
v 0.04077299 0.03346380 0.03223092
v 0.03962818 0.03496086 0.03161448
v 0.04077299 0.03346380 0.03223092
v 0.04112524 0.03328767 0.03170254
v 0.04112524 0.03328767 0.03170254
v 0.04015656 0.03496086 0.03099804
v 0.03989237 0.03496086 0.03135029
v 0.04112524 0.03328767 0.03170254
v 0.04138943 0.03108611 0.03170254
v 0.04068493 0.03302348 0.03170254
v 0.04068493 0.03302348 0.03170254
v 0.04138943 0.03108611 0.03170254
v 0.04156556 0.03293542 0.03011742
v 0.03980431 0.03443249 0.03082192
v 0.04068493 0.03302348 0.03170254
v 0.04156556 0.03293542 0.03011742
v 0.03980431 0.03443249 0.03082192
v 0.04112524 0.03328767 0.03170254
v 0.04147750 0.03328767 0.03038160
v 0.04138943 0.03108611 0.03170254
v 0.04147750 0.03328767 0.03038160
v 0.04156556 0.03293542 0.03011742
v 0.04174168 0.03319961 0.02985323
v 0.04112524 0.03328767 0.03170254
v 0.03980431 0.03443249 0.03082192
v 0.04015656 0.03496086 0.03099804
v 0.04103718 0.02976517 0.02923679
v 0.04227006 0.02958904 0.02976517
v 0.04218200 0.02950098 0.03038160
v 0.04156556 0.02888454 0.03002935
v 0.04156556 0.02888454 0.03002935
v 0.04103718 0.02976517 0.02923679
v 0.04227006 0.02958904 0.02976517
v 0.04235812 0.03135029 0.02994129
v 0.04227006 0.02958904 0.02976517
v 0.04130137 0.03002935 0.02773973
v 0.03980431 0.03443249 0.03082192
v 0.04156556 0.03293542 0.03011742
v 0.04068493 0.03293542 0.03011742
v 0.04068493 0.03293542 0.03011742
v 0.04156556 0.03293542 0.03011742
v 0.04050881 0.03434442 0.02958904
v 0.03927593 0.03399217 0.03038160
v 0.03971624 0.03434442 0.02950098
v 0.04279843 0.03117417 0.02615460
v 0.04279843 0.03117417 0.02615460
v 0.03962818 0.03513699 0.02914873
v 0.04050881 0.03434442 0.02958904
v 0.04156556 0.03293542 0.03011742
v 0.04147750 0.03328767 0.03038160
v 0.04147750 0.03328767 0.03038160
v 0.04174168 0.03319961 0.02985323
v 0.04068493 0.03478474 0.02967710
v 0.04068493 0.03478474 0.02967710
v 0.04050881 0.03434442 0.02958904
v 0.04147750 0.03328767 0.03038160
v 0.04235812 0.03135029 0.02994129
v 0.04191781 0.03311155 0.02897260
v 0.04086106 0.03478474 0.02932485
v 0.04297456 0.03126223 0.02791585
v 0.04191781 0.03311155 0.02897260
v 0.04297456 0.03126223 0.02791585
v 0.04244618 0.03302348 0.02782779
v 0.04244618 0.03302348 0.02782779
v 0.04156556 0.03275930 0.02773973
v 0.04191781 0.03311155 0.02897260
v 0.04191781 0.03311155 0.02897260
v 0.04156556 0.03275930 0.02773973
v 0.04050881 0.03425636 0.02747554
v 0.04094912 0.03478474 0.02888454
v 0.04094912 0.03478474 0.02888454
v 0.04227006 0.02958904 0.02976517
v 0.04227006 0.02897260 0.02791585
v 0.04297456 0.02950098 0.02800391
v 0.04130137 0.03002935 0.02773973
v 0.04227006 0.02897260 0.02791585
v 0.04227006 0.02958904 0.02976517
v 0.04297456 0.02950098 0.02800391
v 0.04315068 0.02923679 0.02747554
v 0.04244618 0.02862035 0.02712329
v 0.04244618 0.02862035 0.02712329
v 0.04323875 0.03117417 0.02747554
v 0.04315068 0.02923679 0.02747554
v 0.04271037 0.03293542 0.02721135
v 0.04500000 0.02245597 0.02192759
v 0.04455969 0.02694716 0.02201566
v 0.04420744 0.02694716 0.02633072
v 0.04455969 0.02694716 0.02201566
v 0.04182975 0.02950098 0.02641879
v 0.04323875 0.02932485 0.02685910
v 0.04244618 0.02862035 0.02712329
v 0.04182975 0.02950098 0.02641879
v 0.04279843 0.03073386 0.02685910
v 0.04323875 0.02932485 0.02685910
v 0.04182975 0.02950098 0.02641879
v 0.04323875 0.03082192 0.02606654
v 0.04279843 0.03073386 0.02685910
v 0.04182975 0.02950098 0.02641879
v 0.04341487 0.02923679 0.02465753
v 0.04253425 0.02870842 0.02421722
v 0.04156556 0.03275930 0.02773973
v 0.04244618 0.03302348 0.02782779
v 0.04050881 0.03425636 0.02747554
v 0.04191781 0.03240705 0.02606654
v 0.04244618 0.03275930 0.02659491
v 0.04297456 0.03258317 0.02545010
v 0.04094912 0.03372799 0.02589041
v 0.04244618 0.03275930 0.02659491
v 0.04191781 0.03240705 0.02606654
v 0.04191781 0.03240705 0.02606654
v 0.04297456 0.03258317 0.02545010
v 0.04227006 0.03399217 0.02377691
v 0.04094912 0.03566536 0.02465753
v 0.04094912 0.03372799 0.02589041
v 0.04191781 0.03240705 0.02606654
v 0.04227006 0.03399217 0.02377691
v 0.04094912 0.03566536 0.02465753
v 0.04191781 0.03240705 0.02606654
v 0.04209393 0.03187867 0.02333659
v 0.04121331 0.03346380 0.02360078
v 0.04227006 0.03399217 0.02377691
v 0.04323875 0.03240705 0.02368885
v 0.04235812 0.03020548 0.02360078
v 0.04121331 0.03346380 0.02360078
v 0.03980431 0.03504893 0.02439335
v 0.04094912 0.03566536 0.02465753
v 0.04094912 0.03566536 0.02465753
v 0.04323875 0.02932485 0.02685910
v 0.04315068 0.02923679 0.02747554
v 0.04244618 0.02862035 0.02712329
v 0.04323875 0.02932485 0.02685910
v 0.04332681 0.03082192 0.02677104
v 0.04332681 0.03082192 0.02677104
v 0.04332681 0.03082192 0.02677104
v 0.04332681 0.03082192 0.02677104
v 0.04323875 0.03082192 0.02606654
v 0.04288650 0.03284736 0.02659491
v 0.04288650 0.03284736 0.02659491
v 0.04297456 0.03258317 0.02545010
v 0.04288650 0.03284736 0.02659491
v 0.04323875 0.03082192 0.02606654
v 0.04359100 0.03064579 0.02386497
v 0.04341487 0.02923679 0.02465753
v 0.04147750 0.03460861 0.02729941
v 0.04244618 0.03302348 0.02782779
v 0.04271037 0.03293542 0.02721135
v 0.04288650 0.03284736 0.02659491
v 0.04174168 0.03460861 0.02694716
v 0.04147750 0.03460861 0.02729941
v 0.04288650 0.03284736 0.02659491
v 0.04182975 0.03452055 0.02641879
v 0.04288650 0.03284736 0.02659491
v 0.04244618 0.03275930 0.02659491
v 0.04182975 0.03452055 0.02641879
v 0.04182975 0.03452055 0.02641879
v 0.04059687 0.03513699 0.02580235
v 0.04315068 0.03117417 0.02201566
v 0.04323875 0.03240705 0.02368885
v 0.04297456 0.03258317 0.02545010
v 0.04323875 0.03240705 0.02368885
v 0.04227006 0.03399217 0.02377691
v 0.04359100 0.03064579 0.02386497
v 0.04341487 0.02923679 0.02465753
v 0.04253425 0.02870842 0.02421722
v 0.04359100 0.03064579 0.02386497
v 0.04253425 0.02870842 0.02421722
v 0.03628180 0.03672211 0.03328767
v 0.03592955 0.03601761 0.03302348
v 0.03531311 0.03610568 0.03311155
v 0.03654599 0.03592955 0.03196673
v 0.03795499 0.03496086 0.03311155
v 0.03716243 0.03654599 0.03249511
v 0.03742661 0.03645793 0.03205479
v 0.03681018 0.03575342 0.03161448
v 0.03654599 0.03592955 0.03196673
v 0.03716243 0.03654599 0.03249511
v 0.03821918 0.03531311 0.03346380
v 0.03742661 0.03645793 0.03205479
v 0.03742661 0.03557730 0.03143836
v 0.03681018 0.03575342 0.03161448
v 0.03742661 0.03557730 0.03143836
v 0.03742661 0.03645793 0.03205479
v 0.03777886 0.03628180 0.03179061
v 0.03742661 0.03557730 0.03143836
v 0.03777886 0.03628180 0.03179061
v 0.03883562 0.03487280 0.03223092
v 0.03883562 0.03487280 0.03223092
v 0.03821918 0.03434442 0.03214286
v 0.03742661 0.03557730 0.03143836
v 0.03777886 0.03628180 0.03179061
v 0.03742661 0.03645793 0.03205479
v 0.03716243 0.03654599 0.03249511
v 0.03883562 0.03522505 0.03293542
v 0.03821918 0.03434442 0.03214286
v 0.03883562 0.03487280 0.03223092
v 0.03777886 0.03575342 0.03029354
v 0.03848337 0.03619374 0.03082192
v 0.03848337 0.03619374 0.03082192
v 0.03821918 0.03531311 0.03346380
v 0.03857143 0.03531311 0.03328767
v 0.03716243 0.03654599 0.03249511
v 0.03865949 0.03619374 0.03029354
v 0.03777886 0.03575342 0.03029354
v 0.03848337 0.03619374 0.03082192
v 0.03865949 0.03619374 0.03029354
v 0.03804305 0.03548924 0.02994129
v 0.03927593 0.03399217 0.03038160
v 0.03865949 0.03531311 0.02967710
v 0.03980431 0.03443249 0.03082192
v 0.03865949 0.03531311 0.02967710
v 0.03901174 0.03610568 0.03002935
v 0.03901174 0.03610568 0.03002935
v 0.03901174 0.03610568 0.03002935
v 0.04015656 0.03496086 0.03099804
v 0.03945205 0.03610568 0.02914873
v 0.03883562 0.03540118 0.02835616
v 0.03857143 0.03540118 0.02888454
v 0.03857143 0.03540118 0.02888454
v 0.03945205 0.03610568 0.02914873
v 0.03971624 0.03601761 0.02818004
v 0.03936399 0.03531311 0.02791585
v 0.03954012 0.03601761 0.02862035
v 0.03936399 0.03531311 0.02791585
v 0.03971624 0.03601761 0.02818004
v 0.04050881 0.03425636 0.02747554
v 0.03927593 0.03531311 0.02694716
v 0.04024462 0.03592955 0.02712329
v 0.03927593 0.03531311 0.02694716
v 0.04024462 0.03592955 0.02712329
v 0.03954012 0.03531311 0.02641879
v 0.03813111 0.03848337 0.02210372
v 0.04094912 0.03513699 0.02201566
v 0.04050881 0.03434442 0.02958904
v 0.04068493 0.03478474 0.02967710
v 0.03945205 0.03610568 0.02914873
v 0.03945205 0.03610568 0.02914873
v 0.03954012 0.03601761 0.02862035
v 0.03971624 0.03601761 0.02818004
v 0.03971624 0.03601761 0.02818004
v 0.04033268 0.03592955 0.02659491
v 0.04033268 0.03592955 0.02659491
v 0.04024462 0.03592955 0.02712329
v 0.03998043 0.03513699 0.02597847
v 0.04050881 0.03584149 0.02615460
v 0.04050881 0.03584149 0.02615460
v 0.03998043 0.03513699 0.02597847
v 0.04050881 0.03584149 0.02615460
v 0.04182975 0.03452055 0.02641879
v 0.03998043 0.03513699 0.02597847
v 0.04094912 0.03566536 0.02465753
v 0.03980431 0.03504893 0.02439335
v 0.04094912 0.03372799 0.02589041
v 0.02342466 0.00035225 0.01796477
v 0.02430528 0.00035225 0.01822896
v 0.02509785 0.00035225 0.01866928
v 0.02580235 0.00035225 0.01919765
v 0.02633073 0.00035225 0.01981409
v 0.02668298 0.00035225 0.02060665
v 0.02694716 0.00035225 0.02139922
v 0.02694716 0.00035225 0.02139922
v 0.02421722 0.00158513 0.01382583
v 0.02589041 0.00158513 0.01426614
v 0.02738748 0.00158513 0.01505871
v 0.02879648 0.00158513 0.01611546
v 0.03064579 0.00158513 0.01884540
v 0.03117417 0.00158513 0.02051859
v 0.02985323 0.00158513 0.01743640
v 0.03117417 0.00158513 0.02051859
v 0.02500979 0.00361057 0.01003914
v 0.02738748 0.00361057 0.01065558
v 0.02958904 0.00361057 0.01180039
v 0.03152642 0.00361057 0.01329746
v 0.03425636 0.00361057 0.01734834
v 0.03496086 0.00361057 0.01972603
v 0.03311155 0.00361057 0.01514677
v 0.03496086 0.00361057 0.01972603
v 0.03399217 0.00642857 0.01100783
v 0.03135029 0.00642857 0.00889432
v 0.03584149 0.00642857 0.01312133
v 0.03742662 0.00642857 0.01593933
v 0.03416830 0.00545988 0.01153620
v 0.03355186 0.00616438 0.01197652
v 0.03302348 0.00616438 0.01144814
v 0.03337573 0.00634051 0.01091977
v 0.03372799 0.00545988 0.01074364
v 0.03302348 0.00616438 0.01144814
v 0.03302348 0.00616438 0.01144814
v 0.03372799 0.00545988 0.01074364
v 0.03390411 0.00545988 0.01118395
v 0.03390411 0.00545988 0.01118395
v 0.03355186 0.00616438 0.01197652
v 0.03416830 0.00545988 0.01153620
v 0.03381605 0.00634051 0.01180039
v 0.02562622 0.00642857 0.00669276
v 0.02853229 0.00642857 0.00748532
v 0.02615460 0.00977495 0.00387476
v 0.02950098 0.00977495 0.00475538
v 0.02650685 0.01373777 0.00184932
v 0.02615460 0.00977495 0.00387476
v 0.03029354 0.01373777 0.00281800
v 0.02650685 0.01373777 0.00184932
v 0.02765166 0.00907045 0.00422701
v 0.02756360 0.00880626 0.00528376
v 0.02703523 0.00959883 0.00493151
v 0.02738748 0.00933464 0.00387476
v 0.02703523 0.00959883 0.00493151
v 0.02747554 0.01003914 0.00457926
v 0.02738748 0.00933464 0.00387476
v 0.02800391 0.00880626 0.00440313
v 0.02800391 0.00933464 0.00519569
v 0.02756360 0.00880626 0.00528376
v 0.02800391 0.00880626 0.00440313
v 0.02800391 0.00933464 0.00519569
v 0.02800391 0.00880626 0.00440313
v 0.03011742 0.00924658 0.00493151
v 0.03011742 0.00924658 0.00493151
v 0.02950098 0.00995108 0.00537182
v 0.02800391 0.00933464 0.00519569
v 0.02800391 0.00880626 0.00440313
v 0.02765166 0.00907045 0.00422701
v 0.02897260 0.01012720 0.00343444
v 0.02923679 0.00986301 0.00369863
v 0.03011742 0.00924658 0.00493151
v 0.02738748 0.00933464 0.00387476
v 0.02853229 0.01030333 0.00325832
v 0.02853229 0.01083170 0.00334638
v 0.02685910 0.01083170 0.00281800
v 0.02712329 0.01030333 0.00299413
v 0.02747554 0.01003914 0.00457926
v 0.02747554 0.01003914 0.00457926
v 0.02712329 0.01030333 0.00299413
v 0.02853229 0.01083170 0.00334638
v 0.02677104 0.01127202 0.00396282
v 0.02853229 0.01083170 0.00334638
v 0.02862035 0.01100783 0.00422701
v 0.02747554 0.01003914 0.00457926
v 0.02853229 0.01030333 0.00325832
v 0.02712329 0.01030333 0.00299413
v 0.02685910 0.01083170 0.00281800
v 0.02800391 0.01144814 0.00220157
v 0.02800391 0.01144814 0.00220157
v 0.02685910 0.01083170 0.00281800
v 0.02677104 0.01127202 0.00396282
v 0.02712329 0.01162427 0.00334638
v 0.02685910 0.01083170 0.00281800
v 0.02712329 0.01162427 0.00334638
v 0.02738748 0.01303327 0.00299413
v 0.02685910 0.01083170 0.00281800
v 0.02738748 0.01303327 0.00299413
v 0.02738748 0.01259295 0.00211350
v 0.02765166 0.01188845 0.00193738
v 0.02800391 0.01144814 0.00220157
v 0.02685910 0.01083170 0.00281800
v 0.02765166 0.01188845 0.00193738
v 0.03372799 0.00545988 0.01074364
v 0.03337573 0.00634051 0.01091977
v 0.03469667 0.00678082 0.01003914
v 0.03496086 0.00634051 0.00995108
v 0.03390411 0.00545988 0.01118395
v 0.03372799 0.00545988 0.01074364
v 0.03496086 0.00634051 0.00995108
v 0.03020548 0.00704501 0.00818982
v 0.03055773 0.00660470 0.00704501
v 0.03090998 0.00642857 0.00739726
v 0.03055773 0.00766145 0.00801370
v 0.03055773 0.00660470 0.00704501
v 0.03020548 0.00704501 0.00818982
v 0.03020548 0.00704501 0.00818982
v 0.03090998 0.00642857 0.00739726
v 0.03126223 0.00704501 0.00845401
v 0.03284736 0.00977495 0.00634051
v 0.02906067 0.00783757 0.00678082
v 0.02844423 0.00827789 0.00625245
v 0.02923679 0.00748532 0.00572407
v 0.02923679 0.00748532 0.00572407
v 0.02941292 0.00810176 0.00660470
v 0.02906067 0.00783757 0.00678082
v 0.02888454 0.00792564 0.00537182
v 0.02888454 0.00863014 0.00590020
v 0.02888454 0.00792564 0.00537182
v 0.02844423 0.00827789 0.00625245
v 0.03073386 0.00836595 0.00519569
v 0.03073386 0.00836595 0.00519569
v 0.03029354 0.00915851 0.00598826
v 0.02941292 0.00810176 0.00660470
v 0.02923679 0.00748532 0.00572407
v 0.02888454 0.00792564 0.00537182
v 0.03011742 0.00880626 0.00466732
v 0.03073386 0.00836595 0.00519569
v 0.03011742 0.00924658 0.00493151
v 0.03011742 0.00880626 0.00466732
v 0.03223092 0.00739726 0.00669276
v 0.03090998 0.00642857 0.00739726
v 0.03055773 0.00660470 0.00704501
v 0.03161448 0.00801370 0.00651663
v 0.03055773 0.00660470 0.00704501
v 0.03161448 0.00801370 0.00651663
v 0.03223092 0.00739726 0.00669276
v 0.03223092 0.00739726 0.00669276
v 0.02994129 0.00783757 0.00686888
v 0.03029354 0.00915851 0.00598826
v 0.03073386 0.00836595 0.00519569
v 0.03108611 0.00792564 0.00563601
v 0.03161448 0.00801370 0.00651663
v 0.02994129 0.00783757 0.00686888
v 0.03152642 0.00854207 0.00722114
v 0.03073386 0.00836595 0.00519569
v 0.03108611 0.00792564 0.00563601
v 0.02994129 0.00783757 0.00686888
v 0.03152642 0.00854207 0.00722114
v 0.02950098 0.00995108 0.00537182
v 0.03293542 0.00563601 0.00995108
v 0.03284736 0.00651663 0.01047945
v 0.03214286 0.00625245 0.01056751
v 0.03267123 0.00572407 0.00951076
v 0.03293542 0.00563601 0.00995108
v 0.03214286 0.00625245 0.01056751
v 0.03214286 0.00625245 0.01056751
v 0.03249511 0.00660470 0.00977495
v 0.03267123 0.00572407 0.00951076
v 0.03117417 0.00669276 0.00915851
v 0.03170254 0.00607632 0.00845401
v 0.03214286 0.00607632 0.00871820
v 0.03152642 0.00616438 0.00801370
v 0.03170254 0.00607632 0.00845401
v 0.03117417 0.00669276 0.00915851
v 0.03117417 0.00669276 0.00915851
v 0.03214286 0.00607632 0.00871820
v 0.03258317 0.00774951 0.00836595
v 0.03117417 0.00669276 0.00915851
v 0.03126223 0.00704501 0.00845401
v 0.03152642 0.00616438 0.00801370
v 0.03584149 0.00977495 0.00863014
v 0.03284736 0.00704501 0.00730920
v 0.03214286 0.00607632 0.00871820
v 0.03170254 0.00607632 0.00845401
v 0.03152642 0.00616438 0.00801370
v 0.03328767 0.00695695 0.00783757
v 0.03258317 0.00774951 0.00836595
v 0.03214286 0.00607632 0.00871820
v 0.03328767 0.00695695 0.00783757
v 0.03223092 0.00739726 0.00669276
v 0.03469667 0.00678082 0.01003914
v 0.03284736 0.00651663 0.01047945
v 0.03469667 0.00678082 0.01003914
v 0.03381605 0.00739726 0.00986301
v 0.03293542 0.00563601 0.00995108
v 0.03267123 0.00572407 0.00951076
v 0.03408024 0.00660470 0.00880626
v 0.03443249 0.00651663 0.00924658
v 0.03443249 0.00651663 0.00924658
v 0.03390411 0.00704501 0.00889432
v 0.03249511 0.00660470 0.00977495
v 0.03258317 0.00774951 0.00836595
v 0.03390411 0.00704501 0.00889432
v 0.03381605 0.00739726 0.00986301
v 0.03469667 0.00678082 0.01003914
v 0.03337573 0.00634051 0.01091977
v 0.03390411 0.00704501 0.00889432
v 0.03408024 0.00660470 0.00880626
v 0.03267123 0.00572407 0.00951076
v 0.03258317 0.00774951 0.00836595
v 0.03328767 0.00695695 0.00783757
v 0.03390411 0.00704501 0.00889432
v 0.03223092 0.00739726 0.00669276
v 0.03161448 0.00801370 0.00651663
v 0.03108611 0.00792564 0.00563601
v 0.03231898 0.00924658 0.00493151
v 0.03293542 0.00889432 0.00572407
v 0.03284736 0.00907045 0.00598826
v 0.03293542 0.00889432 0.00572407
v 0.03161448 0.00801370 0.00651663
v 0.03161448 0.00801370 0.00651663
v 0.03284736 0.00907045 0.00598826
v 0.03267123 0.00977495 0.00651663
v 0.03231898 0.00924658 0.00493151
v 0.03284736 0.00907045 0.00598826
v 0.03161448 0.00801370 0.00651663
v 0.03108611 0.00792564 0.00563601
v 0.03231898 0.00924658 0.00493151
v 0.03372799 0.00854207 0.00625245
v 0.03293542 0.00889432 0.00572407
v 0.03434442 0.00827789 0.00695695
v 0.03408023 0.00836595 0.00660470
v 0.03513699 0.00818982 0.00810176
v 0.03390411 0.00704501 0.00889432
v 0.03328767 0.00695695 0.00783757
v 0.03328767 0.00695695 0.00783757
v 0.03434442 0.00827789 0.00695695
v 0.03390411 0.00854207 0.00704501
v 0.03390411 0.00854207 0.00704501
v 0.03390411 0.01039139 0.00590020
v 0.03487280 0.01003914 0.00590020
v 0.03293542 0.00889432 0.00572407
v 0.03390411 0.01039139 0.00590020
v 0.03487280 0.01003914 0.00590020
v 0.03390411 0.01039139 0.00590020
v 0.03284736 0.00907045 0.00598826
v 0.03231898 0.00924658 0.00493151
v 0.03372799 0.01056751 0.00484344
v 0.03284736 0.00907045 0.00598826
v 0.03372799 0.01056751 0.00484344
v 0.03408023 0.01039139 0.00537182
v 0.03408023 0.01039139 0.00537182
v 0.03390411 0.01039139 0.00590020
v 0.03284736 0.00907045 0.00598826
v 0.03513699 0.00986301 0.00616438
v 0.03390411 0.01373777 0.00457926
v 0.03716243 0.01373777 0.00704501
v 0.03584149 0.00977495 0.00863014
v 0.03284736 0.00977495 0.00634051
v 0.03390411 0.01373777 0.00457926
v 0.02853229 0.01030333 0.00325832
v 0.02853229 0.01083170 0.00334638
v 0.02994129 0.01144814 0.00281800
v 0.02994129 0.01144814 0.00281800
v 0.02853229 0.01083170 0.00334638
v 0.02800391 0.01144814 0.00220157
v 0.02897260 0.01276908 0.00184932
v 0.02853229 0.01083170 0.00334638
v 0.02958904 0.01232877 0.00343444
v 0.02958904 0.01215264 0.00272994
v 0.02958904 0.01215264 0.00272994
v 0.02897260 0.01276908 0.00184932
v 0.02958904 0.01215264 0.00272994
v 0.02853229 0.01083170 0.00334638
v 0.03055773 0.01100783 0.00317025
v 0.03126223 0.01039139 0.00422701
v 0.03055773 0.01091977 0.00352250
v 0.03143836 0.01003914 0.00405088
v 0.03179061 0.00959883 0.00449119
v 0.03143836 0.01003914 0.00405088
v 0.03011742 0.00924658 0.00493151
v 0.03126223 0.01047945 0.00493151
v 0.03126223 0.01039139 0.00422701
v 0.03126223 0.01039139 0.00422701
v 0.03055773 0.01091977 0.00352250
v 0.03055773 0.01100783 0.00317025
v 0.03143836 0.01232877 0.00343444
v 0.03231898 0.01180039 0.00413894
v 0.03231898 0.01180039 0.00413894
v 0.03055773 0.01100783 0.00317025
v 0.03108611 0.01276908 0.00264188
v 0.03170254 0.01241683 0.00308219
v 0.03143836 0.01232877 0.00343444
v 0.03055773 0.01100783 0.00317025
v 0.03108611 0.01276908 0.00264188
v 0.03170254 0.01241683 0.00308219
v 0.03055773 0.01100783 0.00317025
v 0.03372799 0.01056751 0.00484344
v 0.03337573 0.01083170 0.00449119
v 0.03258317 0.01153620 0.00387476
v 0.03143836 0.01003914 0.00405088
v 0.03126223 0.01039139 0.00422701
v 0.03126223 0.01039139 0.00422701
v 0.03231898 0.01180039 0.00413894
v 0.03258317 0.01153620 0.00387476
v 0.03258317 0.01153620 0.00387476
v 0.03372799 0.01056751 0.00484344
v 0.03337573 0.01083170 0.00449119
v 0.03469667 0.01224071 0.00501957
v 0.03487280 0.01197652 0.00519569
v 0.03408023 0.01039139 0.00537182
v 0.03258317 0.01153620 0.00387476
v 0.03425636 0.01250489 0.00466732
v 0.02809198 0.01417808 0.00246575
v 0.03082192 0.01796478 0.00158513
v 0.03029354 0.01373777 0.00281800
v 0.02800391 0.01144814 0.00220157
v 0.02765166 0.01188845 0.00193738
v 0.02897260 0.01276908 0.00184932
v 0.02818004 0.01391389 0.00149706
v 0.02818004 0.01391389 0.00149706
v 0.02853229 0.01312133 0.00149706
v 0.02765166 0.01188845 0.00193738
v 0.02765166 0.01188845 0.00193738
v 0.02853229 0.01312133 0.00149706
v 0.02897260 0.01276908 0.00184932
v 0.02809198 0.01417808 0.00246575
v 0.02870841 0.01558708 0.00255382
v 0.02914873 0.01523483 0.00140900
v 0.02914873 0.01523483 0.00140900
v 0.02818004 0.01391389 0.00149706
v 0.02809198 0.01417808 0.00246575
v 0.03090998 0.02245597 0.00123288
v 0.03390411 0.01294521 0.00554795
v 0.03223092 0.01180039 0.00457926
v 0.03328767 0.01215264 0.00634051
v 0.03328767 0.01215264 0.00634051
v 0.03416830 0.01188845 0.00651663
v 0.03460861 0.01303327 0.00590020
v 0.03460861 0.01303327 0.00590020
v 0.03390411 0.01294521 0.00554795
v 0.03328767 0.01215264 0.00634051
v 0.03064579 0.01356164 0.00237769
v 0.02958904 0.01232877 0.00343444
v 0.03046967 0.01364971 0.00281800
v 0.03064579 0.01356164 0.00237769
v 0.03002935 0.01417808 0.00184932
v 0.03046967 0.01364971 0.00281800
v 0.02958904 0.01215264 0.00272994
v 0.02897260 0.01276908 0.00184932
v 0.03064579 0.01356164 0.00237769
v 0.03029354 0.01373777 0.00281800
v 0.03082192 0.01796478 0.00158513
v 0.03452055 0.01796478 0.00343444
v 0.03452055 0.01796478 0.00343444
v 0.03390411 0.01373777 0.00457926
v 0.03029354 0.01373777 0.00281800
v 0.03135029 0.01514677 0.00264188
v 0.03082192 0.01435421 0.00405088
v 0.03046967 0.01364971 0.00281800
v 0.03082192 0.01435421 0.00405088
v 0.03214286 0.01426615 0.00317025
v 0.03064579 0.01356164 0.00237769
v 0.02870841 0.01558708 0.00255382
v 0.02941292 0.01673190 0.00317025
v 0.02985323 0.01646771 0.00202544
v 0.02914873 0.01523483 0.00140900
v 0.02941292 0.01673190 0.00317025
v 0.03073386 0.01593934 0.00352250
v 0.03055773 0.01576321 0.00228963
v 0.02985323 0.01646771 0.00202544
v 0.03214286 0.01426615 0.00317025
v 0.03082192 0.01435421 0.00405088
v 0.03055773 0.01444227 0.00413894
v 0.03055773 0.01444227 0.00413894
v 0.03214286 0.01417808 0.00449119
v 0.03231898 0.01461840 0.00431507
v 0.03055773 0.01444227 0.00413894
v 0.03231898 0.01461840 0.00431507
v 0.03214286 0.01426615 0.00317025
v 0.03135029 0.01514677 0.00264188
v 0.03126223 0.01532290 0.00369863
v 0.03082192 0.01435421 0.00405088
v 0.03108611 0.01549902 0.00255382
v 0.03126223 0.01532290 0.00369863
v 0.02950098 0.01444227 0.00149706
v 0.03002935 0.01417808 0.00184932
v 0.02950098 0.01444227 0.00149706
v 0.02914873 0.01523483 0.00140900
v 0.03214286 0.01426615 0.00317025
v 0.03108611 0.01276908 0.00264188
v 0.03064579 0.01356164 0.00237769
v 0.02950098 0.01444227 0.00149706
v 0.02914873 0.01523483 0.00140900
v 0.02985323 0.01646771 0.00202544
v 0.03108611 0.01549902 0.00255382
v 0.03002935 0.01417808 0.00184932
v 0.03055773 0.01576321 0.00228963
v 0.03135029 0.01514677 0.00264188
v 0.03223092 0.01180039 0.00457926
v 0.03231898 0.01180039 0.00413894
v 0.03275930 0.01320939 0.00484344
v 0.03390411 0.01294521 0.00554795
v 0.03231898 0.01180039 0.00413894
v 0.03223092 0.01180039 0.00457926
v 0.03275930 0.01320939 0.00484344
v 0.03187867 0.01312133 0.00501957
v 0.03223092 0.01180039 0.00457926
v 0.03231898 0.01180039 0.00413894
v 0.03143836 0.01232877 0.00343444
v 0.03275930 0.01320939 0.00484344
v 0.03425636 0.01250489 0.00466732
v 0.03258317 0.01153620 0.00387476
v 0.03275930 0.01391389 0.00457926
v 0.03284736 0.01364971 0.00361057
v 0.03284736 0.01364971 0.00361057
v 0.03275930 0.01320939 0.00484344
v 0.03143836 0.01232877 0.00343444
v 0.03170254 0.01241683 0.00308219
v 0.03108611 0.01276908 0.00264188
v 0.03258317 0.01400196 0.00343444
v 0.03258317 0.01400196 0.00343444
v 0.03284736 0.01364971 0.00361057
v 0.03170254 0.01241683 0.00308219
v 0.03258317 0.01400196 0.00343444
v 0.03284736 0.01364971 0.00361057
v 0.03275930 0.01391389 0.00457926
v 0.03275930 0.01320939 0.00484344
v 0.03275930 0.01391389 0.00457926
v 0.03284736 0.01364971 0.00361057
v 0.03258317 0.01400196 0.00343444
v 0.03231898 0.01461840 0.00431507
v 0.03231898 0.01461840 0.00431507
v 0.03135029 0.01514677 0.00264188
v 0.03478474 0.02245597 0.00308219
v 0.03452055 0.01796478 0.00343444
v 0.03522505 0.00361057 0.02210372
v 0.03496086 0.00361057 0.01972603
v 0.03425636 0.00361057 0.01734834
v 0.03830724 0.00642857 0.01893346
v 0.03742662 0.00642857 0.01593933
v 0.03786693 0.00748532 0.02051859
v 0.03874756 0.00678082 0.02016634
v 0.03892368 0.00695695 0.02069472
v 0.04024462 0.00810176 0.01910959
v 0.03874756 0.00678082 0.02016634
v 0.03786693 0.00748532 0.02051859
v 0.03892368 0.00695695 0.02069472
v 0.03857143 0.00792564 0.02051859
v 0.03786693 0.00748532 0.02051859
v 0.03786693 0.00748532 0.02051859
v 0.03954012 0.00880626 0.01990215
v 0.04024462 0.00810176 0.01910959
v 0.03918787 0.00730920 0.02157534
v 0.03883562 0.00810176 0.02139922
v 0.03918787 0.00730920 0.02157534
v 0.03830724 0.00801370 0.02192759
v 0.03936399 0.00748532 0.02219178
v 0.03918787 0.00730920 0.02157534
v 0.04042074 0.00810176 0.02087084
v 0.04068493 0.00827789 0.02131115
v 0.04086106 0.00854208 0.02175147
v 0.04086106 0.00854208 0.02175147
v 0.04042074 0.00810176 0.02087084
v 0.04042074 0.00818983 0.01981409
v 0.03892368 0.00695695 0.02069472
v 0.03874756 0.00678082 0.02016634
v 0.04024462 0.00810176 0.01910959
v 0.04042074 0.00818983 0.01981409
v 0.03874756 0.00678082 0.02016634
v 0.03954012 0.00880626 0.01990215
v 0.04042074 0.00810176 0.02087084
v 0.03892368 0.00695695 0.02069472
v 0.03892368 0.00695695 0.02069472
v 0.04042074 0.00810176 0.02087084
v 0.03954012 0.00880626 0.01990215
v 0.03707437 0.00686888 0.01866928
v 0.03769080 0.00713307 0.01805284
v 0.03804305 0.00625245 0.01822896
v 0.03813112 0.00634051 0.01866928
v 0.03830724 0.00634051 0.01910959
v 0.03707437 0.00686888 0.01866928
v 0.03707437 0.00686888 0.01866928
v 0.03830724 0.00634051 0.01910959
v 0.03813112 0.00748532 0.01902153
v 0.03804305 0.00625245 0.01822896
v 0.03927593 0.00730920 0.01752446
v 0.03874755 0.00810176 0.01814090
v 0.03663405 0.00660470 0.01726027
v 0.03751468 0.00590020 0.01708415
v 0.03725049 0.00695695 0.01734834
v 0.03725049 0.00581213 0.01646771
v 0.03751468 0.00590020 0.01708415
v 0.03663405 0.00660470 0.01726027
v 0.03689824 0.00669276 0.01637965
v 0.03725049 0.00581213 0.01646771
v 0.03663405 0.00660470 0.01726027
v 0.03901174 0.00695695 0.01655577
v 0.03751468 0.00590020 0.01708415
v 0.03725049 0.00581213 0.01646771
v 0.03848337 0.00669276 0.01576321
v 0.03901174 0.00695695 0.01655577
v 0.03839530 0.00783757 0.01681996
v 0.03830724 0.00634051 0.01910959
v 0.03813112 0.00634051 0.01866928
v 0.03945205 0.00722114 0.01796477
v 0.03980431 0.00739726 0.01884540
v 0.03945205 0.00722114 0.01796477
v 0.03980431 0.00739726 0.01884540
v 0.03830724 0.00634051 0.01910959
v 0.04103718 0.00977495 0.01831703
v 0.03813112 0.00634051 0.01866928
v 0.03804305 0.00625245 0.01822896
v 0.03945205 0.00722114 0.01796477
v 0.03804305 0.00625245 0.01822896
v 0.03927593 0.00730920 0.01752446
v 0.03945205 0.00722114 0.01796477
v 0.03813112 0.00748532 0.01902153
v 0.03980431 0.00739726 0.01884540
v 0.04024462 0.00810176 0.01910959
v 0.04015656 0.00915851 0.01761252
v 0.03927593 0.00730920 0.01752446
v 0.03874755 0.00810176 0.01814090
v 0.04015656 0.00818983 0.01585127
v 0.03971624 0.00898239 0.01576321
v 0.04059687 0.00854208 0.01717221
v 0.03927593 0.00730920 0.01752446
v 0.04015656 0.00915851 0.01761252
v 0.04059687 0.00854208 0.01717221
v 0.03513699 0.00537182 0.01294521
v 0.03531311 0.00545988 0.01329746
v 0.03434442 0.00607632 0.01356164
v 0.03628180 0.00625245 0.01206458
v 0.03531311 0.00545988 0.01329746
v 0.03513699 0.00537182 0.01294521
v 0.03513699 0.00537182 0.01294521
v 0.03434442 0.00607632 0.01356164
v 0.03478474 0.00625245 0.01294521
v 0.03601761 0.00642857 0.01171233
v 0.03601761 0.00642857 0.01171233
v 0.03531311 0.00642857 0.01039139
v 0.03416830 0.00545988 0.01153620
v 0.03496086 0.00722114 0.01118395
v 0.03557730 0.00634051 0.01074364
v 0.03557730 0.00634051 0.01074364
v 0.03557730 0.00545988 0.01364971
v 0.03496086 0.00616438 0.01409002
v 0.03557730 0.00545988 0.01364971
v 0.03522505 0.00634051 0.01382583
v 0.03496086 0.00616438 0.01409002
v 0.03557730 0.00545988 0.01364971
v 0.03628180 0.00722114 0.01312133
v 0.03522505 0.00634051 0.01382583
v 0.03557730 0.00545988 0.01364971
v 0.03689824 0.00634051 0.01276908
v 0.03689824 0.00634051 0.01276908
v 0.03619374 0.00651663 0.01593933
v 0.03584149 0.00642857 0.01497065
v 0.03636986 0.00554795 0.01497065
v 0.03663405 0.00572407 0.01549902
v 0.03619374 0.00651663 0.01593933
v 0.03663405 0.00572407 0.01549902
v 0.03742661 0.00748532 0.01497065
v 0.03725049 0.00660470 0.01356164
v 0.03636986 0.00554795 0.01497065
v 0.03584149 0.00642857 0.01497065
v 0.03584149 0.00642857 0.01497065
v 0.03628180 0.00722114 0.01312133
v 0.03725049 0.00660470 0.01356164
v 0.03777887 0.00651663 0.01426614
v 0.03663405 0.00572407 0.01549902
v 0.03636986 0.00554795 0.01497065
v 0.03636986 0.00554795 0.01497065
v 0.03751468 0.00642857 0.01382583
v 0.03777887 0.00651663 0.01426614
v 0.03725049 0.00660470 0.01356164
v 0.03478474 0.00625245 0.01294521
v 0.03496086 0.00722114 0.01118395
v 0.03601761 0.00642857 0.01171233
v 0.03821918 0.00977495 0.01144814
v 0.03610568 0.00818982 0.01021526
v 0.03601761 0.00642857 0.01171233
v 0.03496086 0.00722114 0.01118395
v 0.03496086 0.00722114 0.01118395
v 0.03557730 0.00634051 0.01074364
v 0.03610568 0.00818982 0.01021526
v 0.03998043 0.00977495 0.01470646
v 0.03584149 0.00642857 0.01312133
v 0.03821918 0.00977495 0.01144814
v 0.03742661 0.00818982 0.01206458
v 0.03628180 0.00722114 0.01312133
v 0.03742661 0.00818982 0.01206458
v 0.03777886 0.00748532 0.01144814
v 0.03601761 0.00642857 0.01171233
v 0.03725049 0.00766145 0.01100783
v 0.03751468 0.00748532 0.01109589
v 0.03672211 0.00757339 0.01012720
v 0.03725049 0.00766145 0.01100783
v 0.03601761 0.00642857 0.01171233
v 0.03751468 0.00748532 0.01109589
v 0.03601761 0.00642857 0.01171233
v 0.03610568 0.00818982 0.01021526
v 0.03672211 0.00757339 0.01012720
v 0.03725049 0.00581213 0.01646771
v 0.03689824 0.00669276 0.01637965
v 0.03830724 0.00686889 0.01549902
v 0.03830724 0.00686889 0.01549902
v 0.03689824 0.00669276 0.01637965
v 0.03742661 0.00748532 0.01497065
v 0.03663405 0.00572407 0.01549902
v 0.03777887 0.00651663 0.01426614
v 0.03804305 0.00660470 0.01461840
v 0.03804305 0.00660470 0.01461840
v 0.03742661 0.00748532 0.01497065
v 0.03663405 0.00572407 0.01549902
v 0.03892368 0.00774951 0.01338552
v 0.03777887 0.00651663 0.01426614
v 0.03751468 0.00642857 0.01382583
v 0.03865949 0.00766145 0.01294521
v 0.03865949 0.00766145 0.01294521
v 0.03892368 0.00774951 0.01338552
v 0.03954012 0.00801370 0.01461840
v 0.03857143 0.00845401 0.01391389
v 0.03857143 0.00845401 0.01391389
v 0.03998043 0.00801370 0.01541096
v 0.03998043 0.00801370 0.01541096
v 0.03901174 0.00695695 0.01655577
v 0.03848337 0.00669276 0.01576321
v 0.04015656 0.00818983 0.01585127
v 0.03918787 0.00783757 0.01382583
v 0.03918787 0.00783757 0.01382583
v 0.03804305 0.00660470 0.01461840
v 0.03954012 0.00801370 0.01461840
v 0.03857143 0.00845401 0.01391389
v 0.03918787 0.00783757 0.01382583
v 0.03989237 0.00924658 0.01268102
v 0.03980431 0.00942270 0.01356164
v 0.03954012 0.00801370 0.01461840
v 0.03918787 0.00783757 0.01382583
v 0.04006849 0.00942270 0.01320939
v 0.03980431 0.00942270 0.01356164
v 0.03918787 0.00783757 0.01382583
v 0.04006849 0.00942270 0.01320939
v 0.03848337 0.00774951 0.01285714
v 0.03804305 0.00757339 0.01188845
v 0.03689824 0.00634051 0.01276908
v 0.03777886 0.00748532 0.01144814
v 0.03804305 0.00757339 0.01188845
v 0.03830724 0.00907045 0.01021526
v 0.03725049 0.00766145 0.01100783
v 0.03672211 0.00757339 0.01012720
v 0.03769080 0.00907045 0.00959883
v 0.03725049 0.00766145 0.01100783
v 0.03769080 0.00907045 0.00959883
v 0.03830724 0.00907045 0.01021526
v 0.03804305 0.00757339 0.01188845
v 0.03848337 0.00774951 0.01285714
v 0.03742661 0.00818982 0.01206458
v 0.03857143 0.00907045 0.01065558
v 0.03751468 0.00748532 0.01109589
v 0.03830724 0.00907045 0.01021526
v 0.03962818 0.00924658 0.01224070
v 0.03848337 0.00774951 0.01285714
v 0.03804305 0.00757339 0.01188845
v 0.03857143 0.00915851 0.01153620
v 0.03918787 0.00924658 0.01241683
v 0.03848337 0.00774951 0.01285714
v 0.03918787 0.00924658 0.01241683
v 0.03962818 0.00924658 0.01224070
v 0.03962818 0.00924658 0.01224070
v 0.03883562 0.00915851 0.01118395
v 0.03857143 0.00915851 0.01153620
v 0.03804305 0.00757339 0.01188845
v 0.03883562 0.00915851 0.01118395
v 0.03857143 0.00915851 0.01153620
v 0.03865949 0.01109589 0.01259295
v 0.03918787 0.00924658 0.01241683
v 0.03865949 0.01109589 0.01259295
v 0.04006849 0.01100783 0.01188845
v 0.03865949 0.01109589 0.01259295
v 0.03901174 0.01100783 0.01364971
v 0.03962818 0.01180039 0.01224070
v 0.03865949 0.01109589 0.01259295
v 0.03857143 0.00915851 0.01153620
v 0.03821918 0.01100783 0.01162427
v 0.03962818 0.01180039 0.01224070
v 0.03980431 0.01144814 0.01453033
v 0.03980431 0.00942270 0.01356164
v 0.03901174 0.01100783 0.01364971
v 0.03901174 0.01100783 0.01364971
v 0.03980431 0.00942270 0.01356164
v 0.03998043 0.01180039 0.01294521
v 0.03998043 0.01180039 0.01294521
v 0.03927593 0.01091977 0.01074364
v 0.03821918 0.01100783 0.01162427
v 0.03927593 0.01091977 0.01074364
v 0.04182975 0.01373777 0.01382583
v 0.03980431 0.01373777 0.01021526
v 0.03927593 0.01091977 0.01074364
v 0.03874755 0.01153620 0.01100783
v 0.03821918 0.01100783 0.01162427
v 0.03821918 0.01100783 0.01162427
v 0.03874755 0.01153620 0.01100783
v 0.03839530 0.01171233 0.01030333
v 0.03689824 0.01065558 0.01030333
v 0.04182975 0.00951076 0.02069472
v 0.04068493 0.00827789 0.02131115
v 0.04165362 0.00933464 0.01990215
v 0.04086106 0.00854208 0.02175147
v 0.04200587 0.00977495 0.02113503
v 0.04227006 0.01074364 0.02175147
v 0.04147750 0.01056752 0.02087084
v 0.04068493 0.00898239 0.02175147
v 0.04068493 0.00898239 0.02175147
v 0.04200587 0.00977495 0.02113503
v 0.04227006 0.01074364 0.02175147
v 0.04200587 0.00977495 0.02113503
v 0.04279843 0.01100783 0.01999022
v 0.04288650 0.01127202 0.02043053
v 0.04227006 0.01074364 0.02175147
v 0.04200587 0.00977495 0.02113503
v 0.04288650 0.01127202 0.02043053
v 0.04262231 0.01083170 0.01946184
v 0.04174168 0.00986302 0.01937378
v 0.04103718 0.00871820 0.01831703
v 0.04024462 0.00810176 0.01910959
v 0.03980431 0.00739726 0.01884540
v 0.03980431 0.00739726 0.01884540
v 0.03945205 0.00722114 0.01796477
v 0.04086106 0.00854208 0.01787671
v 0.04103718 0.00871820 0.01831703
v 0.04174168 0.00986302 0.01937378
v 0.04174168 0.00986302 0.01937378
v 0.04086106 0.00986302 0.01893346
v 0.04024462 0.00810176 0.01910959
v 0.04068493 0.00845401 0.01743640
v 0.04068493 0.00845401 0.01743640
v 0.04059687 0.00854208 0.01717221
v 0.04165362 0.01003914 0.01681996
v 0.04191781 0.01012720 0.01734834
v 0.04059687 0.00854208 0.01717221
v 0.04130137 0.01003914 0.01673190
v 0.04165362 0.01003914 0.01681996
v 0.04130137 0.01003914 0.01673190
v 0.04059687 0.00854208 0.01717221
v 0.03971624 0.00898239 0.01576321
v 0.04015656 0.00818983 0.01585127
v 0.04059687 0.00854208 0.01717221
v 0.04182975 0.01056752 0.01822896
v 0.04174168 0.00986302 0.01937378
v 0.04103718 0.00871820 0.01831703
v 0.04200587 0.01030333 0.01770059
v 0.04182975 0.01056752 0.01822896
v 0.04103718 0.00871820 0.01831703
v 0.04200587 0.01030333 0.01770059
v 0.04086106 0.00986302 0.01893346
v 0.04174168 0.00986302 0.01937378
v 0.04182975 0.01056752 0.01822896
v 0.04306262 0.01373777 0.01787671
v 0.04174168 0.00986302 0.01937378
v 0.04182975 0.01056752 0.01822896
v 0.04121331 0.01232877 0.01796477
v 0.04297456 0.01259296 0.01884540
v 0.04174168 0.00986302 0.01937378
v 0.04147750 0.01276908 0.01910959
v 0.04297456 0.01259296 0.01884540
v 0.04244618 0.01206458 0.01726027
v 0.04182975 0.01268102 0.01734834
v 0.04121331 0.01232877 0.01796477
v 0.04182975 0.01056752 0.01822896
v 0.04244618 0.01206458 0.01726027
v 0.04209393 0.01171233 0.01620352
v 0.04112524 0.00977495 0.01532290
v 0.04147750 0.01144814 0.01479452
v 0.04068493 0.01206458 0.01664384
v 0.04147750 0.01144814 0.01479452
v 0.03998043 0.01144814 0.01558708
v 0.04130137 0.01003914 0.01673190
v 0.04244618 0.01206458 0.01726027
v 0.04209393 0.01171233 0.01620352
v 0.04235812 0.01197652 0.01673190
v 0.04323875 0.01294521 0.01990215
v 0.04174168 0.01294521 0.02069472
v 0.04227006 0.01074364 0.02175147
v 0.04359100 0.01356164 0.02157534
v 0.04323875 0.01294521 0.01990215
v 0.04323875 0.01294521 0.01990215
v 0.04315068 0.01294521 0.01937378
v 0.04094912 0.00959883 0.01479452
v 0.03954012 0.00801370 0.01461840
v 0.04068493 0.00951076 0.01426614
v 0.03954012 0.00801370 0.01461840
v 0.04033268 0.00951076 0.01444227
v 0.04068493 0.00951076 0.01426614
v 0.04033268 0.00951076 0.01444227
v 0.04112524 0.01127202 0.01382583
v 0.04033268 0.00951076 0.01444227
v 0.03980431 0.01144814 0.01453033
v 0.04112524 0.01127202 0.01382583
v 0.04138943 0.01144814 0.01435421
v 0.04050881 0.01109589 0.01276908
v 0.04050881 0.01109589 0.01276908
v 0.04050881 0.01109589 0.01276908
v 0.04033268 0.01109589 0.01232877
v 0.04006849 0.01100783 0.01188845
v 0.04050881 0.01109589 0.01276908
v 0.04033268 0.01109589 0.01232877
v 0.03998043 0.01180039 0.01294521
v 0.03962818 0.01180039 0.01224070
v 0.04006849 0.01100783 0.01188845
v 0.03927593 0.01091977 0.01074364
v 0.03901174 0.01091977 0.01030333
v 0.03874755 0.01153620 0.01100783
v 0.03874755 0.01153620 0.01100783
v 0.03901174 0.01091977 0.01030333
v 0.03839530 0.01171233 0.01030333
v 0.04262231 0.01364971 0.01990215
v 0.04068493 0.01206458 0.01664384
v 0.04121331 0.01232877 0.01796477
v 0.04165362 0.01268102 0.01637965
v 0.04165362 0.01268102 0.01637965
v 0.04244618 0.01356164 0.01893346
v 0.04182975 0.01268102 0.01734834
v 0.04182975 0.01268102 0.01734834
v 0.04244618 0.01206458 0.01726027
v 0.04235812 0.01197652 0.01673190
v 0.04165362 0.01268102 0.01637965
v 0.04473581 0.01796478 0.02201566
v 0.04306262 0.01470646 0.02201566
v 0.04367906 0.01391389 0.02219178
v 0.04359100 0.01356164 0.02157534
v 0.04262231 0.01364971 0.01990215
v 0.04323875 0.01294521 0.01990215
v 0.04315068 0.01294521 0.01937378
v 0.04244618 0.01356164 0.01893346
v 0.04244618 0.01356164 0.01893346
v 0.04315068 0.01294521 0.01937378
v 0.04297456 0.01259296 0.01884540
v 0.04235812 0.01197652 0.01673190
v 0.04209393 0.01171233 0.01620352
v 0.04165362 0.01268102 0.01637965
v 0.04420744 0.01796478 0.01761252
v 0.04500000 0.02245597 0.02192759
v 0.04288650 0.01796478 0.01329746
v 0.04455969 0.02245597 0.01752446
v 0.04077299 0.01224071 0.01426614
v 0.03980431 0.01144814 0.01453033
v 0.03998043 0.01144814 0.01558708
v 0.04094912 0.01215264 0.01497065
v 0.04077299 0.01224071 0.01426614
v 0.03998043 0.01144814 0.01558708
v 0.03998043 0.01144814 0.01558708
v 0.04147750 0.01144814 0.01479452
v 0.04094912 0.01215264 0.01497065
v 0.04077299 0.01224071 0.01426614
v 0.04077299 0.01224071 0.01426614
v 0.04094912 0.01215264 0.01497065
v 0.04138943 0.01144814 0.01435421
v 0.04138943 0.01144814 0.01435421
v 0.04112524 0.01127202 0.01382583
v 0.04077299 0.01224071 0.01426614
v 0.04147750 0.01144814 0.01479452
v 0.04077299 0.01796478 0.00942270
v 0.04323875 0.02245597 0.01312133
v 0.03654599 0.00757339 0.00977495
v 0.03575342 0.00766145 0.00863014
v 0.03584149 0.00766145 0.00915851
v 0.03654599 0.00757339 0.00977495
v 0.03469667 0.00678082 0.01003914
v 0.03610568 0.00766145 0.00907045
v 0.03584149 0.00766145 0.00915851
v 0.03469667 0.00678082 0.01003914
v 0.03469667 0.00678082 0.01003914
v 0.03575342 0.00766145 0.00863014
v 0.03610568 0.00766145 0.00907045
v 0.03654599 0.00757339 0.00977495
v 0.03575342 0.00766145 0.00863014
v 0.03522505 0.00801370 0.00792564
v 0.03522505 0.00801370 0.00792564
v 0.03390411 0.00704501 0.00889432
v 0.03496086 0.00845401 0.00889432
v 0.03513699 0.00818982 0.00810176
v 0.03390411 0.00704501 0.00889432
v 0.03513699 0.00818982 0.00810176
v 0.03522505 0.00801370 0.00792564
v 0.03672211 0.00757339 0.01012720
v 0.03672211 0.00757339 0.01012720
v 0.03610568 0.00818982 0.01021526
v 0.03557730 0.00634051 0.01074364
v 0.03654599 0.00757339 0.00977495
v 0.03584149 0.00766145 0.00915851
v 0.03681018 0.00924658 0.00898239
v 0.03733855 0.00915851 0.00995108
v 0.03672211 0.00757339 0.01012720
v 0.03681018 0.00924658 0.00898239
v 0.03689824 0.00924658 0.00827789
v 0.03610568 0.00766145 0.00907045
v 0.03575342 0.00766145 0.00863014
v 0.03663405 0.00942270 0.00792564
v 0.03689824 0.00924658 0.00827789
v 0.03725049 0.00924658 0.00889432
v 0.03725049 0.00924658 0.00889432
v 0.03557730 0.00968689 0.00766145
v 0.03390411 0.00854207 0.00704501
v 0.03434442 0.00827789 0.00695695
v 0.03434442 0.00827789 0.00695695
v 0.03408023 0.00836595 0.00660470
v 0.03513699 0.00986301 0.00616438
v 0.03548924 0.00977495 0.00669276
v 0.03557730 0.00968689 0.00766145
v 0.03592955 0.00959883 0.00739726
v 0.03513699 0.00818982 0.00810176
v 0.03390411 0.00854207 0.00704501
v 0.03557730 0.00968689 0.00766145
v 0.03557730 0.00968689 0.00766145
v 0.03592955 0.00959883 0.00739726
v 0.03390411 0.01039139 0.00590020
v 0.03408023 0.01039139 0.00537182
v 0.03416830 0.01188845 0.00651663
v 0.03575342 0.01162427 0.00598826
v 0.03416830 0.01188845 0.00651663
v 0.03487280 0.01171233 0.00722114
v 0.03390411 0.01039139 0.00590020
v 0.03390411 0.01039139 0.00590020
v 0.03487280 0.01171233 0.00722114
v 0.03575342 0.01162427 0.00598826
v 0.03487280 0.01197652 0.00519569
v 0.03487280 0.01003914 0.00590020
v 0.03575342 0.01162427 0.00598826
v 0.03619374 0.01162427 0.00642857
v 0.03742661 0.01109589 0.00801370
v 0.03592955 0.00959883 0.00739726
v 0.03557730 0.00968689 0.00766145
v 0.03636986 0.01136008 0.00678082
v 0.03716243 0.01180039 0.00863014
v 0.03628180 0.01127202 0.00898239
v 0.03636986 0.01136008 0.00678082
v 0.03531311 0.01127202 0.00801370
v 0.03557730 0.00968689 0.00766145
v 0.03742661 0.01109589 0.00801370
v 0.03663405 0.00942270 0.00792564
v 0.03592955 0.00959883 0.00739726
v 0.03672211 0.00757339 0.01012720
v 0.03733855 0.00915851 0.00995108
v 0.03769080 0.00907045 0.00959883
v 0.03874755 0.01083170 0.00977495
v 0.03751468 0.01153620 0.00924658
v 0.03689824 0.01065558 0.01030333
v 0.03733855 0.00915851 0.00995108
v 0.03733855 0.00915851 0.00995108
v 0.03689824 0.01065558 0.01030333
v 0.03839530 0.01171233 0.01030333
v 0.03804305 0.01091977 0.00889432
v 0.03874755 0.01083170 0.00977495
v 0.03804305 0.01091977 0.00889432
v 0.03874755 0.01083170 0.00977495
v 0.03769080 0.00907045 0.00959883
v 0.03751468 0.01153620 0.00924658
v 0.03628180 0.01127202 0.00898239
v 0.03689824 0.01065558 0.01030333
v 0.03804305 0.01091977 0.00889432
v 0.03777886 0.01109589 0.00845401
v 0.03804305 0.01091977 0.00889432
v 0.03751468 0.01153620 0.00924658
v 0.03804305 0.01091977 0.00889432
v 0.03777886 0.01109589 0.00845401
v 0.03777886 0.01109589 0.00845401
v 0.03742661 0.01109589 0.00801370
v 0.03716243 0.01180039 0.00863014
v 0.03716243 0.01180039 0.00863014
v 0.03901174 0.01091977 0.01030333
v 0.03901174 0.01091977 0.01030333
v 0.03874755 0.01083170 0.00977495
v 0.03839530 0.01171233 0.01030333
v 0.03716243 0.01180039 0.00863014
v 0.03487280 0.01171233 0.00722114
v 0.03531311 0.01127202 0.00801370
v 0.03557730 0.01232877 0.00678082
v 0.03487280 0.01171233 0.00722114
v 0.03557730 0.01232877 0.00678082
v 0.03575342 0.01162427 0.00598826
v 0.03460861 0.01303327 0.00590020
v 0.03460861 0.01303327 0.00590020
v 0.03469667 0.01224071 0.00501957
v 0.03425636 0.01250489 0.00466732
v 0.03460861 0.01303327 0.00590020
v 0.03487280 0.01197652 0.00519569
v 0.03601761 0.01206458 0.00730920
v 0.03601761 0.01206458 0.00730920
v 0.03557730 0.01232877 0.00678082
v 0.03601761 0.01206458 0.00730920
v 0.03619374 0.01162427 0.00642857
v 0.03619374 0.01162427 0.00642857
v 0.03575342 0.01162427 0.00598826
v 0.03557730 0.01232877 0.00678082
v 0.03636986 0.01136008 0.00678082
v 0.03795499 0.01796478 0.00607632
v 0.03452055 0.01796478 0.00343444
v 0.03821918 0.02245597 0.00572407
v 0.04103718 0.02245597 0.00915851
v 0.03478474 0.02245597 0.00308219
v 0.02553816 0.04323875 0.01426614
v 0.02694716 0.04323875 0.01505871
v 0.02826810 0.04323875 0.01611546
v 0.03064579 0.04323875 0.02051859
v 0.02650685 0.04447162 0.02139922
v 0.03011742 0.04323875 0.01884540
v 0.02624266 0.04447162 0.02060665
v 0.02589041 0.04447162 0.01981409
v 0.02932485 0.04323875 0.01743640
v 0.02826810 0.04323875 0.01611546
v 0.02553816 0.04323875 0.01426614
v 0.02694716 0.04323875 0.01505871
v 0.02694716 0.04121331 0.01065558
v 0.02694716 0.04121331 0.01065558
v 0.02826810 0.04323875 0.01611546
v 0.02914873 0.04121331 0.01171233
v 0.03443248 0.04121331 0.01963796
v 0.03372798 0.04121331 0.01734834
v 0.03258317 0.04121331 0.01514677
v 0.03099804 0.04121331 0.01329746
v 0.02932485 0.04323875 0.01743640
v 0.03258317 0.04121331 0.01514677
v 0.03540117 0.03848337 0.01312133
v 0.03372798 0.04121331 0.01734834
v 0.03689824 0.03848337 0.01593933
v 0.03689824 0.03848337 0.01593933
v 0.03099804 0.03848337 0.00880626
v 0.02826810 0.03848337 0.00739726
v 0.03337573 0.03848337 0.01074364
v 0.03073386 0.02694716 0.00158513
v 0.02668297 0.02694716 0.00061644
v 0.03020548 0.03117417 0.00281800
v 0.03073386 0.02694716 0.00158513
v 0.02941292 0.03513699 0.00475538
v 0.03090998 0.02245597 0.00123288
v 0.03452055 0.02694716 0.00343444
v 0.03478474 0.02245597 0.00308219
v 0.03372798 0.03117417 0.00457926
v 0.03258317 0.03513699 0.00634051
v 0.03540117 0.03513699 0.00863014
v 0.03689824 0.03117417 0.00704501
v 0.02465753 0.04121331 0.01003914
v 0.04455969 0.02694716 0.02201566
v 0.04403131 0.02694716 0.01761252
v 0.04403131 0.02694716 0.01761252
v 0.04271037 0.03117417 0.01787671
v 0.04271037 0.02694716 0.01329746
v 0.04271037 0.03117417 0.01787671
v 0.04147750 0.03117417 0.01382583
v 0.04271037 0.03117417 0.01787671
v 0.04147750 0.03117417 0.01382583
v 0.04059687 0.03513699 0.01831703
v 0.04059687 0.03513699 0.01831703
v 0.04059687 0.02694716 0.00942270
v 0.04271037 0.02694716 0.01329746
v 0.04059687 0.02694716 0.00942270
v 0.03945205 0.03513699 0.01470646
v 0.03954012 0.03117417 0.01021526
v 0.03777886 0.03848337 0.01893346
v 0.03945205 0.03513699 0.01470646
v 0.03777886 0.03513699 0.01144814
v 0.03786693 0.02694716 0.00607632
v 0.03821918 0.02245597 0.00572407
v 0.03786693 0.02694716 0.00607632
v 0.03267123 0.00977495 0.00651663
v 0.02958904 0.01232877 0.00343444
v 0.00184932 0.02756360 0.01364971
v 0.00220157 0.02835616 0.01497065
v 0.00211350 0.02668297 0.01655577
v 0.00184932 0.02756360 0.01364971
v 0.00281800 0.02835616 0.01259295
v 0.00220157 0.02835616 0.01497065
v 0.00281800 0.02835616 0.01259295
v 0.00334638 0.02950098 0.01303327
v 0.00220157 0.02835616 0.01497065
v 0.00281800 0.02835616 0.01259295
v 0.00501957 0.02906066 0.01232877
v 0.00334638 0.02950098 0.01303327
v 0.00475538 0.02773973 0.01171233
v 0.00475538 0.02773973 0.01171233
v 0.00537182 0.02870841 0.01109589
v 0.00501957 0.02906066 0.01232877
v 0.00537182 0.02923679 0.01136008
v 0.00123288 0.02862035 0.01637965
v 0.00202544 0.02994129 0.01470646
v 0.00308219 0.03046967 0.01391389
v 0.00255382 0.03046967 0.01637965
v 0.00308219 0.03046967 0.01391389
v 0.00369863 0.03161448 0.01453033
v 0.00255382 0.03046967 0.01637965
v 0.00308219 0.03046967 0.01391389
v 0.00528376 0.03108611 0.01364971
v 0.00369863 0.03161448 0.01453033
v 0.00493151 0.02985323 0.01285714
v 0.00493151 0.02985323 0.01285714
v 0.00563601 0.03126223 0.01268102
v 0.00528376 0.03108611 0.01364971
v 0.00554795 0.03073385 0.01224070
v 0.00264188 0.02571428 0.01153620
v 0.00202544 0.02597847 0.01382583
v 0.00167319 0.02500978 0.01276908
v 0.00317025 0.02721135 0.01162427
v 0.00202544 0.02597847 0.01382583
v 0.00264188 0.02571428 0.01153620
v 0.00484344 0.02668297 0.01118395
v 0.00317025 0.02721135 0.01162427
v 0.00466732 0.02518591 0.01083170
v 0.00466732 0.02518591 0.01083170
v 0.00528376 0.02606654 0.01003914
v 0.00484344 0.02668297 0.01118395
v 0.00519569 0.02677104 0.01021526
v 0.04094912 0.01065558 0.02879648
v 0.04042074 0.01127202 0.02791585
v 0.03936399 0.01030333 0.02844423
v 0.04042074 0.01127202 0.02791585
v 0.03936399 0.01021527 0.02747554
v 0.03936399 0.01030333 0.02844423
v 0.03874755 0.00986302 0.02791585
v 0.04094912 0.01065558 0.02879648
v 0.04182975 0.01259296 0.02791585
v 0.04042074 0.01127202 0.02791585
v 0.04218200 0.01347358 0.02967710
v 0.04182975 0.01541096 0.02826810
v 0.04182975 0.01541096 0.02826810
v 0.04200587 0.01541096 0.02747554
v 0.04182975 0.01259296 0.02791585
v 0.04262231 0.01232877 0.02668297
v 0.04262231 0.01232877 0.02668297
v 0.04244618 0.01197652 0.02756360
v 0.04182975 0.01259296 0.02791585
v 0.04182975 0.01541096 0.02826810
v 0.04288650 0.01637965 0.02809198
v 0.04200587 0.01541096 0.02747554
v 0.04297456 0.01611546 0.02747554
v 0.04068493 0.01100783 0.02624266
v 0.03962818 0.00959883 0.02527397
v 0.03962818 0.00977495 0.02624266
v 0.04271037 0.01153620 0.02430528
v 0.04227006 0.01241683 0.02589041
v 0.04227006 0.01241683 0.02589041
v 0.04297456 0.01276908 0.02492172
v 0.04271037 0.01153620 0.02430528
v 0.03901174 0.00933464 0.02553816
v 0.04227006 0.01479452 0.02492172
v 0.04227006 0.01488258 0.02589041
v 0.04227006 0.01488258 0.02589041
v 0.04227006 0.01488258 0.02589041
v 0.04315068 0.01558708 0.02562622
v 0.04227006 0.01479452 0.02492172
v 0.04315068 0.01549902 0.02509785
v 0.04315068 0.01541096 0.02456947
vt 0.06864944 0.71314561
vt 0.09092432 0.74853927
vt 0.05805880 0.76615280
vt 0.09677084 0.69427735
vt 0.04027786 0.72841197
vt 0.05113382 0.67698115
vt 0.07335322 0.66164339
vt 0.07872572 0.80023122
vt 0.11270981 0.78263062
vt 0.62187421 0.74050212
vt 0.58269268 0.73504037
vt 0.62511784 0.70283139
vt 0.04491573 0.81363511
vt 0.66599607 0.70567811
vt 0.66202331 0.74343908
vt 0.12199666 0.72790575
vt 0.14617382 0.76022542
vt 0.15127586 0.70425236
vt 0.13527901 0.81363511
vt 0.17784470 0.73480034
vt 0.16930234 0.79123634
vt 0.12421755 0.67240220
vt 0.58482462 0.69716346
vt 0.41486934 0.57776862
vt 0.39920682 0.60539913
vt 0.38094935 0.55720818
vt 0.42867994 0.63112485
vt 0.02486444 0.69167209
vt 0.01165599 0.74007654
vt 0.02677545 0.77838629
vt 0.00129583 0.70099598
vt 0.44556364 0.60038710
vt 0.36756450 0.58148766
vt 0.37892774 0.63174063
vt 0.40617812 0.65986288
vt 0.45144981 0.99799144
vt 0.45144981 0.98819792
vt 0.45627791 0.99103498
vt 0.39572695 0.84949416
vt 0.40043610 0.85038322
vt 0.39679912 0.86698109
vt 0.38579440 0.86634409
vt 0.38304111 0.85119408
vt 0.75460666 0.67016298
vt 0.75428873 0.68297964
vt 0.74662900 0.67248368
vt 0.39291292 0.86753356
vt 0.70841670 0.98819792
vt 0.70841670 0.99733168
vt 0.70459425 0.99368942
vt 0.93557161 0.87816083
vt 0.94126415 0.87514859
vt 0.94126415 0.89340323
vt 0.09110746 0.26993203
vt 0.09247748 0.27371967
vt 0.07704761 0.27355826
vt 0.25780848 0.11859751
vt 0.25844875 0.13457906
vt 0.25357389 0.13560581
vt 0.51299816 0.62478691
vt 0.51849300 0.60826588
vt 0.51751882 0.62613821
vt 0.25033912 0.12095702
vt 0.50788397 0.64096987
vt 0.25137782 0.10166997
vt 0.25625274 0.10064310
vt 0.51283628 0.64267689
vt 0.31327331 0.94776285
vt 0.32066795 0.94619870
vt 0.32066795 0.95128816
vt 0.31327331 0.95285231
vt 0.31521773 0.96200389
vt 0.50655603 0.60922712
vt 0.92261028 0.98819798
vt 0.92261028 0.99628848
vt 0.92020136 0.99389035
vt 0.88118476 0.60446328
vt 0.88702184 0.60534835
vt 0.88646531 0.62051642
vt 0.87978691 0.62100822
vt 0.78254616 0.31109583
vt 0.78254616 0.29618418
vt 0.78675157 0.29871690
vt 0.79449075 0.30479228
vt 0.00957802 0.35097986
vt 0.00957802 0.33513486
vt 0.01276289 0.33633769
vt 0.88762748 0.64907825
vt 0.89561969 0.66361898
vt 0.89076596 0.66340131
vt 0.89659405 0.64907825
vt 0.95187634 0.85005802
vt 0.96040851 0.85448998
vt 0.95414543 0.85990065
vt 0.94764560 0.83277953
vt 0.94135445 0.82290465
vt 0.94764560 0.81515181
vt 0.81044441 0.93271303
vt 0.80119073 0.94605023
vt 0.80119073 0.92742270
vt 0.64585608 0.07160568
vt 0.63331097 0.05764252
vt 0.63768452 0.05604529
vt 0.64043123 0.07683581
vt 0.00428706 0.65753323
vt 0.00224807 0.64122826
vt 0.01164865 0.65569311
vt 0.65352219 0.08850873
vt 0.65728962 0.08522093
vt 0.01435824 0.67324317
vt 0.02322431 0.30462420
vt 0.02373982 0.29981220
vt 0.04146082 0.30361491
vt 0.00792845 0.29969478
vt 0.29354677 0.44948423
vt 0.27879199 0.45030630
vt 0.28426069 0.43364817
vt 0.28125343 0.46742785
vt 0.04121790 0.30820775
vt 0.29285666 0.46734965
vt 0.28782526 0.46797395
vt 0.29000649 0.43144011
vt 0.04162294 0.29499495
vt 0.40180928 0.93328738
vt 0.40904760 0.91355330
vt 0.41958052 0.93328738
vt 0.56108433 0.52368021
vt 0.57514983 0.50606751
vt 0.57576126 0.52474195
vt 0.27294669 0.73705769
vt 0.27294669 0.71937937
vt 0.27599779 0.72123253
vt 0.34956688 0.93145418
vt 0.36214733 0.94087940
vt 0.34956688 0.94924098
vt 0.56704909 0.54069120
vt 0.26881576 0.43548930
vt 0.27225810 0.45166981
vt 0.27188304 0.46904862
vt 0.05922663 0.30564129
vt 0.06145304 0.29516184
vt 0.06025689 0.31269109
vt 0.04111126 0.31269109
vt 0.28799605 0.48499036
vt 0.28255168 0.48423767
vt 0.76279861 0.98819792
vt 0.76873827 0.98819792
vt 0.76700360 0.99696237
vt 0.58071214 0.52404076
vt 0.58071214 0.50634056
vt 0.48494822 0.97374409
vt 0.49432170 0.97374409
vt 0.48821178 0.97864598
vt 0.08208019 0.29693979
vt 0.08228739 0.30096233
vt 0.06714988 0.29593992
vt 0.95721775 0.15285850
vt 0.95013762 0.15315485
vt 0.95013762 0.13621604
vt 0.95691490 0.13686705
vt 0.35078129 0.51961905
vt 0.38960770 0.53354865
vt 0.34345406 0.53826243
vt 0.59969038 0.53444660
vt 0.59969038 0.51327258
vt 0.60783321 0.51328570
vt 0.93488270 0.06648999
vt 0.93488270 0.08614957
vt 0.92624414 0.07546556
vt 0.49394256 0.98495460
vt 0.92401457 0.06840795
vt 0.01377573 0.65358889
vt 0.03231075 0.64420664
vt 0.46501696 0.91317970
vt 0.45664576 0.92531055
vt 0.45664576 0.90558076
vt 0.46573365 0.90678102
vt 0.20176701 0.98538792
vt 0.20290123 0.97450632
vt 0.20892169 0.97374409
vt 0.62929666 0.06272376
vt 0.85326028 0.35469508
vt 0.86152548 0.34727347
vt 0.86468673 0.35983515
vt 0.62698102 0.08175194
vt 0.85326028 0.37491035
vt 0.19807959 0.97374409
vt 0.00732738 0.64004058
vt 0.00762847 0.63105625
vt 0.01435824 0.64022303
vt 0.14677334 0.94924092
vt 0.14112197 0.94507366
vt 0.14677334 0.93204063
vt 0.92858344 0.49486351
vt 0.93647814 0.49122036
vt 0.93647814 0.51051611
vt 0.46744135 0.90343779
vt 0.97434723 0.52041090
vt 0.97374409 0.50975025
vt 0.98670816 0.50975025
vt 0.77929503 0.99537581
vt 0.77090639 0.99682903
vt 0.77090639 0.98819798
vt 0.29264092 0.09892315
vt 0.28391585 0.08272189
vt 0.28847453 0.08071244
vt 0.26004416 0.71807623
vt 0.25609270 0.71981496
vt 0.25159675 0.70241046
vt 0.29218242 0.07913923
vt 0.29740471 0.09638774
vt 0.28715396 0.06520665
vt 0.28179723 0.06704044
vt 0.10005929 0.29900777
vt 0.10038461 0.30397904
vt 0.08274549 0.30581975
vt 0.93335271 0.83141184
vt 0.93966883 0.83330041
vt 0.93335271 0.85032845
vt 0.52495402 0.92976516
vt 0.52966046 0.94764566
vt 0.52280855 0.94764566
vt 0.24207629 0.72265339
vt 0.24802722 0.72086871
vt 0.25082070 0.73782140
vt 0.23774652 0.70710760
vt 0.23774652 0.74024844
vt 0.25635448 0.73719597
vt 0.28828737 0.10040653
vt 0.29779130 0.07808858
vt 0.88235396 0.44479299
vt 0.88235396 0.42758083
vt 0.88755834 0.44480765
vt 0.10861360 0.26565206
vt 0.11110578 0.26975882
vt 0.12618276 0.26171678
vt 0.08894463 0.26293468
vt 0.10623222 0.25944209
vt 0.29672435 0.11607766
vt 0.29311618 0.11834836
vt 0.28328818 0.10180002
vt 0.30223352 0.11432958
vt 0.99651843 0.02560729
vt 0.99469066 0.03142494
vt 0.99039632 0.02560729
vt 0.76984173 0.52878708
vt 0.77706301 0.52838987
vt 0.77798265 0.54467279
vt 0.30311897 0.09411359
vt 0.76883161 0.54636461
vt 0.19321503 0.57182628
vt 0.19942039 0.57240266
vt 0.18970001 0.58668566
vt 0.11330074 0.27759314
vt 0.11235102 0.27418637
vt 0.13108847 0.27287054
vt 0.38686654 0.88383108
vt 0.38304111 0.88294715
vt 0.19893727 0.58909035
vt 0.89132571 0.46105993
vt 0.89180791 0.44467014
vt 0.09445546 0.27759314
vt 0.12996788 0.26780319
vt 0.11801277 0.30036139
vt 0.11833812 0.30533260
vt 0.13560586 0.30370134
vt 0.11962291 0.29593992
vt 0.10041885 0.30846345
vt 0.11923473 0.30950046
vt 0.56367433 0.55754697
vt 0.57273048 0.54167312
vt 0.56914216 0.55837709
vt 0.96200389 0.53763735
vt 0.95673031 0.52275807
vt 0.96200389 0.52199841
vt 0.13506888 0.30898917
vt 0.57780051 0.54168081
vt 0.93130583 0.27440250
vt 0.93130583 0.25505698
vt 0.93807346 0.25506532
vt 0.27138317 0.10598540
vt 0.28466126 0.12209833
vt 0.33245668 0.55728191
vt 0.30443376 0.52297205
vt 0.31037512 0.51029932
vt 0.30311897 0.13270271
vt 0.76883161 0.56522113
vt 0.29796734 0.13401049
vt 0.78172791 0.55849069
vt 0.77998555 0.56794930
vt 0.60635525 0.98467380
vt 0.60631263 0.97450596
vt 0.61181629 0.97374415
vt 0.61181629 0.98499519
vt 0.19942039 0.60623795
vt 0.14677341 0.26491427
vt 0.64911258 0.93714595
vt 0.66367108 0.95402712
vt 0.64777148 0.95402712
vt 0.35011867 0.60387897
vt 0.29793680 0.53624398
vt 0.31895557 0.57452476
vt 0.43553409 0.93438596
vt 0.42401946 0.94349527
vt 0.42401946 0.92556059
vt 0.14984301 0.95326453
vt 0.15953633 0.96838534
vt 0.14719184 0.96838528
vt 0.65955937 0.99076313
vt 0.66472679 0.98819798
vt 0.66472679 0.99731189
vt 0.12025847 0.97374415
vt 0.12871334 0.97520196
vt 0.12246167 0.97915882
vt 0.88865215 0.42896634
vt 0.94510239 0.53923267
vt 0.94510239 0.52212775
vt 0.95243174 0.52657151
vt 0.12871334 0.98567694
vt 0.39243323 0.91116112
vt 0.40362680 0.89814740
vt 0.40362680 0.91662818
vt 0.39713109 0.92052448
vt 0.74662900 0.68760145
vt 0.41479436 0.27928758
vt 0.40800759 0.29195142
vt 0.40800759 0.27464449
vt 0.25827724 0.99843508
vt 0.25477564 0.98819792
vt 0.26069617 0.98819792
vt 0.96359921 0.18506217
vt 0.95424962 0.17461747
vt 0.96359921 0.16944373
vt 0.91763020 0.98047096
vt 0.90706480 0.98432177
vt 0.90706480 0.97374415
vt 0.97374409 0.09593892
vt 0.97407812 0.08829045
vt 0.98802072 0.09593886
vt 0.02382210 0.35417056
vt 0.05002143 0.33141530
vt 0.07976812 0.35417056
vt 0.44678238 0.22675645
vt 0.46903667 0.25159216
vt 0.44678238 0.28078389
vt 0.70600098 0.70588422
vt 0.70091665 0.74343902
vt 0.45308307 0.65582550
vt 0.42997062 0.68611711
vt 0.74218047 0.70312762
vt 0.73747867 0.74097866
vt 0.09601662 0.64331174
vt 0.11659735 0.62315637
vt 0.14692011 0.64927238
vt 0.66901714 0.03646982
vt 0.66635281 0.03935367
vt 0.65764493 0.02399302
vt 0.68281531 0.04877114
vt 0.88094753 0.70841122
vt 0.88094753 0.69270450
vt 0.88861722 0.70601219
vt 0.88770711 0.72589016
vt 0.66293943 0.04506290
vt 0.64866877 0.03367478
vt 0.67593753 0.05147922
vt 0.65271211 0.02649432
vt 0.58522600 0.37212932
vt 0.58709353 0.39072990
vt 0.57992995 0.38793755
vt 0.66746575 0.06282347
vt 0.65373570 0.05116999
vt 0.67518204 0.05608416
vt 0.57752132 0.07589650
vt 0.57185912 0.07731128
vt 0.57162899 0.06042546
vt 0.58687556 0.48647535
vt 0.59666580 0.50304383
vt 0.59211081 0.50356716
vt 0.59513158 0.48565686
vt 0.58711094 0.50329232
vt 0.59179074 0.46694392
vt 0.58597219 0.46820152
vt 0.57706255 0.48476070
vt 0.57951343 0.50187767
vt 0.65965164 0.06906331
vt 0.64936042 0.05605578
vt 0.59524816 0.16772360
vt 0.58960515 0.17070383
vt 0.59041554 0.14898938
vt 0.59826106 0.14962190
vt 0.68281531 0.07019597
vt 0.57740712 0.09229231
vt 0.57068098 0.09502506
vt 0.59515733 0.51849300
vt 0.66226089 0.86373091
vt 0.66526639 0.87774247
vt 0.66115421 0.87893319
vt 0.66526639 0.89499855
vt 0.86394531 0.57297027
vt 0.85807645 0.57357460
vt 0.86168683 0.55667675
vt 0.58709353 0.14163339
vt 0.58496457 0.15830582
vt 0.58062446 0.15699893
vt 0.58240187 0.14002180
vt 0.13704553 0.03479171
vt 0.13747865 0.01793635
vt 0.14090744 0.03646851
vt 0.14358267 0.05105162
vt 0.14358267 0.01972157
vt 0.14321275 0.00184989
vt 0.59666580 0.46782219
vt 0.88911223 0.69390410
vt 0.89902747 0.68896496
vt 0.89978474 0.71153188
vt 0.32557696 0.41479433
vt 0.32523280 0.39727581
vt 0.33662161 0.40451646
vt 0.78342348 0.67324603
vt 0.78010225 0.65501434
vt 0.79077309 0.65698558
vt 0.79130006 0.67524618
vt 0.66843247 0.87813008
vt 0.67802930 0.89556330
vt 0.66843247 0.90616614
vt 0.97853613 0.63421011
vt 0.97706598 0.62868708
vt 0.98627347 0.62188244
vt 0.97374409 0.19410086
vt 0.97374409 0.18051779
vt 0.98756146 0.18700159
vt 0.06700523 0.01357293
vt 0.06700523 0.03031194
vt 0.05360116 0.01904309
vt 0.97374421 0.62188244
vt 0.58960515 0.14139140
vt 0.07001846 0.61585242
vt 0.05115478 0.63122904
vt 0.89978474 0.68139374
vt 0.30790499 0.13274813
vt 0.30790499 0.14836872
vt 0.29953852 0.14524359
vt 0.98290098 0.70388138
vt 0.98393714 0.70869333
vt 0.97374415 0.71356684
vt 0.33662161 0.39091736
vt 0.98626477 0.71356684
vt 0.87543184 0.88162690
vt 0.87697089 0.87417328
vt 0.88223571 0.88516897
vt 0.87543184 0.90297544
vt 0.90457076 0.08747059
vt 0.90385181 0.09508896
vt 0.89390785 0.10102600
vt 0.98699898 0.39007515
vt 0.98699898 0.40280461
vt 0.97374409 0.39904797
vt 0.08595071 0.59984195
vt 0.90457082 0.11646158
vt 0.92652541 0.71298802
vt 0.93328732 0.72941029
vt 0.92652541 0.73227161
vt 0.07466096 0.33769023
vt 0.07967386 0.32371032
vt 0.09577288 0.32808006
vt 0.65395051 0.01096028
vt 0.66526639 0.01184601
vt 0.66526639 0.02552581
vt 0.09069747 0.34140766
vt 0.91526687 0.49471188
vt 0.92371517 0.47585452
vt 0.92371517 0.49615794
vt 0.92531055 0.25478548
vt 0.91828471 0.26961637
vt 0.91828471 0.24855649
vt 0.13270372 0.60294920
vt 0.16655646 0.62490731
vt 0.17777810 0.67816752
vt 0.16208613 0.59546953
vt 0.15716763 0.59320521
vt 0.16727252 0.57777596
vt 0.60221881 0.01717871
vt 0.60032338 0.00256187
vt 0.60658318 0.00157648
vt 0.16751312 0.59931397
vt 0.61305928 0.01766479
vt 0.60798711 0.01724786
vt 0.16004300 0.61438262
vt 0.14979199 0.59060502
vt 0.15857130 0.57547718
vt 0.15170918 0.60885602
vt 0.15387408 0.57159466
vt 0.14232188 0.58526540
vt 0.14232188 0.60567373
vt 0.45966905 0.61081308
vt 0.45511100 0.59475946
vt 0.46595752 0.59477299
vt 0.46438614 0.61011666
vt 0.28851295 0.97824681
vt 0.29725125 0.97374415
vt 0.29725125 0.98380870
vt 0.52008837 0.66273171
vt 0.51044226 0.66845703
vt 0.51009411 0.65962434
vt 0.28788295 0.98528552
vt 0.52008837 0.64375460
vt 0.97930354 0.14624715
vt 0.98805213 0.15151680
vt 0.97374415 0.15151680
vt 0.61398429 0.97374409
vt 0.62201113 0.98481637
vt 0.61578226 0.98481637
vt 0.22625503 0.96359926
vt 0.22625503 0.94708663
vt 0.23611368 0.94911230
vt 0.65250355 0.51003063
vt 0.64374113 0.52517879
vt 0.63489640 0.50438005
vt 0.62289858 0.97773540
vt 0.40362743 0.97374415
vt 0.41184297 0.97706974
vt 0.40362743 0.98514992
vt 0.91303331 0.91166794
vt 0.92016214 0.90164226
vt 0.92211980 0.91602534
vt 0.91303331 0.92371517
vt 0.92451513 0.76736957
vt 0.92451513 0.74760157
vt 0.93328738 0.75447553
vt 0.38123930 0.00724614
vt 0.41558191 0.02323091
vt 0.40100211 0.04732025
vt 0.20009553 0.65083444
vt 0.18326132 0.59990847
vt 0.36467755 0.03576899
vt 0.13081975 0.33070993
vt 0.11455898 0.32938874
vt 0.11623618 0.32552898
vt 0.09975703 0.31977582
vt 0.95594311 0.12459987
vt 0.96200395 0.12459987
vt 0.96165991 0.14039195
vt 0.32131621 0.01479000
vt 0.32385865 0.03350264
vt 0.31795710 0.03350264
vt 0.17492115 0.84265989
vt 0.16959901 0.84331876
vt 0.17292961 0.82598537
vt 0.10227582 0.31286049
vt 0.22850515 0.42273057
vt 0.23000155 0.40452379
vt 0.23451833 0.40657508
vt 0.11225203 0.33383316
vt 0.23270097 0.42444503
vt 0.56443983 0.13510537
vt 0.57533622 0.13681602
vt 0.56443983 0.15033579
vt 0.57534331 0.12177652
vt 0.21581249 0.41935277
vt 0.22209796 0.40206319
vt 0.10911581 0.34140766
vt 0.22509404 0.42158580
vt 0.57495999 0.17389452
vt 0.86628211 0.59187967
vt 0.85643095 0.59187967
vt 0.57335782 0.15579480
vt 0.93471760 0.69889629
vt 0.93966877 0.70874721
vt 0.93471760 0.71791339
vt 0.49197119 0.05453736
vt 0.46235314 0.02613461
vt 0.47799245 0.01246333
vt 0.49643779 0.00246143
vt 0.50317580 0.04510283
vt 0.17708531 0.86149597
vt 0.22390752 0.44032013
vt 0.16746397 0.86149597
vt 0.56694084 0.17069530
vt 0.93169200 0.17548996
vt 0.92559171 0.16372001
vt 0.93169200 0.15567178
vt 0.93305027 0.80741549
vt 0.93807346 0.81604153
vt 0.93305027 0.82639802
vt 0.57091504 0.17131567
vt 0.90944827 0.09041965
vt 0.91733372 0.10411733
vt 0.90944827 0.10749739
vt 0.99457496 0.09832442
vt 0.99457496 0.10201496
vt 0.99039632 0.09866315
vt 0.88053012 0.94093120
vt 0.88383114 0.95570403
vt 0.88053012 0.95721775
vt 0.59358174 0.91730797
vt 0.59666574 0.92024112
vt 0.59358174 0.93647808
vt 0.61440182 0.03482580
vt 0.61664724 0.01793468
vt 0.16347049 0.61581010
vt 0.62219161 0.03748596
vt 0.37988314 0.94233334
vt 0.38448247 0.94233334
vt 0.38153309 0.95881307
vt 0.94605023 0.17519963
vt 0.94605023 0.19303894
vt 0.94147652 0.19021839
vt 0.98817813 0.10232204
vt 0.97374415 0.10232204
vt 0.97504872 0.09810686
vt 0.21581249 0.40221280
vt 0.21828505 0.38594258
vt 0.20787832 0.08039868
vt 0.21218328 0.07932061
vt 0.21218328 0.09731716
vt 0.61011773 0.03490376
vt 0.60525024 0.03519362
vt 0.60849190 0.05177057
vt 0.61337465 0.05264693
vt 0.60032338 0.05002916
vt 0.21936637 0.43753350
vt 0.33458006 0.98543113
vt 0.33458006 0.97374415
vt 0.33959329 0.97518396
vt 0.48278010 0.98507351
vt 0.47544077 0.97963643
vt 0.48278010 0.97374415
vt 0.44856220 0.04362816
vt 0.43147248 0.00246137
vt 0.48291722 0.06598127
vt 0.62254566 0.94189507
vt 0.63016838 0.94995421
vt 0.62254566 0.95881313
vt 0.40408906 0.93652093
vt 0.41479436 0.93792325
vt 0.41447958 0.94939935
vt 0.15635294 0.06645918
vt 0.16272700 0.08302337
vt 0.15369268 0.08247328
vt 0.40408906 0.95402706
vt 0.15369268 0.08934033
vt 0.97374409 0.28247297
vt 0.98454714 0.28747630
vt 0.97374409 0.29023820
vt 0.65629989 0.00169069
vt 0.66452378 0.00240982
vt 0.66429120 0.00674987
vt 0.08042204 0.31752741
vt 0.08280380 0.31380993
vt 0.85032845 0.92459750
vt 0.84766173 0.93169200
vt 0.83605480 0.91148758
vt 0.83605480 0.92948127
vt 0.90297544 0.72704947
vt 0.89166039 0.71519983
vt 0.90297544 0.71721327
vt 0.94605029 0.09891254
vt 0.94079411 0.08639371
vt 0.94605029 0.08091789
vt 0.89166039 0.72503597
vt 0.89284134 0.73973250
vt 0.89954495 0.74503452
vt 0.51544714 0.64229172
vt 0.17291324 0.33004344
vt 0.18187143 0.34663892
vt 0.17291324 0.35417056
vt 0.91414297 0.53763735
vt 0.90030736 0.52900785
vt 0.91414297 0.51346093
vt 0.47382280 0.61092484
vt 0.46428901 0.62790316
vt 0.43871933 0.06166792
vt 0.93009663 0.14358270
vt 0.92240381 0.13581669
vt 0.93009663 0.12361717
vt 0.20519575 0.70752561
vt 0.20139752 0.76521635
vt 0.22934555 0.67841434
vt 0.23930444 0.48819417
vt 0.20341390 0.44603825
vt 0.23930444 0.44967282
vt 0.21836299 0.62285459
vt 0.20174071 0.40735579
vt 0.16159040 0.40445602
vt 0.22973226 0.73735327
vt 0.16327526 0.44394767
vt 0.20326571 0.48714936
vt 0.64841527 0.09137017
vt 0.63900584 0.09525353
vt 0.65728962 0.10529399
vt 0.86624777 0.27438259
vt 0.86571681 0.29172617
vt 0.85917103 0.29180372
vt 0.87106812 0.27513671
vt 0.21218333 0.94882131
vt 0.20285222 0.95083636
vt 0.20285222 0.93311399
vt 0.26881576 0.46918190
vt 0.63154203 0.10125381
vt 0.77314734 0.27462775
vt 0.78172791 0.27897370
vt 0.77314734 0.29449332
vt 0.75501627 0.99707639
vt 0.74948221 0.99707639
vt 0.75362617 0.98819792
vt 0.89813453 0.81682587
vt 0.89720339 0.78986001
vt 0.90616608 0.78986001
vt 0.68664783 0.87679094
vt 0.69557828 0.89492482
vt 0.68664783 0.90457082
vt 0.78022033 0.29635549
vt 0.35443854 0.50135177
vt 0.31270126 0.49704820
vt 0.03205818 0.60235935
vt 0.01996483 0.61061662
vt 0.30956888 0.45308310
vt 0.30956888 0.43570119
vt 0.31428650 0.43811429
vt 0.07642289 0.31211150
vt 0.86210686 0.30950040
vt 0.87106812 0.29770803
vt 0.77545327 0.31188416
vt 0.77964830 0.31428653
vt 0.93957913 0.63164210
vt 0.94924092 0.63164210
vt 0.94661790 0.64931262
vt 0.92520177 0.62851548
vt 0.93647808 0.62388986
vt 0.93647808 0.64293128
vt 0.41914687 0.90138000
vt 0.41914687 0.87452078
vt 0.42915267 0.88895547
vt 0.45786914 0.65585464
vt 0.45786914 0.67331332
vt 0.44737321 0.66740638
vt 0.90834492 0.83277953
vt 0.90834492 0.81036776
vt 0.91573834 0.81580895
vt 0.93526393 0.75627971
vt 0.93807340 0.75720215
vt 0.93526393 0.77534640
vt 0.52168363 0.96519458
vt 0.51084775 0.96395516
vt 0.51084775 0.94919223
vt 0.51977456 0.95165092
vt 0.77943349 0.23646319
vt 0.77654427 0.25174254
vt 0.77116644 0.25052708
vt 0.78004593 0.27280706
vt 0.96359926 0.27599776
vt 0.95581889 0.27562135
vt 0.96359926 0.26062214
vt 0.57816577 0.42436659
vt 0.58057976 0.40667987
vt 0.58709353 0.40794337
vt 0.77501583 0.23329568
vt 0.92531043 0.01726484
vt 0.92531043 0.03828871
vt 0.91797590 0.03504360
vt 0.77116644 0.27155715
vt 0.78332323 0.26324546
vt 0.01914431 0.60035473
vt 0.01276082 0.60942864
vt 0.01276082 0.58818173
vt 0.57650143 0.40513295
vt 0.57162434 0.40133661
vt 0.20877784 0.76691228
vt 0.21625759 0.75496799
vt 0.22175546 0.75925863
vt 0.21161929 0.77814686
vt 0.22175546 0.77853709
vt 0.57752132 0.11327076
vt 0.78010225 0.68959969
vt 0.78646457 0.69398290
vt 0.51557344 0.03783065
vt 0.91712940 0.30121112
vt 0.92371511 0.31352174
vt 0.91712940 0.32226336
vt 0.92371511 0.39245915
vt 0.91503543 0.38922900
vt 0.92371511 0.37149048
vt 0.41000831 0.36449981
vt 0.41000831 0.38206756
vt 0.40162838 0.38014424
vt 0.39977738 0.37270939
vt 0.26080427 0.97374415
vt 0.26548070 0.98443127
vt 0.26080427 0.98556751
vt 0.98760122 0.35599637
vt 0.97374409 0.35599637
vt 0.97592688 0.35162473
vt 0.39873508 0.38448250
vt 0.98679537 0.57048821
vt 0.98329723 0.57644427
vt 0.97374415 0.57048821
vt 0.10185244 0.99841762
vt 0.09476640 0.98841679
vt 0.10386162 0.98819792
vt 0.90008992 0.99627692
vt 0.89303523 0.99627692
vt 0.89943606 0.98819792
vt 0.09476640 0.99860996
vt 0.53513157 0.98819798
vt 0.53714478 0.99773359
vt 0.53100115 0.99773359
vt 0.91293412 0.99620819
vt 0.90689170 0.99620819
vt 0.91282266 0.98819792
vt 0.27138716 0.49877584
vt 0.53129590 0.07591999
vt 0.52736664 0.03418398
vt 0.53746134 0.07434785
vt 0.72786754 0.93488199
vt 0.73804295 0.93767715
vt 0.73865306 0.95243174
vt 0.07657748 0.30656666
vt 0.04626556 0.61102402
vt 0.03808330 0.60483587
vt 0.04626556 0.58987802
vt 0.63974059 0.92889667
vt 0.63255632 0.93488276
vt 0.63255632 0.91542828
vt 0.72786754 0.95219576
vt 0.95068580 0.53603715
vt 0.98608851 0.90462947
vt 0.97847295 0.91032994
vt 0.97374403 0.90462947
vt 0.18513508 0.99831229
vt 0.17958802 0.99863046
vt 0.17958802 0.98851603
vt 0.18513508 0.98819786
vt 0.76255494 0.98475128
vt 0.76128697 0.97374415
vt 0.76712817 0.97374415
vt 0.32707176 0.97374415
vt 0.33241194 0.98069012
vt 0.32707176 0.98543525
vt 0.44679803 0.67483848
vt 0.43449336 0.94445497
vt 0.54593456 0.99770820
vt 0.53931272 0.99770820
vt 0.54565412 0.98819792
vt 0.27100265 0.50545716
vt 0.54416436 0.07327807
vt 0.54047060 0.03385717
vt 0.26800451 0.51227075
vt 0.26450568 0.51872903
vt 0.28838041 0.54833829
vt 0.03084972 0.96686614
vt 0.04467018 0.95717853
vt 0.04467018 0.97157609
vt 0.97374403 0.90246135
vt 0.97740525 0.89481711
vt 0.98601443 0.90246135
vt 0.00617240 0.97374415
vt 0.00617240 0.98596644
vt 0.00108399 0.98160803
vt 0.95700324 0.34136808
vt 0.96200395 0.33388126
vt 0.96200395 0.34938455
vt 0.31899661 0.97374409
vt 0.32490376 0.98022550
vt 0.31899661 0.98541349
vt 0.72737038 0.98484880
vt 0.72737038 0.97374409
vt 0.73211092 0.97461522
vt 0.52270943 0.99762833
vt 0.52027088 0.98819804
vt 0.52883321 0.98819804
vt 0.91096210 0.11327076
vt 0.52482826 0.07930487
vt 0.51943588 0.08369452
vt 0.51469898 0.08974409
vt 0.54344219 0.11490577
vt 0.55068302 0.07517856
vt 0.55678171 0.07773429
vt 0.25944960 0.52507573
vt 0.85146403 0.53763735
vt 0.84434706 0.53671134
vt 0.86037475 0.50016332
vt 0.62821734 0.66242969
vt 0.66836643 0.66536671
vt 0.58903581 0.65696800
vt 0.63244432 0.62141317
vt 0.66964108 0.62402803
vt 0.54695714 0.68879062
vt 0.55189735 0.64850485
vt 0.51262689 0.67791861
vt 0.59510350 0.61606735
vt 0.56057084 0.60831273
vt 0.51794964 0.63792920
vt 0.40522218 0.22308362
vt 0.40522218 0.27759314
vt 0.37927210 0.25432575
vt 0.60306376 0.57514429
vt 0.63634062 0.57996196
vt 0.57224858 0.56830430
vt 0.52849996 0.59853572
vt 0.64115173 0.54164016
vt 0.61305040 0.53755677
vt 0.92986101 0.23210287
vt 0.92694396 0.24728125
vt 0.92126447 0.23305261
vt 0.94515502 0.10441893
vt 0.95881319 0.10441893
vt 0.95528466 0.11971593
vt 0.92063564 0.22686988
vt 0.93009663 0.22686988
vt 0.58158076 0.45295739
vt 0.57933486 0.43512857
vt 0.58566016 0.43449259
vt 0.58709347 0.45183098
vt 0.94972080 0.12124771
vt 0.94236517 0.71153188
vt 0.93964314 0.69366670
vt 0.94605017 0.69366670
vt 0.98767853 0.22003591
vt 0.98166341 0.21715486
vt 0.98750967 0.21066481
vt 0.80996734 0.59754449
vt 0.80618203 0.59911501
vt 0.80618203 0.57985890
vt 0.51096839 0.98508924
vt 0.51096839 0.97374415
vt 0.51727116 0.97700077
vt 0.81247157 0.57810962
vt 0.81560063 0.59440660
vt 0.63974059 0.83589774
vt 0.63974059 0.85362309
vt 0.63323194 0.85063666
vt 0.25230795 0.96264923
vt 0.25230795 0.94727778
vt 0.26178035 0.94948888
vt 0.26323491 0.96359926
vt 0.97374409 0.21066481
vt 0.63455003 0.87106812
vt 0.81025010 0.61581004
vt 0.02483410 0.32751602
vt 0.02629852 0.33183551
vt 0.00796002 0.33183551
vt 0.70725977 0.66536671
vt 0.70634717 0.62429857
vt 0.67023855 0.58264130
vt 0.70326322 0.58267987
vt 0.74343920 0.66260999
vt 0.74106848 0.62172228
vt 0.73468560 0.58016801
vt 0.88861722 0.92477769
vt 0.88136977 0.91658932
vt 0.88861722 0.91903514
vt 0.17548989 0.09093571
vt 0.16944498 0.08625007
vt 0.17548989 0.06944972
vt 0.69092846 0.76763594
vt 0.67928332 0.77232093
vt 0.67995191 0.76665384
vt 0.00150296 0.45337385
vt 0.01276289 0.47115576
vt 0.00150296 0.47541821
vt 0.68257636 0.75363481
vt 0.69398284 0.75645989
vt 0.87969565 0.92186761
vt 0.54669464 0.02066457
vt 0.53842413 0.00288594
vt 0.54389703 0.00258332
vt 0.87978876 0.93647802
vt 0.55837709 0.00372851
vt 0.55173683 0.02016479
vt 0.53864074 0.02146971
vt 0.53101587 0.01868874
vt 0.54303861 0.02151686
vt 0.80103666 0.99210119
vt 0.79799831 0.99700814
vt 0.79799831 0.98819792
vt 0.52966052 0.96678996
vt 0.52433282 0.95182592
vt 0.52966052 0.95279717
vt 0.67939407 0.78597295
vt 0.69398284 0.78651392
vt 0.94622344 0.31614101
vt 0.95083630 0.31739318
vt 0.94622344 0.33343089
vt 0.94569260 0.27573186
vt 0.94924092 0.27463073
vt 0.94924092 0.29195142
vt 0.01116760 0.87042785
vt 0.00258136 0.86808640
vt 0.00786780 0.85356468
vt 0.94150341 0.47702670
vt 0.95031130 0.47703725
vt 0.95083636 0.48208374
vt 0.83472425 0.93687344
vt 0.83589303 0.93171865
vt 0.84630221 0.93675512
vt 0.94637328 0.49456251
vt 0.94150341 0.48256403
vt 0.84713775 0.94924092
vt 0.83337206 0.94924092
vt 0.52366048 0.96369797
vt 0.35810837 0.99815863
vt 0.35216171 0.98949438
vt 0.35810837 0.98819792
vt 0.35289142 0.99766606
vt 0.29048365 0.99842381
vt 0.29048365 0.98819792
vt 0.29468754 0.99076515
vt 0.97374403 0.02413070
vt 0.97446644 0.01568264
vt 0.98810130 0.01568264
vt 0.02570467 0.98602992
vt 0.02228210 0.97767782
vt 0.02570467 0.97374415
vt 0.98610908 0.02341431
vt 0.69814163 0.54386860
vt 0.66952747 0.54397172
vt 0.14821151 0.82699835
vt 0.14821151 0.80860263
vt 0.15452601 0.80767328
vt 0.15624738 0.82540667
vt 0.15953632 0.82457799
vt 0.82403666 0.22545934
vt 0.83214039 0.22376835
vt 0.82403666 0.24318767
vt 0.95311868 0.98819792
vt 0.95414066 0.99576241
vt 0.94743639 0.99576241
vt 0.41798511 0.23982191
vt 0.40981719 0.22356999
vt 0.41704822 0.22085428
vt 0.78324699 0.00342357
vt 0.79048830 0.00747579
vt 0.78324699 0.01754904
vt 0.79289544 0.00248903
vt 0.60459316 0.77734876
vt 0.59113759 0.78013253
vt 0.59258747 0.76247215
vt 0.59644932 0.76080674
vt 0.60464257 0.75705457
vt 0.98630697 0.77618009
vt 0.97374403 0.78146541
vt 0.97374403 0.77524704
vt 0.68039769 0.80800664
vt 0.67322296 0.79079932
vt 0.68600613 0.79070967
vt 0.40930164 0.23936951
vt 0.58715433 0.92389607
vt 0.59028435 0.92216104
vt 0.59028435 0.93966883
vt 0.72518957 0.54189777
vt 0.23470207 0.01573008
vt 0.22474758 0.02445316
vt 0.22450943 0.01232344
vt 0.22550994 0.00668091
vt 0.28884077 0.05525243
vt 0.29992831 0.06891692
vt 0.29612273 0.07179129
vt 0.29711357 0.05404699
vt 0.57700437 0.87962592
vt 0.58071208 0.87986279
vt 0.57255650 0.89499867
vt 0.23770909 0.02871656
vt 0.23770909 0.00463402
vt 0.15223508 0.84394711
vt 0.81577873 0.22010684
vt 0.81906807 0.21916801
vt 0.81782180 0.23812914
vt 0.15703680 0.84306806
vt 0.28321886 0.03800297
vt 0.59113759 0.74355805
vt 0.58071208 0.86193585
vt 0.59594613 0.74196082
vt 0.57230699 0.86458820
vt 0.28743115 0.01889819
vt 0.29932138 0.03614962
vt 0.67627525 0.80883944
vt 0.66775483 0.79117912
vt 0.67263156 0.80974305
vt 0.66775483 0.80968708
vt 0.41798511 0.25866723
vt 0.59978867 0.74042237
vt 0.67930502 0.82714570
vt 0.16586167 0.24756384
vt 0.16910848 0.24929851
vt 0.16586167 0.26642561
vt 0.81682587 0.55222458
vt 0.80819851 0.55481094
vt 0.80819851 0.53485543
vt 0.61899829 0.39129257
vt 0.62219161 0.39326012
vt 0.61899829 0.41000831
vt 0.54946601 0.03901184
vt 0.08934025 0.93068510
vt 0.08245492 0.93169194
vt 0.08245492 0.91147292
vt 0.00258136 0.88702184
vt 0.30352938 0.94737625
vt 0.31269115 0.96224892
vt 0.30352938 0.96359921
vt 0.67534053 0.82735163
vt 0.67078465 0.82799339
vt 0.26688188 0.10873359
vt 0.25942335 0.11020046
vt 0.25912550 0.09191787
vt 0.40843320 0.25724149
vt 0.60128629 0.84749860
vt 0.60623795 0.84780729
vt 0.60222471 0.86427569
vt 0.59821147 0.86425775
vt 0.59692848 0.84859633
vt 0.17085630 0.57248598
vt 0.17961633 0.57304037
vt 0.18027602 0.58826530
vt 0.60623795 0.86429369
vt 0.17085630 0.58985537
vt 0.85750735 0.24221462
vt 0.86149597 0.24265856
vt 0.86105847 0.25961590
vt 0.85283703 0.24211276
vt 0.81415343 0.57273537
vt 0.41650069 0.27599776
vt 0.64072388 0.74547970
vt 0.65250349 0.76205164
vt 0.65093464 0.77895534
vt 0.52327907 0.90055341
vt 0.51084918 0.88525593
vt 0.52327907 0.87103415
vt 0.64072382 0.77678603
vt 0.49389085 0.24211735
vt 0.50253934 0.24204230
vt 0.50253934 0.24825698
vt 0.26973507 0.97157609
vt 0.26973507 0.96537346
vt 0.28066015 0.96888566
vt 0.49311873 0.24986726
vt 0.49537775 0.26323491
vt 0.96040857 0.96197504
vt 0.95010757 0.96200395
vt 0.95010757 0.94530809
vt 0.96017927 0.94569564
vt 0.92606789 0.76997298
vt 0.93169200 0.76372319
vt 0.93049461 0.77030230
vt 0.93169200 0.78332323
vt 0.28078386 0.95727164
vt 0.67749071 0.12990606
vt 0.66721147 0.11470610
vt 0.67460847 0.11307263
vt 0.68298304 0.12809891
vt 0.68600613 0.11037898
vt 0.94417042 0.88702184
vt 0.94417042 0.86980438
vt 0.95083642 0.87078917
vt 0.67186743 0.13287121
vt 0.66747361 0.13354480
vt 0.92019606 0.35257524
vt 0.91652399 0.33728850
vt 0.92531049 0.33619624
vt 0.75166142 0.28226233
vt 0.74340451 0.26688540
vt 0.75779748 0.26456523
vt 0.60322148 0.53285128
vt 0.61153269 0.51779360
vt 0.61581004 0.53285128
vt 0.07591378 0.93319881
vt 0.08455427 0.93581456
vt 0.07591378 0.95083630
vt 0.00194315 0.86309135
vt 0.00391680 0.84606910
vt 0.00797683 0.84496015
vt 0.67709762 0.15067410
vt 0.67262322 0.15198916
vt 0.91654867 0.33069408
vt 0.73691452 0.26828784
vt 0.74610198 0.28385097
vt 0.92445028 0.33069408
vt 0.43919194 0.91493529
vt 0.44670159 0.93488264
vt 0.43879601 0.93488264
vt 0.74084866 0.28662282
vt 0.73691452 0.28715354
vt 0.00836079 0.09831852
vt 0.01323195 0.11550736
vt 0.00556897 0.11684358
vt 0.06858909 0.89659339
vt 0.05416664 0.90179306
vt 0.05456540 0.89617509
vt 0.06860058 0.87953496
vt 0.06860058 0.90776157
vt 0.83756554 0.23134714
vt 0.82778746 0.24318862
vt 0.01353038 0.93653679
vt 0.02393049 0.94625646
vt 0.01353038 0.95402706
vt 0.74347472 0.30436975
vt 0.74799770 0.30323267
vt 0.01435826 0.13445199
vt 0.73860991 0.30471432
vt 0.63720894 0.78909808
vt 0.64626676 0.78875268
vt 0.64771736 0.80861604
vt 0.00194315 0.82748038
vt 0.70036435 0.83628058
vt 0.69525903 0.83521622
vt 0.70036435 0.81582505
vt 0.64003569 0.80816722
vt 0.89499861 0.28237927
vt 0.88749731 0.26621974
vt 0.89499861 0.26361793
vt 0.66721147 0.15315485
vt 0.77694172 0.64476830
vt 0.77662694 0.66525251
vt 0.77288431 0.66621464
vt 0.38362414 0.84240192
vt 0.38888496 0.81597602
vt 0.42115915 0.84977305
vt 0.69101846 0.50854748
vt 0.66827297 0.50861186
vt 0.69538295 0.85192382
vt 0.77694172 0.68441075
vt 0.95233572 0.32139266
vt 0.95721781 0.33580834
vt 0.95233572 0.33821696
vt 0.63720894 0.82532662
vt 0.88856709 0.24965632
vt 0.95981836 0.24166805
vt 0.95511943 0.24196839
vt 0.96200389 0.23635077
vt 0.94236445 0.36356127
vt 0.94764560 0.37880963
vt 0.94236445 0.38129175
vt 0.57782745 0.45288152
vt 0.56831121 0.44947767
vt 0.96200389 0.25206733
vt 0.09007034 0.98391759
vt 0.09007034 0.97374415
vt 0.09495620 0.97381061
vt 0.09786757 0.98573130
vt 0.38105541 0.76228857
vt 0.38607785 0.76159585
vt 0.37852547 0.77853709
vt 0.57781625 0.47297901
vt 0.72399443 0.25297058
vt 0.72943103 0.25075102
vt 0.73301506 0.26974773
vt 0.72661817 0.27394855
vt 0.37852547 0.73907256
vt 0.65492290 0.74704367
vt 0.66048026 0.76819390
vt 0.65492290 0.76888055
vt 0.38717979 0.76573932
vt 0.38926855 0.78422964
vt 0.38466445 0.78724968
vt 0.56965351 0.46706730
vt 0.02552578 0.02310246
vt 0.02552578 0.04467022
vt 0.02090474 0.04404086
vt 0.47917247 0.22427464
vt 0.48951706 0.24268878
vt 0.48332164 0.24241138
vt 0.39860576 0.78995150
vt 0.42492130 0.82883304
vt 0.73546231 0.25070703
vt 0.38362414 0.74223435
vt 0.41327935 0.76571077
vt 0.43314350 0.80829436
vt 0.22016011 0.94285959
vt 0.21188179 0.94285959
vt 0.21841502 0.92448759
vt 0.24232051 0.46360314
vt 0.25407571 0.48081541
vt 0.24641179 0.48333657
vt 0.13887051 0.81485522
vt 0.14358270 0.81417769
vt 0.14358270 0.83281493
vt 0.64630294 0.82639802
vt 0.13959824 0.83266187
vt 0.38926855 0.80406290
vt 0.56831121 0.48658574
vt 0.94445497 0.81203979
vt 0.93952543 0.79399586
vt 0.94393694 0.79420620
vt 0.73292375 0.28877324
vt 0.18364534 0.90670097
vt 0.19193040 0.90690118
vt 0.18364534 0.92397964
vt 0.72399443 0.29195142
vt 0.65544879 0.78651392
vt 0.19942039 0.94259924
vt 0.19164692 0.94764560
vt 0.19164692 0.92960066
vt 0.66526639 0.83898157
vt 0.65950632 0.82075590
vt 0.66392136 0.82087237
vt 0.48530263 0.26001251
vt 0.93855488 0.81203979
vt 0.49137184 0.26069987
vt 0.66119665 0.83868760
vt 0.88188815 0.65114474
vt 0.88853216 0.66618317
vt 0.88373446 0.66744667
vt 0.66502798 0.85534894
vt 0.88861722 0.68369246
vt 0.65950632 0.85670996
vt 0.56325167 0.96040857
vt 0.56325167 0.94377130
vt 0.56954467 0.94438285
vt 0.34999362 0.99533647
vt 0.34319764 0.99812436
vt 0.34319764 0.98819792
vt 0.53958744 0.92695755
vt 0.54880488 0.92548954
vt 0.54880488 0.94290829
vt 0.54154831 0.94422138
vt 0.53599948 0.94445497
vt 0.57309049 0.37245274
vt 0.58230746 0.37245274
vt 0.57495821 0.38767326
vt 0.47917247 0.27598071
vt 0.95721781 0.49775332
vt 0.95050520 0.49270809
vt 0.95721781 0.48190367
vt 0.48936039 0.27759314
vt 0.82859528 0.26004410
vt 0.83302510 0.25858438
vt 0.00482289 0.13454008
vt 0.82161194 0.23737550
vt 0.82161194 0.25685346
vt 0.94785351 0.76797444
vt 0.95256835 0.76814139
vt 0.95562243 0.78249699
vt 0.94785351 0.78491855
vt 0.58045417 0.09342563
vt 0.58553702 0.09318805
vt 0.58143908 0.10963565
vt 0.00183374 0.15090644
vt 0.01435826 0.15287650
vt 0.81388366 0.23996162
vt 0.61740553 0.86719203
vt 0.61304396 0.86746591
vt 0.60975492 0.85143876
vt 0.60859960 0.86890453
vt 0.70834118 0.19547331
vt 0.70548683 0.23377925
vt 0.68539953 0.23067367
vt 0.68232006 0.19136477
vt 0.76860553 0.66730940
vt 0.58502614 0.10954130
vt 0.58868891 0.11069387
vt 0.84568840 0.95192444
vt 0.84873313 0.96391094
vt 0.83715850 0.96678996
vt 0.01005505 0.16910851
vt 0.83715850 0.95148945
vt 0.01276295 0.68460202
vt 0.00249970 0.68269640
vt 0.00479171 0.66476911
vt 0.29992822 0.02008837
vt 0.60025817 0.88138378
vt 0.60499507 0.88223577
vt 0.17554997 0.60623795
vt 0.37650567 0.94924092
vt 0.36616403 0.94924092
vt 0.36683220 0.93141043
vt 0.75680321 0.90982741
vt 0.76417887 0.92397642
vt 0.75680321 0.93009663
vt 0.29129195 0.00232953
vt 0.51943916 0.98058933
vt 0.52780849 0.97374409
vt 0.52780849 0.98497695
vt 0.53733152 0.98351139
vt 0.53801793 0.97374415
vt 0.54505342 0.98495245
vt 0.65060931 0.98192197
vt 0.64386606 0.98487836
vt 0.64386606 0.97374409
vt 0.58045417 0.12645715
vt 0.58612353 0.12762904
vt 0.61740553 0.88415974
vt 0.61055613 0.88542640
vt 0.94392389 0.64945531
vt 0.94764566 0.66506332
vt 0.94392389 0.66686171
vt 0.54504925 0.97374415
vt 0.82171953 0.92730278
vt 0.81668770 0.91251624
vt 0.82186598 0.90983862
vt 0.77526051 0.93524671
vt 0.78491855 0.93324530
vt 0.78491855 0.95083636
vt 0.83147019 0.92343241
vt 0.83277953 0.91413903
vt 0.93488270 0.90935683
vt 0.92471975 0.89676237
vt 0.93488270 0.88964504
vt 0.07721051 0.95349741
vt 0.07817278 0.96838522
vt 0.06586009 0.96838522
vt 0.14249896 0.85032845
vt 0.88188815 0.68441075
vt 0.83277953 0.93009663
vt 0.03539034 0.98591369
vt 0.03539034 0.97374421
vt 0.04087209 0.97575027
vt 0.14645462 0.98554826
vt 0.14645462 0.97374415
vt 0.15550150 0.98197347
vt 0.46104872 0.86957002
vt 0.42185706 0.87111437
vt 0.46107960 0.85511947
vt 0.98050821 0.71573478
vt 0.98616523 0.71587896
vt 0.98252970 0.72692740
vt 0.97374403 0.71713692
vt 0.92476726 0.90718663
vt 0.97544426 0.72692740
vt 0.81313401 0.98478448
vt 0.81114376 0.97374415
vt 0.81510371 0.97374415
vt 0.00249970 0.69079214
vt 0.69887120 0.27296108
vt 0.68455553 0.27160454
vt 0.11652585 0.36983514
vt 0.15829082 0.36884964
vt 0.11963038 0.40479422
vt 0.07556117 0.37478125
vt 0.07845900 0.40828371
vt 0.03542026 0.38530660
vt 0.54351252 0.55914557
vt 0.12130357 0.44347662
vt 0.16313878 0.48586810
vt 0.07991379 0.44470030
vt 0.12115537 0.48458767
vt 0.03825960 0.41476274
vt 0.03910592 0.44761878
vt 0.07991379 0.48322165
vt 0.40623236 0.71603107
vt 0.43216148 0.74358857
vt 0.43205345 0.69399792
vt 0.94445485 0.14707267
vt 0.93478072 0.15324444
vt 0.93394601 0.14707267
vt 0.23132761 0.72575772
vt 0.22643520 0.72748554
vt 0.22114933 0.71013820
vt 0.62623805 0.95961469
vt 0.63176376 0.96637970
vt 0.62253523 0.96679002
vt 0.94764560 0.68600613
vt 0.94107550 0.67196971
vt 0.94764560 0.66853148
vt 0.22410753 0.70847899
vt 0.23132761 0.70717096
vt 0.94294339 0.15153503
vt 0.93975103 0.16591775
vt 0.97783947 0.66883790
vt 0.97374409 0.66581661
vt 0.98664540 0.66581661
vt 0.61900079 0.93975383
vt 0.60982049 0.95047599
vt 0.60934919 0.93671513
vt 0.21766606 0.71245962
vt 0.40357232 0.85135722
vt 0.41638976 0.85135722
vt 0.41091588 0.86682391
vt 0.40527439 0.86871111
vt 0.82001650 0.59227335
vt 0.96519458 0.30819422
vt 0.95766139 0.32377815
vt 0.95338154 0.30819422
vt 0.97374403 0.48368859
vt 0.97931033 0.47462040
vt 0.98005146 0.48007667
vt 0.97374392 0.80408418
vt 0.97374392 0.79632080
vt 0.98618245 0.80164564
vt 0.02345053 0.31691372
vt 0.00416468 0.32128841
vt 0.00259745 0.31617439
vt 0.96396458 0.32385862
vt 0.00323635 0.30941606
vt 0.98687381 0.48368859
vt 0.96519458 0.20580178
vt 0.95678419 0.19925094
vt 0.96519458 0.19036269
vt 0.72821426 0.95704734
vt 0.73590791 0.95997870
vt 0.72821426 0.96931154
vt 0.73865312 0.97157604
vt 0.00620078 0.32827687
vt 0.02366450 0.32243574
vt 0.63176376 0.95184624
vt 0.49137181 0.56886691
vt 0.49137181 0.58549821
vt 0.48228037 0.57887989
vt 0.22617801 0.68658495
vt 0.01906034 0.30867672
vt 0.00957218 0.53455085
vt 0.00435193 0.53078657
vt 0.00215448 0.51478744
vt 0.32510445 0.43175405
vt 0.32850337 0.43136817
vt 0.32914400 0.44877458
vt 0.32461214 0.44928914
vt 0.31497905 0.45127767
vt 0.33338147 0.43149996
vt 0.33447412 0.44832814
vt 0.44433725 0.78882605
vt 0.40252614 0.99785411
vt 0.39979547 0.98944241
vt 0.40396917 0.98819792
vt 0.93886209 0.52190226
vt 0.94285953 0.52092671
vt 0.93791527 0.53897905
vt 0.13562357 0.95225370
vt 0.13124333 0.94873780
vt 0.14098455 0.94947070
vt 0.14358267 0.96519458
vt 0.05914051 0.86530238
vt 0.04921280 0.86761129
vt 0.05353129 0.84932905
vt 0.06221917 0.86387908
vt 0.39441988 0.98819792
vt 0.93998158 0.60721940
vt 0.94445491 0.60875368
vt 0.93998158 0.62538230
vt 0.94285953 0.53923267
vt 0.13124336 0.96164805
vt 0.39516211 0.99688619
vt 0.98609257 0.75523132
vt 0.97667390 0.76583838
vt 0.97374398 0.75901508
vt 0.61900079 0.95402706
vt 0.41125000 0.88542640
vt 0.05434389 0.88383102
vt 0.41621578 0.88355911
vt 0.45467314 0.27452934
vt 0.45799121 0.27369750
vt 0.45982137 0.29114372
vt 0.45466292 0.29189730
vt 0.06221917 0.88247097
vt 0.69557828 0.17569262
vt 0.69203198 0.18346673
vt 0.68361324 0.16451931
vt 0.88064039 0.55305833
vt 0.87660694 0.55405527
vt 0.87765014 0.53691095
vt 0.98609257 0.76613319
vt 0.68361324 0.18153852
vt 0.78970462 0.95745015
vt 0.77513212 0.96998072
vt 0.77513212 0.95493037
vt 0.98670983 0.49618101
vt 0.98178887 0.50758225
vt 0.97374409 0.49618101
vt 0.46364421 0.27314520
vt 0.88064039 0.57113993
vt 0.46584597 0.28995860
vt 0.37557402 0.24126166
vt 0.37015897 0.24382240
vt 0.37015897 0.22256970
vt 0.81091303 0.94675821
vt 0.82639802 0.93178743
vt 0.82260710 0.94870734
vt 0.57752144 0.91830045
vt 0.56790292 0.92531049
vt 0.56790292 0.90354091
vt 0.03190726 0.37919736
vt 0.02857495 0.39651239
vt 0.02153655 0.39438128
vt 0.45475429 0.72461057
vt 0.45973963 0.77147615
vt 0.58293223 0.98819792
vt 0.58293223 0.99760610
vt 0.57680517 0.99178946
vt 0.04284226 0.31805503
vt 0.92653817 0.44467306
vt 0.93328732 0.44283664
vt 0.93328732 0.46265531
vt 0.00215448 0.55104613
vt 0.24089982 0.44191551
vt 0.23465881 0.42667145
vt 0.24089982 0.42064285
vt 0.32063237 0.46748710
vt 0.31688723 0.46722668
vt 0.31122240 0.46786988
vt 0.00910733 0.55135381
vt 0.46197197 0.30824339
vt 0.33502623 0.46601164
vt 0.33082908 0.46632946
vt 0.94751167 0.78858256
vt 0.95243168 0.79068637
vt 0.94751167 0.80565834
vt 0.06448042 0.83931625
vt 0.07019600 0.85625690
vt 0.06448042 0.85684580
vt 0.32731283 0.46709669
vt 0.44977242 0.30833739
vt 0.44785282 0.29301316
vt 0.45865393 0.30907530
vt 0.26444626 0.01785916
vt 0.26702830 0.00164831
vt 0.27121174 0.00383592
vt 0.13280112 0.90361625
vt 0.13698637 0.90146184
vt 0.14039199 0.91651005
vt 0.27121174 0.02393043
vt 0.13280112 0.92371517
vt 0.06740989 0.87425888
vt 0.94939113 0.89718479
vt 0.95402706 0.90481961
vt 0.94939113 0.91414297
vt 0.19942045 0.94573659
vt 0.19942045 0.96200395
vt 0.18737726 0.95911664
vt 0.33151001 0.48447448
vt 0.33502623 0.48370719
vt 0.01865353 0.92335945
vt 0.02871655 0.92197007
vt 0.02871655 0.94126415
vt 0.01429912 0.93292755
vt 0.46207282 0.67890000
vt 0.63018441 0.98473531
vt 0.63012803 0.97442251
vt 0.63482136 0.97374415
vt 0.93584299 0.22626948
vt 0.94011021 0.22586238
vt 0.93584299 0.24376583
vt 0.37947944 0.24887663
vt 0.82639802 0.94924098
vt 0.62506658 0.97374415
vt 0.94445491 0.22722298
vt 0.93977392 0.24409056
vt 0.30561826 0.97785121
vt 0.31682876 0.97374409
vt 0.31302285 0.97883129
vt 0.87674481 0.39039278
vt 0.88383114 0.38864493
vt 0.87742323 0.40632319
vt 0.94427520 0.24284321
vt 0.07270511 0.97611403
vt 0.07652406 0.97374415
vt 0.07652406 0.98568863
vt 0.68919683 0.96040851
vt 0.67897278 0.96040851
vt 0.68256593 0.95499831
vt 0.06744347 0.97755021
vt 0.68647355 0.94422257
vt 0.97374403 0.79415274
vt 0.97955412 0.79034394
vt 0.98608845 0.79415274
vt 0.97919798 0.78363335
vt 0.94445485 0.78810930
vt 0.93594199 0.78011864
vt 0.94445485 0.77025628
vt 0.84706938 0.20102721
vt 0.85137635 0.20042688
vt 0.84706938 0.21896553
vt 0.24991150 0.13554990
vt 0.25525808 0.14865154
vt 0.24991150 0.15315485
vt 0.51689762 0.58567619
vt 0.51374847 0.58552551
vt 0.51528174 0.56781167
vt 0.49716318 0.58653110
vt 0.49577516 0.56820023
vt 0.85670996 0.20180714
vt 0.85215259 0.21859419
vt 0.94538593 0.07338667
vt 0.94675696 0.05637336
vt 0.95721775 0.07338667
vt 0.87398106 0.21915025
vt 0.87245673 0.20373994
vt 0.87904501 0.20126915
vt 0.12426183 0.89586306
vt 0.11747544 0.89688700
vt 0.12762904 0.88029754
vt 0.06817333 0.80750978
vt 0.08614960 0.80636078
vt 0.06941435 0.82620257
vt 0.82456511 0.95125359
vt 0.83197606 0.95244014
vt 0.83437485 0.96678990
vt 0.82229930 0.96678990
vt 0.87773126 0.21995759
vt 0.85650992 0.21691161
vt 0.12762904 0.90519148
vt 0.08473218 0.82394874
vt 0.11780252 0.90188020
vt 0.85638088 0.63862115
vt 0.86154258 0.63812441
vt 0.85770345 0.65673465
vt 0.85386884 0.65606910
vt 0.47907156 0.71047169
vt 0.03941405 0.48176992
vt 0.00319989 0.45136082
vt 0.95243174 0.35622191
vt 0.95243174 0.37331492
vt 0.94589162 0.36568487
vt 0.03132015 0.36915350
vt 0.03053832 0.36555320
vt 0.05001523 0.36668694
vt 0.49577516 0.60195279
vt 0.50635368 0.60326570
vt 0.04969330 0.37012422
vt 0.85182762 0.23611373
vt 0.04695050 0.35935962
vt 0.34518906 0.43134975
vt 0.34938449 0.43222696
vt 0.33872557 0.44849283
vt 0.87904501 0.23611379
vt 0.85511458 0.94953680
vt 0.85167044 0.95083642
vt 0.85167044 0.93368375
vt 0.34277236 0.44854593
vt 0.07672146 0.84216762
vt 0.06817333 0.84235162
vt 0.31682876 0.98515826
vt 0.38448250 0.23365784
vt 0.94445491 0.34249181
vt 0.94445491 0.36055207
vt 0.93671066 0.35194308
vt 0.95400935 0.05785513
vt 0.88179290 0.40693474
vt 0.43355334 0.27232325
vt 0.43748641 0.27123678
vt 0.43800750 0.28968781
vt 0.87425888 0.25198448
vt 0.86459988 0.25215280
vt 0.87375367 0.23321068
vt 0.43329456 0.29053444
vt 0.44193345 0.27067316
vt 0.44351092 0.28828311
vt 0.46907970 0.26024687
vt 0.47448075 0.24262744
vt 0.47860888 0.24378037
vt 0.88383114 0.42277122
vt 0.47212899 0.26069546
vt 0.95402700 0.58998352
vt 0.94976568 0.59187967
vt 0.94976568 0.57489824
vt 0.47711793 0.75724822
vt 0.97374409 0.20849687
vt 0.97374409 0.20491815
vt 0.98798841 0.20817995
vt 0.34356448 0.46587688
vt 0.93647808 0.61899543
vt 0.93271828 0.62219161
vt 0.93271828 0.60389948
vt 0.00189369 0.36542189
vt 0.01098313 0.36240613
vt 0.01184059 0.38129628
vt 0.00230525 0.38085765
vt 0.01360711 0.34399307
vt 0.01621383 0.36213410
vt 0.01535631 0.37997973
vt 0.49647212 0.74614227
vt 0.50585747 0.70083743
vt 0.49357539 0.66554153
vt 0.02358828 0.41245365
vt 0.87425888 0.26802099
vt 0.91573828 0.03509796
vt 0.90775234 0.02667993
vt 0.91573828 0.01233381
vt 0.47222739 0.94880617
vt 0.45584264 0.95243174
vt 0.45584264 0.93525290
vt 0.01823977 0.41241574
vt 0.43591070 0.30839205
vt 0.44351092 0.30650210
vt 0.43984902 0.30690658
vt 0.47307459 0.27735990
vt 0.46687156 0.27821314
vt 0.94784397 0.65421402
vt 0.95243174 0.65311396
vt 0.95243174 0.67005253
vt 0.12922440 0.94631398
vt 0.11657194 0.95083642
vt 0.11657194 0.93337566
vt 0.49948111 0.61900079
vt 0.01959717 0.43047810
vt 0.46356803 0.32704937
vt 0.46584597 0.32610130
vt 0.03190726 0.41968977
vt 0.73975599 0.30967546
vt 0.74822533 0.32598937
vt 0.73975599 0.32900214
vt 0.48746541 0.80075097
vt 0.47703123 0.81265944
vt 0.46980172 0.29673755
vt 0.96519458 0.71403247
vt 0.95726168 0.72429472
vt 0.95726168 0.70891583
vt 0.50123882 0.98819786
vt 0.50159293 0.99781555
vt 0.49602148 0.99781555
vt 0.93101740 0.08552057
vt 0.93488270 0.09530866
vt 0.93101740 0.10210323
vt 0.47860888 0.29452246
vt 0.44245279 0.32545400
vt 0.90481085 0.95797956
vt 0.89511198 0.94607508
vt 0.90935689 0.94196653
vt 0.43645132 0.32513893
vt 0.02997616 0.43393874
vt 0.89511198 0.95881319
vt 0.07512824 0.99875724
vt 0.07613163 0.98833424
vt 0.07846048 0.98819792
vt 0.08196697 0.99875724
vt 0.71950078 0.98344076
vt 0.71939939 0.97374415
vt 0.72520232 0.98480010
vt 0.72520232 0.97403979
vt 0.74108833 0.33343083
vt 0.06781419 0.36823612
vt 0.06703242 0.36463594
vt 0.06601094 0.36027122
vt 0.08590959 0.36792600
vt 0.96200395 0.03828877
vt 0.94974482 0.03094262
vt 0.96200395 0.02210659
vt 0.08497047 0.35935962
vt 0.08614961 0.36292374
vt 0.33812696 0.46670038
vt 0.27609846 0.00497389
vt 0.28011563 0.00261152
vt 0.28237927 0.01026249
vt 0.27609846 0.02233505
vt 0.34227654 0.48499030
vt 0.34938449 0.48271728
vt 0.89806819 0.49147785
vt 0.89631683 0.47849274
vt 0.90094686 0.47184360
vt 0.00985125 0.39854187
vt 0.90616614 0.49037063
vt 0.42540756 0.98514348
vt 0.42540756 0.97374415
vt 0.43361920 0.97502822
vt 0.92971009 0.97872329
vt 0.91979814 0.98435336
vt 0.91979814 0.97374415
vt 0.97374403 0.56413132
vt 0.98670268 0.55887091
vt 0.98362231 0.56606239
vt 0.49962920 0.79127312
vt 0.43822265 0.99798787
vt 0.43822265 0.98819792
vt 0.44399983 0.99439991
vt 0.99456185 0.01735991
vt 0.99039632 0.01406687
vt 0.99701905 0.01406687
vt 0.88180542 0.99632853
vt 0.87513083 0.98928607
vt 0.88180542 0.98819798
vt 0.56726593 0.99769658
vt 0.56269526 0.99652654
vt 0.56726593 0.98819798
vt 0.98670268 0.56832033
vt 0.70165998 0.97374409
vt 0.70532602 0.97467786
vt 0.70165998 0.98493540
vt 0.20967516 0.98819798
vt 0.21527360 0.99158341
vt 0.20967516 0.99854064
vt 0.51327622 0.78353459
vt 0.51780236 0.73815835
vt 0.04378841 0.32573682
vt 0.25027558 0.49926239
vt 0.25685343 0.49905133
vt 0.04459196 0.32973725
vt 0.24232051 0.50705892
vt 0.19942038 0.92850125
vt 0.25521615 0.51689762
vt 0.24568434 0.51641333
vt 0.06221918 0.32810849
vt 0.19303893 0.08161145
vt 0.18615757 0.08614957
vt 0.18615757 0.06741863
vt 0.06097821 0.32118750
vt 0.97374409 0.41288650
vt 0.97695577 0.40497255
vt 0.98722631 0.41288644
vt 0.91531265 0.92633891
vt 0.92690587 0.93549097
vt 0.91531265 0.94445491
vt 0.46358940 0.84035665
vt 0.46956867 0.82563835
vt 0.95279229 0.86621571
vt 0.95721775 0.86154962
vt 0.95721775 0.87744963
vt 0.96033686 0.14415056
vt 0.96678990 0.15304154
vt 0.96033686 0.15953630
vt 0.67564720 0.92245281
vt 0.68547636 0.93404061
vt 0.67564720 0.94001311
vt 0.97461694 0.06162995
vt 0.98048174 0.06120443
vt 0.98184252 0.07172072
vt 0.97374415 0.07172072
vt 0.98791265 0.06118518
vt 0.98121405 0.73465466
vt 0.97374403 0.72909528
vt 0.98640871 0.72909528
vt 0.68760151 0.94126415
vt 0.78475636 0.97374421
vt 0.78385311 0.98466033
vt 0.77765501 0.97374421
vt 0.31768551 0.48499036
vt 0.00525173 0.56794924
vt 0.59364921 0.94924092
vt 0.59631586 0.94095522
vt 0.60623789 0.93159235
vt 0.60623789 0.94785541
vt 0.31065881 0.48473454
vt 0.93966883 0.86468673
vt 0.93286443 0.85636836
vt 0.93966883 0.84625959
vt 0.88259476 0.89427382
vt 0.89340323 0.90038311
vt 0.88259476 0.91213679
vt 0.11327079 0.94126415
vt 0.10412643 0.94126415
vt 0.10703380 0.92209649
vt 0.89160413 0.91099441
vt 0.89257139 0.91733372
vt 0.96432614 0.97439784
vt 0.96999913 0.98445725
vt 0.96288818 0.98445725
vt 0.79312247 0.98466033
vt 0.78692430 0.97374421
vt 0.79402566 0.97374421
vt 0.92442793 0.94438195
vt 0.20052868 0.99513215
vt 0.19464605 0.99854428
vt 0.19464605 0.98819792
vt 0.50339293 0.84919542
vt 0.50613368 0.84234911
vt 0.50187373 0.86431497
vt 0.68822068 0.31266630
vt 0.68076295 0.31159890
vt 0.50188917 0.85708970
vt 0.14615677 0.99214876
vt 0.15527390 0.98819792
vt 0.15527390 0.99854422
vt 0.96771687 0.97374421
vt 0.50986499 0.83585972
vt 0.51533097 0.82939255
vt 0.52128971 0.82430798
vt 0.52848536 0.82027149
vt 0.52766228 0.77787006
vt 0.54109597 0.85638416
vt 0.50359309 0.87156254
vt 0.53542948 0.81795210
vt 0.93807340 0.10335755
vt 0.92599916 0.11041462
vt 0.92659664 0.10624921
vt 0.93807340 0.12284297
vt 0.97455835 0.59896684
vt 0.98653620 0.59896684
vt 0.97783172 0.60542715
vt 0.27833441 0.04027033
vt 0.27007899 0.03965986
vt 0.28078389 0.02481318
vt 0.62755334 0.01682377
vt 0.62106800 0.01863188
vt 0.62305605 0.00197101
vt 0.63176382 0.00218254
vt 0.97374409 0.60726398
vt 0.88702184 0.63814521
vt 0.24698471 0.10280246
vt 0.24136011 0.10465896
vt 0.89470929 0.67962462
vt 0.00295898 0.28951639
vt 0.01835345 0.28601485
vt 0.01721486 0.29216087
vt 0.03406276 0.29354680
vt 0.00207836 0.28328228
vt 0.01771304 0.28125393
vt 0.03625220 0.28063983
vt 0.03547653 0.28529334
vt 0.00337695 0.27895057
vt 0.01811839 0.27713686
vt 0.03627970 0.27610314
vt 0.00303586 0.59329712
vt 0.00736466 0.57761317
vt 0.01116754 0.57917082
vt 0.01004350 0.59403235
vt 0.00229163 0.61126810
vt 0.95989031 0.84838521
vt 0.95291215 0.84411556
vt 0.96040851 0.84393394
vt 0.95721775 0.16215801
vt 0.95310241 0.15966249
vt 0.95344311 0.15547544
vt 0.12012565 0.98968744
vt 0.12606323 0.99514139
vt 0.12012565 0.99858850
vt 0.70149702 0.00225556
vt 0.70789558 0.00125235
vt 0.70864308 0.01535708
vt 0.95310241 0.17229921
vt 0.70344079 0.01647496
vt 0.35464263 0.65523940
vt 0.37972522 0.68480378
vt 0.12881835 0.98819792
vt 0.26034331 0.02343410
vt 0.26771972 0.02481163
vt 0.25837687 0.03783017
vt 0.01996153 0.61841327
vt 0.02393043 0.63268667
vt 0.01869935 0.63223124
vt 0.82151860 0.98819798
vt 0.82151860 0.99685925
vt 0.81739634 0.99329859
vt 0.95083636 0.92705852
vt 0.94454283 0.93009663
vt 0.94454283 0.91293222
vt 0.37318072 0.99820477
vt 0.36911193 0.98854154
vt 0.37318072 0.98819792
vt 0.98468256 0.54613054
vt 0.98666197 0.55670285
vt 0.97644955 0.55309010
vt 0.93816882 0.82798374
vt 0.00875935 0.61100858
vt 0.70149702 0.03350264
vt 0.05290465 0.28628862
vt 0.05019744 0.29146892
vt 0.05367286 0.28067905
vt 0.01116754 0.62688708
vt 0.05460106 0.27688384
vt 0.00251665 0.62857306
vt 0.70993656 0.03082651
vt 0.26846084 0.05636579
vt 0.00201401 0.35895669
vt 0.00201401 0.33464926
vt 0.00797683 0.35459578
vt 0.27583724 0.05774325
vt 0.95482576 0.02233505
vt 0.95482576 0.00637287
vt 0.96040857 0.01134449
vt 0.27348527 0.07553434
vt 0.26712579 0.07446527
vt 0.76258349 0.30202782
vt 0.75458103 0.29727173
vt 0.75700939 0.28511959
vt 0.01869935 0.64771736
vt 0.22335081 0.17986161
vt 0.22335081 0.20420647
vt 0.21521637 0.19323152
vt 0.32751778 0.67374277
vt 0.32816616 0.62307221
vt 0.35143408 0.70545989
vt 0.62753743 0.03552634
vt 0.28078389 0.05820978
vt 0.99657840 0.03792560
vt 0.99039638 0.03500623
vt 0.99657840 0.03359294
vt 0.97374409 0.22220391
vt 0.98779505 0.22220391
vt 0.98607635 0.22874057
vt 0.46329358 0.00173020
vt 0.46744135 0.00332177
vt 0.46329358 0.01914436
vt 0.63159680 0.03427702
vt 0.96359926 0.77694184
vt 0.95664001 0.77344286
vt 0.96359926 0.76187712
vt 0.91525453 0.72608936
vt 0.91706198 0.71057236
vt 0.92371517 0.71236378
vt 0.64572775 0.91910571
vt 0.64612216 0.93807352
vt 0.64058244 0.93807352
vt 0.10549644 0.35447985
vt 0.12210310 0.35634267
vt 0.10318515 0.36055207
vt 0.92371517 0.73227161
vt 0.98727465 0.34621882
vt 0.97374409 0.34945667
vt 0.97374409 0.33735526
vt 0.02233514 0.25206733
vt 0.01435787 0.23867321
vt 0.02233514 0.23341757
vt 0.90518153 0.84255821
vt 0.91254771 0.84412241
vt 0.90518153 0.86149597
vt 0.91178745 0.86140335
vt 0.96226174 0.87655008
vt 0.96359926 0.89180791
vt 0.95470214 0.89180791
vt 0.97374409 0.55670285
vt 0.95948195 0.20511878
vt 0.96838528 0.21119380
vt 0.95948195 0.22016007
vt 0.27802870 0.07646400
vt 0.26913172 0.09412640
vt 0.95610482 0.51530218
vt 0.95610482 0.49966347
vt 0.96040857 0.50339603
vt 0.12383396 0.35155737
vt 0.14037807 0.35857379
vt 0.76896495 0.67966789
vt 0.76219463 0.67507023
vt 0.76428151 0.66198635
vt 0.14143749 0.35283446
vt 0.64540601 0.03343332
vt 0.64771736 0.05105162
vt 0.64068741 0.03506625
vt 0.63269883 0.01836884
vt 0.63176382 0.05264699
vt 0.76577425 0.54818600
vt 0.75701851 0.54779315
vt 0.76257145 0.53091425
vt 0.76264727 0.56384259
vt 0.75553054 0.56769150
vt 0.30582267 0.64000124
vt 0.29905546 0.68831676
vt 0.31869110 0.72196358
vt 0.75387031 0.69109619
vt 0.15839809 0.36055207
vt 0.76896495 0.69907176
vt 0.14283465 0.34841239
vt 0.15953629 0.35419661
vt 0.12389437 0.34665573
vt 0.94605023 0.89788109
vt 0.94115227 0.91573828
vt 0.93755847 0.89788109
vt 0.08419333 0.85351914
vt 0.08419333 0.83475137
vt 0.09253101 0.85128075
vt 0.24986324 0.08417833
vt 0.24411210 0.08475363
vt 0.50655603 0.65728951
vt 0.47063208 0.64823765
vt 0.46029156 0.65019578
vt 0.46708223 0.63133973
vt 0.66803312 0.93857872
vt 0.67802924 0.95464128
vt 0.66803312 0.95562238
vt 0.25324863 0.08247894
vt 0.14449987 0.26002008
vt 0.47063208 0.67324317
vt 0.46087331 0.66894758
vt 0.24615559 0.06614077
vt 0.25190672 0.06556553
vt 0.51634347 0.17425144
vt 0.52099448 0.17396784
vt 0.51634347 0.19364369
vt 0.54242343 0.12336355
vt 0.54242343 0.14198732
vt 0.53778028 0.13975513
vt 0.94285953 0.33662164
vt 0.93323106 0.32083380
vt 0.94285953 0.31786680
vt 0.25844875 0.06462342
vt 0.52806515 0.19029737
vt 0.23976514 0.08518308
vt 0.93328732 0.04626548
vt 0.92774880 0.02914351
vt 0.93328732 0.02672696
vt 0.07179130 0.28476661
vt 0.06844606 0.29354680
vt 0.32226557 0.99808455
vt 0.31840077 0.98819792
vt 0.32750860 0.98819792
vt 0.02197922 0.91601908
vt 0.02197922 0.89679348
vt 0.03084433 0.89596611
vt 0.03669335 0.90987176
vt 0.80203688 0.98389477
vt 0.79619366 0.98472023
vt 0.79619366 0.97374415
vt 0.03344116 0.91892910
vt 0.20337626 0.95319438
vt 0.21218330 0.96838528
vt 0.20186293 0.96838528
vt 0.37995777 0.98507351
vt 0.37995777 0.97374409
vt 0.38597569 0.97687912
vt 0.39027417 0.98073685
vt 0.23066123 0.98556131
vt 0.22387132 0.98222059
vt 0.23066123 0.97374415
vt 0.30239502 0.59059006
vt 0.34102964 0.98819792
vt 0.34102964 0.99819684
vt 0.33567882 0.98893148
vt 0.36486003 0.97374415
vt 0.36486003 0.98535419
vt 0.35919523 0.98299986
vt 0.95677263 0.81335431
vt 0.96519458 0.80528229
vt 0.96519458 0.82001656
vt 0.28444210 0.60368037
vt 0.27732173 0.55936664
vt 0.95415819 0.98449069
vt 0.95639110 0.97374409
vt 0.96072012 0.98449069
vt 0.52759022 0.19782495
vt 0.06684056 0.93509936
vt 0.07338676 0.93308270
vt 0.07338676 0.95083648
vt 0.06341639 0.94892955
vt 0.98005730 0.85820645
vt 0.97374403 0.85204971
vt 0.98615426 0.85204971
vt 0.98703265 0.98446172
vt 0.98424911 0.98214936
vt 0.98703265 0.97374415
vt 0.28114030 0.65229017
vt 0.26454115 0.61439496
vt 0.26481575 0.56837451
vt 0.71842754 0.93303734
vt 0.72429484 0.94767773
vt 0.71842754 0.95083636
vt 0.74772990 0.31473196
vt 0.76258349 0.32121795
vt 0.26317546 0.09259427
vt 0.75196159 0.32545400
vt 0.13129923 0.97374415
vt 0.13742131 0.97374415
vt 0.13088137 0.98479557
vt 0.76577425 0.57113993
vt 0.13794117 0.98572838
vt 0.91945952 0.13862973
vt 0.92850131 0.14976072
vt 0.91945952 0.15418708
vt 0.76037204 0.70195973
vt 0.92466807 0.15953630
vt 0.55425876 0.97374415
vt 0.54938596 0.97763199
vt 0.54722148 0.97387481
vt 0.51439208 0.98819792
vt 0.51810282 0.99022603
vt 0.51439208 0.99787092
vt 0.55425876 0.98498601
vt 0.84399116 0.99656624
vt 0.83992368 0.98819798
vt 0.84715933 0.98819798
vt 0.26825422 0.69825065
vt 0.28366411 0.73287272
vt 0.52008832 0.68603659
vt 0.51922053 0.69544238
vt 0.50786960 0.69717366
vt 0.50786960 0.67776477
vt 0.25461966 0.66029429
vt 0.23678099 0.70174700
vt 0.24385835 0.62058091
vt 0.22837369 0.66352612
vt 0.40340784 0.71296698
vt 0.51229447 0.94387305
vt 0.52008832 0.93568361
vt 0.52008832 0.94764555
vt 0.53042567 0.18882233
vt 0.53492957 0.19448251
vt 0.53134143 0.19643140
vt 0.37406030 0.73386693
vt 0.82465070 0.74324882
vt 0.82024211 0.70529377
vt 0.85400152 0.70619148
vt 0.51313293 0.92971259
vt 0.51190442 0.93443060
vt 0.98704582 0.52637905
vt 0.97374415 0.52637905
vt 0.97679704 0.52257895
vt 0.52771044 0.20420647
vt 0.53923267 0.20420647
vt 0.93807340 0.36033064
vt 0.93061501 0.36772478
vt 0.93061501 0.35558617
vt 0.80910921 0.94944519
vt 0.82001656 0.95388126
vt 0.80910921 0.96519458
vt 0.90709090 0.83824742
vt 0.64771736 0.01185310
vt 0.63548166 0.00152516
vt 0.93801922 0.36988688
vt 0.93578315 0.37491030
vt 0.87010503 0.93258929
vt 0.87744975 0.92788500
vt 0.87744975 0.94605023
vt 0.90883446 0.47528130
vt 0.91513789 0.46404910
vt 0.91573840 0.46867442
vt 0.91573840 0.48179960
vt 0.90485024 0.46825409
vt 0.90759110 0.45885408
vt 0.91416097 0.06316286
vt 0.91558403 0.05901629
vt 0.92052442 0.06531346
vt 0.55729592 0.91361374
vt 0.56402171 0.90245616
vt 0.56475848 0.90644813
vt 0.97374409 0.83446741
vt 0.97778463 0.83069915
vt 0.98631680 0.83446741
vt 0.56475848 0.91892910
vt 0.91416097 0.08136356
vt 0.92775154 0.18996036
vt 0.92775154 0.17802280
vt 0.93488270 0.18253767
vt 0.93482929 0.19302666
vt 0.55326515 0.90598649
vt 0.55551058 0.89615041
vt 0.86147070 0.78559065
vt 0.85954118 0.74410617
vt 0.89306915 0.74599236
vt 0.89499867 0.78747690
vt 0.82586962 0.78468859
vt 0.96854192 0.98819792
vt 0.97043127 0.98890585
vt 0.96854192 0.99556345
vt 0.00145557 0.11486614
vt 0.00145557 0.09701550
vt 0.00319071 0.09777081
vt 0.87425882 0.94624710
vt 0.86721063 0.94924098
vt 0.86721063 0.93179494
vt 0.34448215 0.02233511
vt 0.32762912 0.02137518
vt 0.34067237 0.01334620
vt 0.36017546 0.01138425
vt 0.00587636 0.41042018
vt 0.00256708 0.40966249
vt 0.00393588 0.39251220
vt 0.36116806 0.01551396
vt 0.89422852 0.36246222
vt 0.89917415 0.34767091
vt 0.90616614 0.35075855
vt 0.89944404 0.36741370
vt 0.92516851 0.34511220
vt 0.93009669 0.34954846
vt 0.92516851 0.36533815
vt 0.89254707 0.34779245
vt 0.32217583 0.01087415
vt 0.33598280 0.00927526
vt 0.32154873 0.00190347
vt 0.93246078 0.19782501
vt 0.89364606 0.38542044
vt 0.89349067 0.38103914
vt 0.89960873 0.38427794
vt 0.89978468 0.37153721
vt 0.44351092 0.23036194
vt 0.44351092 0.24615121
vt 0.43798062 0.24610555
vt 0.56325227 0.10662496
vt 0.55013204 0.10681939
vt 0.55447918 0.09186286
vt 0.89978468 0.40043616
vt 0.43178350 0.24177676
vt 0.56794930 0.09211028
vt 0.06135667 0.97480309
vt 0.06527542 0.97374415
vt 0.06527542 0.98567981
vt 0.96519458 0.06690830
vt 0.95848382 0.06425685
vt 0.96519458 0.05672336
vt 0.05519410 0.98376197
vt 0.44198442 0.26483035
vt 0.55254650 0.12620139
vt 0.54697192 0.12528431
vt 0.53214991 0.96200389
vt 0.53214991 0.94584179
vt 0.54242343 0.95306557
vt 0.43780407 0.26365054
vt 0.13241515 0.04147947
vt 0.12827718 0.03765875
vt 0.13241515 0.02213144
vt 0.44447747 0.89654571
vt 0.45308304 0.91306829
vt 0.44447747 0.91892910
vt 0.12593484 0.31962526
vt 0.12418652 0.32475913
vt 0.10607561 0.31132102
vt 0.98628581 0.84054583
vt 0.97374409 0.84054583
vt 0.97727877 0.83663553
vt 0.93647808 0.20232749
vt 0.93647808 0.22175545
vt 0.92896807 0.20332676
vt 0.99605393 0.05776238
vt 0.99039644 0.05788296
vt 0.99039644 0.05347776
vt 0.99477410 0.09137738
vt 0.99039626 0.09137738
vt 0.99188632 0.08864254
vt 0.11805686 0.88206351
vt 0.10667703 0.86356241
vt 0.10961774 0.86507106
vt 0.54730773 0.14382905
vt 0.58709353 0.84362334
vt 0.58418649 0.84449035
vt 0.58385593 0.82588440
vt 0.11047546 0.87832904
vt 0.55910665 0.12610424
vt 0.56085968 0.14389157
vt 0.55215102 0.14517808
vt 0.56794930 0.12513107
vt 0.09033366 0.83391720
vt 0.09050865 0.81759739
vt 0.89254707 0.37810099
vt 0.78329313 0.74332207
vt 0.78298831 0.70529085
vt 0.00797683 0.42774642
vt 0.00408687 0.42922640
vt 0.74681097 0.55464631
vt 0.75301135 0.57341236
vt 0.74634218 0.56835443
vt 0.37650567 0.00637960
vt 0.14286339 0.32020700
vt 0.37613502 0.00190347
vt 0.14228375 0.32864475
vt 0.00256705 0.44670165
vt 0.73836213 0.58456403
vt 0.75301135 0.59274799
vt 0.90603125 0.91859233
vt 0.91041362 0.91853321
vt 0.91095227 0.93614566
vt 0.90603125 0.93807334
vt 0.16097242 0.32703745
vt 0.74354565 0.74438840
vt 0.74479246 0.70623183
vt 0.10667703 0.89659405
vt 0.43712947 0.91217524
vt 0.42291456 0.92236650
vt 0.42291456 0.90174717
vt 0.58385593 0.86149597
vt 0.36927879 0.90762091
vt 0.37650567 0.92012632
vt 0.36093050 0.92613095
vt 0.36093050 0.90675622
vt 0.15396604 0.31132102
vt 0.43556586 0.92371511
vt 0.37235561 0.92850131
vt 0.96316773 0.07179135
vt 0.96678984 0.51689762
vt 0.95795631 0.51689762
vt 0.96416169 0.50202584
vt 0.90105528 0.03877074
vt 0.90776157 0.03341293
vt 0.90762913 0.04429525
vt 0.22766207 0.03621161
vt 0.23880303 0.03348041
vt 0.23930444 0.04853255
vt 0.90068746 0.04408956
vt 0.90776157 0.05902839
vt 0.55199552 0.33842170
vt 0.54771841 0.35355943
vt 0.54270428 0.35073781
vt 0.22536407 0.05100209
vt 0.22138648 0.05112904
vt 0.22949328 0.05199677
vt 0.98601705 0.97143012
vt 0.97374409 0.97143012
vt 0.97648233 0.96750540
vt 0.94030106 0.98819798
vt 0.94030106 0.99591988
vt 0.93373191 0.99118328
vt 0.95083642 0.44389093
vt 0.95083642 0.46105993
vt 0.94420469 0.44760674
vt 0.02011406 0.98135889
vt 0.01828427 0.98562622
vt 0.00834038 0.98562622
vt 0.00908869 0.97878408
vt 0.01693145 0.97374415
vt 0.40572074 0.01595360
vt 0.40949836 0.00144017
vt 0.41798511 0.01595360
vt 0.54677480 0.36938179
vt 0.22869226 0.07017499
vt 0.55199552 0.37316728
vt 0.41819152 0.94197387
vt 0.42436656 0.95596468
vt 0.41819152 0.95881313
vt 0.95881307 0.30311894
vt 0.95091712 0.29763097
vt 0.95881307 0.28689051
vt 0.56741291 0.93813992
vt 0.56275970 0.93217891
vt 0.57592601 0.92423362
vt 0.82665706 0.67747015
vt 0.83437485 0.66419047
vt 0.83180571 0.68096310
vt 0.57592601 0.94285953
vt 0.23361152 0.07037246
vt 0.00227686 0.07976812
vt 0.00387290 0.06636786
vt 0.01507466 0.06078291
vt 0.82900089 0.69911474
vt 0.81840879 0.68819690
vt 0.78338093 0.78480220
vt 0.56329560 0.94074094
vt 0.95881313 0.83916092
vt 0.95203674 0.83401293
vt 0.95877147 0.82675469
vt 0.18706696 0.02007157
vt 0.20010994 0.01765263
vt 0.19449379 0.03564942
vt 0.18384282 0.03611946
vt 0.95029879 0.82545769
vt 0.48225683 0.93884629
vt 0.48984772 0.93324476
vt 0.49456251 0.94151950
vt 0.48292062 0.94605023
vt 0.95881313 0.82316083
vt 0.20420648 0.01747185
vt 0.20133795 0.03263521
vt 0.49456251 0.92754632
vt 0.48717424 0.92765892
vt 0.94492614 0.54478091
vt 0.95243174 0.54130936
vt 0.95243174 0.55837703
vt 0.76577425 0.92785406
vt 0.75675315 0.94221383
vt 0.75262743 0.93661690
vt 0.98786438 0.10449004
vt 0.98797798 0.11214936
vt 0.98313999 0.11130446
vt 0.87160379 0.65361881
vt 0.86643553 0.65104997
vt 0.87266350 0.63674396
vt 0.21191168 0.03551638
vt 0.20363514 0.03576946
vt 0.20761734 0.02007550
vt 0.97487533 0.10488045
vt 0.22107130 0.01797497
vt 0.69217521 0.95838422
vt 0.70355505 0.94764900
vt 0.70355505 0.96359921
vt 0.76577425 0.94605029
vt 0.75260723 0.94476908
vt 0.99587107 0.04009366
vt 0.99612296 0.04561865
vt 0.99039632 0.04561865
vt 0.92850131 0.27918851
vt 0.92417347 0.26218718
vt 0.92850131 0.25889087
vt 0.87266350 0.67164779
vt 0.10210321 0.92660010
vt 0.09187095 0.92690581
vt 0.09187095 0.90622699
vt 0.31291321 0.04310787
vt 0.30613500 0.06062382
vt 0.30057240 0.05832064
vt 0.30580324 0.04241508
vt 0.98399901 0.61788750
vt 0.97374409 0.60943192
vt 0.98642331 0.60943192
vt 0.54485434 0.39035606
vt 0.59187967 0.01938474
vt 0.58492696 0.01510233
vt 0.58188868 0.00119478
vt 0.00856418 0.04253966
vt 0.23736717 0.08905101
vt 0.55034828 0.39086390
vt 0.23232187 0.08844346
vt 0.01754897 0.04215503
vt 0.19255884 0.05516940
vt 0.83437485 0.70036429
vt 0.19747467 0.05495250
vt 0.21386889 0.05435884
vt 0.20907404 0.05493653
vt 0.99194592 0.06763411
vt 0.99593604 0.07163137
vt 0.99039644 0.07163137
vt 0.95881313 0.80565834
vt 0.95423263 0.79279685
vt 0.95881313 0.78981078
vt 0.17870891 0.88676757
vt 0.18027602 0.89072174
vt 0.17870891 0.90935689
vt 0.91414303 0.22494614
vt 0.90905243 0.21775526
vt 0.91414303 0.20222694
vt 0.19673216 0.07283998
vt 0.19363940 0.07453024
vt 0.30591577 0.02424866
vt 0.20173144 0.07375181
vt 0.31588188 0.02463168
vt 0.58188868 0.03350264
vt 0.74116272 0.59507036
vt 0.16272701 0.31502676
vt 0.23880522 0.98559785
vt 0.23282923 0.98556668
vt 0.23372635 0.97812539
vt 0.97744083 0.96236569
vt 0.98609680 0.96533757
vt 0.97374403 0.96533757
vt 0.23766086 0.97400767
vt 0.23282923 0.97374415
vt 0.28838116 0.14222485
vt 0.32285532 0.16223168
vt 0.29996765 0.18738008
vt 0.26684967 0.16573149
vt 0.93615431 0.00222719
vt 0.94124752 0.00255901
vt 0.94126409 0.02026296
vt 0.93615431 0.02073973
vt 0.25158080 0.97411656
vt 0.24709854 0.97772378
vt 0.24664095 0.97374415
vt 0.17455146 0.97374415
vt 0.17741773 0.97679347
vt 0.17455146 0.98581731
vt 0.25158080 0.98557740
vt 0.86312211 0.99462515
vt 0.85735828 0.99643993
vt 0.85735828 0.98819804
vt 0.93305933 0.29244113
vt 0.93415880 0.27489883
vt 0.93966883 0.27420908
vt 0.23930444 0.10688931
vt 0.93966883 0.29354680
vt 0.94195187 0.59549224
vt 0.95083636 0.59549224
vt 0.94964516 0.61261946
vt 0.19929065 0.09253109
vt 0.75301135 0.91954708
vt 0.73787457 0.93169206
vt 0.73599374 0.91150558
vt 0.20420648 0.09231412
vt 0.31540841 0.00463969
vt 0.15634547 0.30410719
vt 0.14136794 0.31269115
vt 0.14136794 0.29338229
vt 0.74221236 0.78577906
vt 0.01597337 0.02284449
vt 0.00227685 0.03012317
vt 0.01062730 0.02622759
vt 0.06725598 0.33502626
vt 0.06725598 0.31712186
vt 0.07338670 0.32357979
vt 0.93254608 0.94207704
vt 0.93328732 0.94983685
vt 0.92523402 0.94744211
vt 0.93328732 0.95881319
vt 0.92179495 0.95231873
vt 0.92348284 0.95748055
vt 0.30057240 0.01139766
vt 0.75075120 0.93169206
vt 0.30530053 0.00247335
vt 0.97736710 0.89045256
vt 0.98611945 0.89264917
vt 0.97374403 0.89264917
vt 0.25863621 0.97493273
vt 0.25374871 0.97823977
vt 0.25414044 0.97374415
vt 0.98528033 0.88697290
vt 0.25863621 0.98557663
vt 0.33113870 0.21344405
vt 0.35596925 0.18609720
vt 0.30392310 0.24198920
vt 0.27339965 0.21519244
vt 0.70265394 0.78774887
vt 0.70440775 0.74627322
vt 0.33373395 0.27191186
vt 0.36153626 0.24281007
vt 0.25444847 0.53046805
vt 0.25136316 0.57571727
vt 0.24794511 0.53479433
vt 0.23701899 0.58044040
vt 0.24094099 0.53876531
vt 0.22339524 0.62294900
vt 0.22339524 0.58170098
vt 0.82522339 0.52043915
vt 0.82795984 0.52689499
vt 0.78577185 0.53763735
vt 0.78263813 0.52447551
vt 0.74087322 0.50955003
vt 0.74177337 0.53042233
vt 0.70262271 0.53249586
vt 0.70103365 0.50567186
vt 0.83820421 0.53519911
vt 0.83293623 0.53142416
vt 0.82316947 0.51415133
vt 0.78174430 0.50938702
vt 0.82238132 0.50652313
vt 0.78318977 0.49404836
vt 0.82324982 0.49847662
vt 0.78833944 0.47879553
vt 0.82548344 0.49076629
vt 0.74357808 0.48708725
vt 0.74998724 0.46471024
vt 0.23585604 0.14916354
vt 0.24339789 0.19023204
vt 0.21610719 0.16979557
vt 0.66467619 0.49896127
vt 0.66805094 0.46509898
vt 0.70470637 0.47683907
vt 0.24555902 0.24326581
vt 0.21796495 0.21590257
vt 0.71247429 0.44901443
vt 0.67688602 0.43258083
vt 0.21761914 0.27048695
vt 0.19301942 0.24016404
vt 0.27484816 0.27135211
vt 0.30459809 0.30145097
vt 0.24508730 0.30041939
vt 0.27425054 0.33107495
vt 0.24562472 0.35800040
vt 0.21646148 0.32734489
vt 0.89314371 0.82972646
vt 0.85919529 0.82792521
vt 0.85454208 0.86865389
vt 0.88748986 0.87028074
vt 0.82430476 0.82706779
vt 0.82036215 0.86784124
vt 0.68732476 0.13393593
vt 0.69557828 0.12094414
vt 0.69530201 0.13560587
vt 0.89554757 0.28779447
vt 0.91095227 0.28779447
vt 0.89827818 0.29751492
vt 0.00922446 0.95170152
vt 0.00957219 0.96679002
vt 0.00140571 0.96679002
vt 0.66388202 0.40881741
vt 0.67164785 0.41585642
vt 0.66129297 0.42564964
vt 0.74740481 0.96074086
vt 0.74204314 0.96367007
vt 0.74385685 0.95403576
vt 0.68732476 0.11649597
vt 0.75620204 0.94939876
vt 0.00552897 0.01861584
vt 0.00232364 0.00195789
vt 0.02158306 0.00932556
vt 0.02246651 0.01914436
vt 0.87904507 0.28186619
vt 0.87448287 0.27912748
vt 0.87904507 0.26394588
vt 0.75620204 0.96519458
vt 0.90915149 0.30190730
vt 0.95881313 0.73103791
vt 0.95271987 0.74100590
vt 0.95069253 0.73034501
vt 0.60399663 0.39681834
vt 0.61515242 0.39778876
vt 0.60650098 0.40599662
vt 0.93828404 0.96998060
vt 0.93788368 0.95528764
vt 0.94605011 0.95528764
vt 0.75460666 0.60419059
vt 0.74359018 0.61396760
vt 0.74692059 0.59756285
vt 0.98781794 0.14407891
vt 0.97374403 0.14052153
vt 0.98781794 0.13411504
vt 0.24728124 0.12476474
vt 0.23862995 0.13450235
vt 0.24082541 0.11299646
vt 0.89616299 0.31747723
vt 0.67164785 0.43810272
vt 0.29159865 0.47590983
vt 0.29833287 0.48015904
vt 0.29159865 0.49296719
vt 0.82155985 0.56134480
vt 0.82278174 0.57911676
vt 0.81613922 0.57493299
vt 0.66171932 0.89674884
vt 0.66207564 0.91391087
vt 0.64529330 0.90203959
vt 0.93982738 0.49063110
vt 0.94285959 0.49374133
vt 0.93982738 0.50892079
vt 0.64497793 0.89301181
vt 0.98640120 0.46302021
vt 0.98684186 0.47245240
vt 0.97374409 0.47245240
vt 0.83277953 0.57508183
vt 0.97536802 0.46201724
vt 0.78846097 0.94935101
vt 0.79328734 0.93846798
vt 0.79608607 0.95083636
vt 0.69353253 0.94924092
vt 0.69078797 0.93693858
vt 0.70355505 0.94478559
vt 0.70706385 0.93499124
vt 0.71312726 0.94783503
vt 0.70706385 0.95243174
vt 0.39846799 0.52189952
vt 0.40522218 0.53006238
vt 0.39443752 0.53879350
vt 0.68239474 0.04467022
vt 0.66778827 0.00120950
vt 0.69876897 0.00120950
vt 0.58526611 0.50717568
vt 0.59985650 0.54460895
vt 0.58526611 0.55518627
vt 0.67271954 0.99727619
vt 0.66689467 0.98819798
vt 0.67271954 0.98850197
vt 0.61740547 0.84867126
vt 0.61167008 0.84873313
vt 0.60525900 0.83306450
vt 0.92347920 0.45299113
vt 0.92371517 0.45786917
vt 0.91719079 0.45200121
vt 0.92371517 0.43686312
vt 0.60978675 0.83004713
vt 0.61740547 0.83022112
vt 0.66729486 0.99636066
vt 0.90138006 0.91796011
vt 0.89557701 0.92371517
vt 0.89557701 0.90211147
vt 0.68294781 0.74811667
vt 0.80320460 0.98833030
vt 0.80797446 0.98819798
vt 0.80797446 0.99691623
vt 0.69284409 0.74740648
vt 0.52229053 0.56896681
vt 0.52646977 0.58433992
vt 0.52077419 0.58386904
vt 0.64497793 0.91733372
vt 0.60775894 0.81277436
vt 0.52077419 0.60145187
vt 0.79385757 0.66009361
vt 0.80246758 0.67864680
vt 0.79776186 0.67946553
vt 0.11770931 0.57022607
vt 0.12507246 0.57380402
vt 0.12099656 0.59264570
vt 0.22973229 0.00170892
vt 0.20869009 0.01115716
vt 0.20687750 0.00371903
vt 0.60227609 0.90788114
vt 0.60783327 0.92850131
vt 0.59767616 0.92850131
vt 0.39086390 0.91641009
vt 0.38143483 0.91892910
vt 0.38143483 0.89613861
vt 0.78846097 0.93315339
vt 0.79488271 0.93318963
vt 0.17058763 0.02084798
vt 0.18506210 0.01738375
vt 0.17893428 0.03678966
vt 0.16891073 0.03783226
vt 0.87569487 0.68423325
vt 0.87463641 0.66774386
vt 0.88064039 0.66774386
vt 0.87960511 0.68628603
vt 0.69362575 0.93154788
vt 0.70355505 0.93237734
vt 0.88248312 0.30525565
vt 0.89180791 0.29585600
vt 0.88894582 0.31588185
vt 0.88248312 0.28236556
vt 0.17874439 0.05631024
vt 0.18357623 0.05501276
vt 0.41147602 0.95360619
vt 0.41798517 0.96838528
vt 0.40812480 0.96838528
vt 0.21266960 0.93169200
vt 0.20228037 0.92558253
vt 0.21696937 0.91028374
vt 0.40522218 0.55252290
vt 0.82092327 0.55731374
vt 0.83277953 0.54267466
vt 0.40043592 0.56475848
vt 0.81843561 0.90706241
vt 0.85959584 0.90935683
vt 0.56635386 0.48179966
vt 0.56042331 0.47512913
vt 0.56635386 0.46651000
vt 0.91254765 0.90655977
vt 0.90535641 0.91414303
vt 0.90535641 0.89094710
vt 0.91929221 0.18984818
vt 0.91929221 0.16870981
vt 0.92690593 0.17237020
vt 0.93320566 0.12257570
vt 0.93966883 0.12856799
vt 0.93320566 0.14198732
vt 0.44777212 0.57087511
vt 0.43985793 0.57405835
vt 0.44989234 0.55140209
vt 0.93761510 0.73174375
vt 0.94285953 0.74971205
vt 0.93761510 0.74982065
vt 0.16113167 0.90301365
vt 0.16113167 0.92371517
vt 0.15722090 0.92100656
vt 0.93328732 0.25206733
vt 0.92856789 0.25080895
vt 0.93328732 0.23256278
vt 0.99039632 0.07379961
vt 0.99584574 0.07379961
vt 0.99159354 0.07620394
vt 0.95402706 0.41479445
vt 0.94993150 0.40160394
vt 0.95402706 0.39781749
vt 0.92072070 0.51697040
vt 0.92211980 0.51945698
vt 0.92072070 0.53763729
vt 0.41638976 0.91892910
vt 0.41173330 0.91247600
vt 0.41638976 0.89701653
vt 0.44989234 0.58928847
vt 0.26163951 0.01914430
vt 0.25709301 0.00325525
vt 0.26163951 0.00149661
vt 0.44069034 0.59347504
vt 0.34619373 0.93966877
vt 0.34159705 0.93966877
vt 0.34218466 0.92065471
vt 0.97374398 0.11214936
vt 0.98797262 0.12461913
vt 0.98781621 0.13194728
vt 0.97374409 0.12461913
vt 0.22335081 0.03243494
vt 0.97462523 0.61971468
vt 0.90776157 0.12281805
vt 0.89731312 0.13307095
vt 0.89925820 0.11666608
vt 0.38685063 0.94775265
vt 0.39147368 0.95286405
vt 0.38678223 0.95590454
vt 0.40043610 0.94041342
vt 0.95881313 0.74662983
vt 0.27918854 0.08124489
vt 0.27918854 0.09891248
vt 0.27423105 0.09595740
vt 0.15955731 0.02033764
vt 0.14854595 0.02086514
vt 0.15021077 0.00434786
vt 0.16579919 0.00145823
vt 0.40043610 0.95721775
vt 0.61581010 0.40966749
vt 0.77771229 0.82725763
vt 0.91420799 0.56316310
vt 0.91420799 0.54074156
vt 0.91892910 0.54341376
vt 0.97642922 0.17834985
vt 0.97374409 0.17363453
vt 0.98801690 0.17363453
vt 0.30790505 0.47058558
vt 0.29786801 0.45287478
vt 0.30460626 0.43450427
vt 0.17698433 0.78905356
vt 0.18187137 0.80145353
vt 0.17698433 0.82639796
vt 0.92931682 0.67483860
vt 0.92931682 0.65520138
vt 0.93328732 0.65888405
vt 0.15872957 0.03935373
vt 0.94315958 0.12579131
vt 0.94924098 0.13131595
vt 0.94315958 0.14358264
vt 0.90776157 0.14358270
vt 0.07790167 0.93009669
vt 0.06152377 0.90861446
vt 0.07817277 0.91259438
vt 0.21805125 0.05387902
vt 0.60399663 0.42596191
vt 0.16910847 0.01592106
vt 0.04023521 0.00992239
vt 0.24728124 0.14836878
vt 0.04000178 0.00533164
vt 0.16394520 0.03933650
vt 0.87876785 0.29833287
vt 0.75460666 0.62609434
vt 0.26961631 0.71253181
vt 0.26961631 0.74024844
vt 0.25878459 0.72875142
vt 0.75005233 0.63814521
vt 0.26786894 0.70812041
vt 0.04107491 0.01435256
vt 0.90616608 0.23770911
vt 0.89621013 0.22054613
vt 0.90616608 0.21174794
vt 0.78310841 0.86783838
vt 0.99467671 0.09461462
vt 0.99039632 0.09615642
vt 0.99039632 0.09354544
vt 0.91758418 0.50852793
vt 0.91892910 0.51075226
vt 0.91758418 0.52966052
vt 0.98822832 0.05466884
vt 0.97631198 0.05901724
vt 0.97374409 0.05466884
vt 0.45308310 0.93488270
vt 0.44789398 0.92843306
vt 0.45308310 0.91583937
vt 0.21781732 0.07315361
vt 0.21369408 0.07405829
vt 0.29786804 0.47214842
vt 0.22197069 0.07380521
vt 0.90225798 0.98819792
vt 0.90472376 0.99053925
vt 0.90225798 0.99647605
vt 0.97374409 0.43784708
vt 0.97448373 0.43123853
vt 0.98727286 0.43784708
vt 0.92445189 0.00461054
vt 0.93328732 0.00255495
vt 0.93328732 0.02233511
vt 0.00143285 0.03413403
vt 0.00319071 0.03704661
vt 0.00143285 0.05583769
vt 0.93169200 0.57113993
vt 0.92717928 0.56520909
vt 0.93169200 0.55130249
vt 0.16347779 0.05823308
vt 0.15771876 0.05917072
vt 0.10644706 0.78892678
vt 0.11327079 0.80700880
vt 0.10456994 0.80634260
vt 0.16865671 0.05778843
vt 0.99039632 0.04778671
vt 0.99616271 0.04778671
vt 0.99292737 0.05130988
vt 0.99039638 0.08647448
vt 0.99039638 0.08378863
vt 0.99482507 0.08563596
vt 0.50177532 0.95433378
vt 0.50732541 0.95211643
vt 0.50732541 0.96678990
vt 0.93621081 0.45506096
vt 0.94445497 0.45431614
vt 0.94445497 0.47222745
vt 0.30627662 0.48818111
vt 0.51355863 0.90497530
vt 0.52422738 0.91548294
vt 0.51760828 0.92205071
vt 0.68847024 0.90710539
vt 0.70036435 0.91789001
vt 0.68847024 0.92850131
vt 0.10456994 0.82639802
vt 0.93979001 0.66686171
vt 0.93284374 0.64848149
vt 0.94126415 0.64848149
vt 0.91586494 0.84842330
vt 0.93009669 0.83913457
vt 0.93009669 0.85916430
vt 0.91843790 0.85990065
vt 0.69861895 0.92741239
vt 0.87721372 0.70195967
vt 0.17111732 0.91857421
vt 0.18665753 0.93268549
vt 0.17111732 0.93807334
vt 0.66739166 0.44989240
vt 0.17370771 0.05666304
vt 0.21696940 0.59334052
vt 0.20598364 0.57821769
vt 0.21696940 0.57029575
vt 0.42436653 0.30488372
vt 0.41431567 0.28930151
vt 0.42436653 0.28121758
vt 0.99039632 0.08162075
vt 0.99096489 0.07837176
vt 0.99544960 0.08162075
vt 0.95330685 0.67553437
vt 0.95721769 0.67162317
vt 0.95721769 0.68760139
vt 0.08392368 0.85807317
vt 0.08716391 0.85968602
vt 0.09572178 0.87524599
vt 0.08783596 0.87227648
vt 0.18216731 0.07406932
vt 0.17830761 0.07574302
vt 0.92673862 0.36916959
vt 0.93009663 0.38730633
vt 0.92673862 0.38926852
vt 0.20797129 0.59683651
vt 0.01098281 0.78510118
vt 0.00670391 0.78525180
vt 0.01116754 0.76752222
vt 0.89794070 0.85605681
vt 0.89978474 0.85823405
vt 0.89794064 0.87744969
vt 0.04467015 0.92211980
vt 0.04014727 0.91566634
vt 0.04467015 0.90092713
vt 0.05907045 0.00656575
vt 0.06082887 0.01202273
vt 0.05840838 0.00195789
vt 0.41581342 0.30790508
vt 0.07799771 0.00327915
vt 0.07976818 0.00811595
vt 0.93588740 0.43158388
vt 0.94285953 0.43539250
vt 0.93588740 0.44989240
vt 0.11167537 0.89634675
vt 0.11167537 0.91722679
vt 0.10257357 0.91892910
vt 0.09703750 0.90949708
vt 0.08392368 0.89180791
vt 0.00983819 0.88851029
vt 0.01754901 0.90420878
vt 0.00147923 0.89236474
vt 0.91615701 0.86549312
vt 0.92371517 0.86317915
vt 0.92371517 0.88383108
vt 0.78231293 0.90701914
vt 0.21388352 0.61581010
vt 0.16473806 0.37473238
vt 0.17708531 0.38678801
vt 0.17659560 0.39650595
vt 0.16473806 0.39884067
vt 0.91254401 0.63814521
vt 0.90917259 0.61804307
vt 0.91261822 0.61592132
vt 0.91733366 0.63669270
vt 0.91733366 0.61563420
vt 0.71153194 0.90230578
vt 0.69803131 0.91027594
vt 0.69803131 0.88922089
vt 0.70800990 0.91254765
vt 0.48339498 0.90990847
vt 0.48111498 0.92052448
vt 0.47023126 0.91868377
vt 0.47023126 0.89784557
vt 0.02794753 0.97408909
vt 0.03322236 0.98503876
vt 0.02787271 0.98592496
vt 0.03322236 0.97374421
vt 0.98596632 0.94095904
vt 0.97445816 0.93982136
vt 0.98566097 0.93447614
vt 0.17965227 0.09412640
vt 0.01116754 0.80565834
vt 0.18506210 0.09370363
vt 0.27426070 0.98547047
vt 0.26764867 0.98537320
vt 0.26894808 0.97417039
vt 0.27426070 0.97374415
vt 0.97374403 0.93447614
vt 0.74822092 0.90788388
vt 0.74491256 0.86877930
vt 0.01308966 0.91414297
vt 0.00147923 0.91201168
vt 0.12498692 0.59425753
vt 0.12922439 0.57437992
vt 0.54521239 0.04029143
vt 0.65516376 0.19247746
vt 0.65905148 0.15743744
vt 0.67695248 0.15484047
vt 0.55412346 0.05583769
vt 0.72666103 0.29418612
vt 0.73351151 0.29773223
vt 0.72543031 0.31447321
vt 0.55837709 0.05455804
vt 0.72082329 0.31344390
vt 0.11770931 0.61261940
vt 0.19009726 0.00641739
vt 0.18834643 0.01435822
vt 0.83647096 0.66598231
vt 0.84288681 0.68330771
vt 0.83647096 0.68403482
vt 0.62839621 0.19887573
vt 0.61753243 0.16287237
vt 0.26383385 0.12738705
vt 0.27121171 0.12771708
vt 0.85570645 0.25985610
vt 0.84447545 0.70195973
vt 0.84713775 0.68302220
vt 0.72082329 0.33142602
vt 0.83913046 0.70121688
vt 0.99715763 0.00945675
vt 0.99276251 0.01189882
vt 0.99039632 0.00945675
vt 0.91901183 0.00201786
vt 0.92052448 0.00488126
vt 0.91901183 0.02393043
vt 0.01055505 0.40288258
vt 0.01435828 0.40888011
vt 0.01055505 0.42436647
vt 0.69557828 0.05200464
vt 0.69090062 0.05131030
vt 0.68995315 0.03190881
vt 0.44032016 0.35265088
vt 0.43488297 0.35080874
vt 0.44032016 0.33006775
vt 0.80230522 0.69870085
vt 0.92465132 0.63894844
vt 0.93169200 0.64347816
vt 0.92465132 0.65888488
vt 0.65878427 0.51863658
vt 0.65419394 0.51753551
vt 0.66151333 0.49823558
vt 0.71326226 0.21331751
vt 0.73038608 0.22413683
vt 0.72544390 0.22812980
vt 0.71730983 0.23089933
vt 0.79385757 0.69876897
vt 0.65419394 0.53661156
vt 0.73705769 0.24235892
vt 0.66686165 0.53080142
vt 0.17168821 0.00170892
vt 0.68995315 0.07338667
vt 0.72881222 0.24629152
vt 0.73311943 0.24520350
vt 0.71541339 0.25363696
vt 0.70828319 0.23365414
vt 0.17141160 0.01065624
vt 0.43563837 0.37331486
vt 0.17389460 0.91346496
vt 0.16466732 0.91892910
vt 0.16466732 0.89602691
vt 0.70828319 0.25525814
vt 0.60277939 0.21059173
vt 0.58457112 0.17653668
vt 0.27042437 0.14537841
vt 0.25912550 0.14180577
vt 0.85791779 0.27732456
vt 0.51450169 0.90138012
vt 0.93942779 0.19554067
vt 0.94445491 0.21131104
vt 0.93942779 0.21377861
vt 0.86149597 0.27759314
vt 0.66373932 0.23126554
vt 0.73386705 0.32590640
vt 0.58510017 0.98819792
vt 0.59318447 0.98819792
vt 0.59168684 0.99749470
vt 0.84016460 0.98466569
vt 0.84016460 0.97374415
vt 0.84571522 0.97447675
vt 0.64125133 0.78491855
vt 0.26023811 0.14996409
vt 0.73134410 0.33502620
vt 0.97216702 0.97374415
vt 0.97581106 0.97374415
vt 0.97490734 0.98462671
vt 0.66447121 0.54082805
vt 0.98631704 0.68419439
vt 0.98631704 0.69350338
vt 0.97374409 0.68704754
vt 0.13578114 0.98819786
vt 0.13674717 0.99872506
vt 0.13098639 0.99872506
vt 0.46584597 0.89719957
vt 0.45327839 0.90297538
vt 0.45710456 0.89430213
vt 0.45854515 0.88509768
vt 0.46511391 0.90158463
vt 0.14010917 0.98582929
vt 0.14010917 0.97374415
vt 0.14428657 0.97553706
vt 0.06386235 0.99817836
vt 0.06386235 0.98931557
vt 0.06915368 0.98819792
vt 0.07296020 0.99865055
vt 0.64263010 0.23639703
vt 0.46481702 0.88199264
vt 0.69949198 0.98488241
vt 0.69468725 0.97380930
vt 0.69949198 0.97374415
vt 0.66991544 0.27173972
vt 0.65522647 0.27563655
vt 0.62147194 0.24529010
vt 0.64081299 0.28180325
vt 0.45327839 0.88264000
vt 0.45349333 0.87411582
vt 0.46530327 0.87460035
vt 0.45547289 0.87179434
vt 0.57863760 0.22613358
vt 0.55580854 0.19564736
vt 0.60255086 0.25804120
vt 0.55749494 0.24556559
vt 0.58602905 0.27390444
vt 0.21753079 0.09253109
vt 0.22335081 0.09214199
vt 0.91797823 0.73990756
vt 0.93488270 0.73163074
vt 0.93488270 0.75141597
vt 0.94285953 0.93176955
vt 0.93649888 0.93328726
vt 0.93649888 0.91499400
vt 0.16384117 0.07817274
vt 0.79611391 0.93009657
vt 0.78126347 0.91789991
vt 0.79768151 0.90970570
vt 0.16910847 0.07659984
vt 0.74362028 0.82812238
vt 0.97459370 0.11941135
vt 0.97374409 0.11431742
vt 0.98555058 0.12245119
vt 0.91414297 0.42022544
vt 0.90773964 0.43074799
vt 0.90773964 0.41095430
vt 0.51355863 0.92690587
vt 0.52646977 0.92561650
vt 0.98794168 0.11431742
vt 0.78348798 0.93009657
vt 0.98633260 0.74313843
vt 0.97374403 0.73682266
vt 0.98488683 0.73682266
vt 0.97376275 0.74224520
vt 0.70448238 0.83000720
vt 0.70916784 0.87054318
vt 0.71671045 0.90935689
vt 0.38780439 0.33078909
vt 0.38948780 0.27355051
vt 0.41319901 0.30409008
vt 0.50972873 0.24488962
vt 0.48363847 0.22166342
vt 0.50705159 0.19178891
vt 0.53096920 0.21793437
vt 0.36285889 0.30153894
vt 0.67374283 0.31205559
vt 0.66639835 0.31400394
vt 0.65889168 0.31669825
vt 0.62743694 0.29027176
vt 0.65242249 0.32169449
vt 0.61662233 0.30110669
vt 0.64595324 0.32669079
vt 0.60716957 0.31275165
vt 0.57223088 0.29138809
vt 0.50655442 0.87744969
vt 0.67391044 0.34955847
vt 0.64160788 0.33252943
vt 0.63770014 0.33989191
vt 0.63547850 0.34657282
vt 0.63461876 0.35406387
vt 0.54286623 0.81701529
vt 0.55054945 0.81676990
vt 0.55798107 0.81824154
vt 0.56441706 0.82176483
vt 0.56961101 0.82664841
vt 0.57406080 0.83186662
vt 0.57726842 0.83844513
vt 0.63544512 0.36087334
vt 0.63703352 0.36771500
vt 0.64123225 0.37316120
vt 0.64543092 0.37860751
vt 0.57874137 0.84500134
vt 0.57872593 0.85222661
vt 0.57796633 0.85978645
vt 0.59967840 0.32598495
vt 0.59507304 0.34009260
vt 0.56268030 0.31055641
vt 0.55509138 0.33131278
vt 0.59351563 0.35432887
vt 0.33378395 0.33090186
vt 0.36055046 0.35830575
vt 0.38554522 0.38292974
vt 0.40974388 0.35854870
vt 0.30460978 0.35941249
vt 0.33319727 0.38497019
vt 0.27598396 0.38633800
vt 0.30691820 0.40966892
vt 0.36118639 0.40663457
vt 0.69803852 0.04208589
vt 0.73236424 0.01966488
vt 0.74681729 0.04668444
vt 0.71378380 0.07173586
vt 0.54027551 0.26817405
vt 0.52637953 0.29318082
vt 0.49409768 0.27433968
vt 0.51765537 0.31915855
vt 0.04997868 0.57428432
vt 0.06700522 0.61038446
vt 0.04997868 0.62219155
vt 0.48363844 0.30476058
vt 0.78112811 0.02469754
vt 0.76861340 0.00162351
vt 0.00183120 0.22646248
vt 0.02393050 0.25978184
vt 0.00183121 0.27440238
vt 0.55299854 0.35154837
vt 0.63652879 0.52306402
vt 0.63489640 0.53763741
vt 0.45244524 0.61013359
vt 0.92979181 0.60430980
vt 0.93009669 0.62195903
vt 0.92652601 0.62219161
vt 0.88176799 0.20289707
vt 0.88542640 0.20191491
vt 0.88534969 0.21745503
vt 0.68919677 0.83305258
vt 0.68919677 0.84916294
vt 0.68213022 0.83257568
vt 0.88195491 0.21931714
vt 0.92084688 0.62004530
vt 0.92630017 0.60201824
vt 0.82161188 0.63421696
vt 0.81989950 0.65493542
vt 0.81597340 0.65579414
vt 0.82161188 0.67164779
vt 0.03713784 0.91696066
vt 0.04369072 0.93039435
vt 0.03713784 0.93647802
vt 0.67488897 0.84776700
vt 0.68721741 0.86628211
vt 0.88542640 0.23611373
vt 0.92084688 0.60192043
vt 0.11508521 0.91041327
vt 0.12597618 0.91657692
vt 0.12922440 0.93169200
vt 0.66691715 0.83144218
vt 0.49775326 0.31379819
vt 0.48455998 0.32545406
vt 0.48455998 0.30848771
vt 0.11508521 0.93044555
vt 0.04626558 0.93399936
vt 0.98623377 0.68202639
vt 0.97513723 0.68202639
vt 0.98520178 0.67140210
vt 0.74176729 0.97374415
vt 0.75039697 0.97896701
vt 0.74176729 0.98438305
vt 0.97374415 0.67100579
vt 0.75196981 0.98456669
vt 0.43578720 0.97828531
vt 0.44584414 0.97374415
vt 0.44584414 0.98500645
vt 0.14631702 0.04467016
vt 0.14631702 0.02544314
vt 0.15315482 0.03379184
vt 0.52676910 0.88980806
vt 0.54082805 0.90228909
vt 0.52920723 0.90115887
vt 0.07301713 0.84968847
vt 0.07657741 0.86820298
vt 0.07206853 0.86802185
vt 0.07206853 0.88383108
vt 0.61900085 0.47852772
vt 0.61485612 0.47828156
vt 0.61732578 0.46201515
vt 0.61840439 0.49458325
vt 0.91396695 0.59028435
vt 0.91396695 0.56800151
vt 0.91892910 0.57108593
vt 0.92337877 0.53331649
vt 0.93009663 0.54806566
vt 0.92337877 0.55359095
vt 0.91569173 0.27469969
vt 0.92371517 0.27631408
vt 0.91569173 0.29673755
vt 0.56055379 0.86034656
vt 0.56018507 0.87646061
vt 0.55492079 0.87550771
vt 0.56794918 0.88143599
vt 0.60967743 0.47767544
vt 0.61328739 0.46104085
vt 0.61182034 0.49515045
vt 0.78631598 0.56099033
vt 0.79024559 0.56092328
vt 0.79130006 0.57911676
vt 0.56943393 0.98819774
vt 0.57463723 0.98982674
vt 0.56943393 0.99765414
vt 0.89499867 0.14836884
vt 0.88962996 0.11551350
vt 0.89499867 0.11553931
vt 0.60025680 0.47635788
vt 0.60825866 0.46155119
vt 0.60025680 0.50875175
vt 0.93735319 0.61102408
vt 0.93122303 0.59187567
vt 0.93966883 0.59187567
vt 0.88445610 0.13411510
vt 0.40030357 0.86364615
vt 0.40681753 0.88069475
vt 0.40030357 0.89659405
vt 0.89343661 0.89135772
vt 0.90297544 0.87631100
vt 0.90297544 0.90457082
vt 0.81785351 0.29806256
vt 0.83118409 0.31253439
vt 0.81785351 0.31568813
vt 0.25844878 0.06062388
vt 0.25155821 0.05690688
vt 0.25844878 0.04436767
vt 0.62124538 0.09168684
vt 0.61727470 0.07410598
vt 0.62538230 0.07468814
vt 0.79130006 0.54013723
vt 0.78371441 0.54186428
vt 0.90489787 0.26051116
vt 0.89908880 0.25951374
vt 0.90643013 0.24370867
vt 0.91095227 0.24601465
vt 0.24476458 0.98819792
vt 0.25260752 0.98819792
vt 0.25235352 0.99836040
vt 0.53715718 0.91414297
vt 0.89970779 0.26959193
vt 0.39156339 0.07411814
vt 0.35325688 0.06700045
vt 0.32874286 0.02650100
vt 0.52676910 0.91173685
vt 0.95083642 0.44032013
vt 0.94130349 0.42866838
vt 0.95083642 0.42298996
vt 0.91095227 0.26961631
vt 0.98170793 0.96019763
vt 0.97374403 0.95392364
vt 0.98594612 0.95392364
vt 0.98687279 0.49401307
vt 0.97374409 0.49401307
vt 0.98001182 0.48585665
vt 0.97374409 0.54053164
vt 0.98704392 0.54053164
vt 0.98082721 0.54396254
vt 0.89308244 0.32633501
vt 0.88850063 0.32659972
vt 0.89340329 0.31125784
vt 0.91414303 0.69522649
vt 0.91414303 0.71145564
vt 0.90684879 0.69413143
vt 0.91154683 0.68793279
vt 0.06062379 0.93794143
vt 0.05086041 0.92583352
vt 0.06062379 0.92199868
vt 0.45244524 0.62760210
vt 0.45852327 0.64427650
vt 0.45402458 0.64452666
vt 0.95361555 0.03745079
vt 0.95562243 0.05424231
vt 0.94775164 0.03720367
vt 0.21538478 0.96200395
vt 0.21538478 0.94539416
vt 0.22335088 0.95164752
vt 0.63423479 0.93683916
vt 0.64452666 0.95162034
vt 0.63423479 0.95402712
vt 0.95083636 0.84199566
vt 0.94241232 0.85032845
vt 0.94241232 0.83277977
vt 0.98755586 0.28380167
vt 0.97374415 0.31329149
vt 0.97930723 0.30672550
vt 0.98757583 0.31329149
vt 0.97374403 0.81473660
vt 0.98044455 0.80625218
vt 0.98611468 0.81473660
vt 0.98606098 0.86716712
vt 0.97662824 0.87446642
vt 0.97374403 0.86716712
vt 0.05121556 0.93556684
vt 0.04933221 0.94126415
vt 0.47547621 0.07893234
vt 0.97374409 0.92368585
vt 0.98520470 0.92805195
vt 0.97648311 0.93230832
vt 0.98588330 0.92368585
vt 0.43210238 0.08272189
vt 0.47114342 0.09374005
vt 0.61324710 0.51211154
vt 0.60817468 0.51077741
vt 0.10050787 0.93747884
vt 0.08845896 0.93964255
vt 0.08897290 0.93444133
vt 0.55492079 0.89340323
vt 0.56504953 0.89210594
vt 0.09670998 0.92964584
vt 0.10039953 0.94628328
vt 0.08845896 0.94764566
vt 0.10003558 0.97374421
vt 0.10505287 0.97997653
vt 0.10003558 0.98587000
vt 0.94775164 0.05259597
vt 0.42817372 0.10628772
vt 0.46830586 0.10889727
vt 0.93318999 0.38478148
vt 0.93966889 0.37423646
vt 0.93966889 0.39245933
vt 0.22504634 0.99843168
vt 0.21744159 0.98897851
vt 0.22504634 0.98819792
vt 0.82814288 0.32925487
vt 0.70515037 0.85729808
vt 0.70491064 0.87391812
vt 0.70187795 0.87427717
vt 0.70515037 0.89021254
vt 0.61533082 0.07329226
vt 0.61141491 0.07185376
vt 0.60718179 0.05602187
vt 0.61611629 0.09007215
vt 0.61810207 0.05851018
vt 0.89340329 0.34300303
vt 0.60718179 0.07344472
vt 0.15431133 0.86339289
vt 0.15953626 0.86278105
vt 0.15898880 0.88223571
vt 0.99464869 0.02343929
vt 0.99039638 0.01952791
vt 0.99677962 0.01952791
vt 0.10133712 0.88217205
vt 0.09785869 0.86882168
vt 0.10418254 0.86883366
vt 0.15503372 0.88087219
vt 0.60825688 0.09058881
vt 0.10529396 0.88346571
vt 0.90458369 0.71153188
vt 0.15431133 0.84793222
vt 0.71825695 0.01110625
vt 0.72380012 0.01245004
vt 0.71545428 0.02712113
vt 0.71375066 0.01347280
vt 0.38696352 0.10543734
vt 0.34763271 0.10260034
vt 0.31629789 0.06201315
vt 0.47672498 0.65633464
vt 0.47174180 0.63763434
vt 0.47892761 0.63988411
vt 0.86149597 0.51012564
vt 0.86149597 0.54561412
vt 0.85646147 0.52593023
vt 0.48113093 0.65728956
vt 0.91380978 0.68281531
vt 0.90932667 0.68236727
vt 0.91414297 0.66782594
vt 0.95243174 0.68826526
vt 0.95243174 0.70515043
vt 0.94616956 0.70340329
vt 0.62099409 0.85990065
vt 0.62474352 0.84586477
vt 0.62877345 0.84822983
vt 0.12443831 0.87744963
vt 0.11801360 0.85846001
vt 0.12443831 0.84257597
vt 0.48143518 0.62478322
vt 0.47174180 0.62055510
vt 0.78128576 0.19873136
vt 0.79289544 0.22815746
vt 0.78745639 0.23770911
vt 0.78128576 0.23112833
vt 0.62823546 0.83167362
vt 0.62099409 0.82928097
vt 0.63495445 0.83515054
vt 0.48409662 0.64099187
vt 0.48850256 0.64194673
vt 0.48641318 0.65727651
vt 0.48943806 0.62498230
vt 0.14966783 0.94924092
vt 0.14966783 0.93123305
vt 0.16272698 0.94514948
vt 0.49621972 0.64330465
vt 0.95690072 0.55518627
vt 0.95690072 0.53953344
vt 0.96040857 0.54116786
vt 0.48974296 0.62633198
vt 0.90407503 0.68281531
vt 0.90244567 0.66676515
vt 0.90846807 0.66607004
vt 0.88861722 0.46520901
vt 0.88247710 0.48179960
vt 0.88247710 0.44819391
vt 0.61228240 0.10688931
vt 0.81909555 0.33329415
vt 0.09289619 0.88376355
vt 0.09482276 0.89606649
vt 0.98637104 0.02629858
vt 0.97726041 0.03446245
vt 0.97374403 0.02629858
vt 0.10277919 0.89753640
vt 0.60755295 0.10628265
vt 0.98793674 0.03704792
vt 0.49648961 0.97374415
vt 0.50106269 0.98430192
vt 0.49648961 0.98519284
vt 0.83014625 0.33502626
vt 0.09289619 0.89978474
vt 0.17031093 0.99871826
vt 0.16574953 0.98886025
vt 0.17031093 0.98819786
vt 0.91758496 0.08072150
vt 0.92850125 0.08312488
vt 0.92787439 0.09387201
vt 0.91854906 0.09767658
vt 0.92850125 0.10210323
vt 0.48807105 0.60803461
vt 0.03191147 0.93966883
vt 0.03191147 0.92215174
vt 0.03509797 0.92460346
vt 0.49416223 0.60973239
vt 0.97374409 0.37553757
vt 0.98591083 0.36733365
vt 0.98729813 0.37553757
vt 0.50094396 0.62805474
vt 0.98726124 0.41505450
vt 0.98294806 0.42203891
vt 0.97374409 0.41505450
vt 0.97374409 0.04844630
vt 0.98778355 0.03921604
vt 0.98778355 0.05250090
vt 0.45485613 0.97374409
vt 0.46090019 0.98327422
vt 0.45485613 0.98514342
vt 0.28346610 0.99840295
vt 0.28346610 0.98819792
vt 0.28831559 0.99211025
vt 0.65220606 0.40304065
vt 0.65037519 0.41983843
vt 0.64521503 0.41869003
vt 0.65116179 0.43470329
vt 0.95315272 0.42060220
vt 0.95721775 0.43468672
vt 0.95315272 0.43712944
vt 0.78387737 0.27144963
vt 0.79608613 0.26615703
vt 0.79608613 0.29992819
vt 0.87744975 0.61581010
vt 0.87368000 0.59796351
vt 0.87744975 0.58147162
vt 0.81523049 0.29238415
vt 0.81523049 0.32482857
vt 0.80277914 0.31803036
vt 0.65489548 0.41970813
vt 0.65479827 0.43553412
vt 0.65987867 0.40290093
vt 0.66048020 0.43376142
vt 0.65984929 0.41933495
vt 0.56156784 0.18242115
vt 0.55717570 0.18341935
vt 0.55392569 0.16775644
vt 0.94605023 0.68961656
vt 0.93902171 0.69079214
vt 0.93902171 0.67284316
vt 0.10866126 0.96200389
vt 0.10103458 0.96090430
vt 0.10548116 0.94790322
vt 0.11327076 0.96112770
vt 0.11327076 0.94543093
vt 0.65265185 0.38683879
vt 0.65656602 0.38698816
vt 0.66048020 0.38713753
vt 0.09597109 0.81450862
vt 0.09816041 0.80061567
vt 0.10210319 0.81279737
vt 0.38715163 0.13599241
vt 0.30995154 0.10008103
vt 0.34840941 0.13894325
vt 0.42819312 0.13039976
vt 0.82368654 0.98819792
vt 0.83185285 0.98819792
vt 0.83068746 0.99653697
vt 0.83011746 0.98456001
vt 0.83011746 0.97374409
vt 0.83405697 0.98365754
vt 0.83799648 0.98275512
vt 0.09128169 0.79764277
vt 0.10210319 0.79227936
vt 0.09226205 0.81306607
vt 0.23763128 0.52655452
vt 0.72429472 0.00419050
vt 0.95199019 0.97374415
vt 0.95199019 0.98441607
vt 0.94338793 0.97980368
vt 0.20126103 0.52826130
vt 0.71375066 0.00109929
vt 0.62910843 0.82429838
vt 0.91036683 0.65772820
vt 0.23427324 0.56394452
vt 0.15948828 0.98538029
vt 0.16598600 0.97547811
vt 0.16598600 0.98555690
vt 0.90392560 0.65751773
vt 0.15766954 0.97374415
vt 0.78897303 0.26111150
vt 0.90616614 0.83597022
vt 0.90250808 0.83503026
vt 0.90576410 0.82063687
vt 0.90001893 0.81836647
vt 0.54571116 0.15103769
vt 0.55000412 0.14808518
vt 0.55821860 0.16480392
vt 0.90616614 0.81046098
vt 0.80722332 0.33024013
vt 0.34932148 0.97557139
vt 0.35702723 0.97374421
vt 0.35453227 0.98368335
vt 0.34932148 0.98526978
vt 0.97792327 0.23090851
vt 0.98660451 0.23315072
vt 0.98748630 0.24305421
vt 0.97374409 0.24305421
vt 0.83916092 0.26768041
vt 0.82876569 0.27377844
vt 0.83127081 0.26360637
vt 0.19775476 0.56824106
vt 0.16114579 0.52778935
vt 0.83721811 0.28540707
vt 0.51103729 0.09679842
vt 0.50887090 0.10420227
vt 0.50724214 0.11210847
vt 0.50710863 0.12036425
vt 0.46899641 0.12525594
vt 0.50889027 0.12831438
vt 0.51162952 0.13611162
vt 0.47160211 0.14130902
vt 0.51520860 0.14259851
vt 0.47654295 0.15640116
vt 0.48370114 0.16937494
vt 0.52016526 0.14827740
vt 0.43192512 0.15274298
vt 0.43948746 0.17447490
vt 0.39200991 0.16462582
vt 0.45064470 0.19328034
vt 0.49307674 0.18023032
vt 0.54571116 0.19942039
vt 0.55037892 0.18311274
vt 0.09635485 0.82958871
vt 0.44045222 0.61696404
vt 0.44989237 0.62893718
vt 0.44989237 0.64612204
vt 0.43905607 0.63662511
vt 0.35118863 0.22653669
vt 0.35497284 0.21032941
vt 0.35850978 0.22473645
vt 0.36249536 0.23930442
vt 0.83916092 0.29992831
vt 0.89659405 0.53604198
vt 0.88987041 0.51614749
vt 0.89659405 0.50551051
vt 0.56735182 0.37423623
vt 0.57114005 0.39102197
vt 0.56735182 0.40681762
vt 0.36288509 0.22274369
vt 0.35873318 0.20758694
vt 0.35269916 0.19314826
vt 0.96009582 0.87425888
vt 0.96009582 0.85945362
vt 0.96838534 0.85962462
vt 0.36693344 0.23843634
vt 0.36693344 0.22153300
vt 0.68441075 0.88373280
vt 0.68211073 0.89818937
vt 0.67923331 0.88160169
vt 0.35791293 0.19165897
vt 0.68441075 0.86776358
vt 0.85989296 0.63335913
vt 0.85576159 0.63323784
vt 0.85990059 0.61562717
vt 0.89180070 0.62840116
vt 0.89818931 0.62878311
vt 0.88941854 0.64293128
vt 0.60151494 0.88521284
vt 0.61421472 0.89410561
vt 0.60151494 0.90520060
vt 0.28078389 0.95138103
vt 0.26635399 0.96519458
vt 0.26635399 0.94914508
vt 0.85476643 0.61776680
vt 0.84965146 0.61455786
vt 0.92874819 0.46992898
vt 0.93328738 0.47842896
vt 0.92874819 0.48977643
vt 0.04304012 0.98568636
vt 0.04304012 0.97374415
vt 0.05302618 0.97464585
vt 0.85319847 0.97374415
vt 0.85319847 0.98466933
vt 0.84788311 0.97850806
vt 0.03093196 0.99885881
vt 0.03093196 0.98819786
vt 0.03666756 0.99789852
vt 0.89610440 0.61483306
vt 0.61318642 0.91095233
vt 0.86528993 0.98907948
vt 0.87296283 0.98819792
vt 0.87296283 0.99634069
vt 0.88941854 0.61144853
vt 0.31012383 0.14004940
vt 0.26419657 0.74302179
vt 0.22379696 0.78119886
vt 0.23123576 0.74233139
vt 0.35373861 0.17220688
vt 0.92239553 0.50151193
vt 0.93009663 0.50691688
vt 0.92239553 0.50815463
vt 0.55195099 0.99780756
vt 0.54810262 0.99780756
vt 0.54996818 0.98819786
vt 0.92477822 0.99004948
vt 0.93156397 0.98819792
vt 0.93156397 0.99605554
vt 0.92655820 0.52168369
vt 0.39245924 0.54448867
vt 0.39245924 0.55997241
vt 0.38902897 0.54517847
vt 0.02393046 0.56364673
vt 0.02393046 0.58230752
vt 0.01966603 0.57677889
vt 0.47104791 0.30928499
vt 0.48001465 0.29738867
vt 0.48020428 0.31479180
vt 0.82892752 0.93194497
vt 0.83118409 0.94706237
vt 0.82892752 0.94764555
vt 0.35132962 0.75864524
vt 0.34771523 0.76064020
vt 0.34346703 0.74504071
vt 0.35555634 0.75675184
vt 0.47104791 0.32704943
vt 0.54271781 0.87754869
vt 0.54793817 0.87721962
vt 0.54537129 0.89327258
vt 0.54625201 0.86051112
vt 0.98434711 0.95175564
vt 0.97374403 0.94312716
vt 0.98585624 0.94312716
vt 0.53006011 0.88859344
vt 0.52831727 0.87315673
vt 0.08614960 0.29354674
vt 0.07611469 0.29354674
vt 0.07763055 0.27928674
vt 0.54005295 0.89309204
vt 0.08533080 0.27613008
vt 0.55199558 0.87685603
vt 0.55052012 0.89340323
vt 0.55199558 0.86114377
vt 0.62887216 0.14256746
vt 0.63503742 0.14012605
vt 0.63625115 0.15475023
vt 0.90138012 0.00578803
vt 0.90138012 0.03190726
vt 0.89444894 0.01762289
vt 0.89467049 0.00192976
vt 0.18283184 0.82020128
vt 0.18741415 0.77971637
vt 0.22070448 0.82178342
vt 0.18112758 0.86247820
vt 0.15746792 0.56874031
vt 0.89643973 0.44191551
vt 0.89282203 0.42969453
vt 0.90457082 0.41350508
vt 0.90457082 0.43667626
vt 0.65027636 0.95704639
vt 0.66207564 0.96027410
vt 0.65027636 0.97157609
vt 0.57592601 0.96460646
vt 0.57147926 0.96519458
vt 0.57147926 0.95002955
vt 0.84951693 0.60088539
vt 0.85505748 0.59781194
vt 0.85990059 0.59858948
vt 0.94074190 0.77056032
vt 0.94074190 0.75291240
vt 0.94924092 0.76129746
vt 0.71162915 0.93647808
vt 0.70341545 0.92772448
vt 0.71472257 0.93552172
vt 0.89877808 0.56316316
vt 0.89338475 0.55146009
vt 0.90238613 0.53558534
vt 0.90616614 0.53548074
vt 0.90616614 0.55686939
vt 0.19247793 0.98819792
vt 0.19247793 0.99863684
vt 0.18730301 0.99739975
vt 0.96359926 0.91844332
vt 0.96359926 0.92911190
vt 0.95670152 0.92373788
vt 0.66150135 0.96980453
vt 0.95820212 0.93328732
vt 0.71472257 0.92210281
vt 0.70736748 0.91661435
vt 0.97374409 0.28030491
vt 0.97701180 0.26845944
vt 0.98737901 0.28030491
vt 0.63016838 0.93807340
vt 0.62807143 0.93807340
vt 0.62906826 0.91962916
vt 0.34346703 0.77694178
vt 0.35369343 0.77429396
vt 0.91781950 0.77090460
vt 0.92531043 0.77602851
vt 0.91781950 0.79130012
vt 0.96359926 0.11167538
vt 0.96002811 0.11066830
vt 0.96359926 0.09649521
vt 0.35736132 0.77342421
vt 0.26193994 0.78197634
vt 0.85433304 0.67621452
vt 0.84940594 0.67782271
vt 0.84437323 0.66009265
vt 0.85511464 0.69398290
vt 0.85005945 0.65836763
vt 0.85511464 0.65936345
vt 0.87585431 0.90758824
vt 0.86310339 0.92850131
vt 0.86734146 0.91119516
vt 0.85032940 0.69376338
vt 0.56982404 0.10717523
vt 0.57592601 0.11572164
vt 0.56982404 0.12284297
vt 0.22721438 0.99855900
vt 0.22926487 0.98819798
vt 0.23212673 0.99855900
vt 0.98433006 0.24522221
vt 0.97826684 0.25216925
vt 0.97374415 0.24522221
vt 0.98572236 0.26949567
vt 0.98773515 0.25023222
vt 0.42323956 0.98509908
vt 0.41401097 0.98352134
vt 0.42323956 0.97374403
vt 0.87585431 0.92606306
vt 0.22170331 0.97374415
vt 0.22170331 0.98538595
vt 0.21108975 0.98080283
vt 0.38129175 0.81523049
vt 0.37758622 0.78661972
vt 0.38129175 0.77855361
vt 0.64452672 0.13693345
vt 0.64021659 0.13918924
vt 0.63734519 0.12208366
vt 0.84887195 0.56070256
vt 0.85511458 0.54018199
vt 0.85511458 0.57592607
vt 0.64156264 0.12066478
vt 0.84760725 0.54595190
vt 0.97374409 0.64662969
vt 0.97374409 0.63637835
vt 0.98090070 0.63688368
vt 0.97987050 0.64422709
vt 0.02233507 0.12530661
vt 0.01900967 0.14039195
vt 0.01511522 0.10925663
vt 0.02233507 0.10487986
vt 0.26104999 0.82244849
vt 0.21973442 0.86402291
vt 0.62887216 0.10567981
vt 0.63644570 0.10480428
vt 0.63273728 0.12456208
vt 0.83426946 0.31576103
vt 0.84394699 0.30049062
vt 0.84253770 0.31655025
vt 0.83458155 0.33342540
vt 0.49202290 0.96200383
vt 0.49202290 0.94559354
vt 0.50094402 0.95934719
vt 0.21142460 0.65409881
vt 0.22044645 0.63831824
vt 0.22175547 0.65409881
vt 0.73774070 0.22271717
vt 0.74613380 0.22567654
vt 0.74196815 0.24143672
vt 0.89180791 0.50573003
vt 0.88550496 0.48114085
vt 0.89180791 0.47276247
vt 0.60958362 0.75890762
vt 0.61900085 0.77746773
vt 0.61713159 0.79434121
vt 0.21218328 0.42987883
vt 0.20477225 0.42311680
vt 0.21218328 0.39089215
vt 0.60958362 0.79768151
vt 0.30070961 0.78184295
vt 0.29891756 0.74300718
vt 0.98636591 0.64518887
vt 0.84394699 0.33662158
vt 0.30130956 0.82241482
vt 0.26045778 0.86475652
vt 0.40153837 0.19133747
vt 0.63863707 0.99610144
vt 0.63064688 0.99725771
vt 0.63064688 0.98819792
vt 0.63698941 0.98498446
vt 0.63698941 0.97374421
vt 0.64169812 0.98229641
vt 0.97953022 0.99526644
vt 0.97259933 0.99517119
vt 0.97953022 0.98819780
vt 0.84348679 0.27360725
vt 0.85192382 0.27890551
vt 0.84307760 0.28120673
vt 0.86032289 0.98257226
vt 0.85536635 0.98466921
vt 0.85536635 0.97374403
vt 0.01116757 0.94038928
vt 0.00953678 0.94780225
vt 0.00142507 0.94288719
vt 0.36523321 0.20389831
vt 0.84663844 0.29432034
vt 0.88615793 0.39004409
vt 0.89134407 0.38982648
vt 0.88616860 0.40497303
vt 0.85192382 0.29327446
vt 0.22080132 0.62493497
vt 0.21197562 0.63930923
vt 0.00142507 0.95721775
vt 0.47541824 0.96679002
vt 0.46831575 0.96679002
vt 0.47122657 0.95174205
vt 0.88998783 0.40599477
vt 0.89340323 0.40599895
vt 0.41561931 0.21496993
vt 0.16358152 0.99865431
vt 0.15744188 0.99810511
vt 0.16358152 0.98819798
vt 0.68022209 0.07179385
vt 0.68919683 0.07922429
vt 0.68069541 0.07947153
vt 0.47562632 0.99171960
vt 0.46950728 0.99789673
vt 0.46950728 0.98819792
vt 0.86359030 0.59875327
vt 0.86942285 0.59666908
vt 0.86796474 0.61486632
vt 0.68022209 0.09572178
vt 0.86359036 0.61581993
vt 0.54760182 0.05014688
vt 0.55199558 0.06547225
vt 0.54760182 0.06700522
vt 0.83941925 0.61809087
vt 0.84713775 0.61993897
vt 0.83845073 0.63275182
vt 0.87266362 0.61252022
vt 0.01348371 0.75231445
vt 0.01934987 0.76751876
vt 0.01343387 0.76726758
vt 0.84713775 0.65409887
vt 0.93169200 0.42178750
vt 0.92308766 0.42726696
vt 0.92166895 0.41879237
vt 0.80565834 0.53715438
vt 0.80405825 0.54439604
vt 0.79399180 0.54200900
vt 0.98639578 0.76830113
vt 0.98267025 0.77307910
vt 0.97374403 0.76830113
vt 0.93169200 0.43872482
vt 0.46443921 0.20931220
vt 0.38170022 0.23185533
vt 0.06776962 0.03336716
vt 0.02121972 0.05553555
vt 0.04368202 0.02289844
vt 0.43317744 0.23451835
vt 0.79809070 0.55915874
vt 0.80514705 0.55715668
vt 0.05331745 0.99885464
vt 0.04777079 0.99772573
vt 0.05331745 0.98819786
vt 0.38309225 0.98819798
vt 0.39225188 0.99484986
vt 0.38309225 0.99789673
vt 0.64133590 0.90851349
vt 0.63281298 0.91118139
vt 0.63891333 0.90228319
vt 0.29941937 0.97577721
vt 0.30345008 0.97374415
vt 0.30345008 0.98553479
vt 0.66498667 0.74561960
vt 0.67536885 0.74761677
vt 0.66690397 0.75113356
vt 0.52997655 0.97374409
vt 0.53516352 0.97781652
vt 0.52997655 0.98508650
vt 0.60414457 0.98371232
vt 0.59880984 0.98500437
vt 0.59880984 0.97374421
vt 0.55474937 0.93966889
vt 0.55474937 0.92024076
vt 0.56156784 0.92398232
vt 0.96040857 0.36431420
vt 0.95476687 0.36852884
vt 0.95476687 0.35271478
vt 0.87403941 0.97434002
vt 0.88343483 0.97374415
vt 0.87785584 0.98362368
vt 0.86970538 0.46031427
vt 0.87904507 0.45729554
vt 0.87474519 0.47590786
vt 0.86789054 0.47450328
vt 0.88998783 0.42276704
vt 0.84838772 0.30950040
vt 0.88604236 0.42219317
vt 0.90990323 0.17668271
vt 0.91573828 0.17999113
vt 0.90857458 0.19420558
vt 0.89340323 0.42277122
vt 0.47469297 0.58655947
vt 0.47146893 0.58518946
vt 0.47312033 0.56789112
vt 0.87234700 0.62994152
vt 0.43033901 0.33143437
vt 0.42365721 0.32069278
vt 0.43074796 0.30399287
vt 0.65394795 0.12280059
vt 0.64902854 0.12518549
vt 0.64755207 0.10737795
vt 0.65296757 0.10501987
vt 0.33281836 0.74233139
vt 0.65881395 0.13895410
vt 0.65389460 0.14133900
vt 0.64755207 0.15155947
vt 0.65820563 0.12032747
vt 0.66367102 0.13605404
vt 0.79396105 0.55746025
vt 0.86744273 0.55398077
vt 0.87263566 0.55214840
vt 0.87217617 0.56922835
vt 0.69717366 0.80837107
vt 0.68795490 0.79520494
vt 0.69685847 0.79232377
vt 0.86744273 0.57124954
vt 0.64133590 0.92371511
vt 0.87585437 0.56671673
vt 0.86947280 0.70834118
vt 0.86150831 0.68670619
vt 0.86947280 0.67329627
vt 0.68598175 0.80961245
vt 0.69504893 0.82524908
vt 0.68598175 0.82958871
vt 0.79684794 0.57484394
vt 0.80565834 0.57482827
vt 0.79731935 0.57592595
vt 0.95881313 0.09891254
vt 0.95644182 0.09801012
vt 0.95881313 0.08287793
vt 0.01546282 0.55660677
vt 0.01430853 0.53976870
vt 0.01835965 0.53823626
vt 0.02393043 0.55971485
vt 0.87310457 0.58527774
vt 0.86907780 0.58709353
vt 0.01097691 0.55610102
vt 0.33865917 0.78104830
vt 0.04997989 0.06817168
vt 0.00182146 0.09253985
vt 0.86631805 0.48074812
vt 0.87172550 0.47846276
vt 0.87167537 0.49464470
vt 0.67643398 0.76400775
vt 0.86551082 0.49814296
vt 0.33343089 0.49296713
vt 0.31966686 0.49296713
vt 0.32150757 0.47765315
vt 0.67050517 0.78491861
vt 0.66522765 0.76397151
vt 0.66498667 0.78084862
vt 0.87266356 0.51082301
vt 0.86551082 0.51370686
vt 0.58230746 0.88408440
vt 0.58170766 0.90022063
vt 0.57210785 0.90227497
vt 0.25664946 0.45115983
vt 0.24931361 0.45280051
vt 0.24963127 0.43670207
vt 0.26483029 0.43463361
vt 0.24250507 0.45565426
vt 0.25288531 0.47061431
vt 0.58230746 0.90935689
vt 0.16752750 0.81393576
vt 0.16305000 0.80053133
vt 0.17026001 0.79422975
vt 0.17389454 0.81326902
vt 0.98775154 0.26008499
vt 0.97374398 0.26008499
vt 0.97568917 0.25433731
vt 0.26022118 0.46897352
vt 0.26286367 0.45554507
vt 0.74974191 0.22775841
vt 0.74557626 0.24351865
vt 0.93807340 0.31122285
vt 0.93295747 0.31747723
vt 0.93295747 0.29813522
vt 0.91573828 0.19942039
vt 0.02073966 0.78478146
vt 0.01343387 0.79130006
vt 0.96040863 0.43234336
vt 0.95590049 0.41866058
vt 0.96040863 0.41681600
vt 0.86538076 0.63176382
vt 0.80565828 0.96040857
vt 0.79625762 0.95866281
vt 0.80565828 0.94411719
vt 0.75301135 0.22965938
vt 0.47651842 0.60467315
vt 0.47146893 0.60164410
vt 0.73774070 0.25842559
vt 0.43605468 0.99784094
vt 0.42726728 0.99650383
vt 0.43605468 0.98819798
vt 0.48658571 0.59139210
vt 0.58532548 0.86761767
vt 0.59187967 0.86032933
vt 0.59187967 0.87770218
vt 0.49013969 0.86833036
vt 0.50253934 0.88723987
vt 0.49013969 0.89755672
vt 0.48060769 0.61900079
vt 0.38887995 0.90138006
vt 0.38522044 0.89145416
vt 0.39724538 0.87142837
vt 0.39724538 0.89835852
vt 0.58678722 0.89340323
vt 0.86639440 0.51592624
vt 0.87358958 0.51538593
vt 0.86692786 0.53331846
vt 0.20563827 0.43712938
vt 0.50048852 0.89978474
vt 0.74855733 0.24874115
vt 0.74202061 0.26323485
vt 0.94121999 0.97614640
vt 0.94121999 0.98438060
vt 0.93543708 0.98416901
vt 0.93187809 0.97374415
vt 0.42247674 0.33797938
vt 0.87425882 0.53196740
vt 0.84910744 0.71664321
vt 0.85767567 0.70567745
vt 0.85767567 0.72242153
vt 0.09412643 0.36852884
vt 0.08723754 0.34927619
vt 0.09412643 0.34439492
vt 0.90006006 0.77754259
vt 0.91414303 0.77269185
vt 0.91414303 0.79289538
vt 0.85647118 0.73915792
vt 0.42468369 0.35512972
vt 0.43074796 0.35895669
vt 0.86309141 0.70516634
vt 0.86309141 0.72191048
vt 0.49342358 0.98819792
vt 0.49385333 0.99774164
vt 0.49161795 0.99767834
vt 0.48636967 0.99681258
vt 0.48724961 0.98819792
vt 0.90278810 0.76797432
vt 0.86857659 0.55040020
vt 0.86639440 0.54996628
vt 0.87395060 0.54955685
vt 0.16591775 0.84923881
vt 0.16064595 0.85020643
vt 0.16064595 0.83256727
vt 0.08247639 0.24876845
vt 0.08774501 0.25068921
vt 0.08247639 0.26642561
vt 0.86151612 0.74024844
vt 0.16440415 0.86787748
vt 0.18637931 0.97859019
vt 0.19591171 0.97374415
vt 0.19583519 0.97896481
vt 0.18722153 0.98429918
vt 0.58113784 0.93807340
vt 0.58113784 0.91861433
vt 0.58709353 0.93541342
vt 0.19591171 0.98545384
vt 0.34183937 0.82157636
vt 0.30145144 0.86468542
vt 0.41420737 0.57113993
vt 0.41420737 0.53658533
vt 0.42277113 0.56431878
vt 0.84878415 0.57681108
vt 0.83875775 0.61261940
vt 0.83875775 0.58339113
vt 0.02495404 0.23344153
vt 0.02739700 0.23415339
vt 0.02495404 0.25076842
vt 0.03509797 0.23765665
vt 0.02883456 0.26802099
vt 0.49527481 0.65779126
vt 0.49681100 0.64875531
vt 0.50253934 0.65406710
vt 0.05112356 0.81684291
vt 0.05812034 0.81092185
vt 0.05598387 0.82884175
vt 0.05101372 0.84486842
vt 0.60602355 0.10959011
vt 0.61261940 0.11520123
vt 0.60602355 0.14198732
vt 0.89068747 0.06860059
vt 0.88579386 0.05893242
vt 0.89818937 0.03702974
vt 0.89818937 0.06525910
vt 0.06221917 0.81090367
vt 0.06075330 0.82831448
vt 0.01656966 0.57267135
vt 0.01097691 0.57408494
vt 0.66472965 0.95692879
vt 0.67324317 0.96226102
vt 0.66472965 0.97157609
vt 0.80005050 0.30790508
vt 0.80605978 0.29459381
vt 0.81090748 0.29481256
vt 0.37394235 0.77959889
vt 0.03345875 0.10630929
vt 0.05604614 0.84713775
vt 0.06221917 0.84622681
vt 0.01948124 0.59028435
vt 0.24259657 0.98819792
vt 0.23429471 0.99367714
vt 0.23429471 0.98897326
vt 0.24254818 0.99397838
vt 0.23429471 0.99838114
vt 0.73387748 0.99710357
vt 0.73813838 0.98819792
vt 0.74020785 0.99710357
vt 0.16305000 0.82905740
vt 0.04626551 0.89683372
vt 0.03430823 0.89331311
vt 0.04626551 0.86905599
vt 0.81523049 0.27740079
vt 0.80005050 0.27541530
vt 0.80894470 0.26971865
vt 0.16785049 0.83118409
vt 0.94764560 0.40203142
vt 0.94286281 0.39961195
vt 0.94764560 0.38460100
vt 0.26483029 0.48461968
vt 0.25970128 0.48818111
vt 0.03864394 0.89978474
vt 0.60271412 0.98885518
vt 0.60271412 0.99701256
vt 0.59723115 0.99747288
vt 0.59535247 0.98819792
vt 0.34233770 0.86374086
vt 0.37932512 0.82001448
vt 0.11915069 0.52569973
vt 0.07822893 0.52077270
vt 0.90935689 0.33221573
vt 0.90569520 0.34459841
vt 0.89713264 0.33961487
vt 0.08413497 0.99245965
vt 0.09259842 0.98819792
vt 0.08781995 0.99676698
vt 0.90445614 0.00250369
vt 0.91254765 0.01198894
vt 0.90445614 0.02712119
vt 0.89713264 0.32147926
vt 0.05902853 0.91489917
vt 0.04818277 0.92211980
vt 0.04818277 0.89968210
vt 0.59810209 0.78277087
vt 0.59268492 0.80089772
vt 0.59268492 0.78179497
vt 0.97374403 0.82853127
vt 0.98538125 0.82166642
vt 0.98594439 0.82853127
vt 0.73865306 0.53335249
vt 0.73690921 0.54033703
vt 0.73048520 0.53992587
vt 0.09259842 0.99866837
vt 0.11564442 0.56567949
vt 0.48658574 0.67731923
vt 0.47496539 0.68475187
vt 0.47496539 0.66822362
vt 0.56382394 0.74628204
vt 0.57820243 0.73916709
vt 0.56602031 0.75956261
vt 0.48409024 0.66279930
vt 0.97592825 0.81690460
vt 0.73294151 0.55468428
vt 0.73717999 0.55379230
vt 0.03803728 0.51495075
vt 0.07485918 0.55735350
vt 0.46733925 0.98819792
vt 0.46005115 0.99396288
vt 0.45844591 0.98819792
vt 0.58349562 0.74158400
vt 0.57822740 0.75844365
vt 0.48285320 0.68919677
vt 0.46404275 0.99776602
vt 0.58868891 0.74292213
vt 0.58868891 0.75812757
vt 0.58204973 0.76082867
vt 0.17958575 0.98432618
vt 0.18421137 0.97374415
vt 0.18421137 0.98569989
vt 0.33981231 0.71558177
vt 0.33878875 0.72053701
vt 0.33269152 0.72261870
vt 0.27038607 0.99832726
vt 0.26286414 0.99832726
vt 0.26799238 0.98819786
vt 0.33597168 0.73738039
vt 0.95793641 0.25160795
vt 0.96200389 0.25695556
vt 0.95793641 0.26642561
vt 0.63016838 0.90298492
vt 0.61666685 0.90976924
vt 0.61671418 0.89433694
vt 0.34487730 0.71143454
vt 0.36040735 0.70802438
vt 0.34634343 0.72704023
vt 0.33981231 0.73614478
vt 0.69557834 0.86783534
vt 0.69122100 0.86852872
vt 0.69168705 0.85326993
vt 0.27255407 0.98819792
vt 0.28129813 0.98819792
vt 0.27549833 0.99545830
vt 0.62182784 0.91733372
vt 0.36667743 0.71187860
vt 0.35982627 0.72815937
vt 0.28024495 0.99826306
vt 0.77056032 0.20277327
vt 0.75801605 0.20399517
vt 0.76409465 0.19604051
vt 0.63016838 0.91541564
vt 0.37171957 0.71370566
vt 0.36970443 0.72908378
vt 0.36340386 0.73089790
vt 0.76726335 0.21690786
vt 0.76164883 0.21891022
vt 0.45308310 0.89134365
vt 0.44741982 0.89577341
vt 0.44741982 0.87643975
vt 0.79396981 0.62430364
vt 0.81206876 0.62061614
vt 0.79664880 0.63740945
vt 0.67924374 0.89804304
vt 0.68281531 0.90854716
vt 0.67053229 0.91131985
vt 0.11687796 0.90616614
vt 0.91414297 0.32545400
vt 0.90699542 0.31125563
vt 0.91414297 0.30280828
vt 0.94591111 0.31269121
vt 0.94591111 0.29542142
vt 0.95243180 0.30371541
vt 0.91004235 0.74157882
vt 0.91573840 0.75110841
vt 0.91004241 0.76417887
vt 0.86628211 0.63918209
vt 0.86296123 0.65524477
vt 0.89818937 0.23492652
vt 0.89067274 0.23702252
vt 0.89067274 0.22100157
vt 0.34888521 0.40267670
vt 0.33955339 0.41332060
vt 0.33955339 0.39357084
vt 0.23796609 0.01378053
vt 0.25337097 0.00177175
vt 0.24517396 0.02555752
vt 0.34938449 0.41479433
vt 0.25844884 0.02020878
vt 0.76182908 0.24276680
vt 0.75728726 0.26029909
vt 0.75651860 0.24093944
vt 0.30554974 0.98819792
vt 0.30021790 0.99597949
vt 0.29685557 0.99101740
vt 0.11427575 0.98388493
vt 0.10722088 0.98557717
vt 0.10722087 0.97374409
vt 0.11809047 0.97497219
vt 0.85865456 0.67324317
vt 0.89782745 0.25366282
vt 0.86628211 0.67228216
vt 0.01780881 0.34391236
vt 0.01984962 0.35970825
vt 0.25452414 0.04179114
vt 0.24668314 0.04122627
vt 0.10529394 0.27792567
vt 0.10529394 0.29354692
vt 0.09685571 0.29303074
vt 0.53125596 0.65941393
vt 0.52476990 0.66207558
vt 0.52476990 0.64347208
vt 0.01950660 0.37950325
vt 0.02712120 0.35894668
vt 0.02712120 0.37731457
vt 0.93647808 0.67644620
vt 0.93647808 0.69557834
vt 0.93131810 0.67686403
vt 0.76193559 0.26226270
vt 0.24738581 0.05949515
vt 0.76536328 0.29992819
vt 0.75926703 0.28250408
vt 0.76736957 0.28250408
vt 0.24052222 0.05743003
vt 0.94076765 0.40494061
vt 0.94764566 0.40494061
vt 0.94334263 0.42277122
vt 0.34938449 0.16272706
vt 0.34366068 0.16272706
vt 0.34502062 0.14514452
vt 0.75651860 0.28078389
vt 0.76302427 0.27947384
vt 0.80616820 0.66211003
vt 0.81260151 0.66095847
vt 0.81283671 0.67914331
vt 0.80721128 0.68145460
vt 0.30554974 0.99819541
vt 0.76786536 0.24278665
vt 0.76816732 0.25789094
vt 0.75779742 0.19552231
vt 0.75568175 0.20320219
vt 0.75012535 0.20197970
vt 0.75160247 0.21639496
vt 0.75587243 0.21566832
vt 0.90634197 0.31708610
vt 0.87425888 0.71707207
vt 0.87090802 0.71742034
vt 0.87389034 0.70259762
vt 0.87425888 0.73705769
vt 0.76896495 0.27750063
vt 0.75779742 0.23611379
vt 0.00305948 0.48017097
vt 0.29189339 0.40429485
vt 0.29992822 0.41725326
vt 0.28097391 0.41890109
vt 0.92012835 0.57745415
vt 0.92531049 0.59356344
vt 0.92012835 0.59826112
vt 0.27790660 0.40890896
vt 0.29942977 0.42240608
vt 0.59735191 0.80281663
vt 0.99039632 0.06005108
vt 0.99593198 0.06450033
vt 0.99039632 0.06546617
vt 0.27758980 0.40348971
vt 0.26167312 0.41126263
vt 0.00220564 0.80446208
vt 0.00797677 0.82254046
vt 0.00220564 0.82320732
vt 0.25915566 0.40578163
vt 0.26371518 0.42299581
vt 0.23132764 0.09332371
vt 0.22583175 0.09572178
vt 0.22583175 0.07812184
vt 0.81682587 0.67785960
vt 0.00762326 0.80434257
vt 0.26468059 0.42680585
vt 0.28242370 0.42530823
vt 0.59603679 0.96678996
vt 0.60443407 0.95190966
vt 0.60783321 0.95772451
vt 0.94484317 0.71178460
vt 0.95243180 0.71029931
vt 0.94392914 0.72720098
vt 0.00362305 0.78584087
vt 0.81567770 0.69701695
vt 0.99723154 0.00108391
vt 0.99723154 0.00728869
vt 0.99039632 0.00542331
vt 0.50732541 0.94812381
vt 0.49986532 0.95083630
vt 0.49986532 0.93306208
vt 0.94126415 0.73386699
vt 0.93583238 0.72058451
vt 0.94126415 0.71551353
vt 0.24556926 0.42214215
vt 0.91892910 0.05257350
vt 0.91203827 0.05381644
vt 0.91093838 0.03486025
vt 0.53337729 0.69568551
vt 0.00180753 0.50914353
vt 0.24559437 0.42932296
vt 0.23031114 0.10080600
vt 0.23451833 0.10080600
vt 0.23185532 0.11965227
vt 0.91093838 0.05743307
vt 0.56052738 0.98819792
vt 0.56052738 0.99764800
vt 0.55411887 0.99587899
vt 0.65277725 0.98486644
vt 0.65277725 0.97374421
vt 0.65925628 0.97658801
vt 0.01647111 0.39884079
vt 0.75413781 0.97578686
vt 0.75808400 0.97374415
vt 0.75911903 0.98188752
vt 0.09684519 0.36374283
vt 0.09684519 0.34606075
vt 0.10050784 0.34868789
vt 0.75413781 0.98479605
vt 0.59603679 0.95110482
vt 0.90288681 0.36933196
vt 0.91414297 0.36348534
vt 0.91414297 0.38288713
vt 0.23796609 0.07338667
vt 0.80616820 0.69876897
vt 0.95243180 0.72748554
vt 0.71058470 0.99720615
vt 0.71058470 0.98819792
vt 0.71674794 0.99444473
vt 0.92371511 0.55673712
vt 0.92371511 0.57752132
vt 0.91736662 0.55901152
vt 0.89631683 0.49934864
vt 0.97374403 0.66364849
vt 0.97645700 0.65809983
vt 0.98656827 0.66364849
vt 0.90590054 0.35797894
vt 0.60488200 0.99738109
vt 0.60488200 0.98819786
vt 0.61278999 0.99474472
vt 0.53912222 0.73499125
vt 0.81231385 0.69868362
vt 0.05548544 0.99881649
vt 0.05548544 0.98844266
vt 0.05926063 0.98819792
vt 0.06169437 0.99561465
vt 0.56038898 0.69637626
vt 0.56018549 0.73594970
vt 0.54253590 0.77599651
vt 0.60324126 0.78348029
vt 0.60464257 0.79882956
vt 0.53604203 0.03729665
vt 0.53274310 0.03797942
vt 0.53316838 0.02257681
vt 0.60443771 0.81878680
vt 0.59860569 0.82001656
vt 0.53604203 0.05743307
vt 0.73865306 0.57433069
vt 0.85192382 0.73865312
vt 0.83743280 0.73865312
vt 0.84494919 0.72198641
vt 0.47860888 0.23584670
vt 0.47241879 0.24089980
vt 0.47241879 0.21958643
vt 0.92850137 0.06221914
vt 0.92064387 0.05733621
vt 0.92850137 0.04189426
vt 0.03635243 0.55250180
vt 0.57519108 0.77770084
vt 0.58079451 0.77853709
vt 0.58699334 0.77720952
vt 0.28347406 0.43074799
vt 0.26526949 0.43074799
vt 0.94246900 0.99289966
vt 0.94526833 0.98819798
vt 0.94526833 0.99610817
vt 0.66009343 0.79707271
vt 0.66526639 0.81516910
vt 0.65984780 0.81523049
vt 0.89180791 0.96200389
vt 0.88728869 0.96102154
vt 0.89180791 0.94640201
vt 0.94209015 0.27574056
vt 0.94605017 0.29217601
vt 0.94209015 0.29354674
vt 0.66526639 0.79639268
vt 0.02552578 0.84950972
vt 0.01628984 0.85385251
vt 0.01071957 0.83683133
vt 0.02134806 0.83445841
vt 0.01071957 0.85511458
vt 0.79946637 0.61692584
vt 0.79371965 0.61900079
vt 0.79510885 0.59996527
vt 0.79927903 0.59873676
vt 0.80246758 0.59813631
vt 0.69557834 0.88702178
vt 0.33958519 0.75620204
vt 0.90457082 0.15274143
vt 0.89835572 0.15794092
vt 0.89835572 0.13726735
vt 0.35563380 0.74822527
vt 0.34487730 0.74351120
vt 0.91803336 0.98819792
vt 0.91803336 0.99634838
vt 0.91510218 0.99324304
vt 0.02398184 0.82639802
vt 0.01855963 0.82427669
vt 0.02151835 0.80691242
vt 0.02712120 0.80725724
vt 0.93753642 0.07083744
vt 0.94126421 0.07336098
vt 0.93753642 0.08934039
vt 0.35991076 0.74743891
vt 0.95721775 0.93966877
vt 0.95103502 0.93966877
vt 0.95382994 0.92299557
vt 0.93639523 0.17147785
vt 0.94285953 0.17147785
vt 0.93935043 0.18984818
vt 0.95630860 0.99587685
vt 0.95630860 0.98819792
vt 0.96049726 0.98985511
vt 0.95402706 0.82001656
vt 0.94902396 0.80881244
vt 0.95402706 0.80314749
vt 0.01087931 0.81936753
vt 0.77062279 0.93169218
vt 0.77853715 0.94810444
vt 0.77062279 0.94924086
vt 0.66081476 0.77718782
vt 0.74097598 0.93346018
vt 0.74822527 0.94641507
vt 0.74097598 0.95083636
vt 0.36463848 0.51972061
vt 0.34927958 0.46491110
vt 0.38052863 0.49972856
vt 0.73427892 0.97827142
vt 0.73959929 0.97374415
vt 0.73959929 0.98481673
vt 0.80170888 0.58065683
vt 0.79708087 0.58011001
vt 0.69493186 0.50879282
vt 0.69876897 0.50771439
vt 0.69876897 0.52646983
vt 0.79371965 0.58161181
vt 0.98706532 0.44311512
vt 0.98478097 0.44722641
vt 0.98071963 0.44001514
vt 0.77548701 0.98470831
vt 0.77153265 0.98452896
vt 0.77548701 0.97374415
vt 0.97374409 0.44722641
vt 0.76929617 0.97627628
vt 0.01855963 0.79032767
vt 0.02636027 0.78885359
vt 0.96319568 0.59921974
vt 0.96359915 0.61421472
vt 0.95915335 0.61421472
vt 0.11486614 0.86149597
vt 0.10324486 0.85980737
vt 0.10421436 0.84414268
vt 0.11486614 0.84622556
vt 0.88542640 0.95243174
vt 0.88242131 0.93701315
vt 0.88542640 0.93533695
vt 0.09940502 0.86148572
vt 0.10029367 0.84397680
vt 0.09626760 0.84270018
vt 0.81443894 0.93647808
vt 0.81443894 0.91729301
vt 0.82001656 0.93466419
vt 0.37911341 0.44738996
vt 0.06980457 0.59296393
vt 0.36052212 0.41190946
vt 0.00237549 0.74035275
vt 0.01066672 0.76186991
vt 0.00237549 0.75951290
vt 0.00428750 0.78013253
vt 0.17205162 0.22780216
vt 0.18506199 0.24367160
vt 0.17205162 0.25047195
vt 0.91254765 0.73865306
vt 0.90545595 0.73569125
vt 0.91254765 0.71598774
vt 0.96266508 0.99553317
vt 0.96266508 0.98819786
vt 0.96637398 0.99478418
vt 0.66572231 0.98294562
vt 0.66142434 0.97374421
vt 0.66897660 0.97403705
vt 0.66897660 0.98480922
vt 0.95721775 0.34862739
vt 0.94766450 0.35417062
vt 0.94766450 0.33723068
vt 0.70949531 0.30963051
vt 0.71637136 0.32652217
vt 0.71241051 0.32704943
vt 0.10714748 0.82695603
vt 0.71791333 0.30963051
vt 0.10109063 0.82619196
vt 0.94199526 0.02533221
vt 0.94924104 0.02533221
vt 0.94269514 0.04307479
vt 0.01116754 0.74485004
vt 0.44928187 0.98819792
vt 0.44928187 0.99808097
vt 0.44616786 0.99542606
vt 0.98233050 0.59679884
vt 0.97374409 0.59112692
vt 0.98671907 0.59112692
vt 0.40093511 0.48139477
vt 0.41008419 0.52894443
vt 0.97834802 0.42420697
vt 0.98736531 0.42907047
vt 0.97374415 0.42907047
vt 0.47257680 0.97925049
vt 0.46306828 0.97851968
vt 0.46526310 0.97374415
vt 0.87904501 0.35444021
vt 0.87780517 0.36917138
vt 0.87060475 0.35441291
vt 0.47327277 0.97395790
vt 0.47327277 0.98272717
vt 0.46340722 0.98493463
vt 0.42588872 0.51454979
vt 0.42556211 0.46659732
vt 0.40734306 0.42994213
vt 0.55715805 0.77584010
vt 0.57152355 0.77980924
vt 0.44049174 0.55500519
vt 0.45239773 0.54513907
vt 0.46480989 0.53711432
vt 0.48489451 0.56868631
vt 0.47788644 0.57273531
vt 0.58390278 0.78547323
vt 0.47933227 0.53085780
vt 0.49250743 0.56585276
vt 0.49506423 0.52703208
vt 0.50002170 0.56364518
vt 0.51050031 0.52508438
vt 0.50814080 0.56265301
vt 0.44521034 0.50310212
vt 0.46574154 0.49408519
vt 0.45290419 0.45478356
vt 0.48818570 0.48808861
vt 0.51093882 0.48518527
vt 0.48115999 0.44727856
vt 0.18302974 0.90404373
vt 0.11040650 0.60145187
vt 0.22014667 0.90548873
vt 0.44989735 0.89978474
vt 0.81224543 0.63952082
vt 0.81681526 0.61932284
vt 0.81682587 0.63901556
vt 0.26013583 0.90625978
vt 0.22342531 0.94381464
vt 0.67041457 0.92052454
vt 0.68281531 0.91930860
vt 0.40659738 0.99199063
vt 0.41452438 0.98819792
vt 0.41452438 0.99679214
vt 0.16910848 0.34095854
vt 0.15869159 0.34778917
vt 0.14820167 0.33671319
vt 0.40613720 0.99786615
vt 0.16547929 0.33400202
vt 0.80792654 0.65718848
vt 0.77056032 0.23611373
vt 0.79396981 0.65728956
vt 0.36605945 0.95105898
vt 0.37650564 0.95712554
vt 0.36605945 0.96678990
vt 0.81935805 0.26231599
vt 0.82480270 0.26361704
vt 0.82322341 0.27974272
vt 0.81767899 0.28194302
vt 0.14963497 0.33122075
vt 0.82480270 0.29992825
vt 0.81343293 0.65702271
vt 0.42305213 0.27046013
vt 0.42852318 0.26991129
vt 0.42894214 0.28716534
vt 0.12880535 0.33458191
vt 0.61709064 0.93328732
vt 0.61030614 0.91312176
vt 0.62219161 0.92288232
vt 0.98707825 0.30420458
vt 0.97943479 0.30455750
vt 0.97374409 0.29240620
vt 0.98733473 0.29240620
vt 0.61030614 0.93247771
vt 0.61762446 0.80177391
vt 0.62895024 0.78565526
vt 0.63130796 0.80369979
vt 0.61762446 0.81910414
vt 0.13066025 0.34031332
vt 0.89396417 0.97374415
vt 0.89422965 0.98069859
vt 0.88595682 0.97859538
vt 0.88664985 0.97374415
vt 0.88560295 0.98442799
vt 0.81203979 0.91343373
vt 0.80080593 0.91892970
vt 0.80066144 0.90959817
vt 0.82445264 0.58414030
vt 0.82979703 0.58667856
vt 0.82729161 0.60090923
vt 0.63495445 0.80251330
vt 0.63361079 0.78386408
vt 0.82090551 0.60237753
vt 0.83437479 0.60228449
vt 0.81203979 0.93009663
vt 0.26081267 0.94445491
vt 0.39225590 0.39243704
vt 0.63328785 0.82062465
vt 0.62867540 0.82161188
vt 0.31340072 0.42599821
vt 0.31501514 0.43074799
vt 0.29806456 0.43074799
vt 0.82555288 0.62038416
vt 0.31227985 0.42061520
vt 0.29636824 0.42711335
vt 0.91414297 0.24712086
vt 0.91414297 0.26961637
vt 0.90848655 0.26176906
vt 0.58677059 0.97374409
vt 0.59569925 0.97687620
vt 0.58757985 0.97900325
vt 0.42555904 0.56679368
vt 0.43393871 0.56621730
vt 0.43261138 0.58230752
vt 0.42215937 0.56840026
vt 0.85906053 0.20251524
vt 0.86444718 0.20251524
vt 0.85889256 0.22000998
vt 0.94305319 0.86787754
vt 0.94229615 0.85486853
vt 0.94924098 0.86341298
vt 0.76111150 0.96838534
vt 0.76111150 0.95262802
vt 0.77375108 0.95274884
vt 0.59664190 0.98362023
vt 0.94924098 0.85042042
vt 0.95881319 0.63335913
vt 0.94615346 0.61679852
vt 0.95865685 0.61679852
vt 0.98727512 0.32296872
vt 0.98473859 0.33518732
vt 0.97374415 0.32296872
vt 0.58677059 0.98479021
vt 0.94288003 0.62541515
vt 0.42215937 0.54904163
vt 0.83437479 0.62059623
vt 0.42812344 0.54795420
vt 0.45608914 0.36602736
vt 0.45208535 0.36693352
vt 0.45161054 0.34957117
vt 0.45627382 0.34912288
vt 0.98169810 0.98819792
vt 0.98494619 0.99072820
vt 0.98169810 0.99526262
vt 0.95151764 0.19863099
vt 0.95562232 0.21517622
vt 0.95151764 0.21537399
vt 0.62219155 0.45886576
vt 0.61521417 0.45729327
vt 0.62179148 0.43864554
vt 0.02799303 0.04147935
vt 0.02799303 0.02120578
vt 0.03350261 0.02470124
vt 0.30075172 0.90612006
vt 0.86969507 0.20524758
vt 0.86569375 0.21884394
vt 0.87106818 0.22044504
vt 0.88861716 0.57249624
vt 0.88361055 0.57090211
vt 0.88312346 0.55524480
vt 0.86226648 0.23770905
vt 0.44563791 0.35052884
vt 0.86771339 0.23754370
vt 0.88312346 0.58868897
vt 0.29884818 0.94435900
vt 0.42721081 0.37778962
vt 0.94310665 0.19832587
vt 0.94924080 0.19763827
vt 0.94924080 0.21537399
vt 0.93647808 0.58095300
vt 0.92827857 0.59028429
vt 0.92827857 0.57079589
vt 0.76736951 0.59378564
vt 0.76225322 0.61261940
vt 0.75708294 0.60743797
vt 0.75708294 0.59078801
vt 0.91733366 0.84075630
vt 0.91047728 0.83537638
vt 0.91733366 0.81875950
vt 0.76147634 0.57270849
vt 0.44641310 0.33158052
vt 0.87904501 0.38723212
vt 0.87170523 0.38926858
vt 0.86986196 0.37088645
vt 0.65595448 0.80844831
vt 0.65728956 0.82639807
vt 0.65266711 0.80844808
vt 0.65728956 0.78992450
vt 0.25982600 0.06897080
vt 0.26483026 0.07078445
vt 0.25982600 0.08774495
vt 0.43393874 0.26844645
vt 0.42736614 0.25152022
vt 0.42326900 0.25177532
vt 0.11414201 0.34778917
vt 0.11269296 0.34298956
vt 0.55731308 0.06790364
vt 0.56635380 0.06909770
vt 0.56600666 0.08774495
vt 0.91739917 0.66840690
vt 0.92690587 0.66593325
vt 0.92690587 0.68760145
vt 0.91587377 0.68554991
vt 0.94764555 0.93498445
vt 0.94635004 0.94980592
vt 0.93714356 0.93662304
vt 0.90428823 0.97374415
vt 0.90489668 0.98443180
vt 0.90044105 0.98370105
vt 0.89885402 0.97384858
vt 0.42305213 0.23300314
vt 0.42657137 0.23219073
vt 0.96519458 0.68760145
vt 0.95987219 0.68760145
vt 0.96077347 0.67254984
vt 0.56635380 0.05317307
vt 0.53105903 0.93647808
vt 0.53126270 0.92133623
vt 0.53923267 0.92286736
vt 0.93714356 0.95243174
vt 0.59666574 0.90138006
vt 0.58975565 0.89429206
vt 0.59666574 0.87367064
vt 0.53105909 0.91682649
vt 0.33148640 0.42402959
vt 0.35097989 0.42365789
vt 0.34985396 0.42800838
vt 0.33266425 0.42744386
vt 0.34977710 0.41939008
vt 0.89639759 0.98443180
vt 0.40699655 0.88700336
vt 0.41479430 0.89431101
vt 0.40699655 0.91254759
vt 0.33121368 0.42046380
vt 0.31431797 0.41243744
vt 0.52646977 0.01787835
vt 0.51692879 0.03350264
vt 0.52378726 0.00199562
vt 0.95243174 0.24568588
vt 0.94643432 0.24568588
vt 0.94668090 0.22840261
vt 0.51692879 0.00113428
vt 0.12668031 0.85738802
vt 0.13720122 0.83942729
vt 0.13720122 0.87425888
vt 0.92503083 0.80937779
vt 0.93009663 0.80804366
vt 0.93009663 0.82799339
vt 0.45061794 0.33156979
vt 0.45377079 0.33073556
vt 0.34128156 0.90528166
vt 0.57334960 0.94800031
vt 0.58502978 0.96040857
vt 0.57702166 0.96040857
vt 0.69220579 0.97457010
vt 0.69251925 0.98261088
vt 0.68491793 0.97872722
vt 0.68417627 0.97374415
vt 0.58549821 0.94365877
vt 0.15696466 0.94957626
vt 0.17229916 0.94535315
vt 0.17229916 0.96200383
vt 0.68417627 0.98470825
vt 0.16024299 0.95785958
vt 0.95721781 0.21774983
vt 0.95721781 0.23451841
vt 0.94715834 0.22031528
vt 0.86011606 0.31771719
vt 0.86485237 0.31586236
vt 0.86412436 0.33402348
vt 0.85998827 0.33419710
vt 0.87106812 0.31670761
vt 0.87080479 0.33161384
vt 0.79130000 0.59402370
vt 0.78631520 0.59478027
vt 0.78631520 0.58030069
vt 0.91733366 0.23633790
vt 0.90920037 0.23447698
vt 0.90900570 0.22164392
vt 0.90900570 0.24024290
vt 0.34778905 0.20548236
vt 0.34778905 0.22494614
vt 0.33631393 0.21248448
vt 0.97936910 0.01351452
vt 0.97374409 0.00108397
vt 0.98695916 0.01309645
vt 0.91682291 0.24409056
vt 0.63884944 0.46300113
vt 0.64411372 0.45275986
vt 0.65528232 0.46319300
vt 0.63929826 0.46675801
vt 0.65728962 0.46858418
vt 0.60818559 0.45293379
vt 0.59984112 0.46744132
vt 0.60319448 0.45108414
vt 0.61369759 0.43587863
vt 0.86498791 0.35097986
vt 0.87106812 0.35025144
vt 0.59738010 0.44900775
vt 0.60698539 0.43278658
vt 0.61057180 0.43466145
vt 0.28237921 0.13153696
vt 0.27701506 0.15155947
vt 0.27774286 0.13225114
vt 0.90697938 0.80493993
vt 0.92052448 0.79341251
vt 0.92052448 0.81523049
vt 0.27701506 0.11674529
vt 0.59826112 0.90958047
vt 0.58528060 0.92052448
vt 0.58528060 0.89789957
vt 0.79065496 0.61261940
vt 0.62298304 0.46206510
vt 0.91254759 0.33462912
vt 0.91254759 0.35736126
vt 0.90868950 0.35568386
vt 0.62324744 0.46765900
vt 0.95402706 0.19782495
vt 0.94876713 0.18130445
vt 0.95402706 0.18088317
vt 0.98792404 0.00108397
vt 0.81522834 0.99683213
vt 0.81014240 0.99514979
vt 0.81522834 0.98819786
vt 0.54125357 0.92052448
vt 0.54278851 0.90911657
vt 0.55040026 0.91920334
vt 0.63970864 0.47124898
vt 0.65609443 0.47400868
vt 0.55040026 0.89827561
vt 0.56316304 0.37342113
vt 0.56169361 0.39565003
vt 0.55712515 0.38992202
vt 0.84312904 0.57488877
vt 0.83622772 0.57911676
vt 0.83688927 0.56230873
vt 0.55572516 0.37342113
vt 0.84286761 0.55842847
vt 0.33679774 0.94356441
vt 0.46458498 0.36800385
vt 0.44139734 0.41595733
vt 0.95721775 0.43834913
vt 0.95721775 0.45467854
vt 0.95397258 0.45205998
vt 0.40274566 0.33506072
vt 0.40783167 0.33272314
vt 0.41028526 0.35000670
vt 0.95977974 0.43794227
vt 0.96359926 0.44029927
vt 0.95977974 0.45308304
vt 0.40509069 0.31690705
vt 0.41599333 0.33104855
vt 0.41376761 0.34881246
vt 0.42436659 0.31227988
vt 0.62346482 0.47582054
vt 0.63888806 0.49079770
vt 0.62313735 0.48765934
vt 0.56497592 0.98487955
vt 0.55642670 0.98487955
vt 0.56122017 0.97374409
vt 0.65648884 0.88974148
vt 0.64486116 0.89021254
vt 0.64486116 0.87361926
vt 0.41791716 0.34824830
vt 0.65888488 0.87255067
vt 0.66087496 0.43656194
vt 0.66367102 0.45435762
vt 0.65563488 0.45294434
vt 0.15953630 0.89721364
vt 0.14621302 0.89945829
vt 0.14504109 0.88249505
vt 0.65528232 0.49172366
vt 0.65523541 0.45869970
vt 0.14504109 0.90732348
vt 0.66367102 0.46265531
vt 0.63919109 0.49565744
vt 0.65728962 0.49711484
vt 0.62336320 0.49398732
vt 0.38129169 0.86210400
vt 0.49611229 0.32797903
vt 0.45641765 0.33227718
vt 0.37876731 0.90371978
vt 0.15646811 0.91095227
vt 0.57703894 0.98479444
vt 0.56714386 0.98479444
vt 0.56875050 0.97374415
vt 0.98665929 0.08117145
vt 0.97374415 0.08612245
vt 0.97522563 0.07388878
vt 0.48499033 0.89545888
vt 0.47944611 0.90138006
vt 0.46850002 0.89179850
vt 0.48499033 0.87671286
vt 0.47664180 0.87040603
vt 0.85830528 0.34611559
vt 0.85085589 0.34938449
vt 0.85683215 0.32886308
vt 0.27642876 0.97374409
vt 0.28378049 0.97596473
vt 0.27642876 0.98533195
vt 0.85986906 0.88978845
vt 0.86964089 0.90453583
vt 0.86193538 0.90457082
vt 0.67415482 0.39499259
vt 0.68281531 0.40219605
vt 0.67415482 0.42117584
vt 0.14073433 0.85338664
vt 0.14677334 0.87281865
vt 0.14073433 0.88702184
vt 0.89959836 0.49982923
vt 0.92052442 0.49982923
vt 0.90096116 0.52487445
vt 0.22232567 0.13414335
vt 0.21744660 0.11782527
vt 0.22762592 0.11560220
vt 0.23292303 0.13220859
vt 0.22044724 0.15005350
vt 0.13145186 0.59028429
vt 0.13145186 0.56922865
vt 0.14198729 0.57016855
vt 0.21775822 0.09773451
vt 0.72399801 0.99551600
vt 0.71891576 0.99720949
vt 0.71891576 0.98819792
vt 0.65609443 0.50253934
vt 0.64204621 0.50223112
vt 0.98780715 0.08612245
vt 0.48449856 0.90123487
vt 0.95099604 0.07712692
vt 0.95721781 0.07887018
vt 0.95099604 0.09412640
vt 0.62369639 0.49994659
vt 0.80342960 0.23569924
vt 0.81203979 0.22999692
vt 0.81203979 0.24974608
vt 0.79376197 0.25785345
vt 0.80467254 0.26802099
vt 0.83398521 0.64152962
vt 0.83597022 0.65910441
vt 0.82971400 0.66007942
vt 0.82372612 0.66048032
vt 0.83005726 0.64250308
vt 0.84755152 0.33187968
vt 0.28571504 0.97959930
vt 0.93966883 0.02455479
vt 0.93966883 0.04307479
vt 0.93580890 0.04166472
vt 0.87106818 0.88887709
vt 0.82511842 0.64251703
vt 0.47295994 0.40767986
vt 0.50267553 0.36377895
vt 0.78898203 0.24248946
vt 0.06700517 0.95785463
vt 0.05078870 0.96040869
vt 0.05078870 0.94377613
vt 0.92531049 0.21058792
vt 0.91860646 0.19690287
vt 0.92531049 0.18993199
vt 0.23181468 0.14908350
vt 0.21744660 0.16432244
vt 0.33351088 0.99831784
vt 0.32967666 0.99266928
vt 0.33351088 0.98819792
vt 0.92850131 0.28743076
vt 0.92850131 0.30569613
vt 0.92049181 0.29229188
vt 0.20269665 0.99773449
vt 0.20269665 0.98819798
vt 0.20692351 0.98907185
vt 0.20750712 0.99858171
vt 0.92371058 0.30790508
vt 0.73073697 0.99714869
vt 0.72616607 0.98819792
vt 0.73170960 0.98819792
vt 0.76063055 0.98819792
vt 0.76063055 0.99709690
vt 0.75718421 0.99485946
vt 0.94515121 0.00179899
vt 0.95243174 0.00360757
vt 0.94560701 0.01810080
vt 0.98554277 0.35816431
vt 0.98741335 0.36516559
vt 0.97374398 0.36516559
vt 0.44563791 0.31402022
vt 0.44983304 0.31258422
vt 0.45469734 0.31303138
vt 0.95243174 0.01914436
vt 0.27759314 0.49615794
vt 0.27046147 0.49489689
vt 0.27759314 0.47397327
vt 0.26888314 0.47659618
vt 0.62219155 0.42065048
vt 0.95562243 0.28596592
vt 0.95236659 0.28716534
vt 0.95236659 0.27022493
vt 0.02388279 0.99732143
vt 0.02876400 0.98949271
vt 0.02876400 0.99867588
vt 0.61826569 0.41720819
vt 0.02447493 0.98819798
vt 0.45252755 0.96778965
vt 0.45711923 0.95511645
vt 0.45972225 0.96998066
vt 0.01881685 0.99000502
vt 0.01983343 0.99788636
vt 0.61419553 0.41667402
vt 0.46584600 0.95471084
vt 0.46584600 0.96940178
vt 0.37778980 0.97374415
vt 0.36765885 0.97916371
vt 0.36702803 0.97374415
vt 0.84554243 0.54394352
vt 0.83622772 0.54275483
vt 0.37684312 0.98296511
vt 0.37013879 0.98508966
vt 0.37665558 0.97862583
vt 0.93747896 0.30038470
vt 0.94285953 0.29618269
vt 0.94285953 0.31428647
vt 0.85830528 0.31367159
vt 0.84853566 0.31492406
vt 0.67114466 0.97374415
vt 0.68200833 0.97388601
vt 0.67232561 0.97907090
vt 0.51032937 0.44408238
vt 0.50784236 0.40360141
vt 0.93807340 0.42915261
vt 0.93456835 0.42731988
vt 0.93807340 0.41057777
vt 0.41526657 0.36693341
vt 0.42008144 0.36583400
vt 0.42436659 0.36465073
vt 0.65388316 0.85664785
vt 0.68177164 0.97864646
vt 0.83101743 0.62412149
vt 0.83597022 0.62467062
vt 0.67429590 0.98464096
vt 0.68200833 0.98315543
vt 0.82659101 0.62489676
vt 0.94325536 0.16141176
vt 0.95083648 0.15977556
vt 0.95083648 0.17708534
vt 0.85986906 0.87397432
vt 0.84871441 0.91315502
vt 0.85990065 0.91315502
vt 0.85622042 0.93328732
vt 0.82908207 0.48339188
vt 0.83404583 0.47635359
vt 0.84008300 0.47040558
vt 0.84651113 0.46537983
vt 0.85303855 0.46203053
vt 0.86034787 0.46052581
vt 0.86736548 0.45977533
vt 0.52542406 0.15214348
vt 0.79456264 0.46463305
vt 0.80351597 0.45114267
vt 0.81461614 0.43983281
vt 0.82747239 0.42978132
vt 0.85475492 0.41915107
vt 0.86947274 0.41781807
vt 0.84120983 0.42325079
vt 0.50413203 0.18846488
vt 0.75951743 0.44392765
vt 0.77216876 0.42473936
vt 0.78833205 0.40806770
vt 0.80635059 0.39433092
vt 0.84678721 0.37867868
vt 0.86754858 0.37718141
vt 0.82593292 0.38428313
vt 0.48021567 0.22091055
vt 0.78519320 0.35953265
vt 0.76006401 0.37812722
vt 0.80769795 0.34772623
vt 0.83478814 0.33952677
vt 0.03883556 0.99880165
vt 0.03883556 0.98942369
vt 0.04560281 0.98819792
vt 0.80897570 0.97766888
vt 0.80420488 0.98476666
vt 0.80420488 0.97374415
vt 0.97797900 0.97374415
vt 0.98208112 0.98433888
vt 0.97797900 0.98459893
vt 0.04274037 0.99839181
vt 0.93462455 0.55076897
vt 0.94315958 0.55253977
vt 0.93477285 0.55409247
vt 0.72404581 0.42295206
vt 0.73981178 0.39957446
vt 0.69020712 0.40199316
vt 0.70811379 0.37501234
vt 0.19134006 0.29518563
vt 0.16908711 0.26263607
vt 0.67944294 0.35143411
vt 0.65939575 0.38201809
vt 0.86737561 0.98273766
vt 0.86249095 0.97377932
vt 0.87187159 0.97374415
vt 0.87187159 0.98442960
vt 0.91414297 0.86410415
vt 0.91414297 0.87066960
vt 0.90538347 0.87000746
vt 0.85106999 0.99645823
vt 0.84932739 0.98819786
vt 0.85519028 0.98819786
vt 0.86297685 0.98286229
vt 0.50215048 0.00526685
vt 0.51051617 0.00222343
vt 0.51051617 0.02233511
vt 0.95243174 0.89659405
vt 0.94534159 0.89045596
vt 0.95243174 0.87967449
vt 0.71207470 0.27241486
vt 0.71607292 0.27181101
vt 0.71685010 0.28921747
vt 0.71276456 0.28882337
vt 0.69751966 0.28719354
vt 0.72075582 0.27257550
vt 0.72110409 0.28759778
vt 0.91007215 0.88702184
vt 0.12704411 0.95269877
vt 0.12762904 0.95818508
vt 0.11633822 0.96838528
vt 0.37924084 0.50580400
vt 0.39086393 0.51457977
vt 0.37924084 0.52263635
vt 0.11633822 0.95422572
vt 0.96519458 0.56316310
vt 0.95801115 0.55956858
vt 0.96519458 0.54826796
vt 0.90586114 0.88428897
vt 0.96186101 0.07615328
vt 0.96678996 0.07871097
vt 0.96186101 0.09093571
vt 0.39036778 0.52966046
vt 0.00108399 0.99891597
vt 0.00108399 0.98819792
vt 0.00691807 0.99277484
vt 0.91794819 0.35565668
vt 0.92211980 0.36337626
vt 0.91794819 0.37650561
vt 0.62801999 0.85695249
vt 0.63335913 0.87739104
vt 0.62519926 0.87516969
vt 0.23770906 0.96678996
vt 0.23300673 0.96473163
vt 0.23770906 0.95209277
vt 0.62069911 0.86987323
vt 0.88294053 0.53449959
vt 0.89180785 0.53449959
vt 0.89053315 0.54901487
vt 0.88542646 0.51372290
vt 0.88040876 0.49719226
vt 0.88442391 0.49773324
vt 0.88575846 0.54974818
vt 0.44801223 0.97374421
vt 0.45268810 0.98450595
vt 0.44801223 0.98521203
vt 0.01435824 0.92472404
vt 0.00207813 0.92048424
vt 0.01359434 0.91803586
vt 0.91829938 0.12128395
vt 0.92052442 0.13197380
vt 0.91031182 0.12584895
vt 0.73148072 0.34937572
vt 0.30771777 0.98819798
vt 0.31623286 0.98841363
vt 0.31000787 0.99815440
vt 0.94285953 0.05374640
vt 0.93279952 0.05544311
vt 0.93263626 0.05133426
vt 0.31623286 0.99818265
vt 0.59989309 0.82847333
vt 0.59212554 0.82628053
vt 0.60119116 0.82255626
vt 0.94285953 0.07019597
vt 0.86468673 0.94924080
vt 0.85600436 0.94208831
vt 0.86468673 0.93158180
vt 0.63307273 0.38718939
vt 0.63882321 0.38771474
vt 0.64006317 0.40329826
vt 0.63167119 0.40409648
vt 0.59404916 0.84240741
vt 0.58961272 0.84070504
vt 0.17070383 0.36214739
vt 0.16604061 0.34616601
vt 0.17070383 0.34452045
vt 0.00207813 0.93714833
vt 0.89499861 0.86092561
vt 0.89499861 0.87810254
vt 0.88707328 0.87670380
vt 0.91031182 0.14358270
vt 0.74662983 0.20517159
vt 0.74662983 0.22016007
vt 0.73540235 0.21913999
vt 0.09572177 0.95483094
vt 0.08993261 0.96096396
vt 0.08218455 0.94703358
vt 0.08218455 0.96359915
vt 0.95562243 0.26802099
vt 0.94990993 0.26451111
vt 0.95562243 0.25111628
vt 0.01006202 0.93807340
vt 0.60304719 0.84263021
vt 0.78332323 0.57697475
vt 0.77496386 0.57691514
vt 0.77619475 0.56992304
vt 0.17238335 0.98575628
vt 0.16815391 0.98394912
vt 0.17238335 0.97374415
vt 0.89180791 0.00216514
vt 0.89180791 0.01084185
vt 0.88310474 0.01061934
vt 0.10602972 0.98819792
vt 0.11013124 0.99632722
vt 0.10602972 0.99884671
vt 0.24447292 0.98566020
vt 0.24097326 0.98301268
vt 0.24447292 0.97374415
vt 0.94801587 0.46584940
vt 0.95881313 0.46368718
vt 0.95881313 0.48020434
vt 0.90426201 0.62687904
vt 0.90616614 0.63339496
vt 0.89727581 0.63676393
vt 0.75914145 0.32810026
vt 0.59000212 0.05386662
vt 0.58700228 0.03680521
vt 0.59176403 0.03626704
vt 0.59549010 0.03855801
vt 0.48658574 0.95742089
vt 0.47742343 0.96200389
vt 0.47742343 0.94546223
vt 0.58377773 0.05233163
vt 0.90616614 0.65250355
vt 0.77546090 0.59480584
vt 0.94445491 0.25321621
vt 0.94445491 0.27121168
vt 0.93706453 0.26443398
vt 0.59262538 0.38390487
vt 0.59738874 0.38435942
vt 0.59620833 0.40122569
vt 0.78332323 0.59378415
vt 0.59092230 0.40138817
vt 0.89134210 0.02552581
vt 0.85805809 0.94788700
vt 0.87106818 0.95875025
vt 0.85805809 0.96359926
vt 0.96678996 0.70834112
vt 0.95845145 0.70643890
vt 0.96678996 0.69389379
vt 0.70195973 0.85755390
vt 0.69783890 0.85591805
vt 0.70195973 0.83977008
vt 0.81727153 0.97374415
vt 0.82794952 0.97374415
vt 0.82755566 0.98444641
vt 0.59839386 0.05642557
vt 0.94921464 0.56284684
vt 0.95881319 0.56284684
vt 0.95841581 0.57911676
vt 0.88975966 0.89340323
vt 0.89939904 0.75464046
vt 0.89647299 0.75371552
vt 0.90616614 0.74152946
vt 0.89633882 0.82909769
vt 0.90138012 0.84256506
vt 0.89411390 0.84681684
vt 0.92850125 0.33024013
vt 0.92003101 0.32348132
vt 0.92850125 0.31029093
vt 0.62529957 0.40324211
vt 0.62793988 0.42067695
vt 0.59054649 0.07232243
vt 0.59985650 0.07347518
vt 0.58182377 0.06967139
vt 0.58578473 0.07098854
vt 0.43756780 0.95562238
vt 0.43756780 0.93838590
vt 0.44804090 0.93898934
vt 0.01271451 0.42771798
vt 0.01754897 0.44463450
vt 0.01271451 0.44510627
vt 0.45308304 0.95421845
vt 0.89755952 0.76896495
vt 0.58545381 0.08774495
vt 0.87237728 0.41194481
vt 0.87904501 0.42657697
vt 0.87125552 0.43209928
vt 0.90138012 0.85670996
vt 0.16729043 0.29417056
vt 0.17708527 0.29941887
vt 0.16729043 0.31269103
vt 0.62538236 0.92064571
vt 0.62538236 0.93966883
vt 0.61985767 0.93696022
vt 0.96200389 0.59347510
vt 0.95753264 0.59137690
vt 0.96200389 0.57799613
vt 0.58182377 0.08651990
vt 0.70504981 0.32387090
vt 0.18182658 0.14121586
vt 0.18250176 0.09945160
vt 0.21352352 0.10055709
vt 0.21537399 0.14233559
vt 0.58549035 0.78761262
vt 0.58868891 0.79125708
vt 0.58168232 0.80470711
vt 0.71923590 0.30453837
vt 0.50442833 0.89252311
vt 0.51211154 0.90290171
vt 0.50442833 0.91573834
vt 0.07726182 0.87435883
vt 0.08136354 0.88917577
vt 0.07468548 0.88849729
vt 0.58831292 0.80796647
vt 0.91892910 0.41958046
vt 0.91100222 0.41124105
vt 0.91892910 0.39727563
vt 0.71200389 0.30550694
vt 0.69897401 0.30336297
vt 0.70936000 0.30363691
vt 0.58961272 0.85745561
vt 0.63496429 0.41983998
vt 0.64133590 0.42069435
vt 0.61116761 0.95520627
vt 0.61740553 0.96855569
vt 0.61116761 0.96998066
vt 0.59344971 0.85830522
vt 0.95871401 0.90011972
vt 0.96200383 0.90013671
vt 0.96200383 0.91508758
vt 0.69751966 0.31747723
vt 0.95237589 0.91573834
vt 0.57493454 0.80434287
vt 0.58105612 0.82106745
vt 0.03031184 0.87609893
vt 0.02673167 0.87434423
vt 0.02942444 0.86092204
vt 0.96678990 0.46265519
vt 0.95940334 0.46070778
vt 0.96678990 0.44779980
vt 0.62529957 0.43712944
vt 0.63048989 0.43691421
vt 0.72719705 0.01914436
vt 0.72719705 0.00150794
vt 0.73067623 0.00279558
vt 0.87491804 0.95193058
vt 0.87904501 0.96655715
vt 0.87491804 0.96679002
vt 0.64127600 0.43623471
vt 0.65204078 0.93223393
vt 0.65204078 0.92761296
vt 0.67005247 0.93043149
vt 0.66897094 0.93316841
vt 0.65312523 0.93807340
vt 0.65330553 0.91836315
vt 0.66969347 0.92561990
vt 0.62942988 0.89021254
vt 0.19014408 0.35101515
vt 0.16678272 0.31718588
vt 0.26156557 0.49002063
vt 0.26642561 0.49186528
vt 0.26156557 0.50573003
vt 0.62069911 0.88992918
vt 0.88383108 0.72663391
vt 0.87681168 0.72252887
vt 0.87706602 0.70778483
vt 0.63779932 0.87011075
vt 0.64123297 0.88331270
vt 0.63535589 0.88429326
vt 0.97374415 0.15971214
vt 0.98767298 0.15971214
vt 0.98603559 0.17146653
vt 0.96519464 0.67324317
vt 0.95685351 0.66256148
vt 0.96519464 0.65825248
vt 0.21878158 0.38205123
vt 0.14471091 0.93009663
vt 0.14471091 0.90954256
vt 0.15475030 0.92629004
vt 0.95515561 0.69130206
vt 0.96200389 0.69610137
vt 0.95515561 0.70674586
vt 0.96519464 0.37650561
vt 0.95957041 0.37180513
vt 0.96519464 0.36144555
vt 0.07468548 0.90297544
vt 0.20063563 0.03779489
vt 0.20420645 0.05312449
vt 0.20063563 0.05583769
vt 0.44351092 0.88925290
vt 0.43257442 0.88938403
vt 0.42943129 0.87351638
vt 0.44029328 0.87357479
vt 0.58868891 0.82480270
vt 0.60553348 0.74832833
vt 0.63814521 0.74620241
vt 0.63814521 0.78491861
vt 0.54242343 0.20101571
vt 0.51958776 0.16680586
vt 0.54242343 0.14750415
vt 0.43793464 0.90457088
vt 0.42417425 0.89966041
vt 0.03883417 0.94253790
vt 0.04786089 0.95286602
vt 0.03437712 0.95881313
vt 0.03437712 0.94181591
vt 0.75301135 0.53881258
vt 0.75301135 0.55199558
vt 0.74228168 0.54719281
vt 0.74226117 0.53356403
vt 0.49775326 0.90310889
vt 0.49744985 0.91755527
vt 0.48700312 0.91525286
vt 0.48637959 0.90560859
vt 0.55199552 0.93966883
vt 0.55119139 0.92627347
vt 0.55199552 0.92382848
vt 0.34140763 0.14273190
vt 0.33117852 0.15285563
vt 0.32736129 0.15006083
vt 0.43199480 0.94827127
vt 0.43553409 0.96359921
vt 0.42435390 0.96359921
vt 0.34459844 0.96040851
vt 0.33859983 0.95316529
vt 0.34459844 0.94463325
vt 0.48796332 0.92092019
vt 0.49775326 0.92531049
vt 0.87681168 0.73757344
vt 0.63535589 0.89818937
vt 0.64133590 0.89616632
vt 0.88374490 0.74184376
vt 0.90302837 0.61392939
vt 0.89840877 0.59929281
vt 0.90616614 0.59782493
vt 0.45924014 0.92905259
vt 0.46229237 0.92220867
vt 0.47564873 0.92220867
vt 0.47701353 0.93732512
vt 0.46156007 0.93491077
vt 0.47529021 0.93156427
vt 0.47628957 0.94126421
vt 0.98686433 0.15368479
vt 0.98809385 0.15754408
vt 0.97374409 0.15754408
vt 0.46903670 0.23898417
vt 0.46518669 0.21678197
vt 0.46903670 0.21792126
vt 0.33166158 0.16386920
vt 0.33938521 0.16042334
vt 0.34140763 0.17229921
vt 0.92367887 0.70420021
vt 0.93169200 0.69646525
vt 0.93169200 0.71631801
vt 0.45991564 0.23574758
vt 0.46147111 0.21625388
vt 0.32779619 0.15803832
vt 0.02673167 0.89180791
vt 0.55997247 0.95721775
vt 0.54813647 0.95721775
vt 0.55822855 0.94038266
vt 0.93234438 0.46867037
vt 0.93807340 0.46616793
vt 0.93807340 0.48499036
vt 0.98783475 0.26225305
vt 0.98783475 0.26629156
vt 0.97374415 0.26338208
vt 0.89890879 0.61723459
vt 0.58460271 0.98501861
vt 0.57920694 0.97793722
vt 0.58460271 0.97374421
vt 0.68290240 0.98819792
vt 0.68188083 0.99695539
vt 0.67746091 0.99715626
vt 0.67488754 0.98819792
vt 0.90616614 0.62378693
vt 0.48813128 0.92507905
vt 0.19424683 0.40284687
vt 0.16678272 0.37069744
vt 0.08772365 0.00207722
vt 0.10823123 0.00917453
vt 0.13055071 0.01535112
vt 0.09511311 0.04283023
vt 0.12319223 0.05062175
vt 0.14253038 0.98819786
vt 0.14398870 0.99875492
vt 0.13891502 0.99875492
vt 0.91095227 0.08774495
vt 0.90248221 0.06914651
vt 0.91095227 0.06236285
vt 0.93488270 0.52599925
vt 0.92876267 0.53365576
vt 0.92410553 0.52781868
vt 0.64351535 0.42605197
vt 0.65250343 0.44249696
vt 0.64351535 0.44989240
vt 0.88343483 0.98440146
vt 0.92371517 0.10887945
vt 0.91605544 0.11168730
vt 0.92257261 0.10301054
vt 0.60346627 0.14790618
vt 0.60942858 0.14771569
vt 0.60942858 0.16202247
vt 0.60473490 0.16346812
vt 0.59973150 0.16432244
vt 0.87904507 0.47493672
vt 0.92371517 0.12443835
vt 0.93488270 0.35257518
vt 0.93004799 0.33521372
vt 0.93488270 0.33307755
vt 0.16207360 0.29354680
vt 0.16061722 0.28694701
vt 0.17868067 0.28704906
vt 0.93488270 0.54561412
vt 0.16127056 0.27755469
vt 0.17647679 0.28211141
vt 0.02825344 0.94568914
vt 0.03031192 0.96200383
vt 0.01728927 0.96200383
vt 0.93169206 0.39282316
vt 0.92965460 0.39996731
vt 0.92126912 0.39689445
vt 0.98384070 0.84645885
vt 0.98611617 0.84988183
vt 0.97374398 0.84988183
vt 0.79381406 0.20769572
vt 0.80406296 0.21431059
vt 0.79381406 0.21777838
vt 0.98268652 0.84271383
vt 0.92126912 0.41319901
vt 0.93043596 0.41288483
vt 0.78026587 0.61349684
vt 0.79049003 0.61633378
vt 0.78134835 0.61955863
vt 0.11795765 0.99776757
vt 0.11229916 0.99874622
vt 0.11229916 0.98819792
vt 0.79583037 0.99679095
vt 0.78770262 0.99661875
vt 0.79583037 0.98819792
vt 0.79130006 0.63419545
vt 0.11791112 0.80322945
vt 0.12320281 0.80460370
vt 0.12034956 0.81997395
vt 0.11251161 0.82005185
vt 0.78137970 0.63395721
vt 0.94704860 0.24917263
vt 0.95083636 0.25061035
vt 0.94704860 0.26642561
vt 0.80182236 0.23132765
vt 0.58071214 0.55837715
vt 0.57239854 0.55763698
vt 0.58071214 0.54311460
vt 0.08200142 0.07915056
vt 0.95648223 0.04108834
vt 0.96040863 0.04017174
vt 0.96040863 0.05583775
vt 0.89271700 0.57030779
vt 0.89340317 0.58671647
vt 0.88914186 0.58572996
vt 0.94518745 0.73103809
vt 0.95083636 0.74335921
vt 0.94518745 0.74822527
vt 0.59666574 0.01754904
vt 0.58625406 0.00233990
vt 0.59666574 0.00208730
vt 0.78867626 0.65101558
vt 0.78026587 0.65250349
vt 0.89169830 0.60304719
vt 0.21058792 0.05782640
vt 0.21058792 0.07657743
vt 0.20387509 0.07372189
vt 0.01664884 0.99879801
vt 0.01313504 0.99816823
vt 0.01664884 0.98819798
vt 0.65170795 0.84496433
vt 0.65269721 0.82861555
vt 0.65569425 0.82961583
vt 0.90292788 0.56695873
vt 0.91019171 0.55908829
vt 0.91095227 0.56632930
vt 0.91095227 0.58230752
vt 0.65569425 0.84692961
vt 0.88066852 0.51483583
vt 0.87649488 0.49764782
vt 0.93462455 0.56873131
vt 0.94445491 0.56954461
vt 0.87649488 0.51490659
vt 0.00923738 0.99864113
vt 0.00908608 0.98926431
vt 0.64890116 0.82755899
vt 0.83402079 0.98819786
vt 0.83775568 0.98867130
vt 0.83402079 0.99674720
vt 0.01403989 0.87118942
vt 0.01394216 0.85692108
vt 0.02225881 0.85465795
vt 0.02393049 0.87120759
vt 0.64350718 0.84370387
vt 0.50376087 0.98832715
vt 0.51222402 0.98819792
vt 0.51222402 0.99766552
vt 0.50671202 0.99721009
vt 0.23975685 0.94714004
vt 0.24887663 0.94714004
vt 0.24027711 0.96359932
vt 0.94407719 0.59028435
vt 0.93953627 0.57240570
vt 0.94764560 0.57240570
vt 0.32864472 0.72020084
vt 0.32864472 0.73865294
vt 0.31851327 0.73372239
vt 0.95740104 0.41319895
vt 0.95648319 0.39762825
vt 0.96200389 0.39762825
vt 0.45808449 0.54495162
vt 0.45639643 0.56212181
vt 0.45221156 0.56120825
vt 0.46003994 0.56330627
vt 0.64536309 0.97157609
vt 0.63451576 0.95703316
vt 0.64771742 0.95703316
vt 0.78885615 0.31311262
vt 0.91874868 0.47860891
vt 0.91874868 0.45780241
vt 0.92850131 0.46501625
vt 0.28502670 0.94747800
vt 0.29514214 0.94787699
vt 0.28502670 0.96359915
vt 0.11584025 0.08855706
vt 0.15273179 0.05637348
vt 0.14970091 0.09535712
vt 0.46861205 0.58136404
vt 0.47063208 0.56428224
vt 0.01394216 0.88754153
vt 0.64402354 0.86203486
vt 0.08136350 0.83926064
vt 0.08023342 0.85661083
vt 0.07737022 0.85685182
vt 0.50892079 0.93328738
vt 0.50114936 0.92917663
vt 0.50892079 0.91380203
vt 0.64781958 0.86309135
vt 0.93405640 0.41160357
vt 0.93405640 0.39267492
vt 0.94126409 0.39658928
vt 0.95947623 0.00148213
vt 0.96838534 0.00148213
vt 0.96541524 0.01595366
vt 0.12348485 0.82123893
vt 0.12794740 0.80731970
vt 0.13401049 0.82196015
vt 0.41042501 0.53473216
vt 0.41160369 0.55200386
vt 0.40785810 0.55217540
vt 0.88383108 0.32094920
vt 0.87399030 0.32194012
vt 0.87987685 0.30411655
vt 0.62047529 0.12274390
vt 0.61916941 0.10702348
vt 0.62402606 0.10671115
vt 0.45383504 0.57947445
vt 0.62533194 0.12243158
vt 0.41160369 0.56954461
vt 0.12218271 0.83885866
vt 0.87556130 0.33821696
vt 0.13401049 0.83916092
vt 0.11444421 0.83712888
vt 0.57226825 0.01837480
vt 0.56624317 0.00454134
vt 0.57509589 0.00193083
vt 0.56776541 0.01974732
vt 0.88372535 0.33821696
vt 0.61561859 0.12305629
vt 0.61505395 0.10755557
vt 0.34176129 0.98540968
vt 0.34176129 0.97374415
vt 0.34715343 0.97992587
vt 0.62064141 0.13989407
vt 0.95243174 0.51408762
vt 0.94429106 0.49954784
vt 0.95243174 0.49796826
vt 0.88542640 0.25956446
vt 0.88194650 0.25745267
vt 0.88542640 0.24190730
vt 0.61527282 0.14053810
vt 0.45576876 0.57957852
vt 0.02203354 0.88861722
vt 0.02742226 0.54521948
vt 0.03306149 0.56082672
vt 0.02819706 0.56097507
vt 0.08136350 0.87425888
vt 0.94604337 0.75121951
vt 0.95562243 0.75060707
vt 0.95562243 0.76736951
vt 0.90138012 0.92239279
vt 0.90138012 0.94126421
vt 0.89404756 0.93817037
vt 0.97939271 0.69567126
vt 0.98647666 0.70171332
vt 0.97374409 0.70171332
vt 0.03394487 0.57857305
vt 0.03705100 0.56119573
vt 0.03866776 0.57918668
vt 0.45221156 0.59666574
vt 0.95033222 0.37817568
vt 0.96040851 0.37733507
vt 0.96024942 0.39334136
vt 0.95033222 0.39405465
vt 0.36840257 0.73387206
vt 0.36524570 0.74956119
vt 0.36105499 0.75082821
vt 0.62538230 0.14034808
vt 0.13478500 0.87954533
vt 0.13073815 0.87910646
vt 0.12694035 0.86362278
vt 0.02834714 0.57847667
vt 0.92037702 0.83916092
vt 0.92037702 0.81883466
vt 0.92850131 0.83367819
vt 0.37491030 0.76469004
vt 0.36105499 0.76815343
vt 0.97530448 0.53836364
vt 0.97374415 0.52854705
vt 0.98665178 0.53836364
vt 0.21364939 0.21377861
vt 0.21364939 0.19514120
vt 0.22175546 0.20790511
vt 0.36753318 0.77375108
vt 0.18825279 0.93852085
vt 0.17642763 0.95531553
vt 0.17642763 0.93928760
vt 0.32373729 0.94877744
vt 0.33981228 0.94536108
vt 0.32373729 0.96193391
vt 0.98673385 0.53142238
vt 0.13879657 0.89659405
vt 0.12694035 0.89584810
vt 0.02742226 0.59595573
vt 0.10723659 0.12915963
vt 0.14506148 0.13654053
vt 0.50880033 0.98513454
vt 0.50323075 0.98003584
vt 0.50880033 0.97374415
vt 0.36214739 0.96040851
vt 0.35311234 0.96040511
vt 0.34968421 0.95374471
vt 0.36214739 0.94387829
vt 0.14411052 0.27670455
vt 0.15876871 0.27312422
vt 0.14634258 0.28396112
vt 0.15580799 0.26907581
vt 0.87566549 0.49137181
vt 0.92211980 0.77056038
vt 0.91275483 0.76458400
vt 0.92211980 0.74916190
vt 0.91659898 0.68788791
vt 0.92371517 0.70092726
vt 0.91659898 0.70834118
vt 0.14114979 0.27265608
vt 0.12777767 0.28193831
vt 0.88861716 0.35699695
vt 0.87999636 0.34533298
vt 0.88861716 0.33967638
vt 0.12512438 0.27815580
vt 0.12998149 0.28687584
vt 0.14149399 0.28903031
vt 0.90457082 0.58303344
vt 0.89641595 0.57630396
vt 0.89836150 0.56893468
vt 0.59295541 0.08435673
vt 0.60196418 0.08381003
vt 0.59604472 0.09920651
vt 0.59145451 0.10025007
vt 0.89641595 0.59666574
vt 0.30790511 0.08455420
vt 0.30177420 0.07960069
vt 0.30790511 0.06314296
vt 0.88914186 0.60217446
vt 0.60054916 0.09893316
vt 0.60304719 0.10004723
vt 0.60054916 0.11664331
vt 0.59495920 0.11695421
vt 0.77534640 0.60802424
vt 0.76882535 0.62263900
vt 0.76575452 0.62265527
vt 0.55538017 0.03792548
vt 0.55463576 0.02206397
vt 0.97458410 0.88480496
vt 0.97374403 0.87663442
vt 0.98600769 0.87663442
vt 0.16751310 0.94126415
vt 0.15708484 0.93448961
vt 0.16751310 0.92239732
vt 0.15155953 0.85514921
vt 0.14585882 0.85592097
vt 0.14760596 0.83768082
vt 0.59145451 0.11796027
vt 0.07869204 0.97374409
vt 0.08790233 0.97374409
vt 0.08378106 0.98566073
vt 0.06907665 0.11870474
vt 0.90935689 0.40681756
vt 0.90284860 0.39637554
vt 0.90935689 0.38191187
vt 0.11349218 0.29354680
vt 0.66764301 0.84452832
vt 0.68122000 0.86841071
vt 0.66764301 0.87304741
vt 0.15155953 0.87266350
vt 0.92552346 0.91677499
vt 0.93328738 0.91880792
vt 0.93328738 0.93647808
vt 0.92161882 0.92394471
vt 0.76142251 0.63901228
vt 0.56828392 0.03727520
vt 0.57100534 0.05381393
vt 0.77534640 0.64140642
vt 0.44757470 0.00549966
vt 0.46105990 0.00129861
vt 0.46105990 0.02233505
vt 0.59180266 0.13546026
vt 0.60248148 0.13375443
vt 0.59671992 0.13560587
vt 0.90616620 0.20730966
vt 0.89313906 0.19931614
vt 0.90616620 0.18075919
vt 0.85351914 0.58764803
vt 0.88479251 0.37331492
vt 0.10939191 0.28393757
vt 0.10975577 0.28884161
vt 0.57354772 0.03603870
vt 0.58071220 0.01833963
vt 0.57910061 0.03532481
vt 0.76098818 0.62810105
vt 0.75452769 0.64264441
vt 0.75097835 0.64302820
vt 0.94291031 0.51530224
vt 0.74746573 0.66012156
vt 0.18565071 0.95562243
vt 0.76098824 0.66027170
vt 0.58071220 0.05275393
vt 0.57512933 0.05424231
vt 0.88225329 0.27599776
vt 0.33190355 0.96200395
vt 0.61505395 0.15727204
vt 0.61944979 0.15794092
vt 0.62430644 0.15762860
vt 0.69374961 0.99711514
vt 0.68980491 0.99705029
vt 0.69372225 0.98870182
vt 0.68698239 0.98819798
vt 0.68507040 0.99711514
vt 0.78553474 0.99505621
vt 0.78146297 0.99700844
vt 0.78146297 0.98819786
vt 0.89086717 0.98819792
vt 0.89086717 0.99630362
vt 0.88397330 0.99012971
vt 0.89803010 0.21058792
vt 0.97374409 0.57861221
vt 0.98652571 0.57861221
vt 0.97682071 0.58895892
vt 0.76627952 0.64771736
vt 0.67608190 0.87904501
vt 0.98479861 0.58679485
vt 0.64945602 0.98872495
vt 0.64945602 0.99690950
vt 0.64492005 0.99720961
vt 0.64080518 0.98819792
vt 0.01965318 0.14504975
vt 0.97374403 0.86499912
vt 0.98166615 0.86037445
vt 0.98622584 0.86499912
vt 0.42509925 0.98915654
vt 0.42509925 0.99786139
vt 0.42043057 0.99709541
vt 0.41669235 0.98819798
vt 0.62099570 0.98819792
vt 0.62099570 0.99740469
vt 0.61495817 0.99631566
vt 0.38092437 0.99583513
vt 0.37534887 0.99808240
vt 0.37534887 0.98819780
vt 0.05779127 0.15811104
vt 0.01000713 0.18430811
vt 0.09847143 0.16923171
vt 0.04778285 0.19755352
vt 0.39321858 0.98511416
vt 0.39244217 0.97374421
vt 0.40145937 0.97374421
vt 0.95881313 0.60640353
vt 0.95417798 0.61102414
vt 0.95417798 0.59478378
vt 0.55997241 0.54628372
vt 0.55997241 0.56156778
vt 0.55334586 0.55679482
vt 0.75222337 0.66845709
vt 0.69591761 0.98819792
vt 0.70242620 0.98903018
vt 0.69848973 0.99716103
vt 0.17741999 0.99596918
vt 0.17247896 0.99867451
vt 0.17247896 0.98819792
vt 0.70242620 0.99719995
vt 0.13881649 0.17727852
vt 0.08918227 0.20895755
vt 0.89016366 0.56794924
vt 0.78152239 0.60942864
vt 0.40043613 0.93637872
vt 0.39316806 0.94126415
vt 0.39316806 0.92228466
vt 0.00638148 0.17329848
vt 0.00444806 0.17156923
vt 0.00121065 0.15655071
vt 0.94236988 0.10487348
vt 0.94605023 0.12284297
vt 0.94098002 0.12284297
vt 0.88124532 0.53125584
vt 0.59041405 0.41843534
vt 0.69881982 0.87425894
vt 0.59925413 0.41936648
vt 0.91149437 0.94624776
vt 0.91892910 0.95903856
vt 0.91149437 0.96200395
vt 0.89340317 0.18252963
vt 0.88990581 0.19890493
vt 0.88744688 0.19861144
vt 0.87783271 0.53107691
vt 0.23292303 0.19581473
vt 0.22559829 0.19942039
vt 0.22559829 0.18071902
vt 0.84101194 0.23667473
vt 0.84873313 0.23523486
vt 0.84873313 0.25240517
vt 0.83847797 0.25316238
vt 0.83736408 0.23717636
vt 0.00213572 0.18855584
vt 0.03674071 0.81838059
vt 0.03008299 0.80190682
vt 0.03501160 0.80062932
vt 0.59483415 0.43553412
vt 0.59041405 0.43506849
vt 0.00534977 0.19127512
vt 0.03026609 0.81967723
vt 0.88886559 0.94764560
vt 0.88886559 0.92960978
vt 0.89340323 0.93085647
vt 0.04401342 0.83776718
vt 0.04786086 0.83890003
vt 0.04488858 0.85551387
vt 0.03922259 0.85409403
vt 0.03094686 0.85084039
vt 0.88991731 0.21537399
vt 0.71103615 0.95318407
vt 0.72429484 0.95588851
vt 0.71103615 0.96838534
vt 0.89340317 0.21369851
vt 0.60304713 0.43367940
vt 0.91079599 0.15054065
vt 0.91573828 0.15202868
vt 0.90261412 0.16308677
vt 0.87904501 0.44670165
vt 0.93488270 0.87568039
vt 0.92845660 0.88223571
vt 0.92845660 0.86270398
vt 0.70114011 0.05459899
vt 0.70674580 0.07338667
vt 0.69252825 0.07338667
vt 0.91573828 0.16813171
vt 0.04786086 0.85716361
vt 0.04105162 0.87266356
vt 0.03562471 0.87245369
vt 0.90200871 0.44645691
vt 0.91172945 0.42870933
vt 0.91573834 0.42951244
vt 0.03241329 0.86959398
vt 0.90657938 0.45308304
vt 0.91573834 0.44927275
vt 0.35576594 0.92642039
vt 0.34414327 0.91716653
vt 0.35576594 0.90724385
vt 0.03990694 0.83628815
vt 0.04086301 0.81895268
vt 0.04786086 0.81796831
vt 0.87631887 0.62777752
vt 0.87904501 0.64339644
vt 0.87467468 0.64475548
vt 0.87904501 0.66207570
vt 0.91470081 0.66048026
vt 0.91019028 0.64708686
vt 0.92211986 0.63868660
vt 0.76458484 0.90937847
vt 0.77853709 0.91334885
vt 0.77853709 0.93009663
vt 0.84720933 0.27121168
vt 0.76972407 0.92912549
vt 0.92211986 0.65904498
vt 0.03774288 0.59666568
vt 0.04626551 0.57947689
vt 0.94983429 0.64649105
vt 0.96040857 0.64085716
vt 0.96040857 0.65569419
vt 0.00121065 0.20739722
vt 0.03497833 0.83756566
vt 0.03008299 0.83700317
vt 0.36694396 0.99000192
vt 0.36694396 0.99809766
vt 0.36221358 0.99678469
vt 0.74731416 0.99712914
vt 0.74237573 0.99575013
vt 0.74731416 0.98819798
vt 0.36027640 0.98819792
vt 0.03214512 0.59656942
vt 0.62847888 0.99742585
vt 0.62316358 0.99742585
vt 0.62745714 0.98819804
vt 0.95045239 0.63941514
vt 0.97643572 0.92151773
vt 0.97374403 0.91249788
vt 0.98589301 0.92151773
vt 0.97374409 0.20275003
vt 0.98036021 0.19626898
vt 0.98791456 0.20275003
vt 0.90605396 0.17548990
vt 0.46816167 0.24568594
vt 0.97640836 0.75019628
vt 0.97374403 0.74530637
vt 0.98625731 0.74530637
vt 0.97688848 0.75306332
vt 0.98522109 0.91466278
vt 0.34721711 0.92850131
vt 0.47779429 0.98819792
vt 0.48420170 0.98984146
vt 0.47980914 0.99715865
vt 0.65739143 0.99729609
vt 0.65162402 0.99729609
vt 0.65543556 0.98819786
vt 0.48420170 0.99784875
vt 0.17774488 0.18215215
vt 0.21345562 0.18347025
vt 0.17025666 0.22226053
vt 0.13060902 0.21710348
vt 0.20596743 0.22357857
vt 0.59424424 0.36866158
vt 0.59850734 0.38088512
vt 0.60521859 0.39245927
vt 0.52554190 0.52564073
vt 0.51526058 0.56294948
vt 0.54018897 0.52870107
vt 0.52218306 0.56449801
vt 0.52900696 0.56667250
vt 0.55213404 0.53374928
vt 0.56298119 0.54071218
vt 0.85921597 0.00162351
vt 0.86981875 0.01240671
vt 0.82901901 0.02241838
vt 0.55411589 0.37116659
vt 0.88190979 0.02261949
vt 0.84434062 0.03920710
vt 0.53390223 0.48600149
vt 0.55396634 0.49005759
vt 0.57273531 0.49728030
vt 0.86199254 0.05353993
vt 0.89484286 0.03094673
vt 0.88048661 0.06598717
vt 0.86263514 0.10181475
vt 0.89978033 0.07526267
vt 0.56509173 0.45028341
vt 0.88744748 0.11392415
vt 0.81689799 0.06751043
vt 0.79722291 0.04665983
vt 0.83890325 0.08590508
vt 0.24966654 0.41000825
vt 0.68447685 0.09788668
vt 0.73463982 0.10098982
vt 0.70597905 0.12845588
vt 0.76577729 0.07327902
vt 0.68067944 0.15507782
vt 0.73254961 0.15734303
vt 0.70757306 0.18462253
vt 0.75963742 0.12787509
vt 0.78827512 0.09747577
vt 0.81431085 0.11927468
vt 0.78817290 0.15236259
vt 0.81639308 0.00511736
vt 0.00182149 0.22152668
vt 0.03995958 0.23458797
vt 0.53562272 0.32990432
vt 0.53987843 0.36518806
vt 0.08063975 0.24570864
vt 0.03450486 0.26713830
vt 0.07266480 0.27759314
vt 0.88375711 0.19933969
vt 0.85146141 0.18879604
vt 0.89978480 0.16127074
vt 0.54113364 0.40456760
vt 0.79589641 0.20469403
vt 0.83021516 0.22175545
vt 0.12098483 0.25375545
vt 0.87083095 0.15153003
vt 0.81959999 0.17313701
vt 0.53880852 0.44526827
vt 0.57273531 0.41120446
vt 0.84235376 0.13796008
vt 0.76293868 0.18320382
vt 0.73828518 0.21114087
vt 0.15955082 0.25881326
vt 0.90616614 0.75964057
vt 0.42417425 0.87673682
vt 0.89546949 0.44720674
vt 0.90616614 0.45662999
vt 0.89546949 0.47541821
vt 0.92690593 0.21673059
vt 0.91785634 0.22654152
vt 0.91785634 0.20501333
vt 0.91733360 0.61261946
vt 0.90608460 0.61097425
vt 0.91733360 0.59014571
vt 0.39086393 0.92014569
vt 0.37881607 0.93832868
vt 0.37965435 0.92177296
vt 0.39086393 0.93966883
vt 0.98714554 0.37770557
vt 0.98061895 0.38790703
vt 0.97374409 0.37770557
vt 0.97515178 0.38731170
vt 0.19620863 0.91028374
vt 0.92371517 0.89457631
vt 0.91422033 0.90297544
vt 0.91422033 0.88104308
vt 0.08934030 0.91095227
vt 0.07798541 0.90816486
vt 0.08934030 0.88811958
vt 0.93647808 0.78577518
vt 0.92355227 0.80302542
vt 0.92369932 0.78613299
vt 0.93647808 0.80565834
vt 0.98688090 0.44939429
vt 0.97605544 0.45882374
vt 0.97374403 0.44939429
vt 0.98210770 0.45984918
vt 0.69079214 0.33363461
vt 0.67854273 0.31544673
vt 0.69051838 0.31766427
vt 0.67854273 0.34140766
vt 0.06457488 0.93009669
vt 0.73227161 0.91130632
vt 0.71945322 0.92992330
vt 0.71829468 0.91311127
vt 0.73227161 0.93169200
vt 0.96116215 0.47056860
vt 0.97157604 0.47745711
vt 0.96116215 0.48499030
vt 0.97074622 0.48423851
vt 0.29992825 0.96519458
vt 0.29039779 0.95961320
vt 0.29992825 0.94976109
vt 0.13416579 0.94285953
vt 0.13416579 0.92855793
vt 0.14198728 0.93233156
vt 0.14008750 0.92390603
vt 0.67005324 0.07271659
vt 0.66217285 0.09246248
vt 0.65947348 0.07564670
vt 0.67643392 0.10173941
vt 0.65947348 0.11646152
vt 0.16869886 0.86562550
vt 0.17548996 0.86813527
vt 0.16318326 0.89163828
vt 0.17548996 0.89818943
vt 0.98762667 0.31545949
vt 0.98070896 0.32080072
vt 0.97374409 0.31545949
vt 0.97374409 0.64879763
vt 0.98651820 0.64879763
vt 0.97520500 0.65593189
vt 0.98620945 0.65512973
vt 0.57783985 0.71460718
vt 0.56383842 0.70259511
vt 0.57276815 0.70154166
vt 0.56383842 0.73705763
vt 0.58071214 0.73339576
vt 0.61923748 0.52580667
vt 0.63089979 0.52503860
vt 0.63176376 0.53763735
vt 0.56492484 0.69597620
vt 0.63176376 0.50654769
vt 0.62446463 0.50344664
vt 0.50253934 0.67802924
vt 0.71723139 0.97374415
vt 0.71723139 0.98407215
vt 0.70857912 0.97448862
vt 0.71236265 0.98434085
vt 0.70749396 0.98460960
f 1/1 2/2 3/3
f 4/4 2/2 1/1
f 3/3 5/5 1/1
f 1/1 5/5 6/6
f 7/7 4/4 1/1
f 6/6 7/7 1/1
f 8/8 2/2 9/9
f 3/3 2/2 8/8
f 10/10 11/11 12/12
f 13/13 3/3 8/8
f 14/14 15/15 10/10
f 10/10 12/12 14/14
f 9/9 16/16 17/17
f 17/17 16/16 18/18
f 19/19 9/9 17/17
f 17/17 18/18 20/20
f 17/17 20/20 21/21
f 17/17 21/21 19/19
f 2/2 16/16 9/9
f 4/4 16/16 2/2
f 4/4 22/22 16/16
f 16/16 22/22 18/18
f 23/23 12/12 11/11
f 24/24 25/25 26/26
f 27/27 25/25 24/24
f 28/28 5/5 29/29
f 29/29 5/5 30/30
f 29/29 31/31 28/28
f 24/24 32/32 27/27
f 33/33 26/26 25/25
f 34/34 33/33 25/25
f 25/25 27/27 35/35
f 35/35 34/34 25/25
f 36/36 37/37 38/38
f 39/39 40/40 41/41
f 42/42 43/43 39/39
f 44/44 45/45 46/46
f 39/39 47/47 42/42
f 41/41 47/47 39/39
f 48/48 49/49 50/50
f 51/51 52/52 53/53
f 54/54 55/55 56/56
f 57/57 58/58 59/59
f 60/60 61/61 62/62
f 57/57 59/59 63/63
f 64/64 60/60 62/62
f 57/57 63/63 65/65
f 57/57 65/65 66/66
f 67/67 64/64 62/62
f 68/68 69/69 70/70
f 70/70 71/71 68/68
f 72/72 71/71 70/70
f 60/60 73/73 61/61
f 74/74 75/75 76/76
f 77/77 78/78 79/79
f 79/79 80/80 77/77
f 81/81 82/82 83/83
f 83/83 84/84 81/81
f 85/85 86/86 87/87
f 88/88 89/89 90/90
f 91/91 89/89 88/88
f 92/92 93/93 94/94
f 95/95 96/96 97/97
f 98/98 99/99 100/100
f 101/101 102/102 103/103
f 104/104 102/102 101/101
f 105/105 106/106 107/107
f 108/108 104/104 101/101
f 109/109 108/108 101/101
f 105/105 107/107 110/110
f 111/111 112/112 113/113
f 114/114 112/112 111/111
f 115/115 116/116 117/117
f 118/118 116/116 115/115
f 111/111 113/113 119/119
f 115/115 120/120 121/121
f 115/115 121/121 118/118
f 115/115 117/117 122/122
f 123/123 113/113 112/112
f 124/124 125/125 126/126
f 127/127 128/128 129/129
f 130/130 131/131 132/132
f 133/133 134/134 135/135
f 127/127 129/129 136/136
f 137/137 117/117 116/116
f 138/138 137/137 116/116
f 139/139 138/138 116/116
f 116/116 118/118 139/139
f 140/140 119/119 113/113
f 113/113 123/123 141/141
f 141/141 140/140 113/113
f 142/142 143/143 119/119
f 140/140 142/142 119/119
f 121/121 144/144 145/145
f 121/121 145/145 118/118
f 5/5 28/28 6/6
f 5/5 3/3 30/30
f 146/146 147/147 148/148
f 149/149 128/128 150/150
f 151/151 152/152 153/153
f 154/154 155/155 156/156
f 157/157 158/158 159/159
f 160/160 157/157 159/159
f 161/161 162/162 26/26
f 33/33 163/163 26/26
f 26/26 163/163 161/161
f 164/164 165/165 166/166
f 128/128 149/149 129/129
f 167/167 168/168 169/169
f 170/170 153/153 152/152
f 169/169 171/171 167/167
f 172/172 173/173 28/28
f 28/28 173/173 6/6
f 174/174 175/175 176/176
f 176/176 177/177 174/174
f 178/178 179/179 180/180
f 181/181 102/102 104/104
f 182/182 183/183 184/184
f 181/181 104/104 185/185
f 184/184 186/186 182/182
f 179/179 178/178 187/187
f 188/188 106/106 189/189
f 190/190 188/188 189/189
f 106/106 188/188 107/107
f 191/191 192/192 193/193
f 194/194 195/195 196/196
f 176/176 197/197 177/177
f 198/198 199/199 200/200
f 201/201 202/202 203/203
f 204/204 205/205 206/206
f 207/207 208/208 209/209
f 206/206 210/210 211/211
f 212/212 210/210 206/206
f 211/211 204/204 206/206
f 213/213 212/212 206/206
f 155/155 154/154 214/214
f 155/155 215/215 216/216
f 214/214 215/215 155/155
f 217/217 218/218 219/219
f 220/220 221/221 222/222
f 223/223 224/224 225/225
f 226/226 224/224 223/223
f 225/225 227/227 223/223
f 228/228 224/224 208/208
f 208/208 224/224 209/209
f 204/204 229/229 205/205
f 224/224 228/228 225/225
f 226/226 209/209 224/224
f 230/230 211/211 210/210
f 231/231 232/232 233/233
f 234/234 235/235 54/54
f 236/236 235/235 234/234
f 234/234 54/54 237/237
f 234/234 237/237 238/238
f 234/234 238/238 236/236
f 229/229 204/204 239/239
f 240/240 241/241 229/229
f 229/229 239/239 240/240
f 204/204 211/211 242/242
f 204/204 242/242 239/239
f 243/243 244/244 245/245
f 246/246 247/247 248/248
f 230/230 249/249 211/211
f 248/248 250/250 246/246
f 251/251 252/252 253/253
f 254/254 255/255 256/256
f 47/47 257/257 258/258
f 252/252 259/259 253/253
f 42/42 47/47 258/258
f 260/260 233/233 261/261
f 262/262 235/235 255/255
f 255/255 235/235 263/263
f 263/263 256/256 255/255
f 235/235 262/262 55/55
f 235/235 55/55 54/54
f 235/235 236/236 263/263
f 264/264 265/265 215/215
f 266/266 265/265 264/264
f 264/264 215/215 214/214
f 264/264 214/214 267/267
f 264/264 267/267 266/266
f 268/268 265/265 269/269
f 269/269 265/265 266/266
f 270/270 271/271 272/272
f 273/273 274/274 275/275
f 266/266 276/276 269/269
f 268/268 215/215 265/265
f 277/277 271/271 129/129
f 136/136 129/129 271/271
f 270/270 136/136 271/271
f 278/278 279/279 280/280
f 281/281 241/241 282/282
f 241/241 240/240 282/282
f 33/33 283/283 163/163
f 163/163 283/283 284/284
f 285/285 161/161 163/163
f 284/284 285/285 163/163
f 239/239 242/242 286/286
f 287/287 250/250 248/248
f 288/288 239/239 286/286
f 287/287 248/248 289/289
f 287/287 289/289 290/290
f 291/291 292/292 293/293
f 293/293 294/294 291/291
f 295/295 253/253 259/259
f 256/256 263/263 296/296
f 288/288 240/240 239/239
f 297/297 298/298 299/299
f 283/283 33/33 300/300
f 301/301 284/284 283/283
f 302/302 301/301 283/283
f 300/300 302/302 283/283
f 288/288 282/282 240/240
f 303/303 304/304 305/305
f 306/306 307/307 308/308
f 309/309 310/310 311/311
f 312/312 313/313 314/314
f 232/232 315/315 233/233
f 316/316 317/317 318/318
f 33/33 34/34 300/300
f 319/319 314/314 313/313
f 320/320 321/321 322/322
f 320/320 322/322 323/323
f 261/261 233/233 315/315
f 324/324 46/46 45/45
f 325/325 326/326 327/327
f 328/328 329/329 330/330
f 331/331 332/332 333/333
f 334/334 335/335 336/336
f 337/337 338/338 339/339
f 13/13 30/30 3/3
f 340/340 341/341 342/342
f 343/343 344/344 345/345
f 346/346 347/347 15/15
f 15/15 14/14 346/346
f 27/27 348/348 349/349
f 349/349 35/35 27/27
f 347/347 346/346 350/350
f 350/350 351/351 347/347
f 22/22 4/4 352/352
f 22/22 352/352 353/353
f 353/353 354/354 22/22
f 22/22 354/354 18/18
f 355/355 356/356 357/357
f 358/358 356/356 355/355
f 359/359 360/360 361/361
f 359/359 361/361 362/362
f 356/356 363/363 364/364
f 365/365 363/363 356/356
f 366/366 357/357 356/356
f 364/364 366/366 356/356
f 367/367 368/368 369/369
f 370/370 371/371 363/363
f 363/363 371/371 364/364
f 363/363 372/372 370/370
f 373/373 374/374 375/375
f 376/376 377/377 378/378
f 379/379 377/377 376/376
f 376/376 378/378 380/380
f 381/381 379/379 376/376
f 376/376 382/382 381/381
f 383/383 382/382 376/376
f 376/376 380/380 384/384
f 376/376 384/384 383/383
f 385/385 386/386 371/371
f 387/387 388/388 389/389
f 371/371 370/370 385/385
f 389/389 390/390 387/387
f 391/391 370/370 372/372
f 392/392 393/393 374/374
f 374/374 373/373 392/392
f 394/394 378/378 377/377
f 395/395 396/396 397/397
f 397/397 396/396 398/398
f 399/399 400/400 401/401
f 402/402 403/403 404/404
f 404/404 405/405 402/402
f 406/406 407/407 408/408
f 406/406 408/408 409/409
f 407/407 410/410 408/408
f 411/411 410/410 407/407
f 381/381 412/412 379/379
f 413/413 414/414 415/415
f 416/416 417/417 418/418
f 419/419 420/420 421/421
f 421/421 422/422 419/419
f 423/423 424/424 425/425
f 4/4 7/7 352/352
f 426/426 427/427 428/428
f 429/429 430/430 431/431
f 432/432 433/433 434/434
f 427/427 435/435 428/428
f 390/390 389/389 436/436
f 437/437 352/352 7/7
f 438/438 437/437 7/7
f 6/6 438/438 7/7
f 413/413 439/439 414/414
f 440/440 441/441 442/442
f 443/443 444/444 445/445
f 417/417 446/446 418/418
f 445/445 444/444 447/447
f 448/448 449/449 450/450
f 451/451 448/448 450/450
f 452/452 453/453 454/454
f 455/455 456/456 457/457
f 352/352 437/437 458/458
f 352/352 458/458 353/353
f 459/459 454/454 453/453
f 460/460 461/461 462/462
f 463/463 464/464 465/465
f 466/466 467/467 468/468
f 463/463 465/465 469/469
f 470/470 471/471 472/472
f 473/473 474/474 475/475
f 476/476 477/477 354/354
f 354/354 477/477 478/478
f 354/354 353/353 476/476
f 478/478 18/18 354/354
f 479/479 480/480 481/481
f 482/482 483/483 484/484
f 479/479 481/481 485/485
f 484/484 486/486 487/487
f 485/485 488/488 479/479
f 484/484 487/487 482/482
f 480/480 489/489 490/490
f 491/491 489/489 480/480
f 490/490 481/481 480/480
f 489/489 492/492 490/490
f 493/493 492/492 489/489
f 489/489 491/491 494/494
f 495/495 496/496 497/497
f 497/497 498/498 495/495
f 499/499 500/500 501/501
f 502/502 503/503 504/504
f 501/501 505/505 499/499
f 504/504 506/506 502/502
f 507/507 508/508 509/509
f 510/510 511/511 512/512
f 513/513 514/514 515/515
f 516/516 517/517 518/518
f 510/510 519/519 511/511
f 520/520 521/521 522/522
f 523/523 524/524 525/525
f 526/526 523/523 525/525
f 527/527 528/528 529/529
f 530/530 531/531 532/532
f 533/533 478/478 477/477
f 534/534 533/533 477/477
f 532/532 535/535 530/530
f 536/536 537/537 538/538
f 538/538 537/537 539/539
f 540/540 541/541 542/542
f 543/543 544/544 545/545
f 546/546 547/547 548/548
f 539/539 549/549 538/538
f 550/550 551/551 552/552
f 537/537 553/553 465/465
f 552/552 554/554 550/550
f 465/465 539/539 537/537
f 555/555 556/556 557/557
f 558/558 556/556 555/555
f 559/559 560/560 551/551
f 553/553 561/561 465/465
f 551/551 550/550 562/562
f 551/551 562/562 559/559
f 563/563 404/404 403/403
f 400/400 399/399 564/564
f 564/564 565/565 400/400
f 566/566 556/556 405/405
f 405/405 404/404 566/566
f 566/566 557/557 556/556
f 563/563 566/566 404/404
f 567/567 568/568 569/569
f 570/570 571/571 572/572
f 572/572 573/573 574/574
f 572/572 574/574 570/570
f 547/547 546/546 575/575
f 554/554 576/576 550/550
f 575/575 577/577 547/547
f 557/557 566/566 578/578
f 579/579 580/580 581/581
f 582/582 583/583 584/584
f 566/566 563/563 585/585
f 586/586 587/587 588/588
f 589/589 590/590 591/591
f 592/592 593/593 594/594
f 595/595 596/596 597/597
f 598/598 486/486 599/599
f 600/600 488/488 485/485
f 601/601 598/598 599/599
f 602/602 603/603 604/604
f 605/605 606/606 607/607
f 608/608 609/609 610/610
f 559/559 611/611 560/560
f 560/560 611/611 612/612
f 469/469 465/465 561/561
f 613/613 614/614 615/615
f 616/616 487/487 486/486
f 486/486 598/598 616/616
f 487/487 616/616 617/617
f 617/617 482/482 487/487
f 618/618 616/616 598/598
f 598/598 601/601 619/619
f 598/598 619/619 618/618
f 620/620 617/617 616/616
f 616/616 618/618 620/620
f 621/621 550/550 576/576
f 622/622 623/623 624/624
f 625/625 626/626 627/627
f 621/621 562/562 550/550
f 621/621 559/559 562/562
f 628/628 629/629 571/571
f 571/571 570/570 630/630
f 630/630 628/628 571/571
f 631/631 632/632 633/633
f 634/634 635/635 636/636
f 637/637 638/638 639/639
f 634/634 636/636 640/640
f 641/641 639/639 638/638
f 642/642 643/643 644/644
f 645/645 646/646 647/647
f 648/648 649/649 539/539
f 466/466 645/645 647/647
f 465/465 464/464 648/648
f 647/647 467/467 466/466
f 648/648 539/539 465/465
f 650/650 651/651 652/652
f 649/649 549/549 539/539
f 653/653 652/652 651/651
f 654/654 655/655 656/656
f 657/657 658/658 659/659
f 654/654 660/660 655/655
f 661/661 660/660 654/654
f 661/661 654/654 662/662
f 628/628 531/531 629/629
f 663/663 506/506 504/504
f 664/664 665/665 666/666
f 667/667 668/668 669/669
f 670/670 671/671 498/498
f 531/531 628/628 672/672
f 531/531 672/672 532/532
f 673/673 674/674 675/675
f 478/478 20/20 18/18
f 20/20 478/478 676/676
f 20/20 676/676 677/677
f 677/677 21/21 20/20
f 478/478 533/533 676/676
f 678/678 676/676 533/533
f 679/679 680/680 681/681
f 533/533 534/534 682/682
f 683/683 680/680 684/684
f 685/685 677/677 676/676
f 686/686 684/684 680/680
f 687/687 686/686 680/680
f 680/680 679/679 687/687
f 104/104 108/108 688/688
f 104/104 689/689 185/185
f 688/688 689/689 104/104
f 690/690 688/688 108/108
f 691/691 692/692 693/693
f 694/694 692/692 691/691
f 695/695 696/696 697/697
f 138/138 139/139 698/698
f 699/699 185/185 689/689
f 700/700 701/701 702/702
f 703/703 704/704 705/705
f 706/706 707/707 708/708
f 709/709 710/710 711/711
f 701/701 712/712 702/702
f 713/713 161/161 714/714
f 173/173 438/438 6/6
f 715/715 438/438 173/173
f 173/173 716/716 715/715
f 717/717 718/718 719/719
f 142/142 140/140 720/720
f 721/721 693/693 692/692
f 694/694 722/722 692/692
f 692/692 722/722 721/721
f 723/723 702/702 712/712
f 712/712 724/724 723/723
f 725/725 726/726 727/727
f 728/728 729/729 730/730
f 731/731 732/732 733/733
f 734/734 735/735 736/736
f 737/737 738/738 739/739
f 740/740 741/741 742/742
f 743/743 744/744 745/745
f 745/745 746/746 743/743
f 285/285 714/714 161/161
f 747/747 748/748 749/749
f 749/749 748/748 750/750
f 751/751 752/752 753/753
f 754/754 755/755 756/756
f 749/749 757/757 747/747
f 758/758 759/759 760/760
f 750/750 761/761 749/749
f 748/748 747/747 762/762
f 763/763 764/764 765/765
f 368/368 755/755 766/766
f 766/766 755/755 754/754
f 369/369 368/368 766/766
f 767/767 369/369 766/766
f 768/768 769/769 770/770
f 771/771 768/768 770/770
f 770/770 772/772 771/771
f 393/393 392/392 773/773
f 774/774 419/419 422/422
f 775/775 774/774 422/422
f 573/573 776/776 574/574
f 777/777 778/778 779/779
f 780/780 781/781 782/782
f 783/783 784/784 785/785
f 783/783 785/785 786/786
f 787/787 788/788 789/789
f 790/790 791/791 792/792
f 793/793 785/785 784/784
f 794/794 795/795 796/796
f 797/797 798/798 799/799
f 800/800 801/801 802/802
f 798/798 797/797 803/803
f 804/804 805/805 806/806
f 807/807 808/808 809/809
f 714/714 285/285 810/810
f 811/811 776/776 812/812
f 812/812 813/813 811/811
f 814/814 815/815 816/816
f 140/140 817/817 720/720
f 818/818 819/819 820/820
f 821/821 822/822 823/823
f 816/816 824/824 814/814
f 274/274 273/273 825/825
f 826/826 827/827 828/828
f 829/829 830/830 831/831
f 831/831 832/832 829/829
f 833/833 834/834 835/835
f 836/836 837/837 838/838
f 839/839 736/736 735/735
f 303/303 840/840 304/304
f 841/841 842/842 843/843
f 285/285 284/284 844/844
f 845/845 813/813 846/846
f 284/284 301/301 847/847
f 847/847 844/844 284/284
f 301/301 848/848 847/847
f 849/849 848/848 301/301
f 301/301 302/302 849/849
f 850/850 851/851 852/852
f 853/853 854/854 855/855
f 856/856 857/857 858/858
f 859/859 860/860 861/861
f 862/862 863/863 864/864
f 865/865 866/866 867/867
f 868/868 869/869 870/870
f 871/871 588/588 587/587
f 872/872 574/574 776/776
f 776/776 811/811 872/872
f 873/873 570/570 574/574
f 574/574 872/872 873/873
f 570/570 873/873 874/874
f 874/874 630/630 570/570
f 813/813 845/845 875/875
f 875/875 811/811 813/813
f 875/875 876/876 877/877
f 848/848 849/849 878/878
f 879/879 880/880 881/881
f 845/845 876/876 875/875
f 875/875 872/872 811/811
f 875/875 873/873 872/872
f 875/875 874/874 873/873
f 23/23 882/882 12/12
f 12/12 882/882 883/883
f 883/883 14/14 12/12
f 882/882 23/23 884/884
f 882/882 884/884 885/885
f 886/886 883/883 882/882
f 882/882 885/885 886/886
f 887/887 888/888 884/884
f 889/889 888/888 887/887
f 884/884 23/23 887/887
f 890/890 884/884 888/888
f 891/891 890/890 888/888
f 892/892 891/891 888/888
f 893/893 894/894 895/895
f 884/884 890/890 885/885
f 890/890 891/891 896/896
f 890/890 896/896 897/897
f 897/897 885/885 890/890
f 898/898 896/896 891/891
f 891/891 892/892 899/899
f 891/891 899/899 898/898
f 900/900 897/897 896/896
f 901/901 900/900 896/896
f 898/898 901/901 896/896
f 902/902 903/903 904/904
f 905/905 906/906 907/907
f 904/904 908/908 909/909
f 910/910 911/911 912/912
f 904/904 909/909 902/902
f 913/913 910/910 912/912
f 907/907 914/914 905/905
f 915/915 916/916 917/917
f 918/918 919/919 920/920
f 921/921 922/922 923/923
f 924/924 925/925 926/926
f 923/923 927/927 928/928
f 928/928 921/921 923/923
f 929/929 930/930 931/931
f 932/932 933/933 934/934
f 932/932 934/934 935/935
f 936/936 920/920 919/919
f 937/937 931/931 930/930
f 922/922 921/921 938/938
f 939/939 940/940 941/941
f 14/14 883/883 942/942
f 942/942 346/346 14/14
f 883/883 886/886 943/943
f 943/943 942/942 883/883
f 944/944 886/886 885/885
f 897/897 944/944 885/885
f 945/945 943/943 886/886
f 886/886 944/944 945/945
f 346/346 942/942 946/946
f 946/946 350/350 346/346
f 942/942 943/943 947/947
f 947/947 946/946 942/942
f 943/943 945/945 948/948
f 948/948 947/947 943/943
f 949/949 950/950 951/951
f 952/952 953/953 954/954
f 955/955 956/956 957/957
f 958/958 959/959 960/960
f 957/957 961/961 962/962
f 957/957 962/962 955/955
f 963/963 950/950 949/949
f 964/964 965/965 966/966
f 949/949 967/967 963/963
f 966/966 968/968 969/969
f 966/966 969/969 964/964
f 970/970 971/971 965/965
f 965/965 972/972 970/970
f 964/964 972/972 965/965
f 973/973 974/974 975/975
f 976/976 977/977 978/978
f 979/979 956/956 980/980
f 981/981 982/982 983/983
f 984/984 985/985 986/986
f 987/987 988/988 989/989
f 990/990 991/991 992/992
f 993/993 994/994 995/995
f 992/992 996/996 997/997
f 998/998 999/999 993/993
f 992/992 997/997 990/990
f 993/993 995/995 998/998
f 976/976 1000/1000 977/977
f 955/955 980/980 956/956
f 1001/1001 1002/1002 1003/1003
f 1004/1004 1002/1002 1001/1001
f 1005/1005 1006/1006 1007/1007
f 1008/1008 1009/1009 1010/1010
f 1011/1011 1012/1012 1013/1013
f 1010/1010 1014/1014 1008/1008
f 1015/1015 945/945 944/944
f 944/944 897/897 1016/1016
f 944/944 1016/1016 1015/1015
f 1017/1017 1018/1018 1019/1019
f 1019/1019 1020/1020 1017/1017
f 1021/1021 1020/1020 1019/1019
f 1022/1022 1023/1023 1024/1024
f 1025/1025 1026/1026 1027/1027
f 1028/1028 1029/1029 1030/1030
f 1031/1031 1032/1032 1033/1033
f 1034/1034 1032/1032 1031/1031
f 1035/1035 1036/1036 1037/1037
f 1035/1035 1037/1037 1038/1038
f 1035/1035 1038/1038 1039/1039
f 1040/1040 1041/1041 1042/1042
f 1043/1043 1044/1044 1045/1045
f 1029/1029 1028/1028 1046/1046
f 1047/1047 1048/1048 1049/1049
f 945/945 1015/1015 1050/1050
f 1050/1050 948/948 945/945
f 1051/1051 1052/1052 1053/1053
f 1053/1053 1054/1054 1051/1051
f 1055/1055 1056/1056 1057/1057
f 1056/1056 1055/1055 1058/1058
f 1059/1059 1060/1060 1061/1061
f 1051/1051 1062/1062 1052/1052
f 1054/1054 1063/1063 1051/1051
f 1064/1064 1017/1017 1020/1020
f 1065/1065 1066/1066 1067/1067
f 1068/1068 1064/1064 1020/1020
f 1069/1069 1058/1058 1055/1055
f 1070/1070 1038/1038 1037/1037
f 1060/1060 1059/1059 1071/1071
f 1072/1072 1039/1039 1038/1038
f 1070/1070 1072/1072 1038/1038
f 1073/1073 1071/1071 1059/1059
f 1058/1058 1069/1069 1074/1074
f 1074/1074 1075/1075 1058/1058
f 1076/1076 1077/1077 1044/1044
f 1043/1043 1076/1076 1044/1044
f 1077/1077 1076/1076 1078/1078
f 1077/1077 1078/1078 1079/1079
f 1080/1080 1046/1046 1028/1028
f 1039/1039 1072/1072 1081/1081
f 1076/1076 1043/1043 1082/1082
f 1082/1082 1078/1078 1076/1076
f 1083/1083 1084/1084 1085/1085
f 1086/1086 1087/1087 1088/1088
f 1089/1089 1090/1090 1091/1091
f 1092/1092 964/964 969/969
f 1093/1093 1094/1094 1095/1095
f 988/988 987/987 1096/1096
f 1097/1097 1098/1098 1099/1099
f 1100/1100 1079/1079 1078/1078
f 1082/1082 1100/1100 1078/1078
f 1079/1079 1100/1100 1101/1101
f 1102/1102 1103/1103 1104/1104
f 1080/1080 1105/1105 1046/1046
f 1106/1106 1107/1107 1108/1108
f 1109/1109 1110/1110 1106/1106
f 1108/1108 1109/1109 1106/1106
f 1111/1111 1112/1112 1113/1113
f 1107/1107 1114/1114 1108/1108
f 1113/1113 1115/1115 1111/1111
f 1116/1116 1117/1117 1118/1118
f 1118/1118 1119/1119 1116/1116
f 1087/1087 1086/1086 1120/1120
f 1105/1105 1080/1080 1121/1121
f 1122/1122 1123/1123 1124/1124
f 1125/1125 1126/1126 1127/1127
f 1124/1124 1128/1128 1122/1122
f 900/900 1016/1016 897/897
f 1129/1129 1130/1130 1131/1131
f 1132/1132 1133/1133 1134/1134
f 1131/1131 1135/1135 1129/1129
f 1136/1136 1135/1135 1131/1131
f 1137/1137 1138/1138 1139/1139
f 1139/1139 1140/1140 1137/1137
f 1141/1141 1142/1142 1143/1143
f 1141/1141 1143/1143 1144/1144
f 1133/1133 1145/1145 1134/1134
f 1146/1146 1147/1147 1148/1148
f 1149/1149 1146/1146 1148/1148
f 1148/1148 1150/1150 1149/1149
f 1151/1151 1152/1152 1153/1153
f 1146/1146 1154/1154 1147/1147
f 1147/1147 1154/1154 1155/1155
f 1156/1156 1157/1157 1158/1158
f 1159/1159 1160/1160 1161/1161
f 1162/1162 1163/1163 1164/1164
f 1165/1165 1166/1166 1167/1167
f 1168/1168 1169/1169 1170/1170
f 1154/1154 1146/1146 1171/1171
f 1172/1172 1155/1155 1154/1154
f 1154/1154 1171/1171 1172/1172
f 1146/1146 1149/1149 1171/1171
f 1158/1158 1157/1157 1173/1173
f 1174/1174 1160/1160 1175/1175
f 1173/1173 1176/1176 1158/1158
f 1177/1177 1178/1178 1179/1179
f 1174/1174 1180/1180 1181/1181
f 1175/1175 1180/1180 1174/1174
f 1182/1182 1183/1183 1184/1184
f 1159/1159 1175/1175 1160/1160
f 1185/1185 1186/1186 1187/1187
f 1188/1188 1185/1185 1187/1187
f 1185/1185 1189/1189 1186/1186
f 1023/1023 1190/1190 1191/1191
f 1023/1023 1191/1191 1024/1024
f 1192/1192 1193/1193 1194/1194
f 1195/1195 1181/1181 1180/1180
f 1180/1180 1175/1175 1196/1196
f 1196/1196 1195/1195 1180/1180
f 1197/1197 1184/1184 1183/1183
f 1195/1195 1198/1198 1181/1181
f 1175/1175 1159/1159 1196/1196
f 1199/1199 1200/1200 1201/1201
f 1202/1202 1170/1170 1169/1169
f 1203/1203 1204/1204 1205/1205
f 1201/1201 1206/1206 1199/1199
f 1207/1207 1208/1208 1209/1209
f 1172/1172 1210/1210 1155/1155
f 1211/1211 1212/1212 1213/1213
f 1214/1214 1215/1215 1216/1216
f 1217/1217 1015/1015 1016/1016
f 1016/1016 1218/1218 1217/1217
f 1204/1204 1203/1203 1219/1219
f 1220/1220 1213/1213 1212/1212
f 1221/1221 1222/1222 1223/1223
f 1206/1206 1201/1201 1224/1224
f 1225/1225 1209/1209 1208/1208
f 1226/1226 1227/1227 1228/1228
f 1229/1229 1230/1230 1231/1231
f 911/911 910/910 1232/1232
f 911/911 1232/1232 1233/1233
f 1227/1227 1226/1226 1234/1234
f 1235/1235 1236/1236 1237/1237
f 1238/1238 1235/1235 1237/1237
f 1239/1239 1240/1240 1241/1241
f 1242/1242 1232/1232 910/910
f 1243/1243 1244/1244 1245/1245
f 1243/1243 1245/1245 1246/1246
f 1242/1242 1233/1233 1232/1232
f 1240/1240 1239/1239 1247/1247
f 1248/1248 1249/1249 1250/1250
f 1251/1251 1252/1252 1253/1253
f 1242/1242 1254/1254 1233/1233
f 1255/1255 1256/1256 1257/1257
f 1258/1258 1259/1259 1260/1260
f 1215/1215 1261/1261 1262/1262
f 1262/1262 1216/1216 1215/1215
f 1244/1244 1263/1263 1245/1245
f 1261/1261 1264/1264 1265/1265
f 1261/1261 1265/1265 1266/1266
f 1261/1261 1266/1266 1262/1262
f 1267/1267 1268/1268 1269/1269
f 1270/1270 1271/1271 1272/1272
f 1273/1273 1274/1274 1275/1275
f 1276/1276 1224/1224 1201/1201
f 1275/1275 1277/1277 1273/1273
f 1278/1278 1253/1253 1252/1252
f 1254/1254 1242/1242 1279/1279
f 1280/1280 1281/1281 1282/1282
f 1283/1283 1246/1246 1245/1245
f 1284/1284 1285/1285 1286/1286
f 1283/1283 1287/1287 1246/1246
f 1288/1288 1250/1250 1249/1249
f 1289/1289 1290/1290 1291/1291
f 1292/1292 1293/1293 1294/1294
f 1295/1295 1260/1260 1259/1259
f 1281/1281 1280/1280 1296/1296
f 1297/1297 1295/1295 1259/1259
f 1292/1292 1298/1298 1293/1293
f 1299/1299 1300/1300 1301/1301
f 1298/1298 1292/1292 1302/1302
f 1303/1303 1301/1301 1300/1300
f 1302/1302 1304/1304 1298/1298
f 1305/1305 1306/1306 1307/1307
f 1308/1308 1309/1309 1310/1310
f 1311/1311 1312/1312 1313/1313
f 1314/1314 1315/1315 1311/1311
f 1313/1313 1314/1314 1311/1311
f 1316/1316 1317/1317 1318/1318
f 1295/1295 1297/1297 1319/1319
f 1320/1320 1321/1321 1322/1322
f 1297/1297 1323/1323 1319/1319
f 1324/1324 1024/1024 1191/1191
f 1325/1325 1324/1324 1191/1191
f 1184/1184 1197/1197 1326/1326
f 1066/1066 1327/1327 1067/1067
f 1328/1328 1067/1067 1327/1327
f 1329/1329 1330/1330 1331/1331
f 1329/1329 1331/1331 1332/1332
f 1333/1333 1334/1334 1335/1335
f 1336/1336 1326/1326 1197/1197
f 1337/1337 1336/1336 1197/1197
f 1338/1338 1067/1067 1328/1328
f 1339/1339 1340/1340 1341/1341
f 1341/1341 1340/1340 1342/1342
f 1343/1343 1344/1344 1345/1345
f 1345/1345 1346/1346 1343/1343
f 1347/1347 1213/1213 1220/1220
f 1348/1348 1335/1335 1334/1334
f 1349/1349 1348/1348 1334/1334
f 1350/1350 1351/1351 1352/1352
f 1336/1336 1337/1337 1353/1353
f 1352/1352 1354/1354 1350/1350
f 1355/1355 1356/1356 1357/1357
f 1074/1074 1358/1358 1075/1075
f 1109/1109 1108/1108 1359/1359
f 1360/1360 1108/1108 1114/1114
f 1115/1115 1113/1113 1361/1361
f 1360/1360 1359/1359 1108/1108
f 1362/1362 1363/1363 1364/1364
f 1365/1365 1366/1366 1367/1367
f 1358/1358 1074/1074 1368/1368
f 1369/1369 1370/1370 1371/1371
f 1372/1372 1373/1373 1374/1374
f 1375/1375 1376/1376 1377/1377
f 1335/1335 1348/1348 1378/1378
f 1348/1348 1349/1349 1379/1379
f 1348/1348 1379/1379 1378/1378
f 1340/1340 1339/1339 1380/1380
f 1381/1381 1342/1342 1340/1340
f 1380/1380 1381/1381 1340/1340
f 1382/1382 1383/1383 1384/1384
f 1373/1373 1385/1385 1374/1374
f 1386/1386 1387/1387 1388/1388
f 1389/1389 1390/1390 1391/1391
f 1392/1392 1386/1386 1388/1388
f 1388/1388 1393/1393 1392/1392
f 1394/1394 1395/1395 1396/1396
f 1397/1397 1398/1398 1399/1399
f 1277/1277 1275/1275 1400/1400
f 1301/1301 1303/1303 1401/1401
f 1386/1386 1392/1392 1402/1402
f 1403/1403 1404/1404 1405/1405
f 1406/1406 1407/1407 1408/1408
f 1409/1409 1410/1410 1216/1216
f 1216/1216 1262/1262 1411/1411
f 1411/1411 1409/1409 1216/1216
f 1412/1412 1413/1413 1414/1414
f 1414/1414 1415/1415 1412/1412
f 1394/1394 1416/1416 1395/1395
f 1417/1417 1415/1415 1414/1414
f 1418/1418 1419/1419 1420/1420
f 1356/1356 1355/1355 1421/1421
f 1344/1344 1422/1422 1423/1423
f 1423/1423 1345/1345 1344/1344
f 684/684 1424/1424 1425/1425
f 1426/1426 1427/1427 1424/1424
f 1424/1424 684/684 1426/1426
f 1427/1427 1426/1426 1428/1428
f 1427/1427 1428/1428 1429/1429
f 899/899 1430/1430 898/898
f 686/686 1426/1426 684/684
f 1426/1426 686/686 1431/1431
f 1426/1426 1431/1431 1428/1428
f 1432/1432 1431/1431 686/686
f 686/686 687/687 1432/1432
f 1433/1433 1428/1428 1431/1431
f 1434/1434 1433/1433 1431/1431
f 1431/1431 1432/1432 1434/1434
f 1428/1428 1433/1433 1435/1435
f 1435/1435 1429/1429 1428/1428
f 1436/1436 1435/1435 1433/1433
f 1437/1437 1436/1436 1433/1433
f 1433/1433 1434/1434 1437/1437
f 1265/1265 1264/1264 1438/1438
f 1439/1439 1265/1265 1438/1438
f 1440/1440 1439/1439 1438/1438
f 1441/1441 1442/1442 1443/1443
f 1444/1444 1445/1445 1446/1446
f 1447/1447 1448/1448 1449/1449
f 1450/1450 1451/1451 1452/1452
f 1453/1453 1454/1454 1444/1444
f 1446/1446 1453/1453 1444/1444
f 1455/1455 1442/1442 1441/1441
f 1456/1456 1442/1442 1455/1455
f 1457/1457 1458/1458 1459/1459
f 1460/1460 1461/1461 1462/1462
f 1463/1463 1446/1446 1445/1445
f 1464/1464 1465/1465 1466/1466
f 1466/1466 1467/1467 1464/1464
f 927/927 1468/1468 928/928
f 1469/1469 1470/1470 1471/1471
f 1472/1472 1473/1473 1474/1474
f 1475/1475 1476/1476 1477/1477
f 1478/1478 1479/1479 1480/1480
f 1470/1470 1469/1469 1481/1481
f 1480/1480 1482/1482 1478/1478
f 1483/1483 1474/1474 1473/1473
f 1484/1484 1485/1485 1486/1486
f 1487/1487 1488/1488 1489/1489
f 1490/1490 1489/1489 1488/1488
f 1491/1491 1479/1479 1492/1492
f 1492/1492 939/939 1491/1491
f 1479/1479 1478/1478 1492/1492
f 1448/1448 1447/1447 1493/1493
f 1494/1494 1495/1495 1496/1496
f 1454/1454 1453/1453 1497/1497
f 1498/1498 1478/1478 1482/1482
f 1499/1499 1500/1500 1501/1501
f 1502/1502 1503/1503 1504/1504
f 1505/1505 1506/1506 1502/1502
f 1502/1502 1504/1504 1505/1505
f 1503/1503 1507/1507 1508/1508
f 1508/1508 1504/1504 1503/1503
f 1265/1265 1439/1439 1509/1509
f 1509/1509 1266/1266 1265/1265
f 1510/1510 1511/1511 1512/1512
f 1513/1513 1514/1514 1515/1515
f 1516/1516 1517/1517 1518/1518
f 1519/1519 1516/1516 1518/1518
f 1520/1520 1521/1521 1522/1522
f 1523/1523 1520/1520 1522/1522
f 1511/1511 1510/1510 1524/1524
f 1525/1525 1526/1526 1527/1527
f 1528/1528 1515/1515 1514/1514
f 1517/1517 1516/1516 1529/1529
f 1530/1530 1524/1524 1510/1510
f 1531/1531 1532/1532 1533/1533
f 1460/1460 1534/1534 1461/1461
f 1467/1467 1466/1466 1535/1535
f 1521/1521 1520/1520 1536/1536
f 1537/1537 1535/1535 1466/1466
f 1538/1538 1539/1539 1540/1540
f 1538/1538 1540/1540 1541/1541
f 1520/1520 1542/1542 1536/1536
f 1543/1543 1544/1544 1545/1545
f 1546/1546 1547/1547 1548/1548
f 1532/1532 1531/1531 1549/1549
f 1544/1544 1550/1550 1545/1545
f 1551/1551 1552/1552 1553/1553
f 1554/1554 1555/1555 1556/1556
f 1539/1539 1557/1557 1540/1540
f 1547/1547 1546/1546 1558/1558
f 1559/1559 1540/1540 1557/1557
f 1560/1560 1561/1561 1562/1562
f 1563/1563 1564/1564 1565/1565
f 1566/1566 1567/1567 1568/1568
f 1569/1569 1570/1570 1571/1571
f 1439/1439 1440/1440 1572/1572
f 1439/1439 1572/1572 1573/1573
f 1439/1439 1573/1573 1509/1509
f 1574/1574 1575/1575 1576/1576
f 1577/1577 1492/1492 1478/1478
f 1578/1578 1579/1579 1580/1580
f 1500/1500 1499/1499 1581/1581
f 1582/1582 1583/1583 1584/1584
f 1506/1506 1505/1505 1585/1585
f 1506/1506 1586/1586 1587/1587
f 1585/1585 1586/1586 1506/1506
f 1588/1588 1581/1581 1499/1499
f 1589/1589 1541/1541 1540/1540
f 1540/1540 1559/1559 1589/1589
f 1504/1504 1508/1508 1590/1590
f 1591/1591 1505/1505 1504/1504
f 1590/1590 1591/1591 1504/1504
f 1592/1592 1593/1593 1594/1594
f 1595/1595 1596/1596 1597/1597
f 1591/1591 1598/1598 1505/1505
f 1505/1505 1598/1598 1585/1585
f 1599/1599 1600/1600 1541/1541
f 1601/1601 1599/1599 1541/1541
f 1541/1541 1589/1589 1601/1601
f 1602/1602 1603/1603 1604/1604
f 1605/1605 1606/1606 1607/1607
f 1608/1608 1602/1602 1604/1604
f 1605/1605 1607/1607 1609/1609
f 1610/1610 1597/1597 1596/1596
f 1611/1611 1612/1612 1613/1613
f 1614/1614 1615/1615 1616/1616
f 1598/1598 1591/1591 1617/1617
f 1617/1617 1585/1585 1598/1598
f 1591/1591 1590/1590 1618/1618
f 1591/1591 1618/1618 1617/1617
f 1619/1619 1620/1620 1621/1621
f 1621/1621 1622/1622 1619/1619
f 1440/1440 1623/1623 1572/1572
f 1624/1624 1625/1625 1626/1626
f 1627/1627 1628/1628 1629/1629
f 1560/1560 1630/1630 1561/1561
f 1631/1631 1565/1565 1564/1564
f 1624/1624 1632/1632 1625/1625
f 1628/1628 1633/1633 1634/1634
f 1634/1634 1629/1629 1628/1628
f 1635/1635 1636/1636 1637/1637
f 1638/1638 1639/1639 1640/1640
f 1633/1633 1641/1641 1634/1634
f 1642/1642 1643/1643 1644/1644
f 1645/1645 1646/1646 1647/1647
f 1648/1648 1642/1642 1644/1644
f 1645/1645 1647/1647 1649/1649
f 1650/1650 1651/1651 1652/1652
f 1653/1653 1651/1651 1650/1650
f 1654/1654 1655/1655 1656/1656
f 1657/1657 1658/1658 1659/1659
f 1660/1660 1661/1661 1662/1662
f 1663/1663 1664/1664 1665/1665
f 1665/1665 1664/1664 1666/1666
f 1666/1666 1667/1667 1665/1665
f 1658/1658 1668/1668 1669/1669
f 1669/1669 1659/1659 1658/1658
f 1670/1670 1671/1671 1672/1672
f 1673/1673 1674/1674 1675/1675
f 1676/1676 1677/1677 1678/1678
f 1679/1679 1680/1680 1681/1681
f 1682/1682 1683/1683 1684/1684
f 1684/1684 1685/1685 1682/1682
f 1686/1686 1673/1673 1675/1675
f 1687/1687 1669/1669 1668/1668
f 1677/1677 1676/1676 1688/1688
f 1689/1689 1681/1681 1680/1680
f 1677/1677 1688/1688 1690/1690
f 1691/1691 1692/1692 1693/1693
f 1693/1693 1694/1694 1691/1691
f 1695/1695 1572/1572 1623/1623
f 1696/1696 1697/1697 1436/1436
f 1436/1436 1437/1437 1696/1696
f 1698/1698 1699/1699 1700/1700
f 1701/1701 1702/1702 1703/1703
f 1704/1704 1666/1666 1664/1664
f 1705/1705 1704/1704 1664/1664
f 1703/1703 1706/1706 1701/1701
f 1659/1659 1669/1669 1707/1707
f 1708/1708 1703/1703 1702/1702
f 1709/1709 1710/1710 1711/1711
f 1673/1673 1686/1686 1712/1712
f 1713/1713 1714/1714 1715/1715
f 1710/1710 1716/1716 1711/1711
f 1717/1717 1718/1718 1681/1681
f 1689/1689 1717/1717 1681/1681
f 1719/1719 1637/1637 1636/1636
f 1630/1630 1560/1560 1720/1720
f 1721/1721 1722/1722 1723/1723
f 1671/1671 1724/1724 1672/1672
f 1725/1725 1640/1640 1639/1639
f 1726/1726 1727/1727 1728/1728
f 1729/1729 1730/1730 1731/1731
f 1728/1728 1732/1732 1726/1726
f 1727/1727 1733/1733 1734/1734
f 1734/1734 1728/1728 1727/1727
f 1735/1735 1736/1736 1737/1737
f 1640/1640 1725/1725 1738/1738
f 1739/1739 1735/1735 1737/1737
f 1740/1740 1741/1741 1742/1742
f 1572/1572 1695/1695 1743/1743
f 1743/1743 1573/1573 1572/1572
f 1744/1744 1745/1745 1746/1746
f 1747/1747 1711/1711 1716/1716
f 1748/1748 1749/1749 1750/1750
f 1751/1751 1752/1752 1753/1753
f 1753/1753 1754/1754 1751/1751
f 1752/1752 1755/1755 1756/1756
f 1752/1752 1756/1756 1757/1757
f 1757/1757 1753/1753 1752/1752
f 1758/1758 1743/1743 1695/1695
f 1759/1759 1758/1758 1695/1695
f 1695/1695 1760/1760 1759/1759
f 1761/1761 1571/1571 1570/1570
f 1730/1730 1729/1729 1762/1762
f 1763/1763 1764/1764 1765/1765
f 1766/1766 1767/1767 1768/1768
f 1761/1761 1769/1769 1571/1571
f 1732/1732 1728/1728 1770/1770
f 1728/1728 1734/1734 1771/1771
f 1772/1772 1770/1770 1728/1728
f 1771/1771 1772/1772 1728/1728
f 1735/1735 1739/1739 1773/1773
f 1735/1735 1773/1773 1774/1774
f 1775/1775 1776/1776 1777/1777
f 1778/1778 1779/1779 1780/1780
f 1704/1704 1705/1705 1781/1781
f 1769/1769 1761/1761 1782/1782
f 1783/1783 1601/1601 1589/1589
f 1589/1589 1784/1784 1783/1783
f 1761/1761 1785/1785 1782/1782
f 1786/1786 1787/1787 1788/1788
f 1573/1573 1743/1743 1789/1789
f 1790/1790 1509/1509 1573/1573
f 1789/1789 1790/1790 1573/1573
f 1791/1791 1774/1774 1773/1773
f 1792/1792 1793/1793 1794/1794
f 1795/1795 1796/1796 1797/1797
f 1798/1798 1799/1799 1800/1800
f 1773/1773 1801/1801 1791/1791
f 1770/1770 1772/1772 1802/1802
f 1803/1803 1804/1804 1805/1805
f 1802/1802 1806/1806 1770/1770
f 1772/1772 1771/1771 1802/1802
f 1807/1807 1782/1782 1785/1785
f 1803/1803 1808/1808 1804/1804
f 1809/1809 1810/1810 1811/1811
f 1812/1812 1809/1809 1811/1811
f 1813/1813 1814/1814 1815/1815
f 1814/1814 1816/1816 1815/1815
f 1817/1817 1788/1788 1787/1787
f 1706/1706 1703/1703 1818/1818
f 1819/1819 1818/1818 1703/1703
f 1820/1820 1819/1819 1703/1703
f 1703/1703 1708/1708 1820/1820
f 1818/1818 1819/1819 1821/1821
f 1822/1822 1823/1823 1824/1824
f 1819/1819 1820/1820 1825/1825
f 1826/1826 1821/1821 1819/1819
f 1825/1825 1826/1826 1819/1819
f 1711/1711 1747/1747 1827/1827
f 1828/1828 1829/1829 1830/1830
f 1828/1828 1830/1830 1831/1831
f 1832/1832 1827/1827 1747/1747
f 1747/1747 1833/1833 1832/1832
f 1834/1834 1835/1835 1836/1836
f 1754/1754 1753/1753 1837/1837
f 1838/1838 1834/1834 1836/1836
f 1839/1839 1840/1840 1841/1841
f 1842/1842 1843/1843 1844/1844
f 1845/1845 1846/1846 1847/1847
f 1743/1743 1758/1758 1848/1848
f 1848/1848 1789/1789 1743/1743
f 1849/1849 1850/1850 1851/1851
f 1852/1852 1853/1853 1854/1854
f 1855/1855 1856/1856 1857/1857
f 1858/1858 1859/1859 1860/1860
f 1861/1861 1847/1847 1846/1846
f 1862/1862 1863/1863 1864/1864
f 1865/1865 1866/1866 1867/1867
f 1758/1758 1868/1868 1848/1848
f 1869/1869 1868/1868 1758/1758
f 1758/1758 1759/1759 1869/1869
f 940/940 939/939 1870/1870
f 1871/1871 1272/1272 1271/1271
f 1872/1872 1871/1871 1271/1271
f 1870/1870 1873/1873 940/940
f 939/939 1492/1492 1577/1577
f 1577/1577 1870/1870 939/939
f 1272/1272 1871/1871 1874/1874
f 1875/1875 1286/1286 1285/1285
f 1871/1871 1872/1872 1876/1876
f 1877/1877 1874/1874 1871/1871
f 1876/1876 1877/1877 1871/1871
f 1873/1873 1870/1870 1878/1878
f 1879/1879 1880/1880 1881/1881
f 1870/1870 1577/1577 1882/1882
f 1882/1882 1878/1878 1870/1870
f 1883/1883 1884/1884 1885/1885
f 1886/1886 1887/1887 1888/1888
f 1889/1889 1262/1262 1266/1266
f 1266/1266 1509/1509 1890/1890
f 1266/1266 1890/1890 1889/1889
f 1891/1891 1892/1892 1893/1893
f 1894/1894 1895/1895 1896/1896
f 1897/1897 1898/1898 1899/1899
f 1900/1900 1901/1901 1902/1902
f 1900/1900 1902/1902 1903/1903
f 1262/1262 1889/1889 1411/1411
f 1901/1901 1904/1904 1902/1902
f 1905/1905 1906/1906 1907/1907
f 1908/1908 1899/1899 1898/1898
f 1909/1909 1910/1910 1911/1911
f 1912/1912 1587/1587 1586/1586
f 1586/1586 1585/1585 1912/1912
f 1581/1581 1588/1588 1913/1913
f 1914/1914 1915/1915 1916/1916
f 1917/1917 1914/1914 1916/1916
f 1912/1912 1918/1918 1587/1587
f 1919/1919 1920/1920 1921/1921
f 1922/1922 1923/1923 1924/1924
f 1925/1925 1926/1926 1927/1927
f 1790/1790 1890/1890 1509/1509
f 1923/1923 1928/1928 1924/1924
f 1928/1928 1929/1929 1924/1924
f 1930/1930 1931/1931 1932/1932
f 1933/1933 1934/1934 1935/1935
f 1887/1887 1936/1936 1888/1888
f 1937/1937 1938/1938 1939/1939
f 1940/1940 1889/1889 1890/1890
f 1890/1890 1790/1790 1941/1941
f 1890/1890 1941/1941 1940/1940
f 1409/1409 1411/1411 1942/1942
f 1422/1422 1943/1943 1944/1944
f 1944/1944 1423/1423 1422/1422
f 1945/1945 1411/1411 1889/1889
f 1940/1940 1945/1945 1889/1889
f 1411/1411 1945/1945 1942/1942
f 1946/1946 1947/1947 1948/1948
f 1930/1930 1949/1949 1931/1931
f 1790/1790 1789/1789 1950/1950
f 1950/1950 1941/1941 1790/1790
f 1789/1789 1848/1848 1951/1951
f 1951/1951 1950/1950 1789/1789
f 1952/1952 1848/1848 1868/1868
f 1953/1953 1952/1952 1868/1868
f 1954/1954 1953/1953 1868/1868
f 1868/1868 1869/1869 1954/1954
f 1952/1952 1951/1951 1848/1848
f 1955/1955 1940/1940 1941/1941
f 1941/1941 1950/1950 1955/1955
f 1955/1955 1942/1942 1945/1945
f 1945/1945 1940/1940 1955/1955
f 1955/1955 1956/1956 1942/1942
f 1950/1950 1951/1951 1955/1955
f 1951/1951 1952/1952 1955/1955
f 1952/1952 1953/1953 1955/1955
f 1957/1957 1955/1955 1953/1953
f 1953/1953 1954/1954 1957/1957
f 1958/1958 1959/1959 1960/1960
f 1961/1961 1959/1959 1958/1958
f 1962/1962 1963/1963 1964/1964
f 1965/1965 1966/1966 1967/1967
f 1968/1968 1969/1969 1970/1970
f 1971/1971 1968/1968 1970/1970
f 1962/1962 1964/1964 1972/1972
f 80/80 79/79 1973/1973
f 1974/1974 65/65 63/63
f 1975/1975 1974/1974 63/63
f 1976/1976 90/90 89/89
f 1977/1977 1978/1978 1979/1979
f 1979/1979 1978/1978 1980/1980
f 1981/1981 1982/1982 1978/1978
f 1978/1978 1982/1982 1983/1983
f 1978/1978 1977/1977 1981/1981
f 1983/1983 1984/1984 1978/1978
f 1978/1978 1984/1984 1980/1980
f 1985/1985 1986/1986 1982/1982
f 1982/1982 1986/1986 1987/1987
f 1982/1982 1981/1981 1985/1985
f 1987/1987 1983/1983 1982/1982
f 1988/1988 1989/1989 1990/1990
f 1988/1988 1990/1990 1991/1991
f 1988/1988 1991/1991 1992/1992
f 92/92 1993/1993 93/93
f 1994/1994 1995/1995 1993/1993
f 1993/1993 92/92 1994/1994
f 1996/1996 1997/1997 1998/1998
f 1999/1999 2000/2000 2001/2001
f 2002/2002 2003/2003 2004/2004
f 1997/1997 1996/1996 2005/2005
f 2004/2004 2006/2006 2002/2002
f 34/34 2007/2007 300/300
f 2008/2008 2007/2007 34/34
f 34/34 35/35 2008/2008
f 1999/1999 2009/2009 2000/2000
f 2010/2010 2011/2011 1966/1966
f 1966/1966 2012/2012 2010/2010
f 2013/2013 2014/2014 2015/2015
f 2016/2016 2017/2017 2018/2018
f 2019/2019 2020/2020 2021/2021
f 2022/2022 2023/2023 2024/2024
f 2025/2025 2026/2026 2027/2027
f 95/95 2028/2028 96/96
f 2029/2029 1992/1992 1991/1991
f 2004/2004 2030/2030 2006/2006
f 1984/1984 1983/1983 2031/2031
f 2032/2032 1980/1980 1984/1984
f 2031/2031 2032/2032 1984/1984
f 1983/1983 1987/1987 2033/2033
f 2033/2033 2031/2031 1983/1983
f 1992/1992 2029/2029 2034/2034
f 2035/2035 2033/2033 1987/1987
f 2034/2034 2036/2036 1992/1992
f 2030/2030 2004/2004 2037/2037
f 2038/2038 2012/2012 1966/1966
f 2039/2039 2040/2040 2041/2041
f 2038/2038 1966/1966 2042/2042
f 2043/2043 2044/2044 2045/2045
f 2042/2042 2046/2046 2038/2038
f 2038/2038 2046/2046 2047/2047
f 2048/2048 2049/2049 2050/2050
f 2051/2051 2015/2015 2014/2014
f 2052/2052 2053/2053 2054/2054
f 1966/1966 1965/1965 2042/2042
f 2007/2007 2055/2055 2056/2056
f 2057/2057 2055/2055 2007/2007
f 2056/2056 300/300 2007/2007
f 2007/2007 2008/2008 2057/2057
f 1969/1969 1968/1968 2058/2058
f 2059/2059 2042/2042 1965/1965
f 2060/2060 2061/2061 2062/2062
f 2063/2063 2064/2064 2065/2065
f 2066/2066 2067/2067 2068/2068
f 2069/2069 2058/2058 1968/1968
f 2070/2070 2071/2071 2072/2072
f 2073/2073 2074/2074 2075/2075
f 2076/2076 2077/2077 2078/2078
f 2079/2079 2080/2080 2081/2081
f 2082/2082 2073/2073 2075/2075
f 2083/2083 2084/2084 2085/2085
f 2086/2086 2087/2087 2088/2088
f 2089/2089 2090/2090 2091/2091
f 2091/2091 2090/2090 2092/2092
f 2093/2093 2094/2094 2095/2095
f 2096/2096 2027/2027 2026/2026
f 2097/2097 2098/2098 2099/2099
f 2046/2046 2042/2042 2059/2059
f 2046/2046 2059/2059 2100/2100
f 2046/2046 2100/2100 2101/2101
f 2101/2101 2047/2047 2046/2046
f 2102/2102 2103/2103 2104/2104
f 2080/2080 2105/2105 2106/2106
f 2079/2079 2105/2105 2080/2080
f 2107/2107 2108/2108 2109/2109
f 2110/2110 2106/2106 2105/2105
f 2111/2111 2112/2112 2113/2113
f 2113/2113 2114/2114 2111/2111
f 2058/2058 2069/2069 2115/2115
f 2116/2116 2117/2117 2118/2118
f 2119/2119 2120/2120 2117/2117
f 2117/2117 2116/2116 2119/2119
f 2121/2121 2056/2056 2055/2055
f 2122/2122 2121/2121 2055/2055
f 2123/2123 2122/2122 2055/2055
f 2055/2055 2057/2057 2123/2123
f 2108/2108 2107/2107 2124/2124
f 2106/2106 2110/2110 2125/2125
f 2126/2126 2124/2124 2107/2107
f 2110/2110 2127/2127 2128/2128
f 2129/2129 2127/2127 2110/2110
f 2128/2128 2125/2125 2110/2110
f 2130/2130 2131/2131 2132/2132
f 2133/2133 2134/2134 2135/2135
f 2136/2136 66/66 65/65
f 2137/2137 2136/2136 65/65
f 1974/1974 2137/2137 65/65
f 64/64 67/67 2138/2138
f 2139/2139 2140/2140 2141/2141
f 2142/2142 2143/2143 2144/2144
f 66/66 2136/2136 2145/2145
f 2146/2146 263/263 236/236
f 2140/2140 2139/2139 2147/2147
f 2140/2140 2147/2147 2148/2148
f 2136/2136 2137/2137 2149/2149
f 2150/2150 2145/2145 2136/2136
f 2149/2149 2150/2150 2136/2136
f 2151/2151 2152/2152 2153/2153
f 2154/2154 2155/2155 2156/2156
f 2157/2157 2158/2158 2159/2159
f 2145/2145 2150/2150 2160/2160
f 2161/2161 2153/2153 2152/2152
f 2162/2162 1974/1974 1975/1975
f 2163/2163 2164/2164 2165/2165
f 2166/2166 2167/2167 2031/2031
f 2168/2168 2169/2169 2170/2170
f 2166/2166 2031/2031 2033/2033
f 2166/2166 2033/2033 2035/2035
f 2171/2171 2172/2172 2173/2173
f 2171/2171 2173/2173 2174/2174
f 2175/2175 2176/2176 2177/2177
f 2174/2174 2178/2178 2171/2171
f 2146/2146 296/296 263/263
f 2179/2179 2180/2180 2181/2181
f 2182/2182 2183/2183 2184/2184
f 2185/2185 2182/2182 2184/2184
f 2186/2186 2187/2187 2188/2188
f 2056/2056 2189/2189 302/302
f 302/302 2189/2189 849/849
f 302/302 300/300 2056/2056
f 2190/2190 2191/2191 2192/2192
f 2193/2193 2194/2194 2195/2195
f 2196/2196 2197/2197 2198/2198
f 2121/2121 2199/2199 2189/2189
f 2189/2189 2199/2199 2200/2200
f 2189/2189 2056/2056 2121/2121
f 2200/2200 849/849 2189/2189
f 2201/2201 2202/2202 2203/2203
f 2153/2153 2161/2161 2204/2204
f 2167/2167 2032/2032 2031/2031
f 2205/2205 2206/2206 2207/2207
f 2208/2208 2205/2205 2207/2207
f 2209/2209 2210/2210 2211/2211
f 2212/2212 2213/2213 2214/2214
f 2199/2199 2121/2121 2215/2215
f 2199/2199 2215/2215 2216/2216
f 2217/2217 2200/2200 2199/2199
f 2216/2216 2217/2217 2199/2199
f 2218/2218 2219/2219 2220/2220
f 2049/2049 2048/2048 2221/2221
f 2222/2222 2221/2221 2048/2048
f 2101/2101 2223/2223 2047/2047
f 2121/2121 2122/2122 2215/2215
f 2221/2221 2222/2222 2224/2224
f 2225/2225 2226/2226 2227/2227
f 2120/2120 2119/2119 2228/2228
f 2226/2226 2229/2229 2227/2227
f 2230/2230 2231/2231 2232/2232
f 2124/2124 2126/2126 2233/2233
f 2234/2234 2232/2232 2231/2231
f 2235/2235 2236/2236 2237/2237
f 2238/2238 2239/2239 2240/2240
f 2236/2236 2235/2235 2241/2241
f 2242/2242 2243/2243 2244/2244
f 2245/2245 2215/2215 2122/2122
f 2122/2122 2123/2123 2246/2246
f 2246/2246 2245/2245 2122/2122
f 2247/2247 2248/2248 2249/2249
f 2249/2249 2250/2250 2247/2247
f 2245/2245 2251/2251 2215/2215
f 2215/2215 2251/2251 2216/2216
f 2251/2251 2245/2245 2252/2252
f 2253/2253 2216/2216 2251/2251
f 2254/2254 2253/2253 2251/2251
f 2252/2252 2254/2254 2251/2251
f 2255/2255 2008/2008 35/35
f 35/35 349/349 2255/2255
f 2256/2256 2257/2257 2258/2258
f 2259/2259 2260/2260 2261/2261
f 2008/2008 2255/2255 2262/2262
f 2263/2263 2264/2264 2265/2265
f 2266/2266 2257/2257 2267/2267
f 2267/2267 2257/2257 2256/2256
f 2268/2268 2269/2269 2270/2270
f 2271/2271 2261/2261 2272/2272
f 2273/2273 2274/2274 2275/2275
f 2276/2276 2277/2277 2278/2278
f 2090/2090 2089/2089 2279/2279
f 2280/2280 2114/2114 2281/2281
f 2274/2274 2273/2273 2282/2282
f 2282/2282 2283/2283 2274/2274
f 2284/2284 2285/2285 2286/2286
f 2287/2287 2288/2288 2289/2289
f 2289/2289 2290/2290 2287/2287
f 2291/2291 2292/2292 2288/2288
f 2287/2287 2291/2291 2288/2288
f 2293/2293 2294/2294 2295/2295
f 2296/2296 2297/2297 2298/2298
f 2299/2299 2300/2300 2301/2301
f 2298/2298 2302/2302 2296/2296
f 2295/2295 2303/2303 2293/2293
f 2304/2304 2305/2305 2306/2306
f 2307/2307 2304/2304 2306/2306
f 2308/2308 2309/2309 2297/2297
f 2296/2296 2308/2308 2297/2297
f 2272/2272 2261/2261 2260/2260
f 2310/2310 2311/2311 2312/2312
f 2312/2312 2313/2313 2310/2310
f 2314/2314 2263/2263 2311/2311
f 2311/2311 2310/2310 2314/2314
f 2114/2114 2280/2280 2111/2111
f 2315/2315 2316/2316 2317/2317
f 2318/2318 2319/2319 2320/2320
f 2321/2321 2322/2322 2323/2323
f 2324/2324 2325/2325 2326/2326
f 2324/2324 2326/2326 2327/2327
f 2328/2328 2329/2329 2330/2330
f 2327/2327 2331/2331 2324/2324
f 2332/2332 2333/2333 2334/2334
f 2335/2335 2332/2332 2334/2334
f 2336/2336 2337/2337 2338/2338
f 2332/2332 2339/2339 2333/2333
f 2325/2325 2340/2340 2341/2341
f 2325/2325 2341/2341 2326/2326
f 2342/2342 2341/2341 2340/2340
f 2304/2304 2307/2307 2343/2343
f 2344/2344 2345/2345 2346/2346
f 2346/2346 2345/2345 2347/2347
f 2348/2348 2349/2349 2350/2350
f 2351/2351 2352/2352 2353/2353
f 2346/2346 2354/2354 2344/2344
f 2350/2350 2355/2355 2348/2348
f 2353/2353 2356/2356 2351/2351
f 2357/2357 2358/2358 2359/2359
f 2360/2360 2361/2361 2362/2362
f 2359/2359 2363/2363 2357/2357
f 2364/2364 2350/2350 2349/2349
f 2365/2365 2366/2366 2352/2352
f 2351/2351 2365/2365 2352/2352
f 2367/2367 2368/2368 2369/2369
f 2327/2327 2326/2326 2341/2341
f 2355/2355 2350/2350 2370/2370
f 2371/2371 2372/2372 2373/2373
f 2374/2374 2375/2375 2376/2376
f 2377/2377 2378/2378 2379/2379
f 2380/2380 2381/2381 2382/2382
f 2364/2364 2370/2370 2350/2350
f 2383/2383 2384/2384 2385/2385
f 2386/2386 2387/2387 2388/2388
f 2389/2389 2390/2390 2391/2391
f 2392/2392 2393/2393 2394/2394
f 2366/2366 2365/2365 2395/2395
f 2396/2396 2397/2397 2398/2398
f 2392/2392 2399/2399 2393/2393
f 2365/2365 2400/2400 2401/2401
f 2351/2351 2400/2400 2365/2365
f 2365/2365 2401/2401 2402/2402
f 2402/2402 2395/2395 2365/2365
f 2400/2400 2351/2351 2403/2403
f 2404/2404 2134/2134 2405/2405
f 2134/2134 2404/2404 2135/2135
f 2332/2332 2335/2335 2406/2406
f 2407/2407 2408/2408 2264/2264
f 2264/2264 2263/2263 2407/2407
f 2329/2329 2328/2328 2409/2409
f 2409/2409 2410/2410 2329/2329
f 2411/2411 2412/2412 2413/2413
f 2331/2331 2327/2327 2414/2414
f 2378/2378 2377/2377 2415/2415
f 2416/2416 2414/2414 2327/2327
f 2415/2415 2417/2417 2378/2378
f 2410/2410 2409/2409 2418/2418
f 2419/2419 2413/2413 2412/2412
f 2420/2420 2419/2419 2412/2412
f 2421/2421 2422/2422 2423/2423
f 2421/2421 2423/2423 2424/2424
f 2417/2417 2415/2415 2425/2425
f 2408/2408 2407/2407 2426/2426
f 2426/2426 2427/2427 2408/2408
f 2399/2399 2392/2392 2428/2428
f 2429/2429 2430/2430 2431/2431
f 2397/2397 2396/2396 2432/2432
f 2433/2433 2434/2434 2435/2435
f 2435/2435 2436/2436 2433/2433
f 2415/2415 2437/2437 2425/2425
f 2430/2430 2429/2429 2438/2438
f 2439/2439 2435/2435 2434/2434
f 2361/2361 2360/2360 2440/2440
f 2441/2441 2442/2442 2443/2443
f 2444/2444 2445/2445 2446/2446
f 2447/2447 2448/2448 2449/2449
f 2450/2450 2444/2444 2446/2446
f 2451/2451 2450/2450 2446/2446
f 2452/2452 2453/2453 2454/2454
f 2455/2455 2456/2456 2447/2447
f 2457/2457 2455/2455 2447/2447
f 2447/2447 2449/2449 2457/2457
f 2458/2458 2459/2459 2460/2460
f 2461/2461 2462/2462 2463/2463
f 2464/2464 2465/2465 2466/2466
f 2467/2467 2468/2468 2469/2469
f 2469/2469 2470/2470 2467/2467
f 2467/2467 2470/2470 2471/2471
f 2472/2472 2473/2473 2474/2474
f 2475/2475 2454/2454 2453/2453
f 2456/2456 2455/2455 2476/2476
f 2477/2477 2475/2475 2453/2453
f 2455/2455 2457/2457 2476/2476
f 2478/2478 2479/2479 2480/2480
f 2481/2481 2482/2482 2483/2483
f 2484/2484 2485/2485 2486/2486
f 2487/2487 2488/2488 2489/2489
f 2490/2490 2484/2484 2486/2486
f 2491/2491 2457/2457 2449/2449
f 2492/2492 2493/2493 2494/2494
f 2495/2495 2496/2496 2487/2487
f 2487/2487 2489/2489 2495/2495
f 2497/2497 2407/2407 2263/2263
f 2263/2263 2314/2314 2497/2497
f 2485/2485 2484/2484 2498/2498
f 2499/2499 2500/2500 2501/2501
f 2502/2502 2503/2503 2504/2504
f 2504/2504 2505/2505 2502/2502
f 2490/2490 2498/2498 2484/2484
f 2506/2506 2501/2501 2500/2500
f 2507/2507 2508/2508 2509/2509
f 2509/2509 2510/2510 2507/2507
f 2506/2506 2511/2511 2501/2501
f 2503/2503 2512/2512 2513/2513
f 2503/2503 2513/2513 2504/2504
f 2514/2514 2508/2508 2515/2515
f 2516/2516 2517/2517 2518/2518
f 2519/2519 2520/2520 2521/2521
f 2522/2522 2523/2523 2524/2524
f 2525/2525 2526/2526 2527/2527
f 2528/2528 2529/2529 2530/2530
f 2524/2524 2531/2531 2522/2522
f 2530/2530 2532/2532 2528/2528
f 2507/2507 2515/2515 2508/2508
f 2533/2533 2534/2534 2535/2535
f 2520/2520 2519/2519 2536/2536
f 2520/2520 2536/2536 2537/2537
f 2538/2538 2539/2539 2540/2540
f 2541/2541 2542/2542 2543/2543
f 2526/2526 2525/2525 2544/2544
f 2545/2545 2546/2546 2547/2547
f 2548/2548 2549/2549 2550/2550
f 2550/2550 2551/2551 2548/2548
f 2552/2552 2553/2553 2554/2554
f 2491/2491 2476/2476 2457/2457
f 2475/2475 2477/2477 2555/2555
f 2556/2556 2557/2557 2558/2558
f 2559/2559 2494/2494 2493/2493
f 2476/2476 2491/2491 2560/2560
f 2477/2477 2561/2561 2555/2555
f 2560/2560 2562/2562 2476/2476
f 2494/2494 2559/2559 2563/2563
f 2505/2505 2504/2504 2564/2564
f 2565/2565 2495/2495 2489/2489
f 2566/2566 2564/2564 2504/2504
f 2529/2529 2528/2528 2567/2567
f 2529/2529 2567/2567 2568/2568
f 2569/2569 2570/2570 2571/2571
f 2572/2572 2573/2573 2574/2574
f 2575/2575 2576/2576 2577/2577
f 2578/2578 2579/2579 2580/2580
f 2564/2564 2566/2566 2581/2581
f 2581/2581 2582/2582 2564/2564
f 2583/2583 2548/2548 2551/2551
f 2584/2584 2581/2581 2566/2566
f 2583/2583 2585/2585 2548/2548
f 2557/2557 2556/2556 2586/2586
f 2420/2420 2587/2587 2419/2419
f 2437/2437 2588/2588 2425/2425
f 2589/2589 2590/2590 2591/2591
f 2592/2592 2593/2593 2594/2594
f 2595/2595 2589/2589 2591/2591
f 2596/2596 2595/2595 2591/2591
f 2597/2597 2598/2598 2599/2599
f 2597/2597 2599/2599 2600/2600
f 2601/2601 2602/2602 2603/2603
f 2603/2603 2604/2604 2601/2601
f 2605/2605 2606/2606 2607/2607
f 2608/2608 2609/2609 2610/2610
f 2606/2606 2605/2605 2611/2611
f 2612/2612 2613/2613 2614/2614
f 2615/2615 2616/2616 2617/2617
f 2562/2562 2560/2560 2618/2618
f 2619/2619 2615/2615 2617/2617
f 2620/2620 2621/2621 2622/2622
f 2582/2582 2581/2581 2623/2623
f 2624/2624 2625/2625 2626/2626
f 2581/2581 2584/2584 2627/2627
f 2627/2627 2623/2623 2581/2581
f 2585/2585 2583/2583 2628/2628
f 2629/2629 2630/2630 2631/2631
f 2632/2632 2426/2426 2407/2407
f 2407/2407 2497/2497 2632/2632
f 2633/2633 2563/2563 2559/2559
f 2559/2559 2634/2634 2635/2635
f 2635/2635 2633/2633 2559/2559
f 2636/2636 2637/2637 2638/2638
f 2639/2639 2640/2640 2641/2641
f 2640/2640 2642/2642 2643/2643
f 2640/2640 2643/2643 2641/2641
f 2643/2643 2642/2642 2644/2644
f 2583/2583 2645/2645 2628/2628
f 2625/2625 2624/2624 2646/2646
f 2647/2647 2628/2628 2645/2645
f 2648/2648 2649/2649 2650/2650
f 2651/2651 2652/2652 2653/2653
f 2649/2649 2648/2648 2654/2654
f 2652/2652 2651/2651 2655/2655
f 2656/2656 2599/2599 2598/2598
f 2598/2598 2657/2657 2656/2656
f 2599/2599 2656/2656 2658/2658
f 2659/2659 2600/2600 2599/2599
f 2658/2658 2659/2659 2599/2599
f 2660/2660 2661/2661 2426/2426
f 2426/2426 2632/2632 2660/2660
f 2662/2662 2658/2658 2656/2656
f 2656/2656 2663/2663 2662/2662
f 849/849 2200/2200 878/878
f 2200/2200 2217/2217 2664/2664
f 2664/2664 878/878 2200/2200
f 2216/2216 2665/2665 2217/2217
f 2217/2217 2665/2665 2666/2666
f 2666/2666 2664/2664 2217/2217
f 2665/2665 2216/2216 2253/2253
f 2665/2665 2253/2253 2667/2667
f 2665/2665 2667/2667 2668/2668
f 2668/2668 2666/2666 2665/2665
f 2669/2669 2667/2667 2253/2253
f 2254/2254 2669/2669 2253/2253
f 2667/2667 2669/2669 2670/2670
f 2671/2671 2672/2672 2673/2673
f 2674/2674 2671/2671 2673/2673
f 2675/2675 2674/2674 2676/2676
f 2676/2676 2677/2677 2678/2678
f 2676/2676 2678/2678 2675/2675
f 880/880 2679/2679 881/881
f 2679/2679 2680/2680 881/881
f 2680/2680 2672/2672 881/881
f 2672/2672 2671/2671 881/881
f 2674/2674 2681/2681 2671/2671
f 2671/2671 2681/2681 881/881
f 2682/2682 2683/2683 2681/2681
f 2681/2681 2683/2683 881/881
f 2681/2681 2674/2674 2682/2682
f 2684/2684 2685/2685 2683/2683
f 2683/2683 2685/2685 881/881
f 2683/2683 2682/2682 2684/2684
f 2685/2685 2684/2684 2686/2686
f 2687/2687 881/881 2685/2685
f 2686/2686 2687/2687 2685/2685
f 2675/2675 2682/2682 2674/2674
f 2688/2688 2684/2684 2682/2682
f 2682/2682 2675/2675 2688/2688
f 2684/2684 2688/2688 2689/2689
f 2689/2689 2686/2686 2684/2684
f 2690/2690 2600/2600 2691/2691
f 2691/2691 2692/2692 2690/2690
f 2659/2659 2691/2691 2600/2600
f 2678/2678 2693/2693 2694/2694
f 2695/2695 2675/2675 2678/2678
f 2694/2694 2695/2695 2678/2678
f 2696/2696 2697/2697 2691/2691
f 2691/2691 2659/2659 2696/2696
f 2695/2695 2688/2688 2675/2675
f 2688/2688 2695/2695 2698/2698
f 2698/2698 2689/2689 2688/2688
f 2695/2695 2694/2694 2699/2699
f 2699/2699 2698/2698 2695/2695
f 2697/2697 2696/2696 2700/2700
f 2700/2700 2701/2701 2697/2697
f 2659/2659 2658/2658 2702/2702
f 2702/2702 2696/2696 2659/2659
f 2703/2703 2702/2702 2658/2658
f 2658/2658 2662/2662 2703/2703
f 2696/2696 2702/2702 2704/2704
f 2696/2696 2704/2704 2700/2700
f 2705/2705 2704/2704 2702/2702
f 2702/2702 2703/2703 2705/2705
f 2704/2704 2705/2705 2706/2706
f 2707/2707 2700/2700 2704/2704
f 2706/2706 2707/2707 2704/2704
f 2313/2313 2708/2708 2709/2709
f 2709/2709 2310/2310 2313/2313
f 2710/2710 2709/2709 2708/2708
f 2708/2708 2711/2711 2710/2710
f 2310/2310 2709/2709 2712/2712
f 2712/2712 2314/2314 2310/2310
f 2709/2709 2710/2710 2713/2713
f 2713/2713 2712/2712 2709/2709
f 2714/2714 2715/2715 2716/2716
f 2717/2717 2718/2718 2719/2719
f 2720/2720 2721/2721 2722/2722
f 2723/2723 2724/2724 2725/2725
f 2726/2726 2727/2727 2728/2728
f 2729/2729 2715/2715 2714/2714
f 2730/2730 2726/2726 2728/2728
f 2731/2731 2732/2732 2733/2733
f 2731/2731 2733/2733 2734/2734
f 2735/2735 2736/2736 2737/2737
f 2727/2727 2726/2726 2738/2738
f 2739/2739 2719/2719 2718/2718
f 2740/2740 2741/2741 2742/2742
f 2743/2743 2744/2744 2745/2745
f 2746/2746 2747/2747 2748/2748
f 2749/2749 2750/2750 2751/2751
f 2752/2752 2753/2753 2754/2754
f 2755/2755 2756/2756 2757/2757
f 2719/2719 2739/2739 2758/2758
f 2759/2759 2725/2725 2724/2724
f 2760/2760 2761/2761 2762/2762
f 2763/2763 2764/2764 2765/2765
f 2766/2766 2767/2767 2768/2768
f 2769/2769 2770/2770 2771/2771
f 2766/2766 2768/2768 2772/2772
f 2773/2773 2774/2774 2775/2775
f 2764/2764 2763/2763 2776/2776
f 2777/2777 2773/2773 2775/2775
f 2778/2778 2779/2779 2780/2780
f 2781/2781 2782/2782 2783/2783
f 2784/2784 2785/2785 2786/2786
f 2787/2787 2788/2788 2789/2789
f 2790/2790 2791/2791 2792/2792
f 2793/2793 2794/2794 2795/2795
f 2796/2796 2797/2797 2798/2798
f 2799/2799 2800/2800 2801/2801
f 2802/2802 2803/2803 2804/2804
f 2805/2805 2802/2802 2804/2804
f 2806/2806 2807/2807 2799/2799
f 2799/2799 2801/2801 2806/2806
f 2797/2797 2796/2796 2808/2808
f 2809/2809 2810/2810 2811/2811
f 962/962 961/961 2812/2812
f 2813/2813 2814/2814 2815/2815
f 2816/2816 962/962 2812/2812
f 2817/2817 2818/2818 2819/2819
f 2820/2820 2768/2768 2767/2767
f 2807/2807 2806/2806 2821/2821
f 2822/2822 2819/2819 2818/2818
f 2823/2823 2824/2824 2825/2825
f 2821/2821 2806/2806 2801/2801
f 2826/2826 2827/2827 2828/2828
f 2829/2829 2830/2830 2831/2831
f 2832/2832 2833/2833 2834/2834
f 2835/2835 2836/2836 2837/2837
f 2838/2838 2779/2779 2778/2778
f 2839/2839 2779/2779 2838/2838
f 2840/2840 2841/2841 2842/2842
f 2840/2840 2842/2842 2843/2843
f 2844/2844 2845/2845 2846/2846
f 2847/2847 2844/2844 2846/2846
f 2782/2782 2848/2848 2849/2849
f 2849/2849 2783/2783 2782/2782
f 2850/2850 2851/2851 2852/2852
f 2851/2851 2850/2850 2853/2853
f 2854/2854 2843/2843 2842/2842
f 2855/2855 2854/2854 2842/2842
f 2856/2856 2857/2857 2858/2858
f 2859/2859 2860/2860 2861/2861
f 2862/2862 2789/2789 2788/2788
f 2763/2763 2863/2863 2864/2864
f 2864/2864 2776/2776 2763/2763
f 2789/2789 2862/2862 2865/2865
f 2866/2866 2713/2713 2710/2710
f 2710/2710 2867/2867 2866/2866
f 2868/2868 2869/2869 2870/2870
f 2871/2871 2872/2872 2873/2873
f 2874/2874 2875/2875 2876/2876
f 2877/2877 2878/2878 2879/2879
f 2880/2880 2881/2881 2882/2882
f 2883/2883 2884/2884 2885/2885
f 2886/2886 2887/2887 2888/2888
f 2889/2889 2890/2890 2891/2891
f 2892/2892 2893/2893 2894/2894
f 2895/2895 2896/2896 2897/2897
f 2898/2898 2899/2899 2900/2900
f 2901/2901 2902/2902 2903/2903
f 2881/2881 2880/2880 2904/2904
f 2905/2905 2906/2906 2907/2907
f 2881/2881 2904/2904 2908/2908
f 2909/2909 2910/2910 2911/2911
f 2531/2531 2524/2524 2912/2912
f 2913/2913 2914/2914 2915/2915
f 2532/2532 2916/2916 2528/2528
f 2552/2552 2917/2917 2553/2553
f 2918/2918 2919/2919 2920/2920
f 2921/2921 2922/2922 2923/2923
f 2924/2924 2922/2922 2921/2921
f 2925/2925 2741/2741 2740/2740
f 2926/2926 2927/2927 2928/2928
f 2929/2929 2930/2930 2931/2931
f 2931/2931 2932/2932 2929/2929
f 2933/2933 2923/2923 2922/2922
f 2922/2922 2924/2924 2933/2933
f 2744/2744 2934/2934 2745/2745
f 2314/2314 2712/2712 2935/2935
f 2935/2935 2497/2497 2314/2314
f 2936/2936 2937/2937 2938/2938
f 2939/2939 2940/2940 2941/2941
f 2942/2942 2943/2943 2944/2944
f 2945/2945 2946/2946 2947/2947
f 2948/2948 2949/2949 2950/2950
f 2930/2930 2929/2929 2951/2951
f 2952/2952 2953/2953 2954/2954
f 2919/2919 2918/2918 2955/2955
f 2956/2956 2957/2957 2958/2958
f 2959/2959 2528/2528 2916/2916
f 2960/2960 2745/2745 2934/2934
f 2961/2961 2929/2929 2932/2932
f 2962/2962 2734/2734 2733/2733
f 2756/2756 2755/2755 2963/2963
f 2964/2964 2962/2962 2733/2733
f 2929/2929 2961/2961 2965/2965
f 2965/2965 2951/2951 2929/2929
f 2736/2736 2735/2735 2966/2966
f 2750/2750 2749/2749 2967/2967
f 2968/2968 2969/2969 2970/2970
f 2750/2750 2967/2967 2971/2971
f 2970/2970 2972/2972 2968/2968
f 2962/2962 2973/2973 2734/2734
f 2974/2974 2975/2975 2976/2976
f 2712/2712 2713/2713 2977/2977
f 2712/2712 2977/2977 2935/2935
f 2959/2959 2567/2567 2528/2528
f 2978/2978 2979/2979 2980/2980
f 2981/2981 2982/2982 2983/2983
f 2984/2984 2985/2985 2986/2986
f 2987/2987 2988/2988 2989/2989
f 2567/2567 2959/2959 2990/2990
f 2567/2567 2990/2990 2991/2991
f 2943/2943 2942/2942 2992/2992
f 2993/2993 2990/2990 2959/2959
f 2994/2994 2995/2995 2996/2996
f 2997/2997 2998/2998 2999/2999
f 3000/3000 3001/3001 3002/3002
f 3003/3003 3004/3004 3005/3005
f 3006/3006 3007/3007 3008/3008
f 2951/2951 2965/2965 3009/3009
f 3009/3009 3010/3010 2951/2951
f 3011/3011 3012/3012 3013/3013
f 3014/3014 3009/3009 2965/2965
f 3015/3015 3016/3016 3017/3017
f 3018/3018 3019/3019 3020/3020
f 3021/3021 3022/3022 3023/3023
f 3024/3024 3025/3025 3026/3026
f 3027/3027 2992/2992 2942/2942
f 3028/3028 3029/3029 3030/3030
f 3031/3031 3032/3032 3033/3033
f 3034/3034 3013/3013 3012/3012
f 3035/3035 3036/3036 3037/3037
f 3038/3038 3039/3039 3040/3040
f 3040/3040 3041/3041 3038/3038
f 3042/3042 3033/3033 3032/3032
f 2844/2844 2847/2847 3043/3043
f 3044/3044 3045/3045 3046/3046
f 2725/2725 2759/2759 3047/3047
f 2854/2854 3048/3048 2843/2843
f 3049/3049 3050/3050 3051/3051
f 3052/3052 3053/3053 3054/3054
f 3055/3055 3056/3056 3057/3057
f 3058/3058 3059/3059 3060/3060
f 3061/3061 3062/3062 3063/3063
f 3063/3063 3064/3064 3061/3061
f 2854/2854 2855/2855 3065/3065
f 3065/3065 3066/3066 2854/2854
f 3067/3067 3068/3068 3069/3069
f 3050/3050 3049/3049 3070/3070
f 3071/3071 3072/3072 3073/3073
f 3074/3074 3075/3075 3076/3076
f 3077/3077 3078/3078 3079/3079
f 2962/2962 2964/2964 3080/3080
f 2962/2962 3080/3080 3081/3081
f 3082/3082 3080/3080 2964/2964
f 3052/3052 3083/3083 3053/3053
f 3080/3080 3082/3082 3084/3084
f 3085/3085 3081/3081 3080/3080
f 3084/3084 3085/3085 3080/3080
f 3086/3086 3087/3087 3088/3088
f 3089/3089 3090/3090 3091/3091
f 3089/3089 3091/3091 3092/3092
f 3063/3063 3093/3093 3064/3064
f 3094/3094 3095/3095 3096/3096
f 3097/3097 3098/3098 3099/3099
f 3100/3100 2977/2977 2713/2713
f 2713/2713 2866/2866 3100/3100
f 3101/3101 3070/3070 3049/3049
f 3102/3102 3103/3103 3104/3104
f 3104/3104 3105/3105 3102/3102
f 3106/3106 3107/3107 3108/3108
f 3109/3109 3106/3106 3108/3108
f 3108/3108 3110/3110 3109/3109
f 3111/3111 3112/3112 3113/3113
f 3112/3112 3111/3111 3114/3114
f 3115/3115 3116/3116 3117/3117
f 3117/3117 3118/3118 3115/3115
f 3119/3119 3120/3120 3121/3121
f 3120/3120 3119/3119 3122/3122
f 3123/3123 3124/3124 3125/3125
f 3066/3066 3065/3065 3126/3126
f 3072/3072 3071/3071 3127/3127
f 3128/3128 3126/3126 3065/3065
f 3129/3129 3130/3130 3131/3131
f 3132/3132 3129/3129 3131/3131
f 3124/3124 3133/3133 3125/3125
f 2977/2977 3100/3100 3134/3134
f 3135/3135 2935/2935 2977/2977
f 3134/3134 3135/3135 2977/2977
f 3095/3095 3136/3136 3096/3096
f 3137/3137 3096/3096 3136/3136
f 3138/3138 2827/2827 3139/3139
f 972/972 964/964 1092/1092
f 972/972 1092/1092 3140/3140
f 3138/3138 2828/2828 2827/2827
f 3141/3141 3142/3142 3143/3143
f 3143/3143 1346/1346 3141/3141
f 3144/3144 3140/3140 1092/1092
f 3145/3145 3146/3146 3147/3147
f 1092/1092 3148/3148 3144/3144
f 3147/3147 3149/3149 3145/3145
f 2828/2828 3138/3138 3150/3150
f 3151/3151 2831/2831 2830/2830
f 3152/3152 3151/3151 2830/2830
f 3153/3153 3154/3154 3155/3155
f 3156/3156 3157/3157 3142/3142
f 3142/3142 3141/3141 3156/3156
f 1103/1103 1102/1102 3158/3158
f 3159/3159 3158/3158 1102/1102
f 1119/1119 1118/1118 3160/3160
f 3161/3161 3154/3154 3162/3162
f 3149/3149 3147/3147 3163/3163
f 3164/3164 3155/3155 3154/3154
f 3154/3154 3161/3161 3164/3164
f 3165/3165 3166/3166 3167/3167
f 3168/3168 3169/3169 3170/3170
f 3171/3171 3172/3172 3173/3173
f 3174/3174 3175/3175 3176/3176
f 3177/3177 3178/3178 3179/3179
f 3180/3180 2825/2825 2824/2824
f 3181/3181 3182/3182 3183/3183
f 3184/3184 3185/3185 3186/3186
f 3187/3187 3188/3188 3189/3189
f 3187/3187 3189/3189 3190/3190
f 2825/2825 3180/3180 3191/3191
f 3185/3185 3184/3184 3192/3192
f 3193/3193 3189/3189 3188/3188
f 3184/3184 3194/3194 3192/3192
f 3151/3151 3152/3152 3195/3195
f 3175/3175 3174/3174 3196/3196
f 3197/3197 3190/3190 3189/3189
f 3189/3189 3198/3198 3197/3197
f 3193/3193 3198/3198 3189/3189
f 3199/3199 3200/3200 3190/3190
f 3190/3190 3197/3197 3199/3199
f 3152/3152 3201/3201 3195/3195
f 3178/3178 3177/3177 3202/3202
f 3203/3203 3204/3204 3205/3205
f 3200/3200 3199/3199 3206/3206
f 3157/3157 3156/3156 3207/3207
f 3207/3207 3208/3208 3157/3157
f 3158/3158 3159/3159 3209/3209
f 3209/3209 3210/3210 3158/3158
f 3211/3211 3160/3160 1118/1118
f 1125/1125 3212/3212 1126/1126
f 3213/3213 3214/3214 3215/3215
f 3216/3216 3211/3211 1118/1118
f 3217/3217 3141/3141 1346/1346
f 1346/1346 1345/1345 3217/3217
f 3147/3147 3218/3218 3163/3163
f 3219/3219 3220/3220 3221/3221
f 3222/3222 3223/3223 3224/3224
f 1124/1124 3225/3225 1128/1128
f 3210/3210 3209/3209 3226/3226
f 3227/3227 3163/3163 3218/3218
f 3228/3228 3229/3229 3230/3230
f 3194/3194 3231/3231 3192/3192
f 3232/3232 3233/3233 3234/3234
f 3235/3235 3236/3236 3237/3237
f 3238/3238 3239/3239 3240/3240
f 3241/3241 3238/3238 3240/3240
f 3238/3238 3242/3242 3239/3239
f 3243/3243 3244/3244 3245/3245
f 3246/3246 3247/3247 3248/3248
f 3248/3248 3249/3249 3246/3246
f 3141/3141 3217/3217 3250/3250
f 3141/3141 3250/3250 3156/3156
f 3241/3241 3251/3251 3238/3238
f 3252/3252 3253/3253 3254/3254
f 3255/3255 3217/3217 1345/1345
f 1345/1345 1423/1423 3255/3255
f 3256/3256 3250/3250 3217/3217
f 3217/3217 3255/3255 3256/3256
f 3257/3257 3156/3156 3250/3250
f 3250/3250 3256/3256 3258/3258
f 3250/3250 3258/3258 3257/3257
f 3259/3259 3260/3260 3241/3241
f 3261/3261 3241/3241 3260/3260
f 3260/3260 3262/3262 3261/3261
f 3251/3251 3241/3241 3261/3261
f 3257/3257 3207/3207 3156/3156
f 3208/3208 3207/3207 3263/3263
f 3208/3208 3263/3263 3264/3264
f 3265/3265 3263/3263 3207/3207
f 3207/3207 3257/3257 3265/3265
f 3266/3266 3264/3264 3263/3263
f 3263/3263 3265/3265 3267/3267
f 3263/3263 3267/3267 3266/3266
f 3268/3268 2991/2991 2990/2990
f 2990/2990 2993/2993 3269/3269
f 3269/3269 3268/3268 2990/2990
f 3270/3270 3271/3271 3272/3272
f 3273/3273 3274/3274 3275/3275
f 3010/3010 3009/3009 3276/3276
f 3277/3277 3278/3278 3279/3279
f 3009/3009 3014/3014 3280/3280
f 3009/3009 3280/3280 3276/3276
f 2497/2497 2935/2935 3281/3281
f 3281/3281 2632/2632 2497/2497
f 3282/3282 3283/3283 3284/3284
f 3285/3285 3286/3286 3287/3287
f 3288/3288 3030/3030 3289/3289
f 3283/3283 3290/3290 3284/3284
f 3289/3289 3030/3030 3029/3029
f 3277/3277 3291/3291 3278/3278
f 3292/3292 3293/3293 3294/3294
f 3295/3295 3293/3293 3292/3292
f 3135/3135 3281/3281 2935/2935
f 2632/2632 3281/3281 3296/3296
f 3296/3296 2660/2660 2632/2632
f 3281/3281 3135/3135 3297/3297
f 3281/3281 3297/3297 3296/3296
f 3298/3298 3297/3297 3135/3135
f 3135/3135 3134/3134 3298/3298
f 3299/3299 3300/3300 3301/3301
f 3302/3302 3303/3303 3304/3304
f 3304/3304 3305/3305 3302/3302
f 2663/2663 3300/3300 3306/3306
f 3306/3306 2662/2662 2663/2663
f 3299/3299 3306/3306 3300/3300
f 3264/3264 3266/3266 3305/3305
f 3307/3307 3255/3255 1423/1423
f 1423/1423 1944/1944 3307/3307
f 3308/3308 3256/3256 3255/3255
f 3255/3255 3307/3307 3308/3308
f 3309/3309 3258/3258 3256/3256
f 3256/3256 3308/3308 3309/3309
f 3310/3310 3257/3257 3258/3258
f 3311/3311 3310/3310 3258/3258
f 3258/3258 3309/3309 3311/3311
f 3310/3310 3265/3265 3257/3257
f 3265/3265 3310/3310 3312/3312
f 3312/3312 3267/3267 3265/3265
f 3310/3310 3311/3311 3313/3313
f 3310/3310 3313/3313 3312/3312
f 3267/3267 3312/3312 3314/3314
f 3267/3267 3314/3314 3315/3315
f 3315/3315 3266/3266 3267/3267
f 1955/1955 3316/3316 1956/1956
f 3317/3317 3308/3308 3307/3307
f 3317/3317 3309/3309 3308/3308
f 3317/3317 3311/3311 3309/3309
f 3311/3311 3317/3317 3313/3313
f 3318/3318 3313/3313 3317/3317
f 3319/3319 3318/3318 3317/3317
f 3320/3320 3319/3319 3317/3317
f 3321/3321 3320/3320 3317/3317
f 1955/1955 1957/1957 3322/3322
f 1955/1955 3322/3322 3323/3323
f 1955/1955 3323/3323 3324/3324
f 1955/1955 3324/3324 3325/3325
f 1955/1955 3325/3325 3326/3326
f 1955/1955 3326/3326 3327/3327
f 1955/1955 3327/3327 3328/3328
f 3317/3317 3329/3329 3321/3321
f 3330/3330 3329/3329 3317/3317
f 3317/3317 3331/3331 3330/3330
f 3332/3332 3331/3331 3317/3317
f 1955/1955 3328/3328 3333/3333
f 1955/1955 3333/3333 3334/3334
f 3334/3334 3335/3335 1955/1955
f 3313/3313 3318/3318 3312/3312
f 3318/3318 3319/3319 3314/3314
f 3314/3314 3312/3312 3318/3318
f 3319/3319 3320/3320 3336/3336
f 3336/3336 3314/3314 3319/3319
f 3337/3337 3336/3336 3320/3320
f 3321/3321 3337/3337 3320/3320
f 3314/3314 3336/3336 3315/3315
f 3336/3336 3337/3337 3338/3338
f 3338/3338 3315/3315 3336/3336
f 3339/3339 3338/3338 3337/3337
f 3340/3340 3339/3339 3337/3337
f 3337/3337 3321/3321 3340/3340
f 2662/2662 3306/3306 3341/3341
f 3341/3341 2703/2703 2662/2662
f 3306/3306 3299/3299 3342/3342
f 3342/3342 3341/3341 3306/3306
f 3343/3343 3342/3342 3299/3299
f 3299/3299 3344/3344 3343/3343
f 2703/2703 3341/3341 3345/3345
f 3345/3345 2705/2705 2703/2703
f 3346/3346 3345/3345 3341/3341
f 3341/3341 3342/3342 3346/3346
f 2705/2705 3345/3345 3347/3347
f 3347/3347 2706/2706 2705/2705
f 3345/3345 3346/3346 3348/3348
f 3348/3348 3347/3347 3345/3345
f 3349/3349 3346/3346 3342/3342
f 3342/3342 3343/3343 3349/3349
f 3350/3350 3351/3351 3352/3352
f 3352/3352 3353/3353 3350/3350
f 3354/3354 3305/3305 3266/3266
f 3315/3315 3354/3354 3266/3266
f 3305/3305 3354/3354 3302/3302
f 3355/3355 3302/3302 3354/3354
f 3338/3338 3355/3355 3354/3354
f 3354/3354 3315/3315 3338/3338
f 3302/3302 3355/3355 3356/3356
f 3339/3339 3357/3357 3355/3355
f 3355/3355 3357/3357 3356/3356
f 3355/3355 3338/3338 3339/3339
f 3358/3358 3359/3359 3360/3360
f 3361/3361 3356/3356 3357/3357
f 3362/3362 3351/3351 3363/3363
f 3364/3364 3365/3365 3366/3366
f 3339/3339 3340/3340 3367/3367
f 3351/3351 3362/3362 3352/3352
f 517/517 3368/3368 518/518
f 3369/3369 3368/3368 517/517
f 496/496 495/495 3370/3370
f 3371/3371 3372/3372 3373/3373
f 3374/3374 3375/3375 3376/3376
f 3377/3377 3378/3378 3379/3379
f 3376/3376 3380/3380 3374/3374
f 3373/3373 3381/3381 3382/3382
f 3382/3382 3371/3371 3373/3373
f 3383/3383 3384/3384 3385/3385
f 3385/3385 3384/3384 3386/3386
f 3387/3387 3388/3388 3389/3389
f 3390/3390 3379/3379 3378/3378
f 3391/3391 3390/3390 3378/3378
f 3376/3376 3392/3392 3380/3380
f 3393/3393 3382/3382 3381/3381
f 3394/3394 3395/3395 3396/3396
f 3379/3379 3390/3390 3397/3397
f 3398/3398 3399/3399 3400/3400
f 3396/3396 3401/3401 3394/3394
f 3402/3402 3389/3389 3388/3388
f 3403/3403 3404/3404 3405/3405
f 3406/3406 3407/3407 3408/3408
f 3404/3404 3409/3409 3405/3405
f 3407/3407 3410/3410 3408/3408
f 3411/3411 3412/3412 3413/3413
f 3414/3414 3415/3415 3416/3416
f 3417/3417 3418/3418 3419/3419
f 3420/3420 3421/3421 3422/3422
f 3422/3422 3421/3421 3423/3423
f 3424/3424 3425/3425 3426/3426
f 3427/3427 3425/3425 3424/3424
f 3428/3428 3429/3429 3430/3430
f 3431/3431 3432/3432 3433/3433
f 3434/3434 3435/3435 3436/3436
f 3437/3437 3438/3438 3439/3439
f 3440/3440 3438/3438 3437/3437
f 3425/3425 3441/3441 3442/3442
f 3443/3443 3441/3441 3425/3425
f 3444/3444 3445/3445 3446/3446
f 3425/3425 3427/3427 3443/3443
f 3447/3447 3448/3448 3449/3449
f 3450/3450 3451/3451 3452/3452
f 3441/3441 3453/3453 3454/3454
f 3454/3454 3442/3442 3441/3441
f 3441/3441 3443/3443 3455/3455
f 3456/3456 3457/3457 3458/3458
f 3450/3450 3459/3459 3451/3451
f 3460/3460 3461/3461 3462/3462
f 3463/3463 3464/3464 3465/3465
f 3466/3466 3467/3467 3468/3468
f 3469/3469 3470/3470 3471/3471
f 3472/3472 3473/3473 3474/3474
f 3445/3445 3444/3444 3475/3475
f 3476/3476 3475/3475 3444/3444
f 3477/3477 3478/3478 3479/3479
f 3479/3479 3480/3480 3477/3477
f 3481/3481 3482/3482 3483/3483
f 3484/3484 3419/3419 3418/3418
f 3478/3478 3477/3477 3485/3485
f 535/535 532/532 3486/3486
f 3486/3486 3487/3487 535/535
f 535/535 3487/3487 3488/3488
f 3484/3484 3489/3489 3419/3419
f 3490/3490 3491/3491 3492/3492
f 3477/3477 3493/3493 3485/3485
f 3494/3494 3495/3495 3496/3496
f 3497/3497 3498/3498 3499/3499
f 3500/3500 3501/3501 3502/3502
f 3503/3503 3504/3504 3505/3505
f 3506/3506 3507/3507 3508/3508
f 3508/3508 3509/3509 3506/3506
f 3510/3510 3511/3511 3512/3512
f 3513/3513 671/671 3514/3514
f 495/495 671/671 3513/3513
f 3513/3513 3514/3514 3515/3515
f 3516/3516 3517/3517 3518/3518
f 3370/3370 495/495 3513/3513
f 3519/3519 3520/3520 3521/3521
f 3522/3522 3523/3523 3524/3524
f 3525/3525 3526/3526 3527/3527
f 495/495 498/498 671/671
f 642/642 3528/3528 643/643
f 3529/3529 3530/3530 3531/3531
f 3532/3532 3533/3533 3534/3534
f 3535/3535 3536/3536 3537/3537
f 3510/3510 3538/3538 3511/3511
f 3538/3538 3510/3510 3539/3539
f 3540/3540 672/672 628/628
f 628/628 630/630 3540/3540
f 3541/3541 3542/3542 3543/3543
f 3541/3541 3544/3544 3542/3542
f 672/672 3545/3545 532/532
f 3546/3546 3545/3545 672/672
f 672/672 3540/3540 3546/3546
f 3547/3547 3548/3548 3443/3443
f 3549/3549 3550/3550 3551/3551
f 3443/3443 3427/3427 3547/3547
f 3552/3552 3439/3439 3553/3553
f 3551/3551 3554/3554 3549/3549
f 3455/3455 3443/3443 3548/3548
f 3550/3550 3549/3549 3555/3555
f 3550/3550 3555/3555 3556/3556
f 3557/3557 3558/3558 3559/3559
f 3517/3517 3560/3560 3518/3518
f 3486/3486 532/532 3545/3545
f 3561/3561 3486/3486 3545/3545
f 3545/3545 3546/3546 3562/3562
f 3545/3545 3562/3562 3561/3561
f 3553/3553 3439/3439 3438/3438
f 3438/3438 3440/3440 3553/3553
f 3563/3563 3564/3564 3565/3565
f 3566/3566 3567/3567 3568/3568
f 3569/3569 3468/3468 3467/3467
f 3570/3570 3571/3571 3572/3572
f 3572/3572 3571/3571 3573/3573
f 3574/3574 3575/3575 3576/3576
f 3577/3577 3575/3575 3574/3574
f 3576/3576 3578/3578 3574/3574
f 3579/3579 3504/3504 3503/3503
f 3473/3473 3472/3472 3577/3577
f 3575/3575 3580/3580 3576/3576
f 3577/3577 3580/3580 3575/3575
f 3581/3581 3582/3582 3583/3583
f 3584/3584 3585/3585 3586/3586
f 3587/3587 3588/3588 3589/3589
f 3583/3583 3590/3590 3581/3581
f 3580/3580 3577/3577 3591/3591
f 3589/3589 3592/3592 3587/3587
f 3507/3507 3593/3593 3508/3508
f 3582/3582 3581/3581 3594/3594
f 3595/3595 3596/3596 3597/3597
f 3598/3598 3595/3595 3597/3597
f 3487/3487 3486/3486 3599/3599
f 3599/3599 3600/3600 3487/3487
f 3487/3487 3600/3600 3601/3601
f 3601/3601 3488/3488 3487/3487
f 3602/3602 3603/3603 3604/3604
f 3605/3605 3606/3606 3607/3607
f 3602/3602 3604/3604 3608/3608
f 3609/3609 3610/3610 3611/3611
f 3612/3612 3613/3613 3614/3614
f 3615/3615 3616/3616 3617/3617
f 3618/3618 3619/3619 3620/3620
f 3621/3621 3604/3604 3603/3603
f 3603/3603 3622/3622 3621/3621
f 3623/3623 3624/3624 3625/3625
f 3623/3623 3625/3625 3626/3626
f 3627/3627 3617/3617 3616/3616
f 3628/3628 3627/3627 3616/3616
f 3627/3627 3629/3629 3617/3617
f 3604/3604 3630/3630 3608/3608
f 3621/3621 3630/3630 3604/3604
f 3630/3630 3631/3631 3632/3632
f 3633/3633 3631/3631 3630/3630
f 3632/3632 3608/3608 3630/3630
f 3630/3630 3621/3621 3633/3633
f 3634/3634 3635/3635 3636/3636
f 3637/3637 3632/3632 3631/3631
f 3638/3638 3639/3639 3640/3640
f 3631/3631 3641/3641 3637/3637
f 3610/3610 3642/3642 3643/3643
f 3644/3644 3611/3611 3610/3610
f 3643/3643 3644/3644 3610/3610
f 3645/3645 3646/3646 3647/3647
f 3648/3648 3577/3577 3472/3472
f 3569/3569 3649/3649 3468/3468
f 3648/3648 3591/3591 3577/3577
f 3561/3561 3599/3599 3486/3486
f 3650/3650 3587/3587 3651/3651
f 3652/3652 3653/3653 3654/3654
f 3655/3655 3587/3587 3592/3592
f 3591/3591 3648/3648 3656/3656
f 3587/3587 3655/3655 3651/3651
f 3653/3653 3652/3652 3657/3657
f 3658/3658 3659/3659 3660/3660
f 3649/3649 3569/3569 3661/3661
f 3662/3662 3651/3651 3655/3655
f 3663/3663 3664/3664 3665/3665
f 3666/3666 3667/3667 3668/3668
f 3669/3669 3666/3666 3668/3668
f 3670/3670 3669/3669 3668/3668
f 3671/3671 3633/3633 3621/3621
f 3672/3672 3673/3673 3674/3674
f 3633/3633 3671/3671 3675/3675
f 3676/3676 3677/3677 3678/3678
f 3679/3679 3637/3637 3641/3641
f 3680/3680 3681/3681 3682/3682
f 3683/3683 3684/3684 3685/3685
f 3686/3686 3687/3687 3688/3688
f 3689/3689 3690/3690 3691/3691
f 3692/3692 3693/3693 3694/3694
f 3694/3694 3693/3693 3695/3695
f 3696/3696 3697/3697 3698/3698
f 3699/3699 3700/3700 3701/3701
f 3702/3702 3703/3703 3704/3704
f 3705/3705 3706/3706 3707/3707
f 3692/3692 3708/3708 3693/3693
f 3693/3693 3708/3708 3709/3709
f 3709/3709 3695/3695 3693/3693
f 3708/3708 3692/3692 3710/3710
f 3711/3711 3709/3709 3708/3708
f 3710/3710 3712/3712 3708/3708
f 3713/3713 3714/3714 3715/3715
f 3716/3716 3717/3717 3718/3718
f 3719/3719 3720/3720 3721/3721
f 3721/3721 3722/3722 3719/3719
f 3721/3721 3723/3723 3722/3722
f 3692/3692 3724/3724 3725/3725
f 3692/3692 3725/3725 3726/3726
f 3692/3692 3726/3726 3710/3710
f 3727/3727 3728/3728 3729/3729
f 3600/3600 3599/3599 3730/3730
f 3731/3731 3601/3601 3600/3600
f 3600/3600 3732/3732 3731/3731
f 3730/3730 3732/3732 3600/3600
f 3599/3599 3561/3561 3733/3733
f 3599/3599 3733/3733 3730/3730
f 3734/3734 3735/3735 3736/3736
f 3737/3737 3738/3738 3739/3739
f 3740/3740 3739/3739 3738/3738
f 3728/3728 3741/3741 3742/3742
f 3741/3741 3728/3728 3727/3727
f 3727/3727 3743/3743 3741/3741
f 3744/3744 687/687 679/679
f 3745/3745 3596/3596 3595/3595
f 3746/3746 3747/3747 3748/3748
f 687/687 3744/3744 3749/3749
f 687/687 3749/3749 1432/1432
f 3595/3595 3598/3598 3750/3750
f 3629/3629 3627/3627 3751/3751
f 3628/3628 3751/3751 3627/3627
f 3644/3644 3752/3752 3611/3611
f 3753/3753 3749/3749 3744/3744
f 3754/3754 3755/3755 3756/3756
f 3752/3752 3644/3644 3757/3757
f 3755/3755 3754/3754 3758/3758
f 3644/3644 3643/3643 3757/3757
f 3699/3699 3759/3759 3700/3700
f 3760/3760 3761/3761 3762/3762
f 3763/3763 3762/3762 3761/3761
f 3764/3764 3765/3765 3766/3766
f 3766/3766 3715/3715 3764/3764
f 3762/3762 3763/3763 3767/3767
f 3706/3706 3768/3768 3707/3707
f 3769/3769 3770/3770 3771/3771
f 3772/3772 3769/3769 3771/3771
f 3773/3773 3774/3774 3775/3775
f 3775/3775 3776/3776 3773/3773
f 3777/3777 3778/3778 3779/3779
f 3749/3749 3753/3753 3780/3780
f 3749/3749 3780/3780 3781/3781
f 3781/3781 1432/1432 3749/3749
f 3778/3778 3777/3777 3782/3782
f 3783/3783 3540/3540 630/630
f 630/630 874/874 3783/3783
f 3784/3784 3546/3546 3540/3540
f 3540/3540 3783/3783 3784/3784
f 3785/3785 3562/3562 3546/3546
f 3546/3546 3784/3784 3785/3785
f 3562/3562 3785/3785 3786/3786
f 3562/3562 3786/3786 3787/3787
f 3787/3787 3561/3561 3562/3562
f 875/875 3783/3783 874/874
f 875/875 3784/3784 3783/3783
f 875/875 3785/3785 3784/3784
f 875/875 3786/3786 3785/3785
f 3786/3786 3788/3788 3787/3787
f 875/875 3788/3788 3786/3786
f 3788/3788 3789/3789 3790/3790
f 875/875 3789/3789 3788/3788
f 3790/3790 3787/3787 3788/3788
f 3789/3789 3791/3791 3792/3792
f 875/875 3791/3791 3789/3789
f 3792/3792 3790/3790 3789/3789
f 3793/3793 3792/3792 3791/3791
f 3794/3794 3793/3793 3791/3791
f 3791/3791 875/875 3794/3794
f 3561/3561 3787/3787 3733/3733
f 3790/3790 3733/3733 3787/3787
f 3790/3790 3795/3795 3733/3733
f 3733/3733 3795/3795 3730/3730
f 3795/3795 3790/3790 3792/3792
f 3795/3795 3792/3792 3796/3796
f 3797/3797 3730/3730 3795/3795
f 3796/3796 3797/3797 3795/3795
f 3792/3792 3793/3793 3796/3796
f 3798/3798 3796/3796 3793/3793
f 3799/3799 3798/3798 3793/3793
f 3793/3793 3794/3794 3799/3799
f 3800/3800 3801/3801 3714/3714
f 3714/3714 3801/3801 3715/3715
f 3802/3802 3743/3743 3727/3727
f 3803/3803 3804/3804 3805/3805
f 3805/3805 3806/3806 3803/3803
f 3807/3807 3808/3808 3809/3809
f 3807/3807 3809/3809 3810/3810
f 3764/3764 3715/3715 3801/3801
f 3782/3782 3777/3777 3811/3811
f 3812/3812 3813/3813 3814/3814
f 3815/3815 3816/3816 3817/3817
f 3818/3818 3809/3809 3808/3808
f 3808/3808 3819/3819 3818/3818
f 3820/3820 3819/3819 3808/3808
f 3821/3821 3822/3822 3823/3823
f 3809/3809 3818/3818 3824/3824
f 3824/3824 3810/3810 3809/3809
f 3825/3825 3818/3818 3819/3819
f 3826/3826 3827/3827 3828/3828
f 3819/3819 3820/3820 3829/3829
f 3830/3830 3826/3826 3828/3828
f 3831/3831 3832/3832 3833/3833
f 3834/3834 3835/3835 3836/3836
f 3837/3837 3838/3838 3839/3839
f 3840/3840 3841/3841 3842/3842
f 3843/3843 3833/3833 3832/3832
f 3844/3844 3843/3843 3832/3832
f 3845/3845 3846/3846 3847/3847
f 3848/3848 3849/3849 3850/3850
f 3851/3851 3852/3852 3853/3853
f 3854/3854 3855/3855 3856/3856
f 3834/3834 3857/3857 3835/3835
f 3838/3838 3858/3858 3839/3839
f 3859/3859 3860/3860 3861/3861
f 3857/3857 3834/3834 3862/3862
f 3863/3863 3731/3731 3732/3732
f 3864/3864 3865/3865 3866/3866
f 3732/3732 3730/3730 3797/3797
f 3732/3732 3797/3797 3867/3867
f 3868/3868 3869/3869 3870/3870
f 3871/3871 3872/3872 3873/3873
f 3874/3874 3875/3875 3876/3876
f 3877/3877 3870/3870 3869/3869
f 3878/3878 3879/3879 3880/3880
f 3881/3881 3882/3882 3883/3883
f 3884/3884 3885/3885 3886/3886
f 3887/3887 3888/3888 3889/3889
f 3890/3890 3891/3891 3892/3892
f 3893/3893 3890/3890 3892/3892
f 3884/3884 3886/3886 3894/3894
f 3895/3895 3896/3896 3897/3897
f 3898/3898 3896/3896 3895/3895
f 3899/3899 3900/3900 3901/3901
f 3902/3902 3903/3903 3895/3895
f 3904/3904 3905/3905 3906/3906
f 3907/3907 3902/3902 3895/3895
f 3897/3897 3907/3907 3895/3895
f 3906/3906 3908/3908 3904/3904
f 3896/3896 3909/3909 3910/3910
f 3911/3911 3909/3909 3896/3896
f 3910/3910 3897/3897 3896/3896
f 3896/3896 3898/3898 3911/3911
f 3912/3912 3913/3913 3914/3914
f 3915/3915 3916/3916 3917/3917
f 3917/3917 3918/3918 3915/3915
f 3865/3865 3919/3919 3920/3920
f 3919/3919 3865/3865 3921/3921
f 3919/3919 3921/3921 3922/3922
f 3923/3923 3781/3781 3780/3780
f 3924/3924 3925/3925 3926/3926
f 3927/3927 3924/3924 3926/3926
f 3928/3928 3929/3929 3930/3930
f 3931/3931 3932/3932 3933/3933
f 3833/3833 3843/3843 3934/3934
f 3935/3935 3936/3936 3833/3833
f 3934/3934 3935/3935 3833/3833
f 3843/3843 3844/3844 3934/3934
f 3937/3937 3938/3938 3939/3939
f 3940/3940 3941/3941 3942/3942
f 3943/3943 3944/3944 3945/3945
f 3945/3945 3946/3946 3947/3947
f 3945/3945 3947/3947 3943/3943
f 3948/3948 3949/3949 3950/3950
f 3951/3951 3952/3952 3953/3953
f 3929/3929 3954/3954 3930/3930
f 3955/3955 3953/3953 3952/3952
f 3956/3956 3941/3941 3957/3957
f 3956/3956 3942/3942 3941/3941
f 3958/3958 3959/3959 3960/3960
f 3961/3961 3962/3962 3963/3963
f 3964/3964 3891/3891 3965/3965
f 3966/3966 3967/3967 3968/3968
f 3890/3890 3965/3965 3891/3891
f 3969/3969 3970/3970 3971/3971
f 3890/3890 3972/3972 3965/3965
f 3973/3973 3921/3921 3865/3865
f 3864/3864 3973/3973 3865/3865
f 3974/3974 3975/3975 3976/3976
f 3977/3977 3975/3975 3974/3974
f 3978/3978 3979/3979 3974/3974
f 3976/3976 3978/3978 3974/3974
f 3980/3980 3981/3981 3982/3982
f 3975/3975 3977/3977 3983/3983
f 3984/3984 3985/3985 3986/3986
f 3987/3987 3988/3988 3989/3989
f 3990/3990 3991/3991 3992/3992
f 3959/3959 3993/3993 3960/3960
f 3991/3991 3990/3990 3994/3994
f 3995/3995 3996/3996 3997/3997
f 3981/3981 3980/3980 3998/3998
f 3999/3999 4000/4000 4001/4001
f 4002/4002 4003/4003 4004/4004
f 4005/4005 4006/4006 4007/4007
f 4008/4008 4009/4009 4010/4010
f 4007/4007 4011/4011 4005/4005
f 3913/3913 4007/4007 4006/4006
f 4009/4009 4008/4008 4012/4012
f 4013/4013 4014/4014 4015/4015
f 4015/4015 4016/4016 4013/4013
f 4017/4017 4018/4018 4019/4019
f 4020/4020 4017/4017 4019/4019
f 3921/3921 3973/3973 4021/4021
f 3921/3921 4021/4021 4022/4022
f 4022/4022 3922/3922 3921/3921
f 4011/4011 4007/4007 4023/4023
f 4023/4023 4024/4024 4011/4011
f 3913/3913 4025/4025 4007/4007
f 4007/4007 4025/4025 4023/4023
f 4025/4025 3913/3913 3912/3912
f 4026/4026 4027/4027 4028/4028
f 4028/4028 4029/4029 4026/4026
f 4030/4030 4031/4031 4032/4032
f 4033/4033 4034/4034 4035/4035
f 4036/4036 4037/4037 4038/4038
f 4039/4039 4040/4040 4041/4041
f 4042/4042 4043/4043 4044/4044
f 4045/4045 4046/4046 4047/4047
f 4044/4044 4048/4048 4042/4042
f 4049/4049 4021/4021 3973/3973
f 3973/3973 3864/3864 4050/4050
f 3973/3973 4050/4050 4049/4049
f 4016/4016 4015/4015 4051/4051
f 4029/4029 4028/4028 4052/4052
f 4021/4021 4049/4049 4053/4053
f 4021/4021 4053/4053 4054/4054
f 4054/4054 4022/4022 4021/4021
f 4055/4055 3867/3867 3797/3797
f 3796/3796 4055/4055 3797/3797
f 4056/4056 4057/4057 4058/4058
f 4059/4059 4060/4060 4061/4061
f 4062/4062 4063/4063 4064/4064
f 4065/4065 4066/4066 4067/4067
f 4068/4068 4069/4069 4070/4070
f 4071/4071 4072/4072 4073/4073
f 3867/3867 4055/4055 4074/4074
f 4075/4075 4067/4067 4066/4066
f 4076/4076 4077/4077 4078/4078
f 4066/4066 4079/4079 4075/4075
f 4080/4080 4034/4034 4081/4081
f 4082/4082 4073/4073 4072/4072
f 4083/4083 4084/4084 4085/4085
f 4086/4086 4078/4078 4077/4077
f 4087/4087 4086/4086 4077/4077
f 4055/4055 3796/3796 3798/3798
f 4055/4055 3798/3798 4088/4088
f 4055/4055 4088/4088 4074/4074
f 4089/4089 4090/4090 4091/4091
f 4092/4092 4093/4093 4094/4094
f 4095/4095 4096/4096 4097/4097
f 4098/4098 4099/4099 4100/4100
f 4101/4101 4094/4094 4093/4093
f 4098/4098 4100/4100 4102/4102
f 4103/4103 4104/4104 4105/4105
f 4106/4106 4107/4107 4108/4108
f 4109/4109 4100/4100 4099/4099
f 4110/4110 4111/4111 4112/4112
f 4113/4113 4108/4108 4107/4107
f 4114/4114 4115/4115 4116/4116
f 4117/4117 4118/4118 4119/4119
f 4120/4120 4121/4121 4122/4122
f 4115/4115 4114/4114 4123/4123
f 4124/4124 4088/4088 3798/3798
f 3798/3798 3799/3799 4124/4124
f 4125/4125 4074/4074 4088/4088
f 4126/4126 4127/4127 4128/4128
f 4088/4088 4124/4124 4129/4129
f 4130/4130 4119/4119 4118/4118
f 4131/4131 4130/4130 4118/4118
f 4132/4132 4133/4133 4134/4134
f 4135/4135 4136/4136 4137/4137
f 4138/4138 4139/4139 4140/4140
f 4141/4141 4142/4142 4143/4143
f 4144/4144 4145/4145 4146/4146
f 4147/4147 4148/4148 4149/4149
f 4150/4150 4151/4151 4152/4152
f 4153/4153 4154/4154 4155/4155
f 4156/4156 4157/4157 4158/4158
f 4159/4159 4160/4160 4161/4161
f 4162/4162 4163/4163 4164/4164
f 4162/4162 4164/4164 4165/4165
f 4078/4078 4086/4086 4166/4166
f 4167/4167 4075/4075 4079/4079
f 4166/4166 4168/4168 4078/4078
f 4086/4086 4087/4087 4166/4166
f 4169/4169 4170/4170 4171/4171
f 4172/4172 4166/4166 4087/4087
f 4173/4173 4174/4174 4175/4175
f 4100/4100 4109/4109 4176/4176
f 4176/4176 4102/4102 4100/4100
f 4177/4177 4178/4178 4179/4179
f 4180/4180 4181/4181 4182/4182
f 4183/4183 4180/4180 4182/4182
f 4050/4050 4184/4184 4049/4049
f 4181/4181 4180/4180 4185/4185
f 4186/4186 4187/4187 4181/4181
f 4185/4185 4186/4186 4181/4181
f 4180/4180 4183/4183 4188/4188
f 4180/4180 4188/4188 4189/4189
f 4189/4189 4185/4185 4180/4180
f 4130/4130 4190/4190 4119/4119
f 4191/4191 4192/4192 4193/4193
f 4194/4194 4195/4195 4196/4196
f 4193/4193 4197/4197 4191/4191
f 4139/4139 4138/4138 4198/4198
f 4192/4192 4199/4199 4193/4193
f 4200/4200 4201/4201 4202/4202
f 4194/4194 4203/4203 4195/4195
f 4203/4203 4194/4194 4204/4204
f 4203/4203 4204/4204 4205/4205
f 4190/4190 4130/4130 4206/4206
f 4130/4130 4131/4131 4207/4207
f 4130/4130 4207/4207 4208/4208
f 4209/4209 4210/4210 4211/4211
f 4212/4212 4213/4213 4214/4214
f 4215/4215 4212/4212 4214/4214
f 4197/4197 4193/4193 4216/4216
f 4216/4216 4217/4217 4197/4197
f 4212/4212 4218/4218 4213/4213
f 4219/4219 4049/4049 4184/4184
f 4220/4220 4221/4221 4127/4127
f 4127/4127 4126/4126 4220/4220
f 4222/4222 4223/4223 4224/4224
f 4225/4225 4146/4146 4145/4145
f 4224/4224 4226/4226 4222/4222
f 4227/4227 4228/4228 4229/4229
f 4230/4230 4231/4231 4146/4146
f 4146/4146 4225/4225 4230/4230
f 4231/4231 4230/4230 4232/4232
f 4226/4226 4224/4224 4233/4233
f 4233/4233 4234/4234 4226/4226
f 4235/4235 4236/4236 4237/4237
f 4238/4238 4239/4239 4240/4240
f 4241/4241 4238/4238 4240/4240
f 4242/4242 4239/4239 4243/4243
f 4244/4244 4237/4237 4236/4236
f 4245/4245 4246/4246 4247/4247
f 4248/4248 4245/4245 4247/4247
f 4239/4239 4238/4238 4243/4243
f 4249/4249 4250/4250 4251/4251
f 4252/4252 4243/4243 4238/4238
f 4238/4238 4241/4241 4253/4253
f 4238/4238 4253/4253 4252/4252
f 4033/4033 4081/4081 4034/4034
f 4037/4037 4254/4254 4255/4255
f 4255/4255 4038/4038 4037/4037
f 4256/4256 4257/4257 4258/4258
f 4171/4171 4170/4170 4259/4259
f 4112/4112 4260/4260 4261/4261
f 4262/4262 4263/4263 4264/4264
f 4176/4176 4265/4265 4102/4102
f 4266/4266 4267/4267 4268/4268
f 4111/4111 4260/4260 4112/4112
f 4254/4254 4269/4269 4255/4255
f 4174/4174 4173/4173 4270/4270
f 4270/4270 4271/4271 4174/4174
f 4038/4038 4255/4255 4272/4272
f 4273/4273 4274/4274 4275/4275
f 4173/4173 4276/4276 4270/4270
f 4277/4277 4278/4278 4279/4279
f 4280/4280 4281/4281 4282/4282
f 4283/4283 4270/4270 4276/4276
f 4284/4284 4285/4285 4286/4286
f 4287/4287 4284/4284 4286/4286
f 4277/4277 4279/4279 4288/4288
f 4289/4289 4290/4290 4291/4291
f 4046/4046 4045/4045 4292/4292
f 4293/4293 4282/4282 4281/4281
f 4255/4255 4294/4294 4272/4272
f 4295/4295 4272/4272 4294/4294
f 4296/4296 4297/4297 4298/4298
f 4296/4296 4298/4298 4299/4299
f 4178/4178 4177/4177 4300/4300
f 4301/4301 4291/4291 4290/4290
f 4219/4219 4053/4053 4049/4049
f 4302/4302 4303/4303 4304/4304
f 4305/4305 4306/4306 4307/4307
f 4308/4308 4309/4309 4310/4310
f 4302/4302 4304/4304 4311/4311
f 4312/4312 4300/4300 4177/4177
f 4313/4313 4312/4312 4177/4177
f 4303/4303 4314/4314 4315/4315
f 4315/4315 4304/4304 4303/4303
f 4316/4316 4317/4317 4318/4318
f 4316/4316 4318/4318 4319/4319
f 4316/4316 4319/4319 4320/4320
f 4308/4308 4321/4321 4309/4309
f 4322/4322 4323/4323 4291/4291
f 4324/4324 4322/4322 4291/4291
f 4291/4291 4301/4301 4324/4324
f 4325/4325 4326/4326 4327/4327
f 4328/4328 4329/4329 4330/4330
f 4304/4304 4315/4315 4311/4311
f 4331/4331 4311/4311 4315/4315
f 4325/4325 4332/4332 4326/4326
f 4333/4333 4334/4334 4335/4335
f 4333/4333 4335/4335 4336/4336
f 4337/4337 4338/4338 4339/4339
f 4335/4335 4340/4340 4336/4336
f 4053/4053 4219/4219 4341/4341
f 4053/4053 4341/4341 4342/4342
f 4342/4342 4054/4054 4053/4053
f 4343/4343 4344/4344 4345/4345
f 4346/4346 4347/4347 4348/4348
f 4349/4349 4350/4350 4351/4351
f 4350/4350 4352/4352 4351/4351
f 4353/4353 4351/4351 4352/4352
f 4354/4354 4355/4355 4356/4356
f 4357/4357 4358/4358 4359/4359
f 4357/4357 4359/4359 4360/4360
f 4361/4361 4362/4362 4363/4363
f 4364/4364 4365/4365 4366/4366
f 4367/4367 4364/4364 4366/4366
f 4358/4358 4368/4368 4369/4369
f 4369/4369 4359/4359 4358/4358
f 4218/4218 4212/4212 4370/4370
f 4370/4370 4371/4371 4218/4218
f 4372/4372 4373/4373 4374/4374
f 4375/4375 4376/4376 4377/4377
f 4359/4359 4369/4369 4360/4360
f 4378/4378 4341/4341 4219/4219
f 4221/4221 4220/4220 4379/4379
f 4380/4380 4360/4360 4369/4369
f 4381/4381 4380/4380 4369/4369
f 4371/4371 4370/4370 4382/4382
f 4383/4383 4384/4384 4385/4385
f 4384/4384 4383/4383 4386/4386
f 4384/4384 4386/4386 4387/4387
f 4388/4388 4389/4389 4390/4390
f 4246/4246 4245/4245 4391/4391
f 4392/4392 4393/4393 4394/4394
f 4395/4395 4377/4377 4376/4376
f 4376/4376 4396/4396 4397/4397
f 4376/4376 4397/4397 4395/4395
f 4245/4245 4248/4248 4398/4398
f 4399/4399 4400/4400 4401/4401
f 4243/4243 4252/4252 4402/4402
f 4243/4243 4402/4402 4403/4403
f 4392/4392 4404/4404 4393/4393
f 4405/4405 4406/4406 4407/4407
f 4405/4405 4407/4407 4408/4408
f 4409/4409 4342/4342 4341/4341
f 4410/4410 4409/4409 4341/4341
f 4341/4341 4378/4378 4410/4410
f 3781/3781 1434/1434 1432/1432
f 4411/4411 1437/1437 1434/1434
f 3781/3781 4411/4411 1434/1434
f 1437/1437 4411/4411 4412/4412
f 1437/1437 4412/4412 1696/1696
f 4413/4413 4414/4414 4415/4415
f 4416/4416 4417/4417 4418/4418
f 4419/4419 4420/4420 4421/4421
f 4415/4415 4422/4422 4413/4413
f 4423/4423 4424/4424 4425/4425
f 4426/4426 4427/4427 4428/4428
f 4429/4429 4430/4430 4431/4431
f 4432/4432 4433/4433 4434/4434
f 4435/4435 4418/4418 4417/4417
f 4411/4411 3781/3781 3923/3923
f 4436/4436 4412/4412 4411/4411
f 4411/4411 3923/3923 4436/4436
f 4437/4437 4438/4438 4439/4439
f 4440/4440 4441/4441 4442/4442
f 4443/4443 4437/4437 4439/4439
f 4430/4430 4429/4429 4444/4444
f 4445/4445 4434/4434 4433/4433
f 4446/4446 4445/4445 4433/4433
f 4447/4447 1696/1696 4412/4412
f 4448/4448 4447/4447 4412/4412
f 4412/4412 4436/4436 4448/4448
f 4449/4449 4450/4450 4451/4451
f 4441/4441 4452/4452 4453/4453
f 4437/4437 4454/4454 4438/4438
f 4453/4453 4442/4442 4441/4441
f 4450/4450 4449/4449 4455/4455
f 4452/4452 4456/4456 4457/4457
f 4458/4458 4453/4453 4452/4452
f 4457/4457 4458/4458 4452/4452
f 4459/4459 4460/4460 4461/4461
f 4462/4462 4463/4463 4464/4464
f 4465/4465 4466/4466 4467/4467
f 4468/4468 4464/4464 4463/4463
f 4469/4469 4470/4470 4471/4471
f 4472/4472 4473/4473 4474/4474
f 4475/4475 4476/4476 4477/4477
f 4478/4478 4468/4468 4463/4463
f 4479/4479 4480/4480 4481/4481
f 4482/4482 4483/4483 4484/4484
f 4472/4472 4485/4485 4473/4473
f 4476/4476 4486/4486 4487/4487
f 4487/4487 4477/4477 4476/4476
f 4488/4488 4484/4484 4483/4483
f 4489/4489 4490/4490 4491/4491
f 4485/4485 4472/4472 4492/4492
f 4486/4486 4493/4493 4494/4494
f 4495/4495 4487/4487 4486/4486
f 4494/4494 4495/4495 4486/4486
f 4490/4490 4489/4489 4496/4496
f 4490/4490 4496/4496 4497/4497
f 4498/4498 4499/4499 4500/4500
f 4501/4501 4502/4502 4503/4503
f 4504/4504 4505/4505 4506/4506
f 4507/4507 1690/1690 1688/1688
f 4508/4508 4509/4509 4510/4510
f 4511/4511 4512/4512 4513/4513
f 4514/4514 4515/4515 4516/4516
f 1692/1692 4517/4517 4518/4518
f 1692/1692 4518/4518 1693/1693
f 4519/4519 4520/4520 4521/4521
f 4522/4522 4523/4523 4524/4524
f 4525/4525 4526/4526 4527/4527
f 4523/4523 4522/4522 4528/4528
f 4529/4529 4527/4527 4526/4526
f 4530/4530 4531/4531 4532/4532
f 4533/4533 4534/4534 4535/4535
f 4536/4536 4537/4537 4538/4538
f 4539/4539 4536/4536 4538/4538
f 4540/4540 1693/1693 4518/4518
f 4520/4520 4519/4519 4541/4541
f 4542/4542 4540/4540 4518/4518
f 1755/1755 4543/4543 1756/1756
f 4544/4544 1756/1756 4543/4543
f 4527/4527 4529/4529 4545/4545
f 4545/4545 4546/4546 4527/4527
f 4547/4547 4548/4548 4549/4549
f 4550/4550 4551/4551 4552/4552
f 1756/1756 4544/4544 4553/4553
f 4553/4553 1757/1757 1756/1756
f 4544/4544 4554/4554 4555/4555
f 4555/4555 4553/4553 4544/4544
f 4556/4556 4557/4557 4558/4558
f 4531/4531 4530/4530 4559/4559
f 4546/4546 4545/4545 4560/4560
f 4561/4561 4562/4562 4563/4563
f 4546/4546 4560/4560 4564/4564
f 4565/4565 4566/4566 4567/4567
f 4568/4568 4569/4569 4570/4570
f 4571/4571 4559/4559 4572/4572
f 4573/4573 4574/4574 4575/4575
f 4575/4575 4576/4576 4573/4573
f 4534/4534 4533/4533 4577/4577
f 4530/4530 4578/4578 4579/4579
f 4530/4530 4579/4579 4559/4559
f 4580/4580 4581/4581 4582/4582
f 4583/4583 4582/4582 4581/4581
f 4584/4584 4583/4583 4581/4581
f 4422/4422 4585/4585 4413/4413
f 4586/4586 4587/4587 4588/4588
f 4587/4587 4586/4586 4589/4589
f 4590/4590 4559/4559 4579/4579
f 4583/4583 4584/4584 4591/4591
f 4447/4447 4592/4592 1696/1696
f 4593/4593 4594/4594 4595/4595
f 4596/4596 4597/4597 4598/4598
f 4595/4595 4599/4599 4593/4593
f 4600/4600 4595/4595 4594/4594
f 4427/4427 4426/4426 4601/4601
f 4590/4590 4572/4572 4559/4559
f 4602/4602 4603/4603 4604/4604
f 4605/4605 4599/4599 4606/4606
f 4607/4607 4608/4608 4609/4609
f 4606/4606 4610/4610 4605/4605
f 4599/4599 4595/4595 4611/4611
f 4611/4611 4606/4606 4599/4599
f 4612/4612 4613/4613 4614/4614
f 4574/4574 4615/4615 4575/4575
f 4607/4607 4616/4616 4608/4608
f 4617/4617 4611/4611 4595/4595
f 4595/4595 4600/4600 4618/4618
f 4595/4595 4618/4618 4617/4617
f 4619/4619 4620/4620 4621/4621
f 4622/4622 4623/4623 4624/4624
f 4616/4616 4607/4607 4625/4625
f 4626/4626 4575/4575 4615/4615
f 4627/4627 4628/4628 4629/4629
f 4630/4630 4631/4631 4632/4632
f 4633/4633 4634/4634 4635/4635
f 4606/4606 4611/4611 4636/4636
f 4637/4637 4638/4638 4639/4639
f 4640/4640 1869/1869 1759/1759
f 4592/4592 4447/4447 4641/4641
f 4642/4642 4636/4636 4611/4611
f 4643/4643 4644/4644 4645/4645
f 4637/4637 4646/4646 4638/4638
f 4647/4647 4648/4648 4649/4649
f 4650/4650 4651/4651 4652/4652
f 1753/1753 1757/1757 4653/4653
f 4653/4653 1837/1837 1753/1753
f 1757/1757 4553/4553 4653/4653
f 4654/4654 4655/4655 4656/4656
f 4657/4657 4658/4658 4659/4659
f 4654/4654 4656/4656 4660/4660
f 4661/4661 4620/4620 4619/4619
f 4662/4662 4663/4663 4664/4664
f 4665/4665 4564/4564 4560/4560
f 4575/4575 4666/4666 4576/4576
f 4623/4623 4667/4667 4624/4624
f 4668/4668 4669/4669 4670/4670
f 4671/4671 4672/4672 4673/4673
f 1834/1834 1838/1838 4674/4674
f 4675/4675 4676/4676 4677/4677
f 4662/4662 4678/4678 4663/4663
f 4679/4679 4680/4680 4681/4681
f 4640/4640 4682/4682 1869/1869
f 1869/1869 4682/4682 1954/1954
f 4575/4575 4626/4626 4683/4683
f 4684/4684 4685/4685 4686/4686
f 4686/4686 4687/4687 4684/4684
f 4682/4682 4640/4640 4688/4688
f 4682/4682 4688/4688 4689/4689
f 4690/4690 1954/1954 4682/4682
f 4689/4689 4690/4690 4682/4682
f 4426/4426 4691/4691 4692/4692
f 4692/4692 4601/4601 4426/4426
f 4693/4693 4694/4694 4695/4695
f 4601/4601 4692/4692 4696/4696
f 4696/4696 4697/4697 4601/4601
f 4694/4694 4693/4693 4698/4698
f 4445/4445 4446/4446 4699/4699
f 4700/4700 4701/4701 4702/4702
f 4703/4703 4704/4704 4705/4705
f 4706/4706 4707/4707 4708/4708
f 4709/4709 4641/4641 4447/4447
f 4448/4448 4709/4709 4447/4447
f 4453/4453 4458/4458 4710/4710
f 4711/4711 4710/4710 4458/4458
f 4712/4712 4711/4711 4458/4458
f 4458/4458 4457/4457 4712/4712
f 4618/4618 4713/4713 4714/4714
f 4618/4618 4714/4714 4617/4617
f 4715/4715 4716/4716 4717/4717
f 4718/4718 4719/4719 4720/4720
f 4721/4721 4722/4722 4723/4723
f 4724/4724 4725/4725 4726/4726
f 4718/4718 4727/4727 4719/4719
f 4728/4728 4729/4729 4730/4730
f 4730/4730 4731/4731 4728/4728
f 4729/4729 4732/4732 4730/4730
f 4733/4733 4734/4734 4735/4735
f 4736/4736 4737/4737 4733/4733
f 4735/4735 4736/4736 4733/4733
f 4480/4480 4479/4479 4738/4738
f 4468/4468 4478/4478 4739/4739
f 4740/4740 4741/4741 4742/4742
f 4477/4477 4487/4487 4743/4743
f 4743/4743 4744/4744 4477/4477
f 4745/4745 4746/4746 4747/4747
f 4748/4748 4749/4749 4750/4750
f 4750/4750 4751/4751 4748/4748
f 4752/4752 4753/4753 4754/4754
f 4755/4755 4743/4743 4487/4487
f 4756/4756 4757/4757 4758/4758
f 4759/4759 4760/4760 4761/4761
f 4762/4762 4763/4763 4764/4764
f 4765/4765 4766/4766 4767/4767
f 4731/4731 4730/4730 4768/4768
f 4769/4769 4770/4770 4771/4771
f 4727/4727 4718/4718 4772/4772
f 4642/4642 4617/4617 4714/4714
f 4773/4773 4774/4774 4775/4775
f 4776/4776 4777/4777 4778/4778
f 4779/4779 4780/4780 4781/4781
f 4737/4737 4736/4736 4782/4782
f 4783/4783 4782/4782 4736/4736
f 4784/4784 4785/4785 4786/4786
f 4735/4735 4787/4787 4736/4736
f 4788/4788 4789/4789 4790/4790
f 4791/4791 4792/4792 4793/4793
f 4794/4794 4790/4790 4789/4789
f 4792/4792 4795/4795 4793/4793
f 4750/4750 4796/4796 4797/4797
f 4797/4797 4751/4751 4750/4750
f 4798/4798 4799/4799 4800/4800
f 4801/4801 4802/4802 4803/4803
f 4803/4803 4804/4804 4801/4801
f 4805/4805 4806/4806 4807/4807
f 4802/4802 4808/4808 4809/4809
f 4809/4809 4803/4803 4802/4802
f 4810/4810 4809/4809 4808/4808
f 4811/4811 4812/4812 4813/4813
f 4814/4814 4778/4778 4777/4777
f 4709/4709 4448/4448 4815/4815
f 4777/4777 4816/4816 4814/4814
f 4817/4817 4818/4818 4819/4819
f 4819/4819 4818/4818 4820/4820
f 4821/4821 4822/4822 4823/4823
f 4824/4824 4825/4825 4826/4826
f 4827/4827 4828/4828 4829/4829
f 4830/4830 4831/4831 4832/4832
f 4832/4832 4833/4833 4830/4830
f 4834/4834 4835/4835 4836/4836
f 4837/4837 4838/4838 4839/4839
f 4803/4803 4809/4809 4840/4840
f 4837/4837 4841/4841 4838/4838
f 4809/4809 4810/4810 4842/4842
f 4843/4843 4844/4844 4845/4845
f 4818/4818 4817/4817 4846/4846
f 4847/4847 4848/4848 4849/4849
f 4850/4850 4851/4851 4852/4852
f 4778/4778 4853/4853 4854/4854
f 4814/4814 4853/4853 4778/4778
f 4855/4855 4856/4856 4857/4857
f 4858/4858 4859/4859 4860/4860
f 4861/4861 4862/4862 4863/4863
f 4860/4860 4864/4864 4858/4858
f 4859/4859 4858/4858 4865/4865
f 4865/4865 4866/4866 4859/4859
f 4867/4867 4854/4854 4853/4853
f 4868/4868 4867/4867 4853/4853
f 4853/4853 4814/4814 4869/4869
f 4869/4869 4868/4868 4853/4853
f 1954/1954 4690/4690 1957/1957
f 4690/4690 4870/4870 3322/3322
f 4689/4689 4870/4870 4690/4690
f 3322/3322 1957/1957 4690/4690
f 3323/3323 3322/3322 4870/4870
f 4871/4871 3323/3323 4870/4870
f 4872/4872 4854/4854 4867/4867
f 4867/4867 4873/4873 4872/4872
f 4871/4871 3324/3324 3323/3323
f 4874/4874 4875/4875 4876/4876
f 3324/3324 4871/4871 4877/4877
f 4878/4878 4879/4879 4875/4875
f 4875/4875 4874/4874 4878/4878
f 4880/4880 4881/4881 4879/4879
f 4879/4879 4878/4878 4880/4880
f 4881/4881 4880/4880 4882/4882
f 4882/4882 4883/4883 4881/4881
f 4873/4873 4867/4867 4884/4884
f 4873/4873 4884/4884 4874/4874
f 4868/4868 4884/4884 4867/4867
f 4885/4885 4874/4874 4884/4884
f 4886/4886 4885/4885 4884/4884
f 4884/4884 4868/4868 4886/4886
f 4885/4885 4878/4878 4874/4874
f 4887/4887 4880/4880 4878/4878
f 4878/4878 4885/4885 4887/4887
f 4880/4880 4887/4887 4888/4888
f 4888/4888 4882/4882 4880/4880
f 4885/4885 4886/4886 4889/4889
f 4885/4885 4889/4889 4887/4887
f 4022/4022 4890/4890 3922/3922
f 4891/4891 4448/4448 4436/4436
f 4890/4890 4022/4022 4892/4892
f 4448/4448 4891/4891 4815/4815
f 4499/4499 4498/4498 4893/4893
f 4894/4894 4503/4503 4502/4502
f 4502/4502 4895/4895 4896/4896
f 4896/4896 4894/4894 4502/4502
f 4054/4054 4892/4892 4022/4022
f 4897/4897 4898/4898 4892/4892
f 4892/4892 4054/4054 4897/4897
f 4506/4506 4505/4505 4899/4899
f 4899/4899 4505/4505 4900/4900
f 4901/4901 4902/4902 4903/4903
f 4904/4904 4905/4905 4906/4906
f 4907/4907 4901/4901 4903/4903
f 4906/4906 4908/4908 4904/4904
f 4503/4503 4894/4894 4909/4909
f 4910/4910 4497/4497 4496/4496
f 4909/4909 4911/4911 4503/4503
f 4912/4912 4913/4913 4914/4914
f 4915/4915 4916/4916 4917/4917
f 4917/4917 4918/4918 4915/4915
f 4906/4906 4919/4919 4908/4908
f 4894/4894 4896/4896 4909/4909
f 4918/4918 4917/4917 4920/4920
f 4921/4921 4909/4909 4896/4896
f 4922/4922 4923/4923 4924/4924
f 4919/4919 4906/4906 4925/4925
f 4926/4926 4927/4927 4928/4928
f 4929/4929 4930/4930 4931/4931
f 4932/4932 4929/4929 4931/4931
f 4927/4927 4926/4926 4933/4933
f 4934/4934 4935/4935 4936/4936
f 4934/4934 4936/4936 4937/4937
f 4938/4938 4925/4925 4906/4906
f 4939/4939 4940/4940 4941/4941
f 4939/4939 4941/4941 4942/4942
f 4943/4943 4941/4941 4940/4940
f 4944/4944 4945/4945 4946/4946
f 4947/4947 4948/4948 4949/4949
f 4950/4950 4935/4935 4951/4951
f 4949/4949 4952/4952 4947/4947
f 4953/4953 4949/4949 4948/4948
f 4945/4945 4944/4944 4954/4954
f 4950/4950 4936/4936 4935/4935
f 4898/4898 4897/4897 4955/4955
f 4816/4816 4956/4956 4814/4814
f 4936/4936 4950/4950 4957/4957
f 4958/4958 4937/4937 4936/4936
f 4959/4959 4960/4960 4961/4961
f 4952/4952 4949/4949 4962/4962
f 4963/4963 4959/4959 4964/4964
f 4949/4949 4953/4953 4962/4962
f 4965/4965 4966/4966 4967/4967
f 4968/4968 4969/4969 4970/4970
f 4971/4971 4972/4972 4973/4973
f 4974/4974 4971/4971 4973/4973
f 4975/4975 4976/4976 4977/4977
f 4978/4978 4979/4979 4980/4980
f 4981/4981 4982/4982 4983/4983
f 4969/4969 4984/4984 4970/4970
f 4979/4979 4985/4985 4980/4980
f 4986/4986 4987/4987 4988/4988
f 4989/4989 4990/4990 4991/4991
f 4992/4992 4970/4970 4984/4984
f 4986/4986 4993/4993 4987/4987
f 4972/4972 4971/4971 4994/4994
f 4995/4995 4962/4962 4953/4953
f 4994/4994 4996/4996 4972/4972
f 4997/4997 4998/4998 4999/4999
f 4999/4999 5000/5000 4997/4997
f 5001/5001 5002/5002 5003/5003
f 5004/5004 5005/5005 5006/5006
f 5007/5007 5008/5008 5009/5009
f 5010/5010 5011/5011 5012/5012
f 4342/4342 4897/4897 4054/4054
f 5013/5013 4955/4955 4897/4897
f 4897/4897 4342/4342 5013/5013
f 4976/4976 5014/5014 5015/5015
f 5015/5015 4977/4977 4976/4976
f 5016/5016 5015/5015 5014/5014
f 5017/5017 5018/5018 5019/5019
f 4977/4977 5015/5015 5020/5020
f 4998/4998 5021/5021 4999/4999
f 5015/5015 5016/5016 5022/5022
f 5022/5022 5020/5020 5015/5015
f 5018/5018 5017/5017 5023/5023
f 4869/4869 4814/4814 4956/4956
f 4955/4955 5013/5013 5024/5024
f 4956/4956 5025/5025 4869/4869
f 5026/5026 5027/5027 5028/5028
f 5029/5029 5030/5030 5031/5031
f 5032/5032 5033/5033 5034/5034
f 5032/5032 5034/5034 5035/5035
f 5036/5036 5037/5037 5038/5038
f 5035/5035 5039/5039 5032/5032
f 5040/5040 4999/4999 5021/5021
f 5041/5041 5042/5042 4862/4862
f 4862/4862 5042/5042 5043/5043
f 5044/5044 5045/5045 5046/5046
f 4863/4863 4862/4862 5043/5043
f 5044/5044 5046/5046 5047/5047
f 5048/5048 5049/5049 5050/5050
f 5051/5051 4923/4923 5052/5052
f 4923/4923 4922/4922 5053/5053
f 5053/5053 5052/5052 4923/4923
f 4925/4925 4938/4938 5054/5054
f 5054/5054 5055/5055 4925/4925
f 5056/5056 5057/5057 5058/5058
f 5059/5059 5060/5060 5061/5061
f 5061/5061 5062/5062 5059/5059
f 5063/5063 5064/5064 5065/5065
f 5066/5066 5067/5067 5068/5068
f 5066/5066 5068/5068 5069/5069
f 5052/5052 5053/5053 5070/5070
f 5070/5070 5071/5071 5052/5052
f 5072/5072 5073/5073 5074/5074
f 5057/5057 5056/5056 5075/5075
f 5076/5076 5077/5077 5078/5078
f 5079/5079 5065/5065 5064/5064
f 5080/5080 5081/5081 5082/5082
f 5077/5077 5083/5083 5078/5078
f 5084/5084 5085/5085 5086/5086
f 5086/5086 5087/5087 5084/5084
f 5085/5085 5084/5084 5088/5088
f 5089/5089 5069/5069 5068/5068
f 4960/4960 4959/4959 5084/5084
f 5084/5084 5087/5087 4960/4960
f 5090/5090 5091/5091 5092/5092
f 5093/5093 5084/5084 4959/4959
f 4963/4963 5093/5093 4959/4959
f 5084/5084 5093/5093 5088/5088
f 5093/5093 4963/4963 5094/5094
f 5095/5095 5096/5096 5097/5097
f 5098/5098 5099/5099 5100/5100
f 5096/5096 5101/5101 5097/5097
f 5102/5102 5103/5103 5104/5104
f 5105/5105 5106/5106 5107/5107
f 5000/5000 4999/4999 5108/5108
f 5108/5108 5109/5109 5000/5000
f 5040/5040 5108/5108 4999/4999
f 4409/4409 5013/5013 4342/4342
f 5110/5110 5024/5024 5013/5013
f 5013/5013 4409/4409 5110/5110
f 5111/5111 5112/5112 5113/5113
f 5114/5114 5115/5115 5116/5116
f 5116/5116 5117/5117 5114/5114
f 5112/5112 5111/5111 5118/5118
f 5119/5119 5120/5120 5121/5121
f 5122/5122 5116/5116 5115/5115
f 5121/5121 5123/5123 5119/5119
f 5124/5124 5125/5125 5126/5126
f 5127/5127 5128/5128 5129/5129
f 5129/5129 5130/5130 5127/5127
f 5128/5128 5131/5131 5132/5132
f 5132/5132 5129/5129 5128/5128
f 5133/5133 5134/5134 5135/5135
f 5136/5136 5137/5137 5138/5138
f 5139/5139 5137/5137 5136/5136
f 5140/5140 5141/5141 5142/5142
f 5143/5143 5144/5144 5145/5145
f 5136/5136 5146/5146 5139/5139
f 5147/5147 5148/5148 5149/5149
f 5150/5150 5147/5147 5149/5149
f 5149/5149 5151/5151 5150/5150
f 5008/5008 5152/5152 5009/5009
f 5153/5153 5154/5154 5152/5152
f 5152/5152 5154/5154 5155/5155
f 5155/5155 5009/5009 5152/5152
f 5156/5156 5130/5130 5129/5129
f 5156/5156 5129/5129 5157/5157
f 5154/5154 5158/5158 5159/5159
f 5160/5160 5155/5155 5154/5154
f 5159/5159 5160/5160 5154/5154
f 5161/5161 5162/5162 5163/5163
f 5164/5164 5165/5165 5166/5166
f 5167/5167 5161/5161 5163/5163
f 5168/5168 5169/5169 5170/5170
f 5129/5129 5132/5132 5157/5157
f 5134/5134 5133/5133 5171/5171
f 5148/5148 5147/5147 5172/5172
f 5173/5173 5174/5174 5175/5175
f 5147/5147 5150/5150 5176/5176
f 5176/5176 5172/5172 5147/5147
f 5177/5177 5178/5178 5179/5179
f 5180/5180 5145/5145 5144/5144
f 5181/5181 5182/5182 5183/5183
f 5184/5184 5185/5185 5186/5186
f 5187/5187 5150/5150 5151/5151
f 5151/5151 5188/5188 5187/5187
f 5189/5189 5186/5186 5185/5185
f 5190/5190 5191/5191 5192/5192
f 5193/5193 5194/5194 5195/5195
f 5192/5192 5196/5196 5190/5190
f 5195/5195 5197/5197 5193/5193
f 5024/5024 5110/5110 5198/5198
f 5025/5025 5199/5199 5200/5200
f 5200/5200 4869/4869 5025/5025
f 5187/5187 5176/5176 5150/5150
f 5201/5201 5202/5202 5203/5203
f 5204/5204 5205/5205 5206/5206
f 5207/5207 5208/5208 5209/5209
f 5210/5210 5211/5211 5205/5205
f 5205/5205 5211/5211 5212/5212
f 5212/5212 5206/5206 5205/5205
f 5211/5211 5210/5210 5213/5213
f 5214/5214 5215/5215 5216/5216
f 5217/5217 5218/5218 5219/5219
f 5220/5220 5221/5221 5222/5222
f 5223/5223 5212/5212 5211/5211
f 5222/5222 5224/5224 5220/5220
f 5225/5225 5226/5226 5227/5227
f 5228/5228 5229/5229 5230/5230
f 5188/5188 5231/5231 5187/5187
f 5232/5232 5227/5227 5226/5226
f 5229/5229 5228/5228 5233/5233
f 5226/5226 5234/5234 5232/5232
f 5215/5215 5187/5187 5231/5231
f 5235/5235 5215/5215 5231/5231
f 5231/5231 5236/5236 5235/5235
f 5215/5215 5235/5235 5237/5237
f 5215/5215 5237/5237 5216/5216
f 5238/5238 5110/5110 4409/4409
f 4409/4409 4410/4410 5238/5238
f 5239/5239 5199/5199 5240/5240
f 5110/5110 5238/5238 5241/5241
f 5228/5228 5242/5242 5233/5233
f 5243/5243 5244/5244 5245/5245
f 5246/5246 5247/5247 5248/5248
f 5249/5249 5250/5250 5251/5251
f 5252/5252 5249/5249 5251/5251
f 5251/5251 5253/5253 5252/5252
f 5254/5254 5255/5255 5256/5256
f 5257/5257 5258/5258 5259/5259
f 5260/5260 5261/5261 5262/5262
f 5263/5263 5264/5264 5265/5265
f 5266/5266 5267/5267 5268/5268
f 5269/5269 5270/5270 5271/5271
f 5272/5272 5273/5273 5274/5274
f 5275/5275 5276/5276 5272/5272
f 5274/5274 5275/5275 5272/5272
f 5277/5277 5278/5278 5279/5279
f 5273/5273 5280/5280 5274/5274
f 5281/5281 5282/5282 5283/5283
f 5236/5236 5284/5284 5285/5285
f 5236/5236 5285/5285 5235/5235
f 5247/5247 5246/5246 5286/5286
f 5249/5249 5287/5287 5250/5250
f 5288/5288 5289/5289 5290/5290
f 5291/5291 5235/5235 5285/5285
f 5292/5292 5293/5293 5294/5294
f 5295/5295 5292/5292 5294/5294
f 5294/5294 5296/5296 5295/5295
f 5291/5291 5237/5237 5235/5235
f 5297/5297 5298/5298 5299/5299
f 5299/5299 5300/5300 5301/5301
f 5301/5301 5297/5297 5299/5299
f 5302/5302 5256/5256 5255/5255
f 5258/5258 5303/5303 5259/5259
f 5304/5304 5305/5305 5306/5306
f 5261/5261 5260/5260 5307/5307
f 5308/5308 5301/5301 5300/5300
f 5309/5309 5200/5200 5199/5199
f 5310/5310 5309/5309 5199/5199
f 5199/5199 5239/5239 5310/5310
f 5292/5292 5295/5295 5311/5311
f 5312/5312 5313/5313 5314/5314
f 5315/5315 5316/5316 5317/5317
f 5276/5276 5318/5318 5319/5319
f 5318/5318 5276/5276 5275/5275
f 5320/5320 5321/5321 5322/5322
f 5323/5323 5324/5324 5325/5325
f 5326/5326 5327/5327 5328/5328
f 5329/5329 5326/5326 5328/5328
f 4868/4868 4869/4869 5200/5200
f 5200/5200 4886/4886 4868/4868
f 5324/5324 5330/5330 5325/5325
f 5331/5331 5332/5332 5333/5333
f 5334/5334 5335/5335 5336/5336
f 5337/5337 5338/5338 5339/5339
f 5340/5340 5341/5341 5342/5342
f 5108/5108 5343/5343 5344/5344
f 5345/5345 5108/5108 5344/5344
f 5346/5346 5339/5339 5338/5338
f 5343/5343 5108/5108 5040/5040
f 5347/5347 5348/5348 5349/5349
f 5348/5348 5350/5350 5349/5349
f 5155/5155 5351/5351 5009/5009
f 5352/5352 5353/5353 5354/5354
f 5355/5355 5356/5356 5357/5357
f 5160/5160 5358/5358 5351/5351
f 5351/5351 5155/5155 5160/5160
f 5356/5356 5355/5355 5359/5359
f 5360/5360 5361/5361 5362/5362
f 5363/5363 5359/5359 5355/5355
f 5364/5364 5363/5363 5355/5355
f 5160/5160 5365/5365 5358/5358
f 5361/5361 5366/5366 5362/5362
f 5365/5365 5160/5160 5159/5159
f 5367/5367 5362/5362 5366/5366
f 5368/5368 5369/5369 5370/5370
f 5371/5371 5197/5197 5372/5372
f 5373/5373 5374/5374 5369/5369
f 5369/5369 5368/5368 5375/5375
f 5369/5369 5375/5375 5373/5373
f 5376/5376 5377/5377 5378/5378
f 5309/5309 4889/4889 4886/4886
f 4886/4886 5200/5200 5309/5309
f 5379/5379 5256/5256 5380/5380
f 5381/5381 5382/5382 5383/5383
f 5384/5384 4887/4887 4889/4889
f 4889/4889 5309/5309 5385/5385
f 5385/5385 5384/5384 4889/4889
f 4887/4887 5384/5384 4888/4888
f 5197/5197 5195/5195 5372/5372
f 5386/5386 5387/5387 5388/5388
f 5212/5212 5389/5389 5206/5206
f 5212/5212 5390/5390 5389/5389
f 5223/5223 5391/5391 5390/5390
f 5390/5390 5212/5212 5223/5223
f 5392/5392 5224/5224 5222/5222
f 5302/5302 5380/5380 5256/5256
f 5382/5382 5393/5393 5383/5383
f 5301/5301 5394/5394 5395/5395
f 5395/5395 5297/5297 5301/5301
f 5396/5396 5383/5383 5393/5393
f 5397/5397 5396/5396 5393/5393
f 5308/5308 5398/5398 5394/5394
f 5394/5394 5301/5301 5308/5308
f 5399/5399 5400/5400 5401/5401
f 5307/5307 5260/5260 5402/5402
f 5309/5309 5310/5310 5385/5385
f 5403/5403 5404/5404 5405/5405
f 881/881 2687/2687 5406/5406
f 881/881 5406/5406 5407/5407
f 881/881 5407/5407 5408/5408
f 881/881 5408/5408 5409/5409
f 5410/5410 5411/5411 881/881
f 881/881 5411/5411 5412/5412
f 5409/5409 5410/5410 881/881
f 5413/5413 3794/3794 875/875
f 5414/5414 5406/5406 2687/2687
f 2686/2686 5414/5414 2687/2687
f 5415/5415 5407/5407 5406/5406
f 5406/5406 5414/5414 5415/5415
f 5416/5416 5408/5408 5407/5407
f 5407/5407 5415/5415 5416/5416
f 5417/5417 5409/5409 5408/5408
f 5408/5408 5416/5416 5417/5417
f 5411/5411 5410/5410 5418/5418
f 5419/5419 5412/5412 5411/5411
f 5411/5411 5418/5418 5419/5419
f 5410/5410 5409/5409 5420/5420
f 5420/5420 5418/5418 5410/5410
f 3794/3794 5413/5413 3799/3799
f 5421/5421 3799/3799 5413/5413
f 5417/5417 5420/5420 5409/5409
f 5414/5414 2686/2686 5422/5422
f 5423/5423 5415/5415 5414/5414
f 5414/5414 5422/5422 5423/5423
f 2686/2686 2689/2689 5422/5422
f 5424/5424 5416/5416 5415/5415
f 5423/5423 5424/5424 5415/5415
f 5425/5425 5417/5417 5416/5416
f 5416/5416 5424/5424 5425/5425
f 5418/5418 5420/5420 5426/5426
f 5427/5427 5419/5419 5418/5418
f 5426/5426 5427/5427 5418/5418
f 5420/5420 5417/5417 5428/5428
f 5420/5420 5428/5428 5426/5426
f 3799/3799 5421/5421 4124/4124
f 5421/5421 5429/5429 4124/4124
f 5425/5425 5428/5428 5417/5417
f 5430/5430 5425/5425 5424/5424
f 5424/5424 5423/5423 5431/5431
f 5424/5424 5431/5431 5430/5430
f 5428/5428 5425/5425 5432/5432
f 5433/5433 5426/5426 5428/5428
f 5428/5428 5432/5432 5433/5433
f 5425/5425 5430/5430 5432/5432
f 5434/5434 5435/5435 5436/5436
f 5437/5437 5438/5438 5439/5439
f 5440/5440 5441/5441 5442/5442
f 5436/5436 5443/5443 5434/5434
f 5444/5444 5445/5445 5446/5446
f 5447/5447 5422/5422 2689/2689
f 2689/2689 2698/2698 5447/5447
f 5448/5448 5423/5423 5422/5422
f 5422/5422 5447/5447 5448/5448
f 5423/5423 5448/5448 5431/5431
f 5449/5449 5447/5447 2698/2698
f 2698/2698 2699/2699 5449/5449
f 5447/5447 5449/5449 5450/5450
f 5450/5450 5448/5448 5447/5447
f 5451/5451 5452/5452 2701/2701
f 2701/2701 2700/2700 5451/5451
f 5453/5453 5450/5450 5449/5449
f 5449/5449 5454/5454 5453/5453
f 5455/5455 5456/5456 5457/5457
f 5458/5458 5455/5455 5457/5457
f 5459/5459 5460/5460 5461/5461
f 5462/5462 5463/5463 5464/5464
f 5455/5455 5465/5465 5456/5456
f 5466/5466 5467/5467 5468/5468
f 5469/5469 5470/5470 5471/5471
f 5472/5472 5473/5473 5474/5474
f 5472/5472 5474/5474 5475/5475
f 5472/5472 5475/5475 5476/5476
f 5473/5473 5477/5477 5478/5478
f 5473/5473 5478/5478 5474/5474
f 5479/5479 5461/5461 5460/5460
f 5480/5480 5481/5481 5482/5482
f 5483/5483 5484/5484 5485/5485
f 5486/5486 5480/5480 5482/5482
f 5487/5487 5488/5488 5489/5489
f 5479/5479 5490/5490 5461/5461
f 5491/5491 5492/5492 5493/5493
f 5494/5494 5485/5485 5484/5484
f 5495/5495 5496/5496 5497/5497
f 5498/5498 5499/5499 5500/5500
f 5501/5501 5502/5502 5503/5503
f 5504/5504 5505/5505 5506/5506
f 5503/5503 5507/5507 5501/5501
f 5508/5508 5509/5509 5510/5510
f 5511/5511 5512/5512 5513/5513
f 5508/5508 5510/5510 5514/5514
f 5515/5515 5516/5516 5517/5517
f 5518/5518 5519/5519 5520/5520
f 5521/5521 5522/5522 5523/5523
f 5524/5524 5431/5431 5448/5448
f 5450/5450 5524/5524 5448/5448
f 5525/5525 5526/5526 5527/5527
f 5528/5528 5529/5529 5530/5530
f 5531/5531 5527/5527 5526/5526
f 5532/5532 5533/5533 5534/5534
f 5529/5529 5528/5528 5535/5535
f 5536/5536 5537/5537 5538/5538
f 5539/5539 5540/5540 5541/5541
f 5539/5539 5541/5541 5542/5542
f 5533/5533 5532/5532 5543/5543
f 5543/5543 5544/5544 5533/5533
f 5545/5545 5546/5546 5547/5547
f 5519/5519 5518/5518 5548/5548
f 5549/5549 5550/5550 5551/5551
f 5552/5552 5523/5523 5522/5522
f 5553/5553 5554/5554 5555/5555
f 5556/5556 5557/5557 5558/5558
f 5558/5558 5557/5557 5559/5559
f 5560/5560 5561/5561 5562/5562
f 5563/5563 5548/5548 5518/5518
f 5532/5532 5564/5564 5543/5543
f 5565/5565 5566/5566 5567/5567
f 5568/5568 5569/5569 5570/5570
f 5571/5571 5572/5572 5573/5573
f 5574/5574 5575/5575 5576/5576
f 5577/5577 5578/5578 5579/5579
f 5580/5580 5581/5581 5582/5582
f 5583/5583 5584/5584 5585/5585
f 5431/5431 5524/5524 5586/5586
f 5586/5586 5430/5430 5431/5431
f 5587/5587 5588/5588 5589/5589
f 5589/5589 5590/5590 5587/5587
f 5591/5591 5592/5592 5593/5593
f 5588/5588 5587/5587 5594/5594
f 5595/5595 5585/5585 5584/5584
f 5566/5566 5565/5565 5596/5596
f 5597/5597 5598/5598 5599/5599
f 5600/5600 5601/5601 5602/5602
f 5603/5603 5596/5596 5565/5565
f 5602/5602 5604/5604 5600/5600
f 5605/5605 5573/5573 5572/5572
f 5606/5606 5607/5607 5608/5608
f 5609/5609 5610/5610 5611/5611
f 5612/5612 5613/5613 5614/5614
f 5615/5615 5616/5616 5617/5617
f 5590/5590 5618/5618 5587/5587
f 5619/5619 5620/5620 5621/5621
f 5622/5622 5551/5551 5550/5550
f 5623/5623 5624/5624 5625/5625
f 5626/5626 5627/5627 5628/5628
f 5629/5629 5630/5630 5631/5631
f 5632/5632 5542/5542 5633/5633
f 5634/5634 5587/5587 5618/5618
f 5618/5618 5635/5635 5634/5634
f 5636/5636 5594/5594 5587/5587
f 5587/5587 5634/5634 5637/5637
f 5637/5637 5636/5636 5587/5587
f 5638/5638 5639/5639 5640/5640
f 5641/5641 5642/5642 5643/5643
f 5644/5644 5638/5638 5640/5640
f 5624/5624 5623/5623 5645/5645
f 5646/5646 5634/5634 5635/5635
f 5647/5647 5648/5648 5649/5649
f 5650/5650 5628/5628 5627/5627
f 5651/5651 5652/5652 5653/5653
f 5654/5654 5655/5655 5656/5656
f 5657/5657 5658/5658 5659/5659
f 5660/5660 5637/5637 5634/5634
f 5646/5646 5660/5660 5634/5634
f 5524/5524 5450/5450 5661/5661
f 5662/5662 5663/5663 5664/5664
f 5665/5665 5662/5662 5664/5664
f 5450/5450 5453/5453 5661/5661
f 5666/5666 5667/5667 5668/5668
f 5669/5669 5474/5474 5478/5478
f 5670/5670 5671/5671 5672/5672
f 5673/5673 5674/5674 5675/5675
f 5676/5676 5668/5668 5667/5667
f 5677/5677 5678/5678 5679/5679
f 5680/5680 5475/5475 5474/5474
f 5669/5669 5680/5680 5474/5474
f 5681/5681 5476/5476 5475/5475
f 5680/5680 5682/5682 5475/5475
f 5475/5475 5682/5682 5681/5681
f 5544/5544 5543/5543 5683/5683
f 5684/5684 5542/5542 5541/5541
f 5685/5685 5684/5684 5541/5541
f 5686/5686 5687/5687 5688/5688
f 5543/5543 5689/5689 5683/5683
f 5684/5684 5633/5633 5542/5542
f 5690/5690 5691/5691 5692/5692
f 5693/5693 5681/5681 5682/5682
f 5692/5692 5694/5694 5690/5690
f 5695/5695 5668/5668 5696/5696
f 5697/5697 5698/5698 5699/5699
f 5700/5700 5701/5701 5702/5702
f 5633/5633 5684/5684 5703/5703
f 5684/5684 5685/5685 5704/5704
f 5704/5704 5703/5703 5684/5684
f 5705/5705 5706/5706 5707/5707
f 5708/5708 5709/5709 5710/5710
f 5711/5711 5704/5704 5685/5685
f 5712/5712 5713/5713 5714/5714
f 5715/5715 5716/5716 5712/5712
f 5712/5712 5714/5714 5715/5715
f 5713/5713 5717/5717 5718/5718
f 5713/5713 5718/5718 5714/5714
f 2707/2707 5451/5451 2700/2700
f 5719/5719 5503/5503 5502/5502
f 5451/5451 2707/2707 5720/5720
f 5720/5720 5721/5721 5451/5451
f 5722/5722 5723/5723 5724/5724
f 5507/5507 5503/5503 5725/5725
f 5726/5726 5727/5727 5728/5728
f 5729/5729 5730/5730 5731/5731
f 5503/5503 5719/5719 5725/5725
f 5732/5732 5733/5733 5734/5734
f 5735/5735 5736/5736 5737/5737
f 5738/5738 5720/5720 2707/2707
f 2707/2707 2706/2706 5738/5738
f 5739/5739 5740/5740 5741/5741
f 5742/5742 5743/5743 5744/5744
f 5745/5745 5746/5746 5747/5747
f 5748/5748 5675/5675 5674/5674
f 5749/5749 5750/5750 5751/5751
f 5668/5668 5676/5676 5696/5696
f 5752/5752 5753/5753 5754/5754
f 5754/5754 5755/5755 5752/5752
f 5676/5676 5756/5756 5696/5696
f 5757/5757 5758/5758 5759/5759
f 5760/5760 5761/5761 5762/5762
f 5763/5763 5764/5764 5753/5753
f 5765/5765 5766/5766 5767/5767
f 5767/5767 5768/5768 5765/5765
f 5753/5753 5752/5752 5763/5763
f 5769/5769 5770/5770 5771/5771
f 5771/5771 5772/5772 5769/5769
f 5773/5773 5774/5774 5775/5775
f 5775/5775 5776/5776 5773/5773
f 5777/5777 5778/5778 5779/5779
f 5780/5780 5781/5781 5782/5782
f 5783/5783 5784/5784 5785/5785
f 5786/5786 5787/5787 5788/5788
f 5789/5789 5775/5775 5774/5774
f 5774/5774 5790/5790 5789/5789
f 5727/5727 5726/5726 5791/5791
f 5792/5792 5731/5731 5730/5730
f 5730/5730 5793/5793 5792/5792
f 5794/5794 5791/5791 5726/5726
f 5795/5795 5796/5796 5797/5797
f 5798/5798 5799/5799 5800/5800
f 5801/5801 5802/5802 5798/5798
f 5798/5798 5800/5800 5803/5803
f 5798/5798 5803/5803 5801/5801
f 5801/5801 5804/5804 5802/5802
f 5805/5805 5806/5806 5807/5807
f 5808/5808 5809/5809 5810/5810
f 5811/5811 5812/5812 5813/5813
f 5814/5814 5815/5815 5816/5816
f 5817/5817 5818/5818 5809/5809
f 5809/5809 5808/5808 5817/5817
f 5812/5812 5811/5811 5819/5819
f 5812/5812 5819/5819 5781/5781
f 5698/5698 5697/5697 5820/5820
f 5821/5821 5822/5822 5823/5823
f 5824/5824 5825/5825 5826/5826
f 5827/5827 5828/5828 5829/5829
f 5796/5796 5795/5795 5830/5830
f 5831/5831 5832/5832 5833/5833
f 5834/5834 5835/5835 5836/5836
f 5782/5782 5781/5781 5819/5819
f 5836/5836 5837/5837 5834/5834
f 5830/5830 5795/5795 5838/5838
f 5790/5790 5839/5839 5789/5789
f 5840/5840 5841/5841 5720/5720
f 5720/5720 5738/5738 5840/5840
f 4126/4126 5842/5842 5843/5843
f 5843/5843 5844/5844 5845/5845
f 5845/5845 4126/4126 5843/5843
f 5846/5846 5845/5845 5844/5844
f 5847/5847 5848/5848 5849/5849
f 5850/5850 5851/5851 5852/5852
f 5853/5853 5854/5854 5855/5855
f 5856/5856 5857/5857 5858/5858
f 4126/4126 5845/5845 4220/4220
f 5859/5859 4161/4161 4160/4160
f 5860/5860 5861/5861 5862/5862
f 5863/5863 5864/5864 5865/5865
f 5863/5863 5865/5865 5866/5866
f 5863/5863 5866/5866 5867/5867
f 5868/5868 4164/4164 4163/4163
f 5861/5861 5860/5860 5869/5869
f 5870/5870 5871/5871 5872/5872
f 5873/5873 5874/5874 5875/5875
f 5854/5854 5853/5853 5876/5876
f 5874/5874 5877/5877 5878/5878
f 5879/5879 5880/5880 5881/5881
f 5882/5882 5883/5883 5884/5884
f 5885/5885 5886/5886 5887/5887
f 5888/5888 5889/5889 5890/5890
f 5891/5891 5885/5885 5887/5887
f 5892/5892 5884/5884 5883/5883
f 5883/5883 5893/5893 5892/5892
f 5894/5894 5895/5895 5896/5896
f 5897/5897 5898/5898 5899/5899
f 5900/5900 5901/5901 5902/5902
f 5903/5903 5896/5896 5895/5895
f 5904/5904 5905/5905 5906/5906
f 5904/5904 5906/5906 5907/5907
f 5903/5903 5908/5908 5896/5896
f 5909/5909 5910/5910 5911/5911
f 5912/5912 5890/5890 5889/5889
f 5913/5913 5914/5914 5915/5915
f 5845/5845 5846/5846 5916/5916
f 5916/5916 4220/4220 5845/5845
f 5917/5917 5918/5918 5919/5919
f 5920/5920 5921/5921 5922/5922
f 5923/5923 5924/5924 5925/5925
f 5926/5926 5927/5927 5928/5928
f 5908/5908 5903/5903 5929/5929
f 5908/5908 5929/5929 5930/5930
f 5931/5931 5922/5922 5921/5921
f 5932/5932 5933/5933 5934/5934
f 5935/5935 5936/5936 5937/5937
f 5938/5938 5939/5939 5940/5940
f 5941/5941 5942/5942 5943/5943
f 5941/5941 5943/5943 5944/5944
f 5940/5940 5945/5945 5938/5938
f 5946/5946 5947/5947 5512/5512
f 5512/5512 5511/5511 5946/5946
f 5948/5948 5446/5446 5445/5445
f 5949/5949 5948/5948 5445/5445
f 5947/5947 5946/5946 5950/5950
f 5936/5936 5951/5951 5952/5952
f 5938/5938 5953/5953 5939/5939
f 5936/5936 5952/5952 5937/5937
f 5954/5954 5955/5955 5956/5956
f 5957/5957 5958/5958 5959/5959
f 5960/5960 5957/5957 5959/5959
f 5953/5953 5938/5938 5961/5961
f 5962/5962 5963/5963 5964/5964
f 5962/5962 5964/5964 5965/5965
f 5966/5966 5967/5967 5968/5968
f 5969/5969 5970/5970 5971/5971
f 5972/5972 5973/5973 5974/5974
f 5975/5975 5976/5976 5977/5977
f 5978/5978 5979/5979 5980/5980
f 5981/5981 5979/5979 5978/5978
f 5982/5982 5983/5983 5984/5984
f 5985/5985 5432/5432 5430/5430
f 5586/5586 5985/5985 5430/5430
f 5986/5986 5987/5987 5988/5988
f 5989/5989 5990/5990 5991/5991
f 5992/5992 5846/5846 5993/5993
f 5993/5993 5994/5994 5992/5992
f 5995/5995 5981/5981 5996/5996
f 5957/5957 5960/5960 5997/5997
f 5998/5998 5938/5938 5945/5945
f 5999/5999 6000/6000 6001/6001
f 6002/6002 6003/6003 6004/6004
f 5945/5945 6005/6005 5998/5998
f 6006/6006 6007/6007 6008/6008
f 5998/5998 5961/5961 5938/5938
f 6009/6009 6010/6010 6011/6011
f 5905/5905 6012/6012 5906/5906
f 6013/6013 6014/6014 6012/6012
f 6015/6015 6016/6016 6017/6017
f 6018/6018 6019/6019 6020/6020
f 5992/5992 5916/5916 5846/5846
f 6021/6021 6022/6022 6023/6023
f 5979/5979 5981/5981 6024/6024
f 6023/6023 6025/6025 6021/6021
f 6026/6026 6017/6017 6016/6016
f 6027/6027 6012/6012 6014/6014
f 6019/6019 6018/6018 6028/6028
f 6014/6014 6029/6029 6027/6027
f 6030/6030 5906/5906 6012/6012
f 6027/6027 6030/6030 6012/6012
f 6031/6031 6032/6032 6033/6033
f 6032/6032 6031/6031 6034/6034
f 6018/6018 6035/6035 6028/6028
f 6021/6021 6036/6036 6037/6037
f 6038/6038 6039/6039 6040/6040
f 6036/6036 6021/6021 6041/6041
f 6042/6042 6043/6043 6044/6044
f 6045/6045 6046/6046 6047/6047
f 6041/6041 6048/6048 6036/6036
f 5981/5981 5995/5995 6049/6049
f 5981/5981 6049/6049 6024/6024
f 6050/6050 5997/5997 5960/5960
f 6051/6051 6052/6052 6053/6053
f 6054/6054 6001/6001 6000/6000
f 6055/6055 6056/6056 6057/6057
f 6058/6058 6059/6059 6060/6060
f 6061/6061 6062/6062 6063/6063
f 6064/6064 6052/6052 6065/6065
f 6066/6066 6064/6064 6065/6065
f 6064/6064 6053/6053 6052/6052
f 6067/6067 6024/6024 6049/6049
f 6068/6068 6069/6069 6070/6070
f 6070/6070 6071/6071 6068/6068
f 6072/6072 6073/6073 6074/6074
f 6041/6041 6021/6021 6025/6025
f 6075/6075 6041/6041 6025/6025
f 6076/6076 6077/6077 6078/6078
f 6064/6064 6079/6079 6053/6053
f 6080/6080 6081/6081 6082/6082
f 6073/6073 6083/6083 6084/6084
f 6084/6084 6074/6074 6073/6073
f 6085/6085 6086/6086 6087/6087
f 6088/6088 6089/6089 6090/6090
f 6091/6091 6084/6084 6083/6083
f 6092/6092 6093/6093 6094/6094
f 6095/6095 6096/6096 6097/6097
f 6086/6086 6098/6098 6087/6087
f 6077/6077 6076/6076 6099/6099
f 6099/6099 6100/6100 6077/6077
f 6079/6079 6064/6064 6101/6101
f 6102/6102 5992/5992 5994/5994
f 6103/6103 6102/6102 5994/5994
f 5994/5994 5663/5663 6103/6103
f 6104/6104 6105/6105 6106/6106
f 6107/6107 6108/6108 6109/6109
f 6109/6109 6110/6110 6107/6107
f 6111/6111 6112/6112 5877/5877
f 5877/5877 5874/5874 6113/6113
f 6113/6113 6111/6111 5877/5877
f 6111/6111 6114/6114 6112/6112
f 5873/5873 6113/6113 5874/5874
f 4164/4164 5868/5868 6115/6115
f 6116/6116 6117/6117 6118/6118
f 6119/6119 6120/6120 6121/6121
f 6111/6111 6122/6122 6114/6114
f 4220/4220 5916/5916 4379/4379
f 6122/6122 6111/6111 6123/6123
f 6124/6124 6125/6125 6126/6126
f 6122/6122 6123/6123 6127/6127
f 6111/6111 6113/6113 6128/6128
f 6128/6128 6123/6123 6111/6111
f 6113/6113 5873/5873 6129/6129
f 6113/6113 6129/6129 6128/6128
f 6130/6130 6131/6131 6132/6132
f 6133/6133 6134/6134 6135/6135
f 6135/6135 6136/6136 6133/6133
f 6131/6131 6130/6130 6137/6137
f 6138/6138 6139/6139 6140/6140
f 5931/5931 6141/6141 5922/5922
f 6134/6134 6142/6142 6135/6135
f 6142/6142 6143/6143 6144/6144
f 6145/6145 6135/6135 6142/6142
f 6144/6144 6145/6145 6142/6142
f 6146/6146 6147/6147 6148/6148
f 6034/6034 6149/6149 6150/6150
f 6151/6151 6152/6152 6153/6153
f 6154/6154 6155/6155 6156/6156
f 6157/6157 6158/6158 6159/6159
f 6136/6136 6135/6135 6145/6145
f 6145/6145 6160/6160 6136/6136
f 6161/6161 6162/6162 6163/6163
f 5916/5916 5992/5992 6164/6164
f 6164/6164 4379/4379 5916/5916
f 6165/6165 6166/6166 6167/6167
f 6168/6168 6128/6128 6129/6129
f 6169/6169 6170/6170 6171/6171
f 6158/6158 6157/6157 6172/6172
f 6173/6173 6174/6174 6175/6175
f 6176/6176 6173/6173 6175/6175
f 6177/6177 6148/6148 6147/6147
f 6149/6149 6034/6034 6178/6178
f 6149/6149 6178/6178 6179/6179
f 6147/6147 6180/6180 6177/6177
f 6181/6181 6182/6182 6183/6183
f 6160/6160 6145/6145 6184/6184
f 6145/6145 6144/6144 6185/6185
f 6186/6186 6184/6184 6145/6145
f 6185/6185 6186/6186 6145/6145
f 6187/6187 6188/6188 6189/6189
f 4402/4402 4252/4252 4253/4253
f 4346/4346 6190/6190 4347/4347
f 6125/6125 6124/6124 6191/6191
f 6123/6123 6128/6128 6168/6168
f 6192/6192 6127/6127 6123/6123
f 6193/6193 6192/6192 6123/6123
f 6168/6168 6193/6193 6123/6123
f 6194/6194 6034/6034 6031/6031
f 6031/6031 6195/6195 6196/6196
f 6031/6031 6196/6196 6194/6194
f 6194/6194 6178/6178 6034/6034
f 6197/6197 6198/6198 6199/6199
f 6042/6042 6200/6200 6043/6043
f 6201/6201 6199/6199 6198/6198
f 6202/6202 6093/6093 6092/6092
f 6198/6198 6203/6203 6201/6201
f 6204/6204 6194/6194 6196/6196
f 6102/6102 6164/6164 5992/5992
f 6178/6178 6194/6194 6179/6179
f 6205/6205 6179/6179 6194/6194
f 6194/6194 6204/6204 6205/6205
f 6046/6046 6045/6045 6206/6206
f 6096/6096 6207/6207 6097/6097
f 6048/6048 6041/6041 6208/6208
f 6209/6209 6208/6208 6041/6041
f 6041/6041 6075/6075 6210/6210
f 6041/6041 6210/6210 6209/6209
f 6211/6211 6212/6212 6213/6213
f 6214/6214 6212/6212 6215/6215
f 6214/6214 6213/6213 6212/6212
f 6216/6216 6217/6217 6218/6218
f 6219/6219 6220/6220 6221/6221
f 6187/6187 6222/6222 6188/6188
f 6223/6223 6224/6224 6225/6225
f 6226/6226 6177/6177 6180/6180
f 6170/6170 6227/6227 6171/6171
f 6224/6224 6228/6228 6225/6225
f 6229/6229 6230/6230 6231/6231
f 6229/6229 6231/6231 6232/6232
f 4379/4379 6164/6164 6233/6233
f 6234/6234 6235/6235 6236/6236
f 6237/6237 6238/6238 6239/6239
f 6239/6239 6240/6240 6237/6237
f 6241/6241 6242/6242 6243/6243
f 6244/6244 6245/6245 6246/6246
f 6247/6247 6233/6233 6164/6164
f 6102/6102 6247/6247 6164/6164
f 6233/6233 6247/6247 6248/6248
f 6247/6247 6102/6102 6249/6249
f 6247/6247 6249/6249 6250/6250
f 6250/6250 6248/6248 6247/6247
f 6251/6251 6252/6252 6253/6253
f 6254/6254 6255/6255 6256/6256
f 6257/6257 6258/6258 6259/6259
f 6203/6203 6260/6260 6201/6201
f 6261/6261 6262/6262 6263/6263
f 6264/6264 6265/6265 6266/6266
f 6263/6263 6262/6262 6267/6267
f 6103/6103 6249/6249 6102/6102
f 6249/6249 6103/6103 6268/6268
f 6249/6249 6268/6268 6269/6269
f 6269/6269 6250/6250 6249/6249
f 6270/6270 5514/5514 5510/5510
f 5596/5596 5603/5603 6271/6271
f 6272/6272 6273/6273 6274/6274
f 6275/6275 6276/6276 6277/6277
f 6278/6278 6279/6279 6280/6280
f 6281/6281 5946/5946 5511/5511
f 5604/5604 5602/5602 6282/6282
f 5613/5613 5612/5612 6283/6283
f 6284/6284 6282/6282 5602/5602
f 6285/6285 6286/6286 6287/6287
f 6288/6288 6289/6289 6290/6290
f 6291/6291 5950/5950 5946/5946
f 5946/5946 6281/6281 6291/6291
f 6292/6292 6293/6293 6294/6294
f 6295/6295 6296/6296 6297/6297
f 6298/6298 6299/6299 6295/6295
f 6297/6297 6298/6298 6295/6295
f 6276/6276 6275/6275 6300/6300
f 6301/6301 6302/6302 6303/6303
f 6282/6282 6284/6284 6304/6304
f 6304/6304 6305/6305 6282/6282
f 6306/6306 6300/6300 6275/6275
f 6301/6301 6307/6307 6302/6302
f 5663/5663 5662/5662 6103/6103
f 6308/6308 6309/6309 6310/6310
f 6311/6311 6312/6312 6313/6313
f 6311/6311 6313/6313 6314/6314
f 6314/6314 6315/6315 6311/6311
f 6316/6316 6290/6290 6289/6289
f 6317/6317 6318/6318 6319/6319
f 6289/6289 6320/6320 6316/6316
f 6284/6284 6321/6321 6304/6304
f 6322/6322 6323/6323 6324/6324
f 6325/6325 5649/5649 5648/5648
f 6326/6326 6327/6327 6328/6328
f 6329/6329 6330/6330 6331/6331
f 6332/6332 6324/6324 6323/6323
f 6313/6313 6333/6333 6334/6334
f 6335/6335 6314/6314 6313/6313
f 6313/6313 6334/6334 6335/6335
f 6336/6336 6337/6337 6338/6338
f 6315/6315 6314/6314 6339/6339
f 6340/6340 6336/6336 6338/6338
f 6338/6338 6341/6341 6340/6340
f 6342/6342 6343/6343 6344/6344
f 6345/6345 6346/6346 6347/6347
f 6335/6335 6339/6339 6314/6314
f 6348/6348 6349/6349 6350/6350
f 6351/6351 6350/6350 6349/6349
f 6352/6352 6353/6353 6354/6354
f 6355/6355 6356/6356 6357/6357
f 6298/6298 6297/6297 6358/6358
f 6357/6357 6359/6359 6355/6355
f 6354/6354 6360/6360 6352/6352
f 6361/6361 6066/6066 6362/6362
f 6363/6363 6364/6364 6365/6365
f 6300/6300 6306/6306 6366/6366
f 6307/6307 6301/6301 6367/6367
f 6307/6307 6367/6367 6368/6368
f 6345/6345 6367/6367 6301/6301
f 6301/6301 6346/6346 6345/6345
f 6369/6369 6370/6370 6371/6371
f 6372/6372 6373/6373 6374/6374
f 6371/6371 6375/6375 6369/6369
f 6064/6064 6066/6066 6361/6361
f 6064/6064 6376/6376 6101/6101
f 6361/6361 6376/6376 6064/6064
f 6377/6377 6378/6378 6379/6379
f 6363/6363 6380/6380 6364/6364
f 6381/6381 6382/6382 6383/6383
f 6384/6384 6385/6385 6386/6386
f 6332/6332 6387/6387 6324/6324
f 5808/5808 6388/6388 5817/5817
f 6389/6389 6390/6390 6391/6391
f 6392/6392 6389/6389 6391/6391
f 6393/6393 6383/6383 6382/6382
f 6343/6343 6342/6342 6394/6394
f 6395/6395 6396/6396 6397/6397
f 6398/6398 6399/6399 6400/6400
f 6397/6397 6396/6396 6401/6401
f 5665/5665 6402/6402 5662/5662
f 5662/5662 6402/6402 6268/6268
f 6268/6268 6103/6103 5662/5662
f 6402/6402 5665/5665 6403/6403
f 6402/6402 6403/6403 6404/6404
f 6405/6405 6268/6268 6402/6402
f 6402/6402 6404/6404 6405/6405
f 6406/6406 6404/6404 6403/6403
f 6405/6405 6269/6269 6268/6268
f 3340/3340 3321/3321 3329/3329
f 3329/3329 3330/3330 6407/6407
f 6407/6407 3340/3340 3329/3329
f 6408/6408 3330/3330 3331/3331
f 3331/3331 3332/3332 6409/6409
f 6409/6409 6408/6408 3331/3331
f 6408/6408 6407/6407 3330/3330
f 6410/6410 6411/6411 4883/4883
f 4883/4883 4882/4882 6410/6410
f 6412/6412 6413/6413 6411/6411
f 6411/6411 6410/6410 6412/6412
f 6414/6414 6413/6413 6415/6415
f 6414/6414 6415/6415 6416/6416
f 6412/6412 6415/6415 6413/6413
f 3340/3340 6407/6407 3367/3367
f 6417/6417 6418/6418 6419/6419
f 6420/6420 3367/3367 6407/6407
f 6418/6418 6421/6421 6422/6422
f 6418/6418 6422/6422 6419/6419
f 6423/6423 6410/6410 4882/4882
f 4882/4882 4888/4888 6423/6423
f 6424/6424 6412/6412 6410/6410
f 6423/6423 6424/6424 6410/6410
f 6415/6415 6412/6412 6425/6425
f 6426/6426 6421/6421 6427/6427
f 6427/6427 6428/6428 6426/6426
f 6412/6412 6424/6424 6425/6425
f 6429/6429 6428/6428 6430/6430
f 6424/6424 6423/6423 6431/6431
f 6432/6432 6429/6429 6430/6430
f 6426/6426 6422/6422 6421/6421
f 6422/6422 6426/6426 6433/6433
f 6434/6434 6419/6419 6422/6422
f 6433/6433 6434/6434 6422/6422
f 6435/6435 6426/6426 6428/6428
f 6429/6429 6435/6435 6428/6428
f 6435/6435 6433/6433 6426/6426
f 2706/2706 3347/3347 6436/6436
f 6436/6436 5738/5738 2706/2706
f 6437/6437 3353/3353 6438/6438
f 6438/6438 6439/6439 6437/6437
f 6440/6440 6438/6438 3353/3353
f 3353/3353 3352/3352 6440/6440
f 6441/6441 6439/6439 6442/6442
f 6442/6442 6443/6443 6441/6441
f 6439/6439 6438/6438 6444/6444
f 6439/6439 6444/6444 6442/6442
f 6445/6445 6444/6444 6438/6438
f 6440/6440 6445/6445 6438/6438
f 6444/6444 6445/6445 6446/6446
f 6444/6444 6447/6447 6442/6442
f 6446/6446 6447/6447 6444/6444
f 3362/3362 6448/6448 6419/6419
f 3362/3362 6419/6419 6434/6434
f 6434/6434 3352/3352 3362/3362
f 3352/3352 6434/6434 6440/6440
f 6434/6434 6433/6433 6440/6440
f 6433/6433 6435/6435 6445/6445
f 6433/6433 6445/6445 6440/6440
f 6446/6446 6445/6445 6435/6435
f 6435/6435 6429/6429 6446/6446
f 6250/6250 6449/6449 6248/6248
f 6449/6449 6250/6250 6450/6450
f 5239/5239 6451/6451 5310/5310
f 6269/6269 6450/6450 6250/6250
f 6452/6452 5310/5310 6451/6451
f 6453/6453 6454/6454 6450/6450
f 6450/6450 6269/6269 6453/6453
f 5310/5310 6452/6452 5385/5385
f 6454/6454 6453/6453 6455/6455
f 6456/6456 6457/6457 6458/6458
f 6459/6459 5385/5385 6452/6452
f 6405/6405 6453/6453 6269/6269
f 6460/6460 6457/6457 6461/6461
f 6453/6453 6405/6405 6462/6462
f 6463/6463 6458/6458 6457/6457
f 6464/6464 6463/6463 6457/6457
f 6457/6457 6460/6460 6464/6464
f 5384/5384 6465/6465 4888/4888
f 6459/6459 6465/6465 5384/5384
f 5384/5384 5385/5385 6459/6459
f 6423/6423 4888/4888 6465/6465
f 6431/6431 6423/6423 6465/6465
f 6466/6466 6431/6431 6465/6465
f 6465/6465 6459/6459 6466/6466
f 6429/6429 6432/6432 6467/6467
f 6429/6429 6467/6467 6446/6446
f 6463/6463 6467/6467 6432/6432
f 6467/6467 6463/6463 6464/6464
f 6464/6464 6447/6447 6467/6467
f 6467/6467 6447/6447 6446/6446
f 6443/6443 6468/6468 6469/6469
f 6404/6404 6470/6470 6462/6462
f 6462/6462 6405/6405 6404/6404
f 6442/6442 6447/6447 6468/6468
f 6468/6468 6447/6447 6464/6464
f 6468/6468 6443/6443 6442/6442
f 6464/6464 6460/6460 6468/6468
f 6471/6471 5645/5645 5625/5625
f 5645/5645 5623/5623 5625/5625
f 5754/5754 5753/5753 6472/6472
f 6473/6473 6474/6474 6475/6475
f 6476/6476 6477/6477 6478/6478
f 6479/6479 6480/6480 6481/6481
f 6482/6482 6483/6483 6484/6484
f 6482/6482 6485/6485 6483/6483
f 6486/6486 6487/6487 6488/6488
f 6487/6487 6489/6489 6488/6488
f 2861/2861 2860/2860 6490/6490
f 6491/6491 6492/6492 6493/6493
f 6494/6494 6495/6495 6496/6496
f 6497/6497 6498/6498 6499/6499
f 6497/6497 6500/6500 6498/6498
f 6501/6501 6502/6502 6503/6503
f 6501/6501 6504/6504 6502/6502
f 6505/6505 6506/6506 6507/6507
f 6505/6505 6508/6508 6506/6506
f 6509/6509 2957/2957 2956/2956
f 6510/6510 6511/6511 6512/6512
f 6510/6510 6513/6513 6511/6511
f 6514/6514 6515/6515 6516/6516
f 6515/6515 6517/6517 6516/6516
f 6518/6518 6519/6519 6520/6520
f 6521/6521 6522/6522 6523/6523
f 6522/6522 6524/6524 6523/6523
f 6525/6525 6526/6526 6527/6527
f 6525/6525 6528/6528 6526/6526
f 6528/6528 6529/6529 6526/6526
f 6530/6530 6531/6531 6532/6532
f 6531/6531 6533/6533 6532/6532
f 6534/6534 6535/6535 6536/6536
f 6537/6537 6538/6538 6539/6539
f 6538/6538 6540/6540 6539/6539
f 6541/6541 6542/6542 6543/6543
f 6541/6541 6544/6544 6542/6542
f 6541/6541 6545/6545 6544/6544
f 6546/6546 6547/6547 6548/6548
f 6542/6542 6549/6549 6543/6543
f 6546/6546 6550/6550 6547/6547
f 6546/6546 6551/6551 6550/6550
f 4354/4354 4356/4356 6552/6552
f 6553/6553 6554/6554 6555/6555
f 6554/6554 6556/6556 6555/6555
f 6556/6556 6557/6557 6555/6555

