# https://github.com/mikedh/trimesh
mtllib material.mtl

o tripo_mesh_2aa97681-c43c-4500-be37-71b6f4e17877
usemtl material_0
v 0.00315068 0.00000000 0.04041096
v 0.00383562 0.00000000 0.04273973
v 0.00356164 0.00041096 0.04287671
v 0.00506849 0.00000000 0.04493151
v 0.00356164 0.00041096 0.04287671
v 0.00356164 0.00493151 0.04287671
v 0.00273973 0.00493151 0.04041096
v 0.00479452 0.00041096 0.04520548
v 0.00356164 0.00041096 0.04287671
v 0.00273973 0.00041096 0.04041096
v 0.00315068 0.00000000 0.04041096
v 0.00273973 0.00041096 0.04041096
v 0.00479452 0.00041096 0.04520548
v 0.00383562 0.00000000 0.04273973
v 0.04027397 0.00000000 0.04041096
v 0.03835616 0.00000000 0.04493151
v 0.03945205 0.00000000 0.04273973
v 0.03835616 0.00000000 0.04493151
v 0.00383562 0.00000000 0.04273973
v 0.04027397 0.00000000 0.04041096
v 0.00356164 0.00493151 0.04287671
v 0.00383562 0.00534247 0.04273973
v 0.00315068 0.00534247 0.04041096
v 0.00479452 0.00493151 0.04520548
v 0.00273973 0.00493151 0.04041096
v 0.00479452 0.00493151 0.04520548
v 0.03945205 0.00534247 0.04273973
v 0.00315068 0.00534247 0.04041096
v 0.00383562 0.00534247 0.04273973
v 0.00506849 0.00534247 0.04493151
v 0.00506849 0.00534247 0.04493151
v 0.00260274 0.00000000 0.03794521
v 0.00232877 0.00041096 0.03794521
v 0.00232877 0.00493151 0.03794521
v 0.00246575 0.00000000 0.03534247
v 0.00205479 0.00493151 0.03534247
v 0.00205479 0.00041096 0.03534247
v 0.00232877 0.00493151 0.03794521
v 0.04095890 0.00000000 0.03534247
v 0.04068493 0.00000000 0.03794521
v 0.04027397 0.00000000 0.04041096
v 0.00260274 0.00000000 0.03794521
v 0.04095890 0.00000000 0.03534247
v 0.00232877 0.00493151 0.03794521
v 0.00273973 0.00493151 0.04041096
v 0.00315068 0.00534247 0.04041096
v 0.00260274 0.00534247 0.03794521
v 0.00260274 0.00534247 0.03794521
v 0.04068493 0.00534247 0.03794521
v 0.00260274 0.00534247 0.03794521
v 0.00315068 0.00534247 0.04041096
v 0.00315068 0.00534247 0.04041096
v 0.03945205 0.00534247 0.04273973
v 0.04027397 0.00534247 0.04041096
v 0.00315068 0.00534247 0.04041096
v 0.04027397 0.00534247 0.04041096
v 0.04068493 0.00534247 0.03794521
v 0.00246575 0.00534247 0.03534247
v 0.00246575 0.00534247 0.03534247
v 0.00205479 0.00041096 0.03534247
v 0.00232877 0.00041096 0.03287671
v 0.00260274 0.00000000 0.03287671
v 0.00232877 0.00493151 0.03287671
v 0.00246575 0.00000000 0.03534247
v 0.00205479 0.00493151 0.03534247
v 0.00273973 0.00041096 0.03027397
v 0.00273973 0.00493151 0.03027397
v 0.04068493 0.00000000 0.03287671
v 0.04068493 0.00000000 0.03287671
v 0.04095890 0.00000000 0.03534247
v 0.00246575 0.00000000 0.03534247
v 0.00315068 0.00000000 0.03041096
v 0.00246575 0.00534247 0.03534247
v 0.00232877 0.00493151 0.03287671
v 0.00205479 0.00493151 0.03534247
v 0.00260274 0.00534247 0.03287671
v 0.00273973 0.00493151 0.03027397
v 0.04095890 0.00534247 0.03534247
v 0.00246575 0.00534247 0.03534247
v 0.04095890 0.00534247 0.03534247
v 0.00315068 0.00534247 0.03041096
v 0.04068493 0.00534247 0.03287671
v 0.00260274 0.00534247 0.03287671
v 0.04095890 0.00534247 0.03534247
v 0.04068493 0.00534247 0.03287671
v 0.00383562 0.00000000 0.02794521
v 0.00356164 0.00493151 0.02794521
v 0.00356164 0.00041096 0.02794521
v 0.00315068 0.00000000 0.03041096
v 0.00383562 0.00000000 0.02794521
v 0.03945205 0.00000000 0.02794521
v 0.04027397 0.00000000 0.03041096
v 0.04068493 0.00000000 0.03287671
v 0.00315068 0.00000000 0.03041096
v 0.03945205 0.00000000 0.02794521
v 0.00383562 0.00534247 0.02794521
v 0.00383562 0.00534247 0.02794521
v 0.04027397 0.00534247 0.03041096
v 0.00383562 0.00534247 0.02794521
v 0.00315068 0.00534247 0.03041096
v 0.00315068 0.00534247 0.03041096
v 0.04068493 0.00534247 0.03287671
v 0.04027397 0.00534247 0.03041096
v 0.00616438 0.00041096 0.04726027
v 0.00643836 0.00000000 0.04712329
v 0.00780822 0.00041096 0.04917808
v 0.00616438 0.00041096 0.04726027
v 0.00780822 0.00041096 0.04917808
v 0.00616438 0.00493151 0.04726027
v 0.00808219 0.00000000 0.04904110
v 0.03698630 0.00000000 0.04712329
v 0.03835616 0.00000000 0.04493151
v 0.03698630 0.00000000 0.04712329
v 0.00643836 0.00000000 0.04712329
v 0.00780822 0.00041096 0.04917808
v 0.00808219 0.00000000 0.04904110
v 0.00972603 0.00041096 0.05082192
v 0.00780822 0.00493151 0.04917808
v 0.00972603 0.00041096 0.05082192
v 0.01000000 0.00000000 0.05068493
v 0.03534247 0.00000000 0.04904110
v 0.03698630 0.00000000 0.04712329
v 0.03534247 0.00000000 0.04904110
v 0.00808219 0.00000000 0.04904110
v 0.00808219 0.00534247 0.04904110
v 0.00643836 0.00534247 0.04712329
v 0.00643836 0.00534247 0.04712329
v 0.00808219 0.00534247 0.04904110
v 0.03534247 0.00534247 0.04904110
v 0.00643836 0.00534247 0.04712329
v 0.03698630 0.00534247 0.04712329
v 0.00643836 0.00534247 0.04712329
v 0.03534247 0.00534247 0.04904110
v 0.03698630 0.00534247 0.04712329
v 0.00972603 0.00493151 0.05082192
v 0.01000000 0.00534247 0.05068493
v 0.00808219 0.00534247 0.04904110
v 0.01000000 0.00534247 0.05068493
v 0.03342466 0.00534247 0.05068493
v 0.00808219 0.00534247 0.04904110
v 0.03342466 0.00534247 0.05068493
v 0.03534247 0.00534247 0.04904110
v 0.01000000 0.00000000 0.05068493
v 0.01205479 0.00000000 0.05205479
v 0.01191781 0.00041096 0.05232877
v 0.03123288 0.00000000 0.05205479
v 0.03342466 0.00000000 0.05068493
v 0.03123288 0.00000000 0.05205479
v 0.01000000 0.00000000 0.05068493
v 0.03534247 0.00000000 0.04904110
v 0.01424658 0.00000000 0.05315068
v 0.01191781 0.00493151 0.05232877
v 0.01424658 0.00041096 0.05342466
v 0.02904110 0.00000000 0.05315068
v 0.03123288 0.00000000 0.05205479
v 0.02904110 0.00000000 0.05315068
v 0.01205479 0.00000000 0.05205479
v 0.01205479 0.00534247 0.05205479
v 0.01000000 0.00534247 0.05068493
v 0.01205479 0.00534247 0.05205479
v 0.03123288 0.00534247 0.05205479
v 0.01000000 0.00534247 0.05068493
v 0.03123288 0.00534247 0.05205479
v 0.03342466 0.00534247 0.05068493
v 0.01424658 0.00534247 0.05315068
v 0.01424658 0.00493151 0.05342466
v 0.02904110 0.00534247 0.05315068
v 0.01205479 0.00534247 0.05205479
v 0.02904110 0.00534247 0.05315068
v 0.01917808 0.00041096 0.05479452
v 0.01917808 0.00000000 0.05438356
v 0.02164384 0.00041096 0.05493151
v 0.01671233 0.00000000 0.05397260
v 0.01917808 0.00000000 0.05438356
v 0.01917808 0.00041096 0.05479452
v 0.01917808 0.00493151 0.05479452
v 0.01917808 0.00493151 0.05479452
v 0.01657534 0.00493151 0.05424658
v 0.01657534 0.00041096 0.05424658
v 0.02164384 0.00000000 0.05465753
v 0.02424658 0.00000000 0.05438356
v 0.01671233 0.00000000 0.05397260
v 0.02671233 0.00000000 0.05397260
v 0.02424658 0.00041096 0.05479452
v 0.02164384 0.00493151 0.05493151
v 0.01917808 0.00534247 0.05438356
v 0.01917808 0.00534247 0.05438356
v 0.02164384 0.00534247 0.05465753
v 0.02424658 0.00534247 0.05438356
v 0.01671233 0.00534247 0.05397260
v 0.02671233 0.00534247 0.05397260
v 0.01671233 0.00534247 0.05397260
v 0.02424658 0.00493151 0.05479452
v 0.01424658 0.00000000 0.05315068
v 0.01424658 0.00534247 0.05315068
v 0.01301370 0.02150685 0.04767123
v 0.01287671 0.02260274 0.04890411
v 0.01164384 0.02273973 0.04657534
v 0.01410959 0.02068493 0.04849315
v 0.01301370 0.02150685 0.04767123
v 0.01164384 0.02273973 0.04657534
v 0.01246575 0.02191781 0.04561644
v 0.01342466 0.02109589 0.04657534
v 0.01438356 0.02041096 0.04780822
v 0.01410959 0.02068493 0.04849315
v 0.01150685 0.02397260 0.04767123
v 0.01191781 0.02534247 0.04863014
v 0.01000000 0.02561644 0.04602740
v 0.01000000 0.02561644 0.04602740
v 0.01191781 0.02534247 0.04863014
v 0.01054795 0.02726027 0.04712329
v 0.01013699 0.02424658 0.04506849
v 0.01150685 0.02397260 0.04767123
v 0.00890411 0.02753425 0.04397260
v 0.00917808 0.02561644 0.04328767
v 0.01356164 0.02369863 0.04972603
v 0.01424658 0.02136986 0.04958904
v 0.01493151 0.02219178 0.05027397
v 0.01178082 0.02863014 0.04794521
v 0.01301370 0.02671233 0.04931507
v 0.01178082 0.02863014 0.04794521
v 0.01013699 0.02424658 0.04506849
v 0.01109589 0.02328767 0.04424658
v 0.01109589 0.02328767 0.04424658
v 0.01164384 0.02273973 0.04657534
v 0.01424658 0.02109589 0.04589041
v 0.01301370 0.02232877 0.04424658
v 0.01068493 0.03054795 0.04602740
v 0.00945205 0.02931507 0.04493151
v 0.01315068 0.03041096 0.04739726
v 0.01219178 0.03191781 0.04616438
v 0.01027397 0.03232877 0.04424658
v 0.01452055 0.02767123 0.04917808
v 0.01452055 0.02479452 0.05013699
v 0.01575342 0.02575342 0.05000000
v 0.01356164 0.02945205 0.04821918
v 0.01452055 0.02767123 0.04917808
v 0.01369863 0.03178082 0.04575342
v 0.01219178 0.03191781 0.04616438
v 0.01315068 0.03041096 0.04739726
v 0.01356164 0.02945205 0.04821918
v 0.01438356 0.03068493 0.04671233
v 0.01260274 0.03342466 0.04410959
v 0.01150685 0.03397260 0.04328767
v 0.01219178 0.03191781 0.04616438
v 0.01260274 0.03342466 0.04410959
v 0.01150685 0.03397260 0.04328767
v 0.01671233 0.01986301 0.05000000
v 0.01602740 0.02123288 0.05041096
v 0.01575342 0.02054795 0.05000000
v 0.01506849 0.02068493 0.04986301
v 0.01616438 0.02027397 0.04931507
v 0.01589041 0.01958904 0.04945205
v 0.01698630 0.02000000 0.05000000
v 0.01657534 0.02109589 0.05027397
v 0.01684932 0.02191781 0.05054795
v 0.01589041 0.02315068 0.05054795
v 0.01684932 0.02068493 0.04958904
v 0.01753425 0.02054795 0.05000000
v 0.01698630 0.01986301 0.05000000
v 0.01671233 0.01986301 0.04972603
v 0.01698630 0.02000000 0.04986301
v 0.01698630 0.01986301 0.04958904
v 0.01767123 0.02068493 0.05000000
v 0.01753425 0.02041096 0.04986301
v 0.01739726 0.02178082 0.05027397
v 0.01753425 0.02136986 0.04945205
v 0.01780822 0.02054795 0.04986301
v 0.01780822 0.02205479 0.05027397
v 0.01698630 0.02410959 0.05027397
v 0.01767123 0.02287671 0.05027397
v 0.01835616 0.02356164 0.04945205
v 0.01780822 0.02260274 0.05000000
v 0.01780822 0.02465753 0.04931507
v 0.01712329 0.02616438 0.04890411
v 0.01630137 0.02780822 0.04835616
v 0.01479452 0.02013699 0.04890411
v 0.01506849 0.02000000 0.04835616
v 0.01479452 0.02013699 0.04890411
v 0.01561644 0.02013699 0.04794521
v 0.01493151 0.02054795 0.04698630
v 0.01561644 0.01945205 0.04931507
v 0.01575342 0.01945205 0.04917808
v 0.01575342 0.01945205 0.04917808
v 0.01561644 0.01945205 0.04931507
v 0.01479452 0.02013699 0.04890411
v 0.01561644 0.02095890 0.04657534
v 0.01506849 0.02136986 0.04547945
v 0.01452055 0.02191781 0.04452055
v 0.01602740 0.02054795 0.04767123
v 0.01589041 0.01931507 0.04945205
v 0.01589041 0.01958904 0.04945205
v 0.01602740 0.01945205 0.04931507
v 0.01589041 0.01945205 0.04917808
v 0.01602740 0.01945205 0.04931507
v 0.01589041 0.01945205 0.04917808
v 0.01616438 0.02027397 0.04863014
v 0.01684932 0.02068493 0.04835616
v 0.01698630 0.02054795 0.04890411
v 0.01767123 0.02041096 0.04972603
v 0.01753425 0.02109589 0.04849315
v 0.01767123 0.02123288 0.04876712
v 0.01821918 0.02150685 0.04945205
v 0.01821918 0.02150685 0.04972603
v 0.01657534 0.02109589 0.04753425
v 0.01794521 0.02164384 0.04835616
v 0.01835616 0.02150685 0.04931507
v 0.01726027 0.02164384 0.04767123
v 0.01630137 0.02150685 0.04657534
v 0.01602740 0.02205479 0.04534247
v 0.01698630 0.02219178 0.04671233
v 0.01780822 0.02205479 0.04780822
v 0.01808219 0.02479452 0.04808219
v 0.01780822 0.02602740 0.04753425
v 0.01739726 0.02726027 0.04684932
v 0.01739726 0.02356164 0.04589041
v 0.01780822 0.02287671 0.04698630
v 0.01671233 0.02273973 0.04547945
v 0.01808219 0.02410959 0.04698630
v 0.01794521 0.02452055 0.04657534
v 0.01726027 0.02424658 0.04506849
v 0.01767123 0.02479452 0.04589041
v 0.01780822 0.02273973 0.04575342
v 0.01972603 0.02479452 0.04630137
v 0.01575342 0.02219178 0.04506849
v 0.01972603 0.02684932 0.04643836
v 0.01780822 0.02698630 0.04616438
v 0.01602740 0.02712329 0.04561644
v 0.01575342 0.02506849 0.04534247
v 0.01767123 0.02547945 0.04589041
v 0.01753425 0.02630137 0.04534247
v 0.01835616 0.02178082 0.04958904
v 0.01808219 0.02246575 0.04904110
v 0.01849315 0.02150685 0.04958904
v 0.01849315 0.02178082 0.04931507
v 0.01808219 0.02232877 0.04849315
v 0.01808219 0.02246575 0.04794521
v 0.01821918 0.02068493 0.04561644
v 0.01986301 0.02082192 0.04589041
v 0.01972603 0.02287671 0.04616438
v 0.01876712 0.01890411 0.04547945
v 0.01698630 0.02054795 0.04520548
v 0.01712329 0.01876712 0.04520548
v 0.02013699 0.01890411 0.04575342
v 0.02164384 0.02082192 0.04602740
v 0.02164384 0.02287671 0.04630137
v 0.02164384 0.01890411 0.04575342
v 0.02000000 0.01698630 0.04534247
v 0.02315068 0.01890411 0.04575342
v 0.02164384 0.01671233 0.04534247
v 0.02342466 0.01698630 0.04534247
v 0.02342466 0.01698630 0.04534247
v 0.02315068 0.01890411 0.04575342
v 0.02164384 0.01890411 0.04575342
v 0.02342466 0.02082192 0.04589041
v 0.01876712 0.02301370 0.04876712
v 0.01890411 0.02287671 0.04863014
v 0.01821918 0.02410959 0.04835616
v 0.01890411 0.02287671 0.04835616
v 0.01808219 0.02301370 0.04739726
v 0.01904110 0.02301370 0.04849315
v 0.01890411 0.02328767 0.04849315
v 0.01890411 0.02315068 0.04821918
v 0.01821918 0.02369863 0.04739726
v 0.02164384 0.02479452 0.04643836
v 0.02356164 0.02287671 0.04616438
v 0.02164384 0.02684932 0.04657534
v 0.02356164 0.02684932 0.04643836
v 0.02369863 0.02479452 0.04630137
v 0.01561644 0.02917808 0.04767123
v 0.01356164 0.02945205 0.04821918
v 0.01561644 0.02917808 0.04767123
v 0.01684932 0.02849315 0.04616438
v 0.01630137 0.02931507 0.04575342
v 0.01602740 0.02712329 0.04561644
v 0.01630137 0.02931507 0.04575342
v 0.01493151 0.02945205 0.04547945
v 0.01452055 0.02589041 0.04493151
v 0.01479452 0.02726027 0.04520548
v 0.01479452 0.02726027 0.04520548
v 0.01726027 0.02739726 0.04452055
v 0.01602740 0.02986301 0.04534247
v 0.01602740 0.02986301 0.04534247
v 0.01808219 0.03082192 0.04602740
v 0.01630137 0.03109589 0.04575342
v 0.01479452 0.03150685 0.04547945
v 0.01794521 0.02904110 0.04616438
v 0.01808219 0.03082192 0.04602740
v 0.01657534 0.02849315 0.04356164
v 0.01657534 0.02849315 0.04356164
v 0.01684932 0.02849315 0.04616438
v 0.01506849 0.03082192 0.04493151
v 0.01397260 0.03164384 0.04479452
v 0.01643836 0.03397260 0.04698630
v 0.01479452 0.03438356 0.04630137
v 0.01493151 0.03342466 0.04561644
v 0.01342466 0.03383562 0.04479452
v 0.01657534 0.03301370 0.04616438
v 0.01657534 0.03301370 0.04616438
v 0.01493151 0.03342466 0.04561644
v 0.01369863 0.03205479 0.04506849
v 0.01369863 0.03205479 0.04506849
v 0.01479452 0.03438356 0.04630137
v 0.01643836 0.03397260 0.04698630
v 0.01602740 0.03520548 0.04876712
v 0.01328767 0.03479452 0.04534247
v 0.01410959 0.03575342 0.04767123
v 0.01410959 0.03575342 0.04767123
v 0.01821918 0.03273973 0.04643836
v 0.01657534 0.03301370 0.04616438
v 0.01808219 0.03356164 0.04753425
v 0.01794521 0.03479452 0.04931507
v 0.01821918 0.03273973 0.04643836
v 0.01986301 0.02876712 0.04643836
v 0.02164384 0.02876712 0.04657534
v 0.01986301 0.03068493 0.04630137
v 0.02164384 0.03054795 0.04643836
v 0.02356164 0.02876712 0.04643836
v 0.02164384 0.03246575 0.04671233
v 0.02342466 0.03068493 0.04630137
v 0.01986301 0.03438356 0.04972603
v 0.01794521 0.03602740 0.05095890
v 0.02000000 0.03342466 0.04780822
v 0.02164384 0.03438356 0.04972603
v 0.01986301 0.03561644 0.05136986
v 0.02000000 0.03246575 0.04657534
v 0.02000000 0.03246575 0.04657534
v 0.02000000 0.03246575 0.04657534
v 0.02164384 0.03328767 0.04780822
v 0.02164384 0.03438356 0.04972603
v 0.02164384 0.03328767 0.04780822
v 0.02342466 0.03342466 0.04780822
v 0.02164384 0.03547945 0.05136986
v 0.02342466 0.03561644 0.05136986
v 0.02164384 0.03547945 0.05136986
v 0.02342466 0.03438356 0.04972603
v 0.02164384 0.03246575 0.04671233
v 0.02164384 0.03246575 0.04671233
v 0.02328767 0.03246575 0.04657534
v 0.02328767 0.03246575 0.04657534
v 0.00506849 0.00534247 0.04493151
v 0.03698630 0.00534247 0.04712329
v 0.03835616 0.00534247 0.04493151
v 0.03945205 0.00534247 0.04273973
v 0.00890411 0.00561644 0.04287671
v 0.00863014 0.00561644 0.04287671
v 0.00876712 0.00534247 0.04273973
v 0.00821918 0.00561644 0.04150685
v 0.00931507 0.00561644 0.04232877
v 0.00849315 0.00534247 0.04150685
v 0.00945205 0.00534247 0.04191781
v 0.00876712 0.00575342 0.04287671
v 0.00863014 0.00575342 0.04273973
v 0.00931507 0.00630137 0.04219178
v 0.00835616 0.00616438 0.04164384
v 0.00890411 0.00643836 0.04178082
v 0.00863014 0.00534247 0.04000000
v 0.00835616 0.00561644 0.03986301
v 0.00863014 0.00657534 0.04000000
v 0.00945205 0.00698630 0.04041096
v 0.00972603 0.00684932 0.04136986
v 0.00931507 0.00534247 0.03863014
v 0.01013699 0.00534247 0.04136986
v 0.00945205 0.00534247 0.04191781
v 0.00863014 0.00534247 0.04000000
v 0.00931507 0.00534247 0.03863014
v 0.00835616 0.00561644 0.03986301
v 0.00863014 0.00657534 0.04000000
v 0.00890411 0.00575342 0.03835616
v 0.00931507 0.00534247 0.03863014
v 0.00917808 0.00671233 0.03821918
v 0.00945205 0.00698630 0.04041096
v 0.01000000 0.00739726 0.03863014
v 0.01027397 0.00534247 0.03643836
v 0.00931507 0.00534247 0.03863014
v 0.00890411 0.00575342 0.03835616
v 0.00917808 0.00671233 0.03821918
v 0.00986301 0.00575342 0.03630137
v 0.00958904 0.00547945 0.04356164
v 0.00931507 0.00547945 0.04342466
v 0.00958904 0.00534247 0.04342466
v 0.00931507 0.00561644 0.04232877
v 0.01041096 0.00561644 0.04273973
v 0.01068493 0.00534247 0.04246575
v 0.00958904 0.00547945 0.04356164
v 0.00945205 0.00561644 0.04342466
v 0.00931507 0.00547945 0.04342466
v 0.00958904 0.00561644 0.04356164
v 0.01000000 0.00657534 0.04232877
v 0.00958904 0.00561644 0.04356164
v 0.01054795 0.00630137 0.04273973
v 0.01054795 0.00630137 0.04273973
v 0.01054795 0.00561644 0.04369863
v 0.01027397 0.00561644 0.04356164
v 0.01041096 0.00534247 0.04356164
v 0.01136986 0.00534247 0.04273973
v 0.01041096 0.00575342 0.04356164
v 0.01150685 0.00616438 0.04301370
v 0.01164384 0.00561644 0.04287671
v 0.01109589 0.00643836 0.04287671
v 0.01219178 0.00534247 0.04150685
v 0.01123288 0.00684932 0.04205479
v 0.01068493 0.00712329 0.04095890
v 0.01068493 0.00712329 0.04095890
v 0.01246575 0.00657534 0.04178082
v 0.01287671 0.00534247 0.04000000
v 0.01246575 0.00575342 0.04164384
v 0.01328767 0.00589041 0.04013699
v 0.01246575 0.00657534 0.04178082
v 0.01246575 0.00575342 0.04164384
v 0.01287671 0.00534247 0.04000000
v 0.01178082 0.00698630 0.04136986
v 0.01178082 0.00698630 0.04136986
v 0.01328767 0.00684932 0.03986301
v 0.01191781 0.00753425 0.03945205
v 0.01273973 0.00739726 0.03972603
v 0.01191781 0.00753425 0.03945205
v 0.01178082 0.00698630 0.04136986
v 0.01273973 0.00739726 0.03972603
v 0.01068493 0.00712329 0.04095890
v 0.01068493 0.00753425 0.03890411
v 0.01136986 0.00767123 0.03917808
v 0.01219178 0.00808219 0.03712329
v 0.01136986 0.00835616 0.04000000
v 0.01027397 0.00849315 0.03972603
v 0.01109589 0.00931507 0.04205479
v 0.01164384 0.00794521 0.03684932
v 0.00931507 0.00876712 0.03904110
v 0.00958904 0.00972603 0.04150685
v 0.00835616 0.01013699 0.04041096
v 0.01369863 0.00534247 0.03780822
v 0.00931507 0.00534247 0.03863014
v 0.01369863 0.00534247 0.03780822
v 0.01109589 0.00794521 0.03575342
v 0.01000000 0.00684932 0.03602740
v 0.01123288 0.00780822 0.03493151
v 0.01109589 0.00794521 0.03575342
v 0.01123288 0.00794521 0.03630137
v 0.01410959 0.00589041 0.03794521
v 0.01287671 0.00794521 0.03726027
v 0.01246575 0.00821918 0.04013699
v 0.01246575 0.00904110 0.04205479
v 0.01356164 0.00808219 0.03972603
v 0.01397260 0.00876712 0.04164384
v 0.01328767 0.00684932 0.03986301
v 0.01397260 0.00794521 0.03671233
v 0.01356164 0.00794521 0.03712329
v 0.01410959 0.00589041 0.03794521
v 0.01424658 0.00671233 0.03767123
v 0.01438356 0.00794521 0.03616438
v 0.00794521 0.01191781 0.04164384
v 0.00794521 0.01397260 0.04246575
v 0.00671233 0.01465753 0.04054795
v 0.00945205 0.01328767 0.04369863
v 0.00684932 0.01260274 0.03986301
v 0.00794521 0.01191781 0.04164384
v 0.00931507 0.01123288 0.04287671
v 0.00684932 0.01260274 0.03986301
v 0.00931507 0.01123288 0.04287671
v 0.00835616 0.01589041 0.04260274
v 0.01000000 0.01534247 0.04383562
v 0.00726027 0.01657534 0.04082192
v 0.00890411 0.01835616 0.04232877
v 0.01068493 0.01767123 0.04369863
v 0.00753425 0.01082192 0.03890411
v 0.00643836 0.01342466 0.03780822
v 0.00643836 0.01342466 0.03780822
v 0.00712329 0.01136986 0.03712329
v 0.00863014 0.00917808 0.03767123
v 0.00849315 0.00958904 0.03630137
v 0.00712329 0.01136986 0.03712329
v 0.00643836 0.01410959 0.03575342
v 0.00739726 0.01178082 0.03534247
v 0.00849315 0.00958904 0.03630137
v 0.00671233 0.01684932 0.03945205
v 0.00630137 0.01547945 0.03849315
v 0.00671233 0.01821918 0.03643836
v 0.00808219 0.01863014 0.04082192
v 0.00712329 0.01849315 0.03904110
v 0.01109589 0.01068493 0.04342466
v 0.01273973 0.01013699 0.04356164
v 0.01136986 0.01260274 0.04438356
v 0.01109589 0.01068493 0.04342466
v 0.01273973 0.01013699 0.04356164
v 0.01301370 0.01164384 0.04452055
v 0.01452055 0.01054795 0.04410959
v 0.01424658 0.00958904 0.04315068
v 0.01424658 0.00958904 0.04315068
v 0.01452055 0.01054795 0.04410959
v 0.01273973 0.01013699 0.04356164
v 0.01342466 0.01369863 0.04506849
v 0.01178082 0.01452055 0.04452055
v 0.01506849 0.01232877 0.04520548
v 0.01273973 0.01684932 0.04452055
v 0.01410959 0.01630137 0.04506849
v 0.01520548 0.01904110 0.04465753
v 0.01328767 0.01986301 0.04383562
v 0.01095890 0.00575342 0.03438356
v 0.01136986 0.00534247 0.03452055
v 0.01109589 0.00684932 0.03424658
v 0.00849315 0.00958904 0.03630137
v 0.01191781 0.00575342 0.03287671
v 0.01150685 0.00780822 0.03424658
v 0.01191781 0.00671233 0.03287671
v 0.00876712 0.00986301 0.03479452
v 0.01232877 0.00534247 0.03301370
v 0.01479452 0.00534247 0.03410959
v 0.01438356 0.00534247 0.03575342
v 0.01287671 0.00589041 0.03164384
v 0.01287671 0.00657534 0.03178082
v 0.01315068 0.00534247 0.03191781
v 0.01506849 0.00534247 0.03273973
v 0.01219178 0.00767123 0.03315068
v 0.00972603 0.00986301 0.03328767
v 0.01287671 0.00767123 0.03246575
v 0.01068493 0.00986301 0.03191781
v 0.01328767 0.00767123 0.03205479
v 0.01191781 0.00972603 0.03109589
v 0.01342466 0.00589041 0.03109589
v 0.01493151 0.00534247 0.03191781
v 0.01369863 0.00534247 0.03136986
v 0.01342466 0.00657534 0.03123288
v 0.01315068 0.00931507 0.03082192
v 0.01383562 0.00767123 0.03178082
v 0.00876712 0.00986301 0.03479452
v 0.00835616 0.01205479 0.03328767
v 0.00835616 0.01205479 0.03328767
v 0.00739726 0.01424658 0.03328767
v 0.00876712 0.01410959 0.03095890
v 0.00876712 0.01410959 0.03095890
v 0.00958904 0.01191781 0.03150685
v 0.00712329 0.01767123 0.03342466
v 0.00863014 0.01698630 0.03054795
v 0.00863014 0.01698630 0.03054795
v 0.01068493 0.01575342 0.02849315
v 0.01068493 0.01356164 0.02958904
v 0.00890411 0.01958904 0.03013699
v 0.01068493 0.01575342 0.02849315
v 0.01109589 0.01150685 0.03041096
v 0.01287671 0.01054795 0.03013699
v 0.01164384 0.01273973 0.02931507
v 0.01438356 0.00945205 0.03068493
v 0.01438356 0.00876712 0.03109589
v 0.01273973 0.01219178 0.02917808
v 0.01465753 0.01041096 0.02986301
v 0.01342466 0.01315068 0.02780822
v 0.01520548 0.01095890 0.02876712
v 0.01342466 0.01315068 0.02780822
v 0.01520548 0.01095890 0.02876712
v 0.01273973 0.01219178 0.02917808
v 0.01068493 0.01575342 0.02849315
v 0.00890411 0.01958904 0.03013699
v 0.01164384 0.01821918 0.02698630
v 0.01424658 0.01424658 0.02671233
v 0.01068493 0.01575342 0.02849315
v 0.01164384 0.01821918 0.02698630
v 0.01452055 0.00794521 0.03904110
v 0.01506849 0.00835616 0.04041096
v 0.01589041 0.00808219 0.03890411
v 0.01630137 0.00835616 0.03958904
v 0.01575342 0.00917808 0.04219178
v 0.01506849 0.00794521 0.03794521
v 0.01410959 0.00589041 0.03794521
v 0.01479452 0.00589041 0.03589041
v 0.01424658 0.00671233 0.03767123
v 0.01493151 0.00671233 0.03575342
v 0.01438356 0.00794521 0.03616438
v 0.01630137 0.00794521 0.03739726
v 0.01561644 0.00780822 0.03684932
v 0.01712329 0.00821918 0.03849315
v 0.01671233 0.00863014 0.04013699
v 0.01890411 0.00917808 0.03986301
v 0.01753425 0.00945205 0.04136986
v 0.01657534 0.00780822 0.03602740
v 0.01630137 0.00794521 0.03739726
v 0.01561644 0.00780822 0.03684932
v 0.01561644 0.00780822 0.03684932
v 0.01397260 0.00794521 0.03671233
v 0.01589041 0.00767123 0.03575342
v 0.01589041 0.00767123 0.03575342
v 0.01684932 0.00794521 0.03726027
v 0.01684932 0.00794521 0.03726027
v 0.01739726 0.00794521 0.03684932
v 0.01821918 0.00794521 0.03643836
v 0.01739726 0.00794521 0.03684932
v 0.01739726 0.00780822 0.03520548
v 0.01821918 0.00794521 0.03643836
v 0.01657534 0.01068493 0.04410959
v 0.01506849 0.01232877 0.04520548
v 0.01575342 0.00917808 0.04219178
v 0.01657534 0.01068493 0.04410959
v 0.01753425 0.01246575 0.04506849
v 0.01575342 0.01479452 0.04547945
v 0.01397260 0.00876712 0.04164384
v 0.01849315 0.01041096 0.04232877
v 0.01753425 0.01246575 0.04506849
v 0.01657534 0.01068493 0.04410959
v 0.01753425 0.00945205 0.04136986
v 0.01863014 0.01383562 0.04493151
v 0.01958904 0.01095890 0.04260274
v 0.01958904 0.01095890 0.04260274
v 0.01712329 0.01739726 0.04520548
v 0.02000000 0.01698630 0.04534247
v 0.01712329 0.01739726 0.04520548
v 0.01712329 0.01876712 0.04520548
v 0.01986301 0.00945205 0.04000000
v 0.02054795 0.01123288 0.04260274
v 0.02013699 0.01410959 0.04465753
v 0.02054795 0.01123288 0.04260274
v 0.02164384 0.01136986 0.04246575
v 0.02164384 0.01410959 0.04452055
v 0.02082192 0.00958904 0.04000000
v 0.02164384 0.01136986 0.04246575
v 0.02273973 0.01123288 0.04260274
v 0.02164384 0.00958904 0.04000000
v 0.02260274 0.00958904 0.04000000
v 0.02260274 0.00958904 0.04000000
v 0.02273973 0.01123288 0.04260274
v 0.02164384 0.01136986 0.04246575
v 0.02164384 0.01671233 0.04534247
v 0.02315068 0.01410959 0.04465753
v 0.02164384 0.01410959 0.04452055
v 0.02315068 0.01410959 0.04465753
v 0.02164384 0.01671233 0.04534247
v 0.02315068 0.01410959 0.04465753
v 0.02342466 0.01698630 0.04534247
v 0.02000000 0.00849315 0.03657534
v 0.01904110 0.00821918 0.03657534
v 0.02082192 0.00849315 0.03657534
v 0.02164384 0.00849315 0.03657534
v 0.01520548 0.00589041 0.03424658
v 0.01479452 0.00780822 0.03547945
v 0.01534247 0.00671233 0.03438356
v 0.01506849 0.00780822 0.03438356
v 0.01602740 0.00753425 0.03452055
v 0.01547945 0.00589041 0.03260274
v 0.01547945 0.00589041 0.03191781
v 0.01561644 0.00657534 0.03260274
v 0.01547945 0.00657534 0.03205479
v 0.01520548 0.00767123 0.03315068
v 0.01506849 0.00767123 0.03260274
v 0.01589041 0.00767123 0.03287671
v 0.01520548 0.00821918 0.03164384
v 0.01479452 0.00767123 0.03219178
v 0.01657534 0.00780822 0.03452055
v 0.01657534 0.00780822 0.03452055
v 0.01671233 0.00780822 0.03465753
v 0.01712329 0.00808219 0.03301370
v 0.01657534 0.00808219 0.03287671
v 0.01794521 0.00808219 0.03301370
v 0.01630137 0.00780822 0.03287671
v 0.01657534 0.00808219 0.03287671
v 0.01547945 0.00849315 0.03150685
v 0.01630137 0.00904110 0.03109589
v 0.01712329 0.00808219 0.03301370
v 0.01589041 0.00890411 0.03136986
v 0.01698630 0.00917808 0.03068493
v 0.01698630 0.00917808 0.03068493
v 0.01410959 0.00589041 0.03082192
v 0.01452055 0.00534247 0.03150685
v 0.01397260 0.00657534 0.03095890
v 0.01465753 0.00589041 0.03095890
v 0.01465753 0.00657534 0.03109589
v 0.01520548 0.00589041 0.03136986
v 0.01520548 0.00657534 0.03150685
v 0.01438356 0.00767123 0.03191781
v 0.01876712 0.00821918 0.03301370
v 0.01904110 0.00821918 0.03657534
v 0.01972603 0.00863014 0.03301370
v 0.02000000 0.00849315 0.03657534
v 0.01794521 0.00945205 0.03027397
v 0.02082192 0.00849315 0.03657534
v 0.02068493 0.00904110 0.03301370
v 0.01904110 0.00986301 0.02986301
v 0.01972603 0.00863014 0.03301370
v 0.01794521 0.00945205 0.03027397
v 0.01904110 0.00986301 0.02986301
v 0.02164384 0.00890411 0.03301370
v 0.02164384 0.00849315 0.03657534
v 0.02164384 0.00849315 0.03657534
v 0.02164384 0.00890411 0.03301370
v 0.02246575 0.00863014 0.03657534
v 0.02246575 0.00863014 0.03657534
v 0.01698630 0.00917808 0.03068493
v 0.01616438 0.01136986 0.02780822
v 0.02164384 0.01027397 0.02958904
v 0.02164384 0.00890411 0.03301370
v 0.02068493 0.00904110 0.03301370
v 0.02027397 0.01013699 0.02958904
v 0.02260274 0.00904110 0.03301370
v 0.02260274 0.00904110 0.03301370
v 0.02246575 0.00863014 0.03657534
v 0.02164384 0.00890411 0.03301370
v 0.01767123 0.01191781 0.02726027
v 0.02164384 0.01246575 0.02684932
v 0.01958904 0.01232877 0.02684932
v 0.02301370 0.01013699 0.02958904
v 0.02301370 0.01013699 0.02958904
v 0.02164384 0.01027397 0.02958904
v 0.01013699 0.02082192 0.04191781
v 0.01164384 0.02041096 0.04301370
v 0.00876712 0.02109589 0.04027397
v 0.00794521 0.02109589 0.03849315
v 0.00753425 0.02082192 0.03630137
v 0.00849315 0.02315068 0.03849315
v 0.00931507 0.02301370 0.04027397
v 0.00849315 0.02315068 0.03849315
v 0.00876712 0.02109589 0.04027397
v 0.01013699 0.02082192 0.04191781
v 0.00794521 0.02109589 0.03849315
v 0.00808219 0.02328767 0.03643836
v 0.00808219 0.02328767 0.03643836
v 0.00904110 0.02520548 0.03890411
v 0.00849315 0.02602740 0.03657534
v 0.01164384 0.02041096 0.04301370
v 0.01054795 0.02273973 0.04178082
v 0.01191781 0.02246575 0.04301370
v 0.01164384 0.02041096 0.04301370
v 0.01328767 0.01986301 0.04383562
v 0.01356164 0.02246575 0.04410959
v 0.01520548 0.01904110 0.04465753
v 0.01191781 0.02246575 0.04301370
v 0.01013699 0.02438356 0.04287671
v 0.01164384 0.02383562 0.04260274
v 0.01301370 0.02232877 0.04424658
v 0.01082192 0.02424658 0.04164384
v 0.00972603 0.02452055 0.04027397
v 0.00958904 0.02547945 0.04164384
v 0.00863014 0.02698630 0.04150685
v 0.01109589 0.02479452 0.04164384
v 0.01054795 0.02547945 0.04082192
v 0.00945205 0.02616438 0.04054795
v 0.01205479 0.02438356 0.04273973
v 0.01219178 0.02506849 0.04219178
v 0.01123288 0.02506849 0.04123288
v 0.01369863 0.02438356 0.04191781
v 0.01287671 0.02520548 0.04123288
v 0.01452055 0.02342466 0.04287671
v 0.01452055 0.02342466 0.04287671
v 0.01328767 0.02589041 0.04287671
v 0.01328767 0.02547945 0.04397260
v 0.01356164 0.02246575 0.04410959
v 0.01424658 0.02753425 0.04342466
v 0.01328767 0.02589041 0.04287671
v 0.01328767 0.02547945 0.04397260
v 0.01328767 0.02547945 0.04397260
v 0.01452055 0.02589041 0.04493151
v 0.01397260 0.02739726 0.04452055
v 0.01123288 0.02506849 0.04123288
v 0.01219178 0.02506849 0.04219178
v 0.01287671 0.02520548 0.04123288
v 0.01054795 0.02547945 0.04082192
v 0.01013699 0.02534247 0.04041096
v 0.01054795 0.02547945 0.04082192
v 0.01410959 0.02602740 0.04136986
v 0.01520548 0.02739726 0.04205479
v 0.01369863 0.02438356 0.04191781
v 0.00945205 0.02616438 0.04054795
v 0.00917808 0.02616438 0.03945205
v 0.00849315 0.02794521 0.03986301
v 0.00917808 0.02616438 0.03945205
v 0.00863014 0.02849315 0.03835616
v 0.00890411 0.02876712 0.03671233
v 0.00890411 0.02876712 0.03671233
v 0.00835616 0.02904110 0.04191781
v 0.00890411 0.03109589 0.04287671
v 0.00835616 0.03041096 0.03972603
v 0.00904110 0.03369863 0.03945205
v 0.01000000 0.03438356 0.04164384
v 0.00876712 0.03136986 0.03739726
v 0.00863014 0.02849315 0.03835616
v 0.00876712 0.03136986 0.03739726
v 0.00890411 0.02876712 0.03671233
v 0.00904110 0.03369863 0.03945205
v 0.00931507 0.03397260 0.03671233
v 0.00917808 0.03178082 0.03589041
v 0.01000000 0.03438356 0.04164384
v 0.01027397 0.03232877 0.04424658
v 0.01136986 0.03479452 0.04260274
v 0.01041096 0.03520548 0.04095890
v 0.00904110 0.03369863 0.03945205
v 0.01232877 0.03424658 0.04383562
v 0.01191781 0.03547945 0.04424658
v 0.01260274 0.03616438 0.04657534
v 0.01260274 0.03342466 0.04424658
v 0.01356164 0.03232877 0.04452055
v 0.01356164 0.03232877 0.04452055
v 0.01260274 0.03342466 0.04424658
v 0.01082192 0.03602740 0.04260274
v 0.01000000 0.03561644 0.03849315
v 0.00931507 0.03397260 0.03671233
v 0.00753425 0.02027397 0.03342466
v 0.00808219 0.02315068 0.03356164
v 0.00753425 0.02082192 0.03630137
v 0.00808219 0.02328767 0.03643836
v 0.00808219 0.02315068 0.03356164
v 0.00753425 0.02027397 0.03342466
v 0.00917808 0.02260274 0.03027397
v 0.00890411 0.01958904 0.03013699
v 0.00849315 0.02602740 0.03657534
v 0.00863014 0.02616438 0.03383562
v 0.00972603 0.02589041 0.03054795
v 0.01027397 0.02890411 0.03109589
v 0.00917808 0.02904110 0.03410959
v 0.01150685 0.02232877 0.02698630
v 0.01164384 0.01821918 0.02698630
v 0.01191781 0.02561644 0.02739726
v 0.01246575 0.02876712 0.02808219
v 0.00958904 0.03219178 0.03438356
v 0.01082192 0.03205479 0.03150685
v 0.01013699 0.03561644 0.03547945
v 0.00958904 0.03219178 0.03438356
v 0.01123288 0.03506849 0.03191781
v 0.01123288 0.03506849 0.03191781
v 0.01301370 0.03178082 0.02863014
v 0.01575342 0.03150685 0.02698630
v 0.01534247 0.02849315 0.02616438
v 0.01342466 0.03493151 0.02945205
v 0.01616438 0.03465753 0.02794521
v 0.01547945 0.02246575 0.04438356
v 0.01643836 0.02342466 0.04452055
v 0.01369863 0.02438356 0.04191781
v 0.01575342 0.02438356 0.04287671
v 0.01506849 0.02547945 0.04178082
v 0.01575342 0.02438356 0.04287671
v 0.01506849 0.02547945 0.04178082
v 0.01684932 0.02547945 0.04369863
v 0.01602740 0.02684932 0.04232877
v 0.01684932 0.02547945 0.04369863
v 0.01602740 0.02684932 0.04232877
v 0.01465753 0.02972603 0.04410959
v 0.01438356 0.02958904 0.04493151
v 0.01561644 0.02917808 0.04328767
v 0.01726027 0.02739726 0.04452055
v 0.01342466 0.03493151 0.02945205
v 0.01369863 0.03753425 0.02986301
v 0.01630137 0.03753425 0.02849315
v 0.01616438 0.03465753 0.02794521
v 0.00342466 0.06260274 0.03643836
v 0.00219178 0.06301370 0.03342466
v 0.00356164 0.06109589 0.03452055
v 0.00356164 0.06109589 0.03452055
v 0.00219178 0.06301370 0.03342466
v 0.00328767 0.06246575 0.03178082
v 0.00479452 0.06082192 0.03739726
v 0.00479452 0.06054795 0.03260274
v 0.00493151 0.05945205 0.03561644
v 0.00479452 0.06054795 0.03260274
v 0.00013699 0.06835616 0.03041096
v 0.00000000 0.06972603 0.02945205
v 0.00013699 0.06945205 0.02890411
v 0.00068493 0.06931507 0.03095890
v 0.00041096 0.06780822 0.02931507
v 0.00054795 0.06643836 0.03109589
v 0.00068493 0.06739726 0.03205479
v 0.00013699 0.06835616 0.03041096
v 0.00068493 0.06931507 0.03095890
v 0.00041096 0.06780822 0.02931507
v 0.00013699 0.07000000 0.02890411
v 0.00041096 0.07000000 0.02945205
v 0.00054795 0.06958904 0.02876712
v 0.00136986 0.06808219 0.02876712
v 0.00082192 0.07000000 0.02904110
v 0.00232877 0.06438356 0.03506849
v 0.00342466 0.06260274 0.03643836
v 0.00123288 0.06465753 0.03219178
v 0.00232877 0.06438356 0.03506849
v 0.00506849 0.06424658 0.03712329
v 0.00369863 0.06575342 0.03561644
v 0.00150685 0.06589041 0.03356164
v 0.00369863 0.06575342 0.03561644
v 0.00205479 0.06424658 0.03082192
v 0.00589041 0.06219178 0.03835616
v 0.00260274 0.06712329 0.03410959
v 0.00150685 0.06835616 0.03246575
v 0.00260274 0.06890411 0.03219178
v 0.00397260 0.06794521 0.03369863
v 0.00534247 0.06671233 0.03520548
v 0.00506849 0.06424658 0.03712329
v 0.00356164 0.06904110 0.03150685
v 0.00260274 0.06890411 0.03219178
v 0.00397260 0.06794521 0.03369863
v 0.00506849 0.06808219 0.03273973
v 0.00506849 0.06808219 0.03273973
v 0.00109589 0.06616438 0.03000000
v 0.00342466 0.06465753 0.03000000
v 0.00328767 0.06246575 0.03178082
v 0.00205479 0.06424658 0.03082192
v 0.00219178 0.06630137 0.02931507
v 0.00109589 0.06616438 0.03000000
v 0.00465753 0.06287671 0.03082192
v 0.00479452 0.06054795 0.03260274
v 0.00315068 0.06698630 0.02917808
v 0.00465753 0.06547945 0.02972603
v 0.00164384 0.06972603 0.03054795
v 0.00232877 0.06958904 0.02972603
v 0.00219178 0.06890411 0.02890411
v 0.00383562 0.06794521 0.02958904
v 0.00397260 0.06863014 0.03041096
v 0.00547945 0.06657534 0.03027397
v 0.00575342 0.06753425 0.03136986
v 0.01273973 0.04082192 0.05027397
v 0.01273973 0.04232877 0.05041096
v 0.01150685 0.04246575 0.04917808
v 0.01397260 0.04082192 0.05136986
v 0.01150685 0.04109589 0.04890411
v 0.01287671 0.03945205 0.04986301
v 0.01424658 0.03945205 0.05109589
v 0.01273973 0.04232877 0.05041096
v 0.01315068 0.04369863 0.05054795
v 0.01191781 0.04383562 0.04931507
v 0.01383562 0.04232877 0.05136986
v 0.01150685 0.04246575 0.04917808
v 0.01383562 0.04232877 0.05136986
v 0.01232877 0.04479452 0.04958904
v 0.01356164 0.04424658 0.05054795
v 0.01410959 0.04356164 0.05136986
v 0.01205479 0.03753425 0.04739726
v 0.01041096 0.03890411 0.04643836
v 0.01068493 0.03808219 0.04589041
v 0.00945205 0.03945205 0.04479452
v 0.01109589 0.03671233 0.04465753
v 0.00986301 0.03808219 0.04328767
v 0.00958904 0.03876712 0.04410959
v 0.01178082 0.03849315 0.04794521
v 0.01041096 0.03890411 0.04643836
v 0.01178082 0.03849315 0.04794521
v 0.01164384 0.03972603 0.04849315
v 0.01164384 0.03972603 0.04849315
v 0.01027397 0.04013699 0.04684932
v 0.01205479 0.03753425 0.04739726
v 0.01328767 0.03821918 0.04945205
v 0.01356164 0.03712329 0.04876712
v 0.01479452 0.03808219 0.05068493
v 0.01260274 0.03616438 0.04657534
v 0.01013699 0.04136986 0.04726027
v 0.01027397 0.04013699 0.04684932
v 0.01013699 0.04136986 0.04726027
v 0.00931507 0.04054795 0.04520548
v 0.01027397 0.04273973 0.04753425
v 0.00931507 0.04301370 0.04575342
v 0.01013699 0.04136986 0.04726027
v 0.00931507 0.04301370 0.04575342
v 0.00931507 0.04178082 0.04547945
v 0.01150685 0.04109589 0.04890411
v 0.00972603 0.04438356 0.04589041
v 0.00972603 0.04438356 0.04589041
v 0.00917808 0.04438356 0.04397260
v 0.00890411 0.04315068 0.04369863
v 0.01054795 0.04410959 0.04767123
v 0.01328767 0.04547945 0.05027397
v 0.01301370 0.04616438 0.05000000
v 0.01301370 0.04602740 0.04945205
v 0.01369863 0.04575342 0.05082192
v 0.01342466 0.04520548 0.04972603
v 0.01369863 0.04493151 0.05054795
v 0.01273973 0.04589041 0.04972603
v 0.01315068 0.04547945 0.05000000
v 0.01369863 0.04534247 0.05027397
v 0.01397260 0.04452055 0.05068493
v 0.01301370 0.04671233 0.04917808
v 0.01301370 0.04616438 0.05000000
v 0.01301370 0.04684932 0.04986301
v 0.01301370 0.04671233 0.04917808
v 0.01342466 0.04671233 0.05041096
v 0.01342466 0.04671233 0.05041096
v 0.00986301 0.04520548 0.04589041
v 0.00986301 0.04520548 0.04589041
v 0.00945205 0.04520548 0.04397260
v 0.01082192 0.04506849 0.04767123
v 0.01027397 0.04657534 0.04589041
v 0.00972603 0.04657534 0.04397260
v 0.00972603 0.04657534 0.04397260
v 0.01109589 0.04657534 0.04753425
v 0.01191781 0.04616438 0.04890411
v 0.01136986 0.04821918 0.04739726
v 0.01219178 0.04780822 0.04863014
v 0.01041096 0.04821918 0.04575342
v 0.00986301 0.04821918 0.04397260
v 0.01315068 0.04808219 0.04945205
v 0.01342466 0.04794521 0.04972603
v 0.01273973 0.04972603 0.04876712
v 0.01164384 0.04986301 0.04726027
v 0.01315068 0.04753425 0.04917808
v 0.01315068 0.04753425 0.04972603
v 0.01356164 0.04835616 0.04931507
v 0.01369863 0.04767123 0.05041096
v 0.01342466 0.04821918 0.04986301
v 0.01397260 0.04876712 0.05000000
v 0.01082192 0.05000000 0.04561644
v 0.01027397 0.04986301 0.04397260
v 0.01178082 0.05150685 0.04684932
v 0.01041096 0.05150685 0.04383562
v 0.01273973 0.05205479 0.04794521
v 0.01369863 0.05191781 0.04890411
v 0.01410959 0.05027397 0.04986301
v 0.01219178 0.05287671 0.04671233
v 0.01356164 0.05301370 0.04821918
v 0.01164384 0.05315068 0.04520548
v 0.01890411 0.04383562 0.05520548
v 0.01753425 0.04342466 0.05438356
v 0.01767123 0.04273973 0.05452055
v 0.01684932 0.04232877 0.05383562
v 0.01780822 0.04219178 0.05452055
v 0.01890411 0.04301370 0.05534247
v 0.01712329 0.04205479 0.05397260
v 0.01876712 0.04452055 0.05479452
v 0.01753425 0.04410959 0.05397260
v 0.01630137 0.04287671 0.05328767
v 0.02054795 0.04205479 0.05506849
v 0.01917808 0.04164384 0.05506849
v 0.01931507 0.04136986 0.05452055
v 0.01835616 0.04150685 0.05397260
v 0.02068493 0.04219178 0.05438356
v 0.01945205 0.04150685 0.05410959
v 0.01904110 0.04219178 0.05520548
v 0.01794521 0.04164384 0.05438356
v 0.01767123 0.04178082 0.05410959
v 0.02041096 0.04232877 0.05547945
v 0.02041096 0.04287671 0.05575342
v 0.02041096 0.04342466 0.05589041
v 0.02164384 0.04328767 0.05589041
v 0.02164384 0.04246575 0.05520548
v 0.02041096 0.04232877 0.05547945
v 0.02164384 0.04273973 0.05575342
v 0.02164384 0.04328767 0.05589041
v 0.02164384 0.04246575 0.05520548
v 0.02164384 0.04356164 0.05602740
v 0.02041096 0.04342466 0.05589041
v 0.02164384 0.04410959 0.05602740
v 0.02041096 0.04397260 0.05575342
v 0.02164384 0.04410959 0.05602740
v 0.02164384 0.04260274 0.05452055
v 0.02164384 0.04260274 0.05452055
v 0.02054795 0.04205479 0.05506849
v 0.02164384 0.04328767 0.05397260
v 0.02068493 0.04219178 0.05438356
v 0.01972603 0.04232877 0.05369863
v 0.02164384 0.04328767 0.05397260
v 0.02301370 0.04342466 0.05589041
v 0.02287671 0.04232877 0.05547945
v 0.02287671 0.04287671 0.05575342
v 0.02273973 0.04205479 0.05506849
v 0.02260274 0.04219178 0.05438356
v 0.02041096 0.04479452 0.05534247
v 0.02041096 0.04547945 0.05438356
v 0.01890411 0.04534247 0.05397260
v 0.02082192 0.04465753 0.05561644
v 0.02123288 0.04438356 0.05575342
v 0.02109589 0.04493151 0.05561644
v 0.02109589 0.04465753 0.05575342
v 0.02164384 0.04561644 0.05465753
v 0.02041096 0.04547945 0.05438356
v 0.02164384 0.04561644 0.05465753
v 0.02164384 0.04602740 0.05410959
v 0.02054795 0.04589041 0.05397260
v 0.02164384 0.04602740 0.05410959
v 0.02109589 0.04465753 0.05575342
v 0.02123288 0.04438356 0.05575342
v 0.02123288 0.04452055 0.05589041
v 0.02164384 0.04438356 0.05589041
v 0.02164384 0.04465753 0.05602740
v 0.02164384 0.04438356 0.05602740
v 0.02136986 0.04479452 0.05575342
v 0.02109589 0.04493151 0.05561644
v 0.02164384 0.04493151 0.05575342
v 0.02164384 0.04493151 0.05561644
v 0.02219178 0.04438356 0.05575342
v 0.02301370 0.04397260 0.05575342
v 0.02205479 0.04452055 0.05589041
v 0.02232877 0.04465753 0.05575342
v 0.02205479 0.04479452 0.05575342
v 0.02219178 0.04493151 0.05561644
v 0.02287671 0.04547945 0.05438356
v 0.01561644 0.03684932 0.05041096
v 0.01630137 0.03794521 0.05164384
v 0.01520548 0.03972603 0.05191781
v 0.01712329 0.03849315 0.05246575
v 0.01767123 0.03890411 0.05301370
v 0.01684932 0.04027397 0.05315068
v 0.01863014 0.03753425 0.05273973
v 0.01808219 0.03684932 0.05191781
v 0.01616438 0.04000000 0.05260274
v 0.01739726 0.04054795 0.05342466
v 0.01821918 0.03931507 0.05342466
v 0.01890411 0.03794521 0.05315068
v 0.01493151 0.04356164 0.05191781
v 0.01479452 0.04246575 0.05205479
v 0.01547945 0.04260274 0.05273973
v 0.01561644 0.04136986 0.05273973
v 0.01561644 0.04369863 0.05246575
v 0.01630137 0.04150685 0.05315068
v 0.01479452 0.04109589 0.05205479
v 0.01410959 0.04356164 0.05136986
v 0.01493151 0.04356164 0.05191781
v 0.01479452 0.04438356 0.05123288
v 0.01561644 0.04369863 0.05246575
v 0.01561644 0.04452055 0.05191781
v 0.01561644 0.04479452 0.05150685
v 0.01684932 0.04164384 0.05356164
v 0.01767123 0.04068493 0.05369863
v 0.01726027 0.04150685 0.05369863
v 0.01780822 0.04164384 0.05383562
v 0.01849315 0.03958904 0.05369863
v 0.01808219 0.04082192 0.05383562
v 0.01630137 0.04383562 0.05301370
v 0.01630137 0.04383562 0.05301370
v 0.01931507 0.03849315 0.05356164
v 0.02013699 0.03698630 0.05287671
v 0.02000000 0.03630137 0.05219178
v 0.02041096 0.03794521 0.05369863
v 0.01958904 0.03876712 0.05383562
v 0.02027397 0.03739726 0.05328767
v 0.02054795 0.03835616 0.05397260
v 0.01972603 0.03904110 0.05410959
v 0.01890411 0.03986301 0.05397260
v 0.02054795 0.03863014 0.05410959
v 0.01986301 0.03931507 0.05410959
v 0.01917808 0.04013699 0.05397260
v 0.02068493 0.03890411 0.05369863
v 0.02000000 0.03931507 0.05356164
v 0.02068493 0.03876712 0.05410959
v 0.01958904 0.03917808 0.05219178
v 0.02054795 0.03876712 0.05273973
v 0.02054795 0.03931507 0.05301370
v 0.01972603 0.03958904 0.05246575
v 0.01904110 0.03945205 0.05123288
v 0.02164384 0.03616438 0.05219178
v 0.02164384 0.03671233 0.05287671
v 0.02164384 0.03712329 0.05328767
v 0.02164384 0.03712329 0.05328767
v 0.02164384 0.03671233 0.05287671
v 0.02301370 0.03739726 0.05328767
v 0.02164384 0.03767123 0.05369863
v 0.02287671 0.03794521 0.05369863
v 0.02164384 0.03767123 0.05369863
v 0.02164384 0.03616438 0.05219178
v 0.02315068 0.03698630 0.05287671
v 0.02328767 0.03630137 0.05219178
v 0.01835616 0.03972603 0.05068493
v 0.01931507 0.04013699 0.05356164
v 0.02164384 0.03835616 0.05424658
v 0.02164384 0.03808219 0.05410959
v 0.02054795 0.03863014 0.05410959
v 0.02164384 0.03808219 0.05410959
v 0.02164384 0.03835616 0.05424658
v 0.02164384 0.03876712 0.05369863
v 0.02068493 0.03876712 0.05410959
v 0.02164384 0.03863014 0.05424658
v 0.02164384 0.03876712 0.05369863
v 0.02054795 0.03835616 0.05397260
v 0.02068493 0.03890411 0.05369863
v 0.02164384 0.03876712 0.04945205
v 0.02164384 0.03876712 0.04945205
v 0.02164384 0.03876712 0.05287671
v 0.02054795 0.03931507 0.05301370
v 0.02164384 0.03876712 0.05287671
v 0.02164384 0.03931507 0.05315068
v 0.02164384 0.03986301 0.05287671
v 0.02000000 0.04013699 0.05246575
v 0.02068493 0.04000000 0.05273973
v 0.02164384 0.03986301 0.05287671
v 0.02287671 0.03835616 0.05397260
v 0.02273973 0.03863014 0.05424658
v 0.02260274 0.03876712 0.05410959
v 0.02260274 0.03890411 0.05369863
v 0.02273973 0.03931507 0.05301370
v 0.02273973 0.03876712 0.05273973
v 0.01863014 0.04095890 0.05397260
v 0.01849315 0.04164384 0.05342466
v 0.01876712 0.04109589 0.05342466
v 0.01917808 0.04013699 0.05150685
v 0.01780822 0.04219178 0.05082192
v 0.01890411 0.04383562 0.05027397
v 0.02164384 0.04438356 0.05013699
v 0.01863014 0.04041096 0.04726027
v 0.01890411 0.03986301 0.05041096
v 0.01972603 0.04054795 0.05164384
v 0.01904110 0.04054795 0.05068493
v 0.01972603 0.04095890 0.05082192
v 0.02068493 0.04095890 0.05178082
v 0.02068493 0.04041096 0.05232877
v 0.01890411 0.04027397 0.04945205
v 0.01917808 0.04095890 0.04972603
v 0.02068493 0.04136986 0.05095890
v 0.01972603 0.04136986 0.04986301
v 0.01821918 0.04301370 0.04753425
v 0.02164384 0.04054795 0.05246575
v 0.02068493 0.04000000 0.05273973
v 0.02164384 0.04054795 0.05246575
v 0.02068493 0.04041096 0.05232877
v 0.02164384 0.04095890 0.05178082
v 0.02164384 0.04095890 0.05178082
v 0.02260274 0.04000000 0.05273973
v 0.02260274 0.04041096 0.05232877
v 0.02164384 0.04438356 0.05013699
v 0.02356164 0.04232877 0.05369863
v 0.02068493 0.04136986 0.05095890
v 0.02164384 0.04136986 0.05095890
v 0.02164384 0.04136986 0.05095890
v 0.02068493 0.04164384 0.05000000
v 0.02273973 0.04136986 0.05095890
v 0.02273973 0.04095890 0.05178082
v 0.02164384 0.04164384 0.05013699
v 0.02260274 0.04164384 0.05000000
v 0.02164384 0.04164384 0.05013699
v 0.02082192 0.04178082 0.04917808
v 0.01986301 0.04150685 0.04904110
v 0.02164384 0.04191781 0.04917808
v 0.02260274 0.04178082 0.04917808
v 0.02164384 0.04191781 0.04917808
v 0.02164384 0.04054795 0.04616438
v 0.02465753 0.04041096 0.04739726
v 0.02164384 0.04054795 0.04616438
v 0.02493151 0.03986301 0.05068493
v 0.01931507 0.04068493 0.04849315
v 0.01945205 0.04123288 0.04876712
v 0.02013699 0.04164384 0.04849315
v 0.01986301 0.04095890 0.04780822
v 0.02000000 0.04136986 0.04808219
v 0.02082192 0.04164384 0.04767123
v 0.02082192 0.04109589 0.04726027
v 0.02164384 0.04342466 0.04657534
v 0.02082192 0.04178082 0.04835616
v 0.02164384 0.04191781 0.04835616
v 0.02164384 0.04191781 0.04835616
v 0.02164384 0.04164384 0.04767123
v 0.02246575 0.04164384 0.04767123
v 0.02164384 0.04164384 0.04767123
v 0.02246575 0.04178082 0.04835616
v 0.02164384 0.04342466 0.04657534
v 0.02219178 0.04109589 0.04726027
v 0.02438356 0.04383562 0.05027397
v 0.02506849 0.04301370 0.04753425
v 0.01438356 0.04438356 0.05054795
v 0.01424658 0.04465753 0.05095890
v 0.01383562 0.04465753 0.05013699
v 0.01493151 0.04452055 0.05136986
v 0.01452055 0.04534247 0.05136986
v 0.01506849 0.04424658 0.05095890
v 0.01465753 0.04602740 0.05150685
v 0.01410959 0.04643836 0.05109589
v 0.01547945 0.04643836 0.05123288
v 0.01397260 0.04821918 0.05000000
v 0.01547945 0.04465753 0.05164384
v 0.01547945 0.04547945 0.05191781
v 0.01602740 0.04506849 0.05205479
v 0.01589041 0.04438356 0.05136986
v 0.01520548 0.04630137 0.05178082
v 0.01602740 0.04616438 0.05219178
v 0.01657534 0.04561644 0.05219178
v 0.01397260 0.04712329 0.05095890
v 0.01410959 0.04643836 0.05109589
v 0.01479452 0.04698630 0.05150685
v 0.01479452 0.04698630 0.05150685
v 0.01438356 0.04767123 0.05095890
v 0.01424658 0.04835616 0.05068493
v 0.01493151 0.04794521 0.05136986
v 0.01547945 0.04684932 0.05191781
v 0.01547945 0.04684932 0.05191781
v 0.01534247 0.04767123 0.05164384
v 0.01616438 0.04767123 0.05191781
v 0.01602740 0.04616438 0.05219178
v 0.01630137 0.04506849 0.05191781
v 0.01643836 0.04684932 0.05178082
v 0.01630137 0.04794521 0.05150685
v 0.01534247 0.04835616 0.05082192
v 0.01575342 0.04835616 0.05150685
v 0.01506849 0.04863014 0.05109589
v 0.01698630 0.04479452 0.05273973
v 0.01698630 0.04479452 0.05273973
v 0.01684932 0.04616438 0.05219178
v 0.01698630 0.04534247 0.05191781
v 0.01643836 0.04479452 0.05164384
v 0.01753425 0.04547945 0.05273973
v 0.01684932 0.04547945 0.05219178
v 0.01890411 0.04534247 0.05397260
v 0.01698630 0.04698630 0.05219178
v 0.01780822 0.04712329 0.05246575
v 0.01904110 0.04575342 0.05356164
v 0.01698630 0.04698630 0.05219178
v 0.01698630 0.04698630 0.05219178
v 0.01671233 0.04726027 0.05219178
v 0.01739726 0.04602740 0.05205479
v 0.01698630 0.04767123 0.05205479
v 0.01671233 0.04876712 0.05150685
v 0.01753425 0.04684932 0.05191781
v 0.01753425 0.04684932 0.05191781
v 0.01753425 0.04890411 0.05191781
v 0.01671233 0.04835616 0.05178082
v 0.01753425 0.04767123 0.05178082
v 0.01726027 0.04835616 0.05150685
v 0.01452055 0.04904110 0.05027397
v 0.01397260 0.04876712 0.05000000
v 0.01479452 0.04917808 0.05041096
v 0.01479452 0.04931507 0.04986301
v 0.01410959 0.04890411 0.04945205
v 0.01520548 0.04917808 0.05068493
v 0.01575342 0.04917808 0.05109589
v 0.01547945 0.04945205 0.05027397
v 0.01616438 0.04917808 0.05109589
v 0.01616438 0.04931507 0.05068493
v 0.01630137 0.04876712 0.05150685
v 0.01671233 0.04890411 0.05109589
v 0.01698630 0.05068493 0.05123288
v 0.01561644 0.05054795 0.05068493
v 0.01849315 0.05109589 0.05164384
v 0.01876712 0.04917808 0.05232877
v 0.01643836 0.05287671 0.05027397
v 0.01506849 0.05246575 0.04972603
v 0.01808219 0.05328767 0.05068493
v 0.01479452 0.05369863 0.04876712
v 0.01630137 0.05438356 0.04931507
v 0.01904110 0.04575342 0.05356164
v 0.01904110 0.04739726 0.05287671
v 0.02041096 0.04753425 0.05315068
v 0.02054795 0.04589041 0.05397260
v 0.02027397 0.04945205 0.05260274
v 0.02164384 0.04753425 0.05328767
v 0.02054795 0.04589041 0.05397260
v 0.02164384 0.04753425 0.05328767
v 0.02164384 0.04958904 0.05273973
v 0.02287671 0.04589041 0.05397260
v 0.02301370 0.04753425 0.05315068
v 0.02164384 0.04958904 0.05273973
v 0.02164384 0.04753425 0.05328767
v 0.02287671 0.04589041 0.05397260
v 0.02000000 0.05136986 0.05191781
v 0.01986301 0.05356164 0.05109589
v 0.02164384 0.05150685 0.05205479
v 0.02315068 0.04945205 0.05260274
v 0.02164384 0.05150685 0.05205479
v 0.02164384 0.05369863 0.05109589
v 0.02328767 0.05136986 0.05191781
v 0.02164384 0.05369863 0.05109589
v 0.01315068 0.05424658 0.04657534
v 0.01452055 0.05506849 0.04712329
v 0.01315068 0.05424658 0.04657534
v 0.01452055 0.05506849 0.04712329
v 0.01452055 0.05589041 0.04575342
v 0.01273973 0.05506849 0.04452055
v 0.01164384 0.05315068 0.04520548
v 0.01794521 0.05479452 0.04972603
v 0.01616438 0.05575342 0.04767123
v 0.01602740 0.05657534 0.04630137
v 0.01616438 0.05575342 0.04767123
v 0.01602740 0.05739726 0.04465753
v 0.01356164 0.05616438 0.04369863
v 0.01452055 0.05671233 0.04410959
v 0.01780822 0.05630137 0.04808219
v 0.01780822 0.05712329 0.04657534
v 0.01780822 0.05630137 0.04808219
v 0.01986301 0.05506849 0.05000000
v 0.02164384 0.05520548 0.05013699
v 0.01972603 0.05657534 0.04821918
v 0.02356164 0.05506849 0.05000000
v 0.02164384 0.05520548 0.05013699
v 0.02342466 0.05356164 0.05109589
v 0.02164384 0.05671233 0.04835616
v 0.02356164 0.05657534 0.04821918
v 0.02164384 0.05671233 0.04835616
v 0.01972603 0.05657534 0.04821918
v 0.01972603 0.05739726 0.04671233
v 0.02164384 0.05671233 0.04835616
v 0.02164384 0.05753425 0.04684932
v 0.02356164 0.05739726 0.04671233
v 0.02164384 0.05753425 0.04684932
v 0.02164384 0.05671233 0.04835616
v 0.02356164 0.05657534 0.04821918
v 0.01972603 0.05808219 0.04520548
v 0.01780822 0.05780822 0.04493151
v 0.02164384 0.05821918 0.04520548
v 0.02369863 0.05808219 0.04520548
v 0.02164384 0.05821918 0.04520548
v 0.00890411 0.04082192 0.04369863
v 0.00876712 0.04191781 0.04369863
v 0.00863014 0.04178082 0.04219178
v 0.00890411 0.04041096 0.04246575
v 0.00917808 0.03986301 0.04369863
v 0.00863014 0.04301370 0.04219178
v 0.00890411 0.04424658 0.04219178
v 0.00863014 0.04136986 0.04095890
v 0.00890411 0.03986301 0.04123288
v 0.00890411 0.04054795 0.03904110
v 0.00904110 0.03958904 0.03972603
v 0.00958904 0.03794521 0.04041096
v 0.00863014 0.04273973 0.04082192
v 0.00890411 0.04246575 0.03780822
v 0.00917808 0.04068493 0.03698630
v 0.00945205 0.03863014 0.03794521
v 0.00890411 0.04465753 0.04013699
v 0.00972603 0.04219178 0.03506849
v 0.00904110 0.04438356 0.03767123
v 0.00972603 0.04438356 0.03506849
v 0.01013699 0.03739726 0.04260274
v 0.01000000 0.03657534 0.04054795
v 0.00986301 0.03712329 0.03780822
v 0.01013699 0.03726027 0.03534247
v 0.00986301 0.03931507 0.03506849
v 0.00904110 0.04506849 0.04219178
v 0.00904110 0.04630137 0.04013699
v 0.00917808 0.04616438 0.03780822
v 0.00931507 0.04643836 0.04219178
v 0.00945205 0.04808219 0.04219178
v 0.00986301 0.04821918 0.04397260
v 0.00917808 0.04808219 0.04013699
v 0.00986301 0.04986301 0.04219178
v 0.00945205 0.04972603 0.04027397
v 0.00986301 0.04986301 0.04219178
v 0.01000000 0.05150685 0.04219178
v 0.01054795 0.05301370 0.04219178
v 0.01000000 0.05150685 0.04219178
v 0.01041096 0.05150685 0.04383562
v 0.01095890 0.05315068 0.04356164
v 0.00986301 0.04986301 0.04219178
v 0.00986301 0.05150685 0.04041096
v 0.00945205 0.04972603 0.04027397
v 0.01027397 0.05287671 0.04068493
v 0.00904110 0.04630137 0.04013699
v 0.00917808 0.04808219 0.04013699
v 0.00931507 0.04808219 0.03780822
v 0.00917808 0.04616438 0.03780822
v 0.00958904 0.04986301 0.03808219
v 0.00945205 0.04972603 0.04027397
v 0.00904110 0.04438356 0.03767123
v 0.00972603 0.04630137 0.03520548
v 0.00972603 0.04438356 0.03506849
v 0.00986301 0.04794521 0.03534247
v 0.01000000 0.04986301 0.03561644
v 0.00972603 0.05150685 0.03835616
v 0.00972603 0.05150685 0.03835616
v 0.01013699 0.05273973 0.03876712
v 0.01041096 0.05164384 0.03616438
v 0.01068493 0.05301370 0.03684932
v 0.01013699 0.05273973 0.03876712
v 0.01136986 0.03739726 0.03219178
v 0.01136986 0.03972603 0.03232877
v 0.00972603 0.04219178 0.03506849
v 0.01109589 0.04246575 0.03232877
v 0.01136986 0.03972603 0.03232877
v 0.01356164 0.04027397 0.03013699
v 0.01123288 0.04534247 0.03246575
v 0.01342466 0.04342466 0.03027397
v 0.01369863 0.03753425 0.02986301
v 0.01123288 0.04808219 0.03273973
v 0.01136986 0.05027397 0.03328767
v 0.01328767 0.04602740 0.03041096
v 0.01328767 0.04821918 0.03068493
v 0.01164384 0.05205479 0.03397260
v 0.01205479 0.05369863 0.03493151
v 0.01356164 0.05260274 0.03191781
v 0.01328767 0.05068493 0.03123288
v 0.01397260 0.05438356 0.03315068
v 0.01589041 0.04630137 0.02890411
v 0.01602740 0.04369863 0.02876712
v 0.01589041 0.04835616 0.02931507
v 0.01589041 0.05095890 0.02986301
v 0.01630137 0.04054795 0.02863014
v 0.01630137 0.03753425 0.02849315
v 0.01890411 0.04068493 0.02780822
v 0.01904110 0.03753425 0.02767123
v 0.01616438 0.03465753 0.02794521
v 0.01876712 0.04369863 0.02780822
v 0.01876712 0.04643836 0.02808219
v 0.01876712 0.04849315 0.02835616
v 0.01876712 0.05123288 0.02904110
v 0.01602740 0.05301370 0.03068493
v 0.02164384 0.04863014 0.02808219
v 0.02164384 0.04643836 0.02767123
v 0.02164384 0.05136986 0.02876712
v 0.02164384 0.05342466 0.02972603
v 0.01876712 0.05328767 0.03000000
v 0.02164384 0.04863014 0.02808219
v 0.02164384 0.05136986 0.02876712
v 0.02465753 0.05123288 0.02904110
v 0.02465753 0.04643836 0.02808219
v 0.02164384 0.04643836 0.02767123
v 0.02465753 0.04849315 0.02835616
v 0.02164384 0.05342466 0.02972603
v 0.00808219 0.05602740 0.03821918
v 0.00863014 0.05547945 0.03863014
v 0.00876712 0.05657534 0.04027397
v 0.00958904 0.05561644 0.04068493
v 0.00808219 0.05726027 0.03986301
v 0.00972603 0.05780822 0.04109589
v 0.01054795 0.05671233 0.04164384
v 0.00972603 0.05534247 0.03684932
v 0.00945205 0.05479452 0.03904110
v 0.01027397 0.05479452 0.03726027
v 0.00616438 0.05780822 0.03684932
v 0.00904110 0.05575342 0.03643836
v 0.00630137 0.05917808 0.03863014
v 0.00753425 0.05739726 0.03506849
v 0.00904110 0.05863014 0.04082192
v 0.00739726 0.06068493 0.03958904
v 0.01041096 0.06000000 0.04068493
v 0.00904110 0.06191781 0.03945205
v 0.00753425 0.06342466 0.03835616
v 0.01150685 0.05479452 0.04273973
v 0.01082192 0.05397260 0.04095890
v 0.01178082 0.05534247 0.04205479
v 0.01191781 0.05794521 0.04164384
v 0.01109589 0.05452055 0.04095890
v 0.01315068 0.05630137 0.04273973
v 0.01301370 0.05643836 0.04205479
v 0.01438356 0.05739726 0.04136986
v 0.01397260 0.05726027 0.04109589
v 0.01109589 0.05904110 0.04109589
v 0.01328767 0.05863014 0.04068493
v 0.01054795 0.05369863 0.03917808
v 0.01082192 0.05410959 0.03931507
v 0.01123288 0.05424658 0.03780822
v 0.01109589 0.05397260 0.03739726
v 0.01109589 0.05397260 0.03739726
v 0.01219178 0.05479452 0.03616438
v 0.01232877 0.05493151 0.03671233
v 0.01232877 0.05493151 0.03671233
v 0.01164384 0.05547945 0.03616438
v 0.01246575 0.05986301 0.04000000
v 0.01178082 0.06068493 0.03945205
v 0.01397260 0.05863014 0.03904110
v 0.01452055 0.05753425 0.03972603
v 0.01328767 0.05972603 0.03835616
v 0.01260274 0.06054795 0.03767123
v 0.01068493 0.06232877 0.03835616
v 0.01273973 0.05972603 0.03602740
v 0.01260274 0.06054795 0.03767123
v 0.01328767 0.05972603 0.03835616
v 0.01397260 0.05863014 0.03904110
v 0.01164384 0.06191781 0.03671233
v 0.01164384 0.06191781 0.03671233
v 0.00698630 0.06534247 0.03657534
v 0.00534247 0.06671233 0.03520548
v 0.00931507 0.06397260 0.03712329
v 0.00849315 0.06534247 0.03493151
v 0.00767123 0.05945205 0.03287671
v 0.00671233 0.06123288 0.03164384
v 0.00767123 0.05945205 0.03287671
v 0.01027397 0.05698630 0.03493151
v 0.00931507 0.06054795 0.03273973
v 0.01082192 0.05931507 0.03397260
v 0.00931507 0.06054795 0.03273973
v 0.00821918 0.06273973 0.03178082
v 0.00616438 0.06383562 0.03054795
v 0.01438356 0.05589041 0.03479452
v 0.01301370 0.05671233 0.03616438
v 0.01232877 0.05753425 0.03547945
v 0.01356164 0.05602740 0.03616438
v 0.01356164 0.05616438 0.03671233
v 0.01356164 0.05616438 0.03671233
v 0.01397260 0.05794521 0.03726027
v 0.01164384 0.05835616 0.03479452
v 0.01178082 0.06082192 0.03493151
v 0.01041096 0.06219178 0.03369863
v 0.01041096 0.06219178 0.03369863
v 0.00698630 0.06534247 0.03657534
v 0.00849315 0.06534247 0.03493151
v 0.00671233 0.06684932 0.03397260
v 0.00739726 0.06616438 0.03260274
v 0.00671233 0.06684932 0.03397260
v 0.00849315 0.06534247 0.03493151
v 0.00904110 0.06424658 0.03315068
v 0.01164384 0.06191781 0.03671233
v 0.00726027 0.06506849 0.03123288
v 0.01506849 0.05726027 0.04287671
v 0.01602740 0.05794521 0.04136986
v 0.01493151 0.05767123 0.03972603
v 0.01602740 0.05780822 0.04287671
v 0.01780822 0.05835616 0.04301370
v 0.01767123 0.05849315 0.04123288
v 0.01616438 0.05808219 0.03958904
v 0.01767123 0.05849315 0.03931507
v 0.01958904 0.05890411 0.04123288
v 0.01452055 0.05753425 0.03972603
v 0.01465753 0.05739726 0.03876712
v 0.01493151 0.05767123 0.03972603
v 0.01493151 0.05753425 0.03835616
v 0.01616438 0.05808219 0.03958904
v 0.01493151 0.05753425 0.03835616
v 0.01493151 0.05767123 0.03972603
v 0.01438356 0.05712329 0.03780822
v 0.01438356 0.05712329 0.03780822
v 0.01452055 0.05698630 0.03712329
v 0.01602740 0.05780822 0.03794521
v 0.01561644 0.05726027 0.03616438
v 0.01767123 0.05849315 0.03931507
v 0.01739726 0.05821918 0.03739726
v 0.01945205 0.05863014 0.03712329
v 0.01958904 0.05890411 0.03917808
v 0.01958904 0.05890411 0.03917808
v 0.01931507 0.05780822 0.03506849
v 0.01712329 0.05753425 0.03547945
v 0.01972603 0.05863014 0.04301370
v 0.02164384 0.05876712 0.04301370
v 0.02164384 0.05890411 0.04123288
v 0.02369863 0.05863014 0.04301370
v 0.02164384 0.05876712 0.04301370
v 0.02164384 0.05890411 0.04123288
v 0.02164384 0.05904110 0.03917808
v 0.02369863 0.05890411 0.03917808
v 0.02164384 0.05904110 0.03917808
v 0.02369863 0.05876712 0.04123288
v 0.02164384 0.05876712 0.03712329
v 0.02164384 0.05904110 0.03917808
v 0.02164384 0.05876712 0.03712329
v 0.02164384 0.05794521 0.03479452
v 0.02397260 0.05780822 0.03506849
v 0.02164384 0.05794521 0.03479452
v 0.02383562 0.05863014 0.03712329
v 0.01671233 0.05643836 0.03369863
v 0.01630137 0.05479452 0.03191781
v 0.01904110 0.05671233 0.03315068
v 0.01890411 0.05506849 0.03136986
v 0.02164384 0.05684932 0.03287671
v 0.02164384 0.05506849 0.03109589
v 0.02164384 0.05684932 0.03287671
v 0.02424658 0.05671233 0.03315068
v 0.02164384 0.05506849 0.03109589
v 0.02164384 0.05684932 0.03287671
v 0.02424658 0.05671233 0.03315068
v 0.02452055 0.05328767 0.03000000
v 0.02438356 0.05506849 0.03136986
v 0.00479452 0.00041096 0.02561644
v 0.00479452 0.00493151 0.02561644
v 0.00506849 0.00000000 0.02575342
v 0.00506849 0.00000000 0.02575342
v 0.00506849 0.00534247 0.02575342
v 0.03835616 0.00534247 0.02575342
v 0.00506849 0.00534247 0.02575342
v 0.00383562 0.00534247 0.02794521
v 0.00383562 0.00534247 0.02794521
v 0.04027397 0.00534247 0.03041096
v 0.03945205 0.00534247 0.02794521
v 0.03835616 0.00534247 0.02575342
v 0.00643836 0.00000000 0.02369863
v 0.00616438 0.00041096 0.02342466
v 0.00643836 0.00000000 0.02369863
v 0.00479452 0.00041096 0.02561644
v 0.00616438 0.00493151 0.02342466
v 0.00616438 0.00493151 0.02342466
v 0.00506849 0.00000000 0.02575342
v 0.00643836 0.00000000 0.02369863
v 0.03698630 0.00000000 0.02369863
v 0.00506849 0.00000000 0.02575342
v 0.03698630 0.00000000 0.02369863
v 0.03835616 0.00000000 0.02575342
v 0.03945205 0.00000000 0.02794521
v 0.00808219 0.00000000 0.02178082
v 0.00643836 0.00000000 0.02369863
v 0.00808219 0.00000000 0.02178082
v 0.03534247 0.00000000 0.02178082
v 0.03534247 0.00000000 0.02178082
v 0.00643836 0.00000000 0.02369863
v 0.00643836 0.00534247 0.02369863
v 0.00616438 0.00493151 0.02342466
v 0.00780822 0.00493151 0.02150685
v 0.00616438 0.00493151 0.02342466
v 0.00643836 0.00534247 0.02369863
v 0.00808219 0.00534247 0.02178082
v 0.03698630 0.00534247 0.02369863
v 0.03835616 0.00534247 0.02575342
v 0.03698630 0.00534247 0.02369863
v 0.00643836 0.00534247 0.02369863
v 0.00780822 0.00041096 0.02150685
v 0.00780822 0.00493151 0.02150685
v 0.00972603 0.00041096 0.01986301
v 0.00972603 0.00493151 0.01986301
v 0.01000000 0.00000000 0.02013699
v 0.03342466 0.00000000 0.02013699
v 0.00808219 0.00000000 0.02178082
v 0.03342466 0.00000000 0.02013699
v 0.03534247 0.00000000 0.02178082
v 0.00780822 0.00493151 0.02150685
v 0.00808219 0.00534247 0.02178082
v 0.00972603 0.00493151 0.01986301
v 0.01000000 0.00534247 0.02013699
v 0.03534247 0.00534247 0.02178082
v 0.00808219 0.00534247 0.02178082
v 0.03698630 0.00534247 0.02369863
v 0.03534247 0.00534247 0.02178082
v 0.01205479 0.00000000 0.01876712
v 0.01191781 0.00493151 0.01849315
v 0.01191781 0.00041096 0.01849315
v 0.01191781 0.00493151 0.01849315
v 0.01205479 0.00534247 0.01876712
v 0.03123288 0.00534247 0.01876712
v 0.03534247 0.00534247 0.02178082
v 0.03342466 0.00534247 0.02013699
v 0.01000000 0.00534247 0.02013699
v 0.03123288 0.00534247 0.01876712
v 0.01424658 0.00041096 0.01726027
v 0.01424658 0.00041096 0.01726027
v 0.01424658 0.00000000 0.01753425
v 0.01205479 0.00000000 0.01876712
v 0.03123288 0.00000000 0.01876712
v 0.03123288 0.00000000 0.01876712
v 0.03342466 0.00000000 0.02013699
v 0.01205479 0.00000000 0.01876712
v 0.01424658 0.00493151 0.01726027
v 0.01424658 0.00493151 0.01726027
v 0.01424658 0.00534247 0.01753425
v 0.01643836 0.01479452 0.02575342
v 0.01890411 0.01506849 0.02506849
v 0.01493151 0.01849315 0.02493151
v 0.01835616 0.01876712 0.02369863
v 0.01479452 0.01671233 0.01712329
v 0.02095890 0.01575342 0.02726027
v 0.01630137 0.01726027 0.01958904
v 0.01726027 0.01931507 0.02109589
v 0.01561644 0.01876712 0.01849315
v 0.01479452 0.01671233 0.01712329
v 0.01630137 0.01726027 0.01958904
v 0.01726027 0.01931507 0.02109589
v 0.02164384 0.01493151 0.02452055
v 0.02383562 0.01232877 0.02684932
v 0.02383562 0.01232877 0.02684932
v 0.02164384 0.01246575 0.02684932
v 0.02164384 0.01876712 0.02328767
v 0.02136986 0.01534247 0.02698630
v 0.02150685 0.01630137 0.02712329
v 0.01780822 0.01945205 0.02109589
v 0.02178082 0.01575342 0.02684932
v 0.01547945 0.01671233 0.01657534
v 0.02136986 0.01534247 0.02698630
v 0.01493151 0.01657534 0.01657534
v 0.01547945 0.01671233 0.01657534
v 0.01808219 0.01931507 0.02054795
v 0.02178082 0.01575342 0.02684932
v 0.01547945 0.01671233 0.01657534
v 0.01712329 0.01726027 0.01904110
v 0.01712329 0.01726027 0.01904110
v 0.02191781 0.01575342 0.02684932
v 0.02232877 0.01520548 0.02698630
v 0.02219178 0.01643836 0.02712329
v 0.02712329 0.01410959 0.01767123
v 0.02232877 0.01520548 0.02698630
v 0.02191781 0.01575342 0.02684932
v 0.02219178 0.01643836 0.02712329
v 0.02547945 0.01698630 0.02109589
v 0.02575342 0.01506849 0.01986301
v 0.02438356 0.01506849 0.02506849
v 0.02438356 0.01506849 0.02506849
v 0.02164384 0.01493151 0.02452055
v 0.01657534 0.00041096 0.01643836
v 0.01671233 0.00000000 0.01684932
v 0.02671233 0.00000000 0.01684932
v 0.02904110 0.00000000 0.01753425
v 0.01424658 0.00000000 0.01753425
v 0.02904110 0.00000000 0.01753425
v 0.03123288 0.00000000 0.01876712
v 0.01657534 0.00493151 0.01643836
v 0.01424658 0.00493151 0.01726027
v 0.01917808 0.00041096 0.01602740
v 0.01917808 0.00493151 0.01602740
v 0.01917808 0.00000000 0.01630137
v 0.02424658 0.00000000 0.01630137
v 0.01671233 0.00534247 0.01684932
v 0.01424658 0.00534247 0.01753425
v 0.02671233 0.00534247 0.01684932
v 0.02904110 0.00534247 0.01753425
v 0.03123288 0.00534247 0.01876712
v 0.02904110 0.00534247 0.01753425
v 0.01424658 0.00534247 0.01753425
v 0.01917808 0.00534247 0.01630137
v 0.02424658 0.00534247 0.01630137
v 0.02164384 0.00000000 0.01616438
v 0.02164384 0.00041096 0.01575342
v 0.02164384 0.00493151 0.01575342
v 0.02424658 0.00493151 0.01602740
v 0.02424658 0.00041096 0.01602740
v 0.02164384 0.00534247 0.01616438
v 0.01575342 0.01876712 0.01794521
v 0.01630137 0.01876712 0.01794521
v 0.01575342 0.01876712 0.01794521
v 0.01808219 0.01931507 0.02054795
v 0.01150685 0.02232877 0.02698630
v 0.01479452 0.02219178 0.02479452
v 0.01493151 0.02534247 0.02534247
v 0.01479452 0.02219178 0.02479452
v 0.01205479 0.02164384 0.01315068
v 0.01219178 0.02164384 0.01260274
v 0.01383562 0.02561644 0.01575342
v 0.01205479 0.02164384 0.01315068
v 0.01465753 0.02191781 0.01712329
v 0.01369863 0.02547945 0.01630137
v 0.01383562 0.02561644 0.01575342
v 0.01287671 0.02164384 0.01273973
v 0.01547945 0.02191781 0.01657534
v 0.01452055 0.02547945 0.01575342
v 0.01383562 0.02561644 0.01575342
v 0.01287671 0.02808219 0.01534247
v 0.01315068 0.02780822 0.01493151
v 0.00931507 0.03150685 0.01041096
v 0.01369863 0.02808219 0.01479452
v 0.01013699 0.03150685 0.00986301
v 0.00945205 0.03150685 0.00986301
v 0.01369863 0.02547945 0.01630137
v 0.01506849 0.02602740 0.01849315
v 0.01397260 0.03383562 0.01671233
v 0.01493151 0.01849315 0.02493151
v 0.01479452 0.02219178 0.02479452
v 0.01821918 0.02205479 0.02356164
v 0.01835616 0.01876712 0.02369863
v 0.01493151 0.02534247 0.02534247
v 0.01835616 0.02534247 0.02410959
v 0.01849315 0.02835616 0.02506849
v 0.01835616 0.02534247 0.02410959
v 0.01780822 0.01945205 0.02109589
v 0.01712329 0.02410959 0.02123288
v 0.01780822 0.02410959 0.02123288
v 0.01712329 0.02410959 0.02123288
v 0.01780822 0.02410959 0.02123288
v 0.02082192 0.03698630 0.02589041
v 0.01506849 0.02602740 0.01849315
v 0.01506849 0.02602740 0.01849315
v 0.02164384 0.02205479 0.02301370
v 0.02164384 0.01876712 0.02328767
v 0.02164384 0.02534247 0.02369863
v 0.02164384 0.02835616 0.02465753
v 0.02164384 0.02534247 0.02369863
v 0.02493151 0.02534247 0.02410959
v 0.02164384 0.02534247 0.02369863
v 0.02164384 0.02835616 0.02465753
v 0.02493151 0.02534247 0.02410959
v 0.01780822 0.01945205 0.02109589
v 0.01808219 0.02410959 0.02068493
v 0.01780822 0.02410959 0.02123288
v 0.02493151 0.01876712 0.02369863
v 0.02493151 0.01876712 0.02369863
v 0.02164384 0.01876712 0.02328767
v 0.01808219 0.02410959 0.02068493
v 0.02178082 0.03698630 0.02520548
v 0.02150685 0.03698630 0.02575342
v 0.01602740 0.02602740 0.01794521
v 0.02178082 0.03698630 0.02520548
v 0.02506849 0.02205479 0.02356164
v 0.01876712 0.03136986 0.02602740
v 0.01890411 0.03452055 0.02698630
v 0.01890411 0.03452055 0.02698630
v 0.02164384 0.03136986 0.02575342
v 0.02479452 0.02835616 0.02506849
v 0.02479452 0.02835616 0.02506849
v 0.02164384 0.03452055 0.02671233
v 0.02164384 0.03767123 0.02726027
v 0.02164384 0.03452055 0.02671233
v 0.02465753 0.03136986 0.02602740
v 0.02164384 0.03452055 0.02671233
v 0.02164384 0.03767123 0.02726027
v 0.02452055 0.03452055 0.02698630
v 0.02452055 0.03452055 0.02698630
v 0.02465753 0.03136986 0.02602740
v 0.02164384 0.03136986 0.02575342
v 0.01397260 0.03383562 0.01671233
v 0.01452055 0.02547945 0.01575342
v 0.01602740 0.02602740 0.01794521
v 0.01479452 0.03383562 0.01616438
v 0.01602740 0.02602740 0.01794521
v 0.01479452 0.03383562 0.01616438
v 0.02178082 0.03698630 0.02520548
v 0.01424658 0.03383562 0.01616438
v 0.01246575 0.03849315 0.01452055
v 0.02082192 0.03698630 0.02589041
v 0.01246575 0.03849315 0.01452055
v 0.01397260 0.03383562 0.01671233
v 0.01424658 0.03383562 0.01616438
v 0.01479452 0.03383562 0.01616438
v 0.01013699 0.03150685 0.00986301
v 0.01342466 0.03849315 0.01383562
v 0.00945205 0.03150685 0.00986301
v 0.01424658 0.03383562 0.01616438
v 0.01273973 0.03835616 0.01397260
v 0.01424658 0.03383562 0.01616438
v 0.01273973 0.03835616 0.01397260
v 0.01342466 0.03849315 0.01383562
v 0.02178082 0.03698630 0.02520548
v 0.01479452 0.03383562 0.01616438
v 0.00301370 0.04602740 0.00232877
v 0.00356164 0.04506849 0.00205479
v 0.00328767 0.04520548 0.00287671
v 0.00835616 0.04178082 0.00808219
v 0.00301370 0.04726027 0.00219178
v 0.00808219 0.04191781 0.00876712
v 0.00328767 0.04589041 0.00150685
v 0.00424658 0.04547945 0.00178082
v 0.00356164 0.04506849 0.00205479
v 0.00835616 0.04178082 0.00808219
v 0.00328767 0.04589041 0.00150685
v 0.00397260 0.04630137 0.00123288
v 0.00397260 0.04753425 0.00109589
v 0.00904110 0.04219178 0.00780822
v 0.00328767 0.04726027 0.00136986
v 0.00424658 0.05945205 0.00178082
v 0.00506849 0.06041096 0.00301370
v 0.00328767 0.04726027 0.00136986
v 0.00465753 0.06013699 0.00095890
v 0.00465753 0.06013699 0.00095890
v 0.00630137 0.06095890 0.00191781
v 0.00534247 0.05986301 0.00068493
v 0.00438356 0.06068493 0.00191781
v 0.00465753 0.06095890 0.00219178
v 0.00493151 0.06136986 0.00109589
v 0.01684932 0.04547945 0.02000000
v 0.02164384 0.04041096 0.02739726
v 0.02082192 0.03698630 0.02589041
v 0.02150685 0.03698630 0.02575342
v 0.01753425 0.04575342 0.01972603
v 0.01753425 0.04575342 0.01972603
v 0.02164384 0.04041096 0.02739726
v 0.02424658 0.03753425 0.02767123
v 0.02178082 0.03698630 0.02520548
v 0.01794521 0.04547945 0.01917808
v 0.01753425 0.04575342 0.01972603
v 0.02164384 0.04328767 0.02753425
v 0.02164384 0.04328767 0.02753425
v 0.02438356 0.04068493 0.02780822
v 0.02452055 0.04369863 0.02780822
v 0.01095890 0.05356164 0.01136986
v 0.01219178 0.05383562 0.01027397
v 0.01164384 0.05410959 0.01082192
v 0.01164384 0.05410959 0.01082192
v 0.00561644 0.06123288 0.00232877
v 0.00561644 0.06123288 0.00232877
v 0.00520548 0.06164384 0.00150685
v 0.00589041 0.06136986 0.00109589
v 0.00520548 0.06164384 0.00150685
v 0.00561644 0.06109589 0.00082192
v 0.00493151 0.06136986 0.00109589
v 0.02671233 0.00041096 0.05424658
v 0.02671233 0.00493151 0.05424658
v 0.02917808 0.00041096 0.05342466
v 0.03150685 0.00041096 0.05232877
v 0.02917808 0.00493151 0.05342466
v 0.03150685 0.00493151 0.05232877
v 0.03150685 0.00041096 0.05232877
v 0.03356164 0.00041096 0.05082192
v 0.03356164 0.00041096 0.05082192
v 0.03547945 0.00041096 0.04917808
v 0.03356164 0.00493151 0.05082192
v 0.03547945 0.00041096 0.04917808
v 0.03356164 0.00493151 0.05082192
v 0.03547945 0.00493151 0.04917808
v 0.03547945 0.00493151 0.04917808
v 0.03712329 0.00041096 0.04726027
v 0.03712329 0.00041096 0.04726027
v 0.03712329 0.00041096 0.04726027
v 0.03863014 0.00041096 0.04520548
v 0.03712329 0.00493151 0.04726027
v 0.03547945 0.00493151 0.04917808
v 0.03712329 0.00041096 0.04726027
v 0.03863014 0.00041096 0.04520548
v 0.03863014 0.00041096 0.04520548
v 0.03835616 0.00534247 0.04493151
v 0.03863014 0.00493151 0.04520548
v 0.02561644 0.02068493 0.05000000
v 0.02575342 0.02054795 0.05000000
v 0.02643836 0.02191781 0.05054795
v 0.02575342 0.02041096 0.04986301
v 0.02602740 0.02178082 0.05027397
v 0.02575342 0.02136986 0.04945205
v 0.02561644 0.02054795 0.04986301
v 0.02671233 0.02109589 0.05027397
v 0.02643836 0.02068493 0.04958904
v 0.02643836 0.01986301 0.05000000
v 0.02643836 0.02000000 0.05000000
v 0.02630137 0.02000000 0.04986301
v 0.02657534 0.01986301 0.05000000
v 0.02643836 0.01986301 0.04958904
v 0.02657534 0.01986301 0.04972603
v 0.02739726 0.02123288 0.05041096
v 0.02547945 0.02205479 0.05027397
v 0.02561644 0.02287671 0.05027397
v 0.02547945 0.02260274 0.05000000
v 0.02506849 0.02164384 0.04972603
v 0.02493151 0.02356164 0.04945205
v 0.02753425 0.02315068 0.05054795
v 0.02643836 0.02410959 0.05027397
v 0.02493151 0.02178082 0.04958904
v 0.02534247 0.02246575 0.04904110
v 0.02561644 0.02465753 0.04931507
v 0.02753425 0.02575342 0.05000000
v 0.02890411 0.02479452 0.05013699
v 0.02465753 0.01890411 0.04547945
v 0.02342466 0.02082192 0.04589041
v 0.02506849 0.02068493 0.04561644
v 0.02356164 0.02287671 0.04616438
v 0.02506849 0.02150685 0.04945205
v 0.02479452 0.02150685 0.04958904
v 0.02506849 0.02150685 0.04931507
v 0.02493151 0.02178082 0.04931507
v 0.02561644 0.02123288 0.04876712
v 0.02534247 0.02164384 0.04835616
v 0.02520548 0.02232877 0.04849315
v 0.02589041 0.02109589 0.04849315
v 0.02602740 0.02164384 0.04767123
v 0.02561644 0.02205479 0.04780822
v 0.02520548 0.02246575 0.04794521
v 0.02561644 0.02041096 0.04972603
v 0.02630137 0.02068493 0.04890411
v 0.02643836 0.02068493 0.04835616
v 0.02712329 0.02027397 0.04863014
v 0.02726027 0.02027397 0.04931507
v 0.02671233 0.02109589 0.04753425
v 0.02726027 0.02054795 0.04767123
v 0.02547945 0.02273973 0.04575342
v 0.02630137 0.02054795 0.04520548
v 0.02616438 0.01876712 0.04520548
v 0.02630137 0.02219178 0.04671233
v 0.02698630 0.02150685 0.04657534
v 0.02369863 0.02479452 0.04630137
v 0.02561644 0.02479452 0.04589041
v 0.02356164 0.02684932 0.04643836
v 0.02452055 0.02301370 0.04876712
v 0.02452055 0.02287671 0.04863014
v 0.02506849 0.02410959 0.04835616
v 0.02452055 0.02287671 0.04835616
v 0.02438356 0.02301370 0.04849315
v 0.02520548 0.02301370 0.04726027
v 0.02452055 0.02315068 0.04821918
v 0.02561644 0.02287671 0.04698630
v 0.02452055 0.02328767 0.04849315
v 0.02520548 0.02369863 0.04739726
v 0.02520548 0.02479452 0.04808219
v 0.02630137 0.02616438 0.04890411
v 0.02561644 0.02602740 0.04753425
v 0.02534247 0.02410959 0.04698630
v 0.02547945 0.02465753 0.04657534
v 0.02602740 0.02726027 0.04684932
v 0.02698630 0.02780822 0.04835616
v 0.02589041 0.02356164 0.04589041
v 0.02657534 0.02273973 0.04547945
v 0.02739726 0.02205479 0.04534247
v 0.02753425 0.02219178 0.04506849
v 0.02616438 0.02424658 0.04506849
v 0.02561644 0.02547945 0.04589041
v 0.02547945 0.02698630 0.04616438
v 0.02726027 0.02712329 0.04561644
v 0.02767123 0.02506849 0.04534247
v 0.02589041 0.02657534 0.04506849
v 0.02643836 0.02506849 0.04397260
v 0.02753425 0.02054795 0.05000000
v 0.02821918 0.02068493 0.04986301
v 0.02753425 0.01958904 0.04945205
v 0.02835616 0.02219178 0.05027397
v 0.02986301 0.02369863 0.04972603
v 0.02890411 0.02479452 0.05013699
v 0.02835616 0.02219178 0.05027397
v 0.02821918 0.02068493 0.04986301
v 0.02917808 0.02136986 0.04958904
v 0.03041096 0.02260274 0.04890411
v 0.02753425 0.02575342 0.05000000
v 0.03041096 0.02671233 0.04917808
v 0.02917808 0.02849315 0.04876712
v 0.02917808 0.02849315 0.04876712
v 0.02753425 0.01931507 0.04945205
v 0.02739726 0.01945205 0.04931507
v 0.02767123 0.01945205 0.04931507
v 0.02739726 0.01945205 0.04917808
v 0.02767123 0.01945205 0.04917808
v 0.02780822 0.02013699 0.04794521
v 0.02849315 0.02013699 0.04890411
v 0.02835616 0.02000000 0.04835616
v 0.02849315 0.02013699 0.04890411
v 0.02767123 0.01945205 0.04917808
v 0.02780822 0.02013699 0.04794521
v 0.02917808 0.02068493 0.04849315
v 0.02904110 0.02041096 0.04780822
v 0.02849315 0.02054795 0.04698630
v 0.02849315 0.02054795 0.04698630
v 0.02767123 0.02095890 0.04657534
v 0.02821918 0.02136986 0.04547945
v 0.02904110 0.02109589 0.04589041
v 0.02986301 0.02109589 0.04657534
v 0.02904110 0.02109589 0.04589041
v 0.03041096 0.02150685 0.04753425
v 0.02986301 0.02178082 0.04479452
v 0.02986301 0.02109589 0.04657534
v 0.03095890 0.02191781 0.04561644
v 0.03178082 0.02273973 0.04657534
v 0.03095890 0.02191781 0.04561644
v 0.03191781 0.02397260 0.04767123
v 0.03150685 0.02534247 0.04863014
v 0.02356164 0.02876712 0.04643836
v 0.02534247 0.02904110 0.04616438
v 0.02534247 0.02904110 0.04616438
v 0.02643836 0.02849315 0.04602740
v 0.02698630 0.02931507 0.04575342
v 0.02534247 0.02904110 0.04616438
v 0.02547945 0.02698630 0.04616438
v 0.02698630 0.02931507 0.04575342
v 0.02520548 0.03082192 0.04602740
v 0.02342466 0.03068493 0.04630137
v 0.02767123 0.02917808 0.04753425
v 0.02643836 0.02849315 0.04602740
v 0.02767123 0.02917808 0.04753425
v 0.02726027 0.02986301 0.04534247
v 0.02684932 0.02849315 0.04356164
v 0.02589041 0.02657534 0.04506849
v 0.02520548 0.03356164 0.04753425
v 0.02534247 0.03479452 0.04945205
v 0.02534247 0.03602740 0.05109589
v 0.02506849 0.03273973 0.04643836
v 0.02520548 0.03082192 0.04602740
v 0.02506849 0.03273973 0.04643836
v 0.02684932 0.03397260 0.04698630
v 0.02726027 0.03520548 0.04876712
v 0.02698630 0.03109589 0.04575342
v 0.02506849 0.03273973 0.04643836
v 0.02684932 0.03301370 0.04616438
v 0.02684932 0.03301370 0.04616438
v 0.02835616 0.02945205 0.04547945
v 0.02726027 0.02712329 0.04561644
v 0.02876712 0.02589041 0.04493151
v 0.02876712 0.02589041 0.04493151
v 0.02863014 0.02726027 0.04520548
v 0.02849315 0.03150685 0.04547945
v 0.02917808 0.02849315 0.04876712
v 0.03013699 0.03041096 0.04726027
v 0.02890411 0.03068493 0.04671233
v 0.03150685 0.02863014 0.04794521
v 0.03041096 0.02671233 0.04917808
v 0.03150685 0.02534247 0.04863014
v 0.02958904 0.03178082 0.04575342
v 0.03123288 0.03191781 0.04589041
v 0.03260274 0.03068493 0.04602740
v 0.02684932 0.03397260 0.04698630
v 0.02684932 0.03301370 0.04616438
v 0.02835616 0.03342466 0.04561644
v 0.02863014 0.03438356 0.04630137
v 0.02863014 0.03438356 0.04630137
v 0.02835616 0.03342466 0.04561644
v 0.02986301 0.03383562 0.04479452
v 0.02958904 0.03191781 0.04506849
v 0.02958904 0.03191781 0.04506849
v 0.03000000 0.03479452 0.04534247
v 0.02917808 0.03575342 0.04767123
v 0.02917808 0.03575342 0.04767123
v 0.02835616 0.03068493 0.04493151
v 0.03082192 0.03328767 0.04410959
v 0.02931507 0.03164384 0.04479452
v 0.03191781 0.02397260 0.04767123
v 0.03342466 0.02575342 0.04602740
v 0.03287671 0.02726027 0.04698630
v 0.03328767 0.02424658 0.04493151
v 0.03328767 0.02424658 0.04493151
v 0.03232877 0.02328767 0.04410959
v 0.03095890 0.02287671 0.04356164
v 0.03232877 0.02328767 0.04410959
v 0.03178082 0.02273973 0.04657534
v 0.03232877 0.02328767 0.04410959
v 0.03452055 0.02753425 0.04383562
v 0.03424658 0.02575342 0.04328767
v 0.03397260 0.02931507 0.04479452
v 0.03301370 0.03232877 0.04424658
v 0.03178082 0.03397260 0.04328767
v 0.03082192 0.03328767 0.04410959
v 0.03123288 0.03191781 0.04589041
v 0.03178082 0.03397260 0.04328767
v 0.02616438 0.00821918 0.03849315
v 0.02602740 0.00794521 0.03684932
v 0.02657534 0.00794521 0.03726027
v 0.02506849 0.00794521 0.03643836
v 0.02698630 0.00835616 0.03958904
v 0.02657534 0.00863014 0.04013699
v 0.02616438 0.00821918 0.03849315
v 0.02438356 0.00917808 0.03986301
v 0.02739726 0.00808219 0.03890411
v 0.02698630 0.00794521 0.03739726
v 0.02698630 0.00794521 0.03739726
v 0.02506849 0.00794521 0.03643836
v 0.02671233 0.00780822 0.03602740
v 0.02589041 0.00780822 0.03520548
v 0.03082192 0.00575342 0.04164384
v 0.03000000 0.00589041 0.04013699
v 0.03041096 0.00534247 0.04000000
v 0.03095890 0.00643836 0.04178082
v 0.03123288 0.00534247 0.04150685
v 0.03082192 0.00575342 0.04164384
v 0.03164384 0.00561644 0.04287671
v 0.03178082 0.00616438 0.04301370
v 0.03123288 0.00534247 0.04150685
v 0.03095890 0.00643836 0.04178082
v 0.02753425 0.00917808 0.04219178
v 0.02575342 0.00945205 0.04136986
v 0.02821918 0.00835616 0.04041096
v 0.02890411 0.00794521 0.03904110
v 0.02972603 0.00808219 0.03972603
v 0.02945205 0.00876712 0.04164384
v 0.02821918 0.00794521 0.03794521
v 0.02767123 0.00780822 0.03684932
v 0.02821918 0.00794521 0.03794521
v 0.02931507 0.00794521 0.03684932
v 0.02931507 0.00794521 0.03684932
v 0.02890411 0.00794521 0.03904110
v 0.02821918 0.00794521 0.03794521
v 0.02890411 0.00794521 0.03616438
v 0.02739726 0.00767123 0.03575342
v 0.02972603 0.00534247 0.03780822
v 0.03041096 0.00534247 0.04000000
v 0.03000000 0.00589041 0.04013699
v 0.03013699 0.00657534 0.04013699
v 0.02917808 0.00589041 0.03794521
v 0.03013699 0.00657534 0.04013699
v 0.03410959 0.00534247 0.03863014
v 0.03315068 0.00534247 0.04136986
v 0.03315068 0.00534247 0.04136986
v 0.02986301 0.00794521 0.03712329
v 0.02986301 0.00794521 0.03712329
v 0.03041096 0.00794521 0.03726027
v 0.03082192 0.00821918 0.04013699
v 0.02972603 0.00808219 0.03972603
v 0.03041096 0.00794521 0.03726027
v 0.03054795 0.00739726 0.03972603
v 0.02931507 0.00794521 0.03684932
v 0.03150685 0.00698630 0.04136986
v 0.02917808 0.00671233 0.03767123
v 0.03109589 0.00808219 0.03712329
v 0.03082192 0.00904110 0.04205479
v 0.03191781 0.00835616 0.04000000
v 0.03054795 0.00739726 0.03972603
v 0.03136986 0.00753425 0.03945205
v 0.03041096 0.00794521 0.03726027
v 0.03054795 0.00739726 0.03972603
v 0.03150685 0.00698630 0.04136986
v 0.02890411 0.00534247 0.03575342
v 0.02863014 0.00589041 0.03589041
v 0.03191781 0.00534247 0.03452055
v 0.03301370 0.00534247 0.03643836
v 0.02849315 0.00671233 0.03575342
v 0.03041096 0.00794521 0.03726027
v 0.03136986 0.00753425 0.03945205
v 0.03109589 0.00808219 0.03712329
v 0.02383562 0.01095890 0.04260274
v 0.02342466 0.00945205 0.04000000
v 0.02479452 0.01041096 0.04232877
v 0.02589041 0.01246575 0.04506849
v 0.02465753 0.01383562 0.04493151
v 0.02671233 0.01068493 0.04410959
v 0.02753425 0.01479452 0.04547945
v 0.02821918 0.01232877 0.04520548
v 0.02342466 0.01698630 0.04534247
v 0.02465753 0.01383562 0.04493151
v 0.02616438 0.01739726 0.04520548
v 0.02753425 0.01479452 0.04547945
v 0.02616438 0.01739726 0.04520548
v 0.02465753 0.01383562 0.04493151
v 0.02917808 0.01630137 0.04506849
v 0.02917808 0.01630137 0.04506849
v 0.02808219 0.01904110 0.04465753
v 0.02246575 0.00863014 0.03657534
v 0.02342466 0.00849315 0.03657534
v 0.02424658 0.00821918 0.03657534
v 0.02876712 0.01054795 0.04410959
v 0.03041096 0.01164384 0.04452055
v 0.02821918 0.01232877 0.04520548
v 0.03041096 0.01164384 0.04452055
v 0.02986301 0.01369863 0.04506849
v 0.02904110 0.00958904 0.04315068
v 0.03068493 0.01013699 0.04356164
v 0.03219178 0.01068493 0.04342466
v 0.03219178 0.00931507 0.04205479
v 0.03205479 0.01260274 0.04438356
v 0.03219178 0.01068493 0.04342466
v 0.03150685 0.01452055 0.04452055
v 0.03068493 0.01684932 0.04452055
v 0.02808219 0.01904110 0.04465753
v 0.03328767 0.01534247 0.04383562
v 0.03273973 0.01767123 0.04369863
v 0.03000000 0.01986301 0.04383562
v 0.02369863 0.00863014 0.03301370
v 0.02342466 0.00849315 0.03657534
v 0.02246575 0.00863014 0.03657534
v 0.02369863 0.00863014 0.03301370
v 0.02424658 0.00821918 0.03657534
v 0.02424658 0.00821918 0.03657534
v 0.02452055 0.00821918 0.03301370
v 0.02452055 0.00821918 0.03301370
v 0.02424658 0.00821918 0.03657534
v 0.02547945 0.00945205 0.03027397
v 0.02424658 0.00986301 0.02986301
v 0.02547945 0.00808219 0.03301370
v 0.02616438 0.00808219 0.03301370
v 0.02657534 0.00780822 0.03465753
v 0.02630137 0.00917808 0.03068493
v 0.02547945 0.00808219 0.03301370
v 0.02616438 0.00808219 0.03301370
v 0.02671233 0.00808219 0.03287671
v 0.02698630 0.00904110 0.03109589
v 0.02671233 0.00808219 0.03287671
v 0.02808219 0.00589041 0.03424658
v 0.02849315 0.00534247 0.03410959
v 0.02684932 0.00780822 0.03452055
v 0.02726027 0.00753425 0.03452055
v 0.02863014 0.00780822 0.03547945
v 0.02808219 0.00671233 0.03438356
v 0.02821918 0.00780822 0.03438356
v 0.02821918 0.00534247 0.03273973
v 0.03095890 0.00534247 0.03301370
v 0.02780822 0.00589041 0.03260274
v 0.02780822 0.00589041 0.03191781
v 0.02780822 0.00589041 0.03191781
v 0.02835616 0.00534247 0.03191781
v 0.02821918 0.00534247 0.03273973
v 0.02835616 0.00534247 0.03191781
v 0.03013699 0.00534247 0.03191781
v 0.02780822 0.00657534 0.03260274
v 0.02780822 0.00589041 0.03260274
v 0.02780822 0.00657534 0.03260274
v 0.02780822 0.00657534 0.03205479
v 0.02712329 0.00780822 0.03287671
v 0.02753425 0.00767123 0.03287671
v 0.02808219 0.00767123 0.03315068
v 0.02780822 0.00849315 0.03150685
v 0.02712329 0.00780822 0.03287671
v 0.02753425 0.00890411 0.03136986
v 0.02808219 0.00808219 0.03164384
v 0.02753425 0.00767123 0.03287671
v 0.02821918 0.00767123 0.03260274
v 0.02821918 0.00767123 0.03260274
v 0.02849315 0.00767123 0.03219178
v 0.03054795 0.00767123 0.03246575
v 0.03041096 0.00657534 0.03178082
v 0.03000000 0.00767123 0.03205479
v 0.03136986 0.00671233 0.03287671
v 0.03150685 0.00972603 0.03109589
v 0.03123288 0.00767123 0.03315068
v 0.03260274 0.00986301 0.03191781
v 0.02821918 0.00589041 0.03136986
v 0.02890411 0.00534247 0.03150685
v 0.02958904 0.00534247 0.03136986
v 0.03013699 0.00534247 0.03191781
v 0.02808219 0.00657534 0.03150685
v 0.02863014 0.00657534 0.03109589
v 0.02863014 0.00589041 0.03095890
v 0.02931507 0.00589041 0.03082192
v 0.02904110 0.00767123 0.03191781
v 0.02904110 0.00876712 0.03109589
v 0.02890411 0.00945205 0.03068493
v 0.02931507 0.00657534 0.03095890
v 0.02986301 0.00589041 0.03109589
v 0.02986301 0.00589041 0.03109589
v 0.03041096 0.00589041 0.03164384
v 0.03041096 0.00589041 0.03164384
v 0.03000000 0.00657534 0.03123288
v 0.03000000 0.00657534 0.03123288
v 0.03136986 0.00575342 0.03287671
v 0.02945205 0.00767123 0.03178082
v 0.03000000 0.00767123 0.03205479
v 0.03027397 0.00931507 0.03082192
v 0.03041096 0.00657534 0.03178082
v 0.03150685 0.00972603 0.03109589
v 0.02561644 0.01191781 0.02726027
v 0.02712329 0.01136986 0.02780822
v 0.02808219 0.01095890 0.02876712
v 0.02863014 0.01041096 0.02986301
v 0.02876712 0.01000000 0.03027397
v 0.03054795 0.01219178 0.02917808
v 0.03000000 0.01315068 0.02780822
v 0.03054795 0.01054795 0.03013699
v 0.03164384 0.01273973 0.02931507
v 0.03232877 0.01150685 0.03041096
v 0.03287671 0.00534247 0.04356164
v 0.03287671 0.00561644 0.04369863
v 0.03191781 0.00534247 0.04273973
v 0.03315068 0.00561644 0.04356164
v 0.03273973 0.00534247 0.04246575
v 0.03287671 0.00561644 0.04273973
v 0.03301370 0.00575342 0.04356164
v 0.03287671 0.00575342 0.04356164
v 0.03273973 0.00630137 0.04273973
v 0.03219178 0.00643836 0.04287671
v 0.03273973 0.00534247 0.04246575
v 0.03383562 0.00534247 0.04342466
v 0.03397260 0.00534247 0.04191781
v 0.03383562 0.00534247 0.04342466
v 0.03273973 0.00712329 0.04095890
v 0.03369863 0.00561644 0.04356164
v 0.03383562 0.00547945 0.04356164
v 0.03328767 0.00657534 0.04232877
v 0.03397260 0.00547945 0.04342466
v 0.03397260 0.00561644 0.04232877
v 0.03397260 0.00534247 0.04191781
v 0.03397260 0.00561644 0.04342466
v 0.03410959 0.00630137 0.04219178
v 0.03452055 0.00534247 0.04273973
v 0.03452055 0.00575342 0.04287671
v 0.03452055 0.00561644 0.04287671
v 0.03465753 0.00534247 0.04000000
v 0.03465753 0.00534247 0.04000000
v 0.03493151 0.00534247 0.04150685
v 0.03452055 0.00534247 0.04273973
v 0.03465753 0.00575342 0.04273973
v 0.03438356 0.00643836 0.04178082
v 0.03369863 0.00684932 0.04136986
v 0.03479452 0.00561644 0.04287671
v 0.03506849 0.00561644 0.04150685
v 0.03493151 0.00534247 0.04150685
v 0.03493151 0.00616438 0.04164384
v 0.03465753 0.00534247 0.04000000
v 0.03479452 0.00657534 0.04000000
v 0.03383562 0.00698630 0.04041096
v 0.03493151 0.00561644 0.03986301
v 0.03191781 0.00767123 0.03917808
v 0.03109589 0.00808219 0.03712329
v 0.03301370 0.00849315 0.03986301
v 0.03260274 0.00753425 0.03890411
v 0.03301370 0.00849315 0.03986301
v 0.03109589 0.00808219 0.03712329
v 0.03164384 0.00794521 0.03684932
v 0.03164384 0.00794521 0.03684932
v 0.03410959 0.00876712 0.03904110
v 0.03369863 0.00972603 0.04150685
v 0.03493151 0.01013699 0.04041096
v 0.03260274 0.00753425 0.03890411
v 0.03342466 0.00739726 0.03863014
v 0.03205479 0.00794521 0.03630137
v 0.03410959 0.00876712 0.03904110
v 0.03342466 0.00739726 0.03863014
v 0.03493151 0.00561644 0.03986301
v 0.03438356 0.00575342 0.03835616
v 0.03479452 0.00657534 0.04000000
v 0.03424658 0.00671233 0.03821918
v 0.03342466 0.00575342 0.03630137
v 0.03219178 0.00794521 0.03575342
v 0.03205479 0.00780822 0.03493151
v 0.03328767 0.00684932 0.03602740
v 0.03863014 0.00041096 0.04520548
v 0.03972603 0.00041096 0.04287671
v 0.03972603 0.00041096 0.04287671
v 0.04054795 0.00041096 0.04041096
v 0.03863014 0.00493151 0.04520548
v 0.03972603 0.00493151 0.04287671
v 0.03972603 0.00493151 0.04287671
v 0.03972603 0.00493151 0.04287671
v 0.04054795 0.00493151 0.04041096
v 0.03397260 0.01123288 0.04287671
v 0.03369863 0.00972603 0.04150685
v 0.03383562 0.01328767 0.04369863
v 0.03493151 0.01013699 0.04041096
v 0.03547945 0.01191781 0.04164384
v 0.03547945 0.01397260 0.04246575
v 0.03493151 0.01589041 0.04260274
v 0.03657534 0.01465753 0.04054795
v 0.03616438 0.01657534 0.04082192
v 0.03438356 0.01835616 0.04232877
v 0.03589041 0.01082192 0.03890411
v 0.03410959 0.00876712 0.03904110
v 0.03465753 0.00917808 0.03780822
v 0.03465753 0.00917808 0.03780822
v 0.03643836 0.01260274 0.03986301
v 0.03630137 0.01136986 0.03712329
v 0.03479452 0.00958904 0.03630137
v 0.03479452 0.00958904 0.03630137
v 0.03698630 0.01342466 0.03780822
v 0.03684932 0.01410959 0.03575342
v 0.03630137 0.01136986 0.03712329
v 0.03602740 0.01178082 0.03534247
v 0.03602740 0.01178082 0.03534247
v 0.03657534 0.01684932 0.03945205
v 0.03698630 0.01547945 0.03849315
v 0.03520548 0.01863014 0.04082192
v 0.03657534 0.01821918 0.03643836
v 0.03616438 0.01849315 0.03904110
v 0.03232877 0.00575342 0.03438356
v 0.03232877 0.00684932 0.03424658
v 0.03178082 0.00780822 0.03424658
v 0.03452055 0.00986301 0.03479452
v 0.03369863 0.00986301 0.03328767
v 0.03506849 0.01205479 0.03328767
v 0.03383562 0.01191781 0.03150685
v 0.03452055 0.01410959 0.03095890
v 0.03602740 0.01424658 0.03328767
v 0.03260274 0.00986301 0.03191781
v 0.03232877 0.01150685 0.03041096
v 0.03273973 0.01356164 0.02958904
v 0.03383562 0.01191781 0.03150685
v 0.03452055 0.01410959 0.03095890
v 0.03273973 0.01575342 0.02849315
v 0.03479452 0.01698630 0.03054795
v 0.03438356 0.01958904 0.03013699
v 0.03164384 0.01821918 0.02698630
v 0.02917808 0.01424658 0.02671233
v 0.03479452 0.01698630 0.03054795
v 0.03616438 0.01767123 0.03342466
v 0.03602740 0.01424658 0.03328767
v 0.03479452 0.01698630 0.03054795
v 0.03438356 0.01958904 0.03013699
v 0.03602740 0.01424658 0.03328767
v 0.03684932 0.01410959 0.03575342
v 0.03657534 0.01821918 0.03643836
v 0.02684932 0.02342466 0.04438356
v 0.02753425 0.02438356 0.04287671
v 0.02726027 0.02684932 0.04232877
v 0.02753425 0.02438356 0.04287671
v 0.02643836 0.02506849 0.04397260
v 0.02726027 0.02684932 0.04232877
v 0.03000000 0.01986301 0.04383562
v 0.02986301 0.02246575 0.04410959
v 0.02794521 0.02246575 0.04438356
v 0.02876712 0.02342466 0.04287671
v 0.03150685 0.02246575 0.04301370
v 0.03164384 0.02041096 0.04301370
v 0.03164384 0.02041096 0.04301370
v 0.02835616 0.02534247 0.04178082
v 0.02876712 0.02342466 0.04287671
v 0.02972603 0.02438356 0.04191781
v 0.02917808 0.02602740 0.04136986
v 0.02821918 0.02726027 0.04205479
v 0.03013699 0.02547945 0.04397260
v 0.02876712 0.02589041 0.04493151
v 0.02986301 0.02246575 0.04410959
v 0.03123288 0.02438356 0.04273973
v 0.03150685 0.02246575 0.04301370
v 0.02931507 0.02739726 0.04452055
v 0.02931507 0.02739726 0.04452055
v 0.03000000 0.02575342 0.04287671
v 0.02917808 0.02739726 0.04342466
v 0.03095890 0.02287671 0.04356164
v 0.03054795 0.02520548 0.04123288
v 0.03232877 0.02479452 0.04150685
v 0.03178082 0.02383562 0.04246575
v 0.03109589 0.02493151 0.04219178
v 0.03219178 0.02493151 0.04123288
v 0.03273973 0.02547945 0.04082192
v 0.02726027 0.02684932 0.04232877
v 0.02904110 0.02958904 0.04493151
v 0.02821918 0.02726027 0.04205479
v 0.02780822 0.02904110 0.04328767
v 0.02780822 0.02904110 0.04328767
v 0.02863014 0.02958904 0.04410959
v 0.02931507 0.03164384 0.04479452
v 0.02904110 0.02958904 0.04493151
v 0.02986301 0.03232877 0.04452055
v 0.02986301 0.03232877 0.04452055
v 0.02986301 0.03232877 0.04452055
v 0.03068493 0.03342466 0.04424658
v 0.03068493 0.03342466 0.04424658
v 0.02986301 0.03232877 0.04452055
v 0.03095890 0.03424658 0.04383562
v 0.03150685 0.03547945 0.04424658
v 0.03068493 0.03616438 0.04657534
v 0.03041096 0.03178082 0.02863014
v 0.02986301 0.03493151 0.02945205
v 0.03260274 0.03205479 0.03150685
v 0.02726027 0.03465753 0.02794521
v 0.03301370 0.02890411 0.03109589
v 0.03095890 0.02876712 0.02808219
v 0.02753425 0.03150685 0.02698630
v 0.03205479 0.03506849 0.03191781
v 0.02986301 0.03493151 0.02945205
v 0.02698630 0.03753425 0.02849315
v 0.02958904 0.03753425 0.02986301
v 0.02726027 0.03465753 0.02794521
v 0.02986301 0.03493151 0.02945205
v 0.02958904 0.03753425 0.02986301
v 0.03205479 0.03506849 0.03191781
v 0.03328767 0.02082192 0.04191781
v 0.03287671 0.02273973 0.04178082
v 0.03287671 0.02273973 0.04178082
v 0.03164384 0.02041096 0.04301370
v 0.03397260 0.02301370 0.04027397
v 0.03465753 0.02109589 0.04027397
v 0.03232877 0.02328767 0.04410959
v 0.03328767 0.02438356 0.04287671
v 0.03328767 0.02438356 0.04287671
v 0.03246575 0.02424658 0.04164384
v 0.03356164 0.02452055 0.04027397
v 0.03397260 0.02301370 0.04027397
v 0.03315068 0.02534247 0.04027397
v 0.03369863 0.02547945 0.04164384
v 0.03424658 0.02575342 0.04328767
v 0.03479452 0.02712329 0.04150685
v 0.03383562 0.02630137 0.04041096
v 0.03452055 0.02753425 0.04383562
v 0.03479452 0.02315068 0.03849315
v 0.03547945 0.02109589 0.03849315
v 0.03438356 0.02520548 0.03890411
v 0.03438356 0.02520548 0.03890411
v 0.03410959 0.02630137 0.03945205
v 0.03479452 0.02602740 0.03657534
v 0.03534247 0.02328767 0.03643836
v 0.03534247 0.02328767 0.03643836
v 0.03479452 0.02602740 0.03657534
v 0.03479452 0.02315068 0.03849315
v 0.03479452 0.02602740 0.03657534
v 0.03589041 0.02082192 0.03630137
v 0.03506849 0.02917808 0.04178082
v 0.03397260 0.02931507 0.04479452
v 0.03438356 0.03123288 0.04273973
v 0.03301370 0.03232877 0.04424658
v 0.03479452 0.02808219 0.03986301
v 0.03493151 0.03054795 0.03958904
v 0.03328767 0.03438356 0.04164384
v 0.03301370 0.03232877 0.04424658
v 0.03328767 0.03438356 0.04164384
v 0.03191781 0.03479452 0.04260274
v 0.03287671 0.03520548 0.04095890
v 0.03246575 0.03602740 0.04260274
v 0.03424658 0.03383562 0.03945205
v 0.03424658 0.03383562 0.03945205
v 0.03465753 0.02863014 0.03821918
v 0.03452055 0.02890411 0.03671233
v 0.03465753 0.02863014 0.03821918
v 0.03410959 0.02630137 0.03945205
v 0.03493151 0.03054795 0.03958904
v 0.03452055 0.03150685 0.03739726
v 0.03424658 0.03383562 0.03945205
v 0.03397260 0.03410959 0.03671233
v 0.03397260 0.03410959 0.03671233
v 0.03328767 0.03561644 0.03849315
v 0.03424658 0.03178082 0.03602740
v 0.03465753 0.02616438 0.03383562
v 0.03369863 0.02589041 0.03054795
v 0.03520548 0.02315068 0.03356164
v 0.03410959 0.02260274 0.03027397
v 0.03589041 0.02027397 0.03342466
v 0.03589041 0.02082192 0.03630137
v 0.03410959 0.02904110 0.03410959
v 0.03178082 0.02232877 0.02698630
v 0.03178082 0.02232877 0.02698630
v 0.03136986 0.02561644 0.02739726
v 0.03369863 0.03219178 0.03438356
v 0.03369863 0.03219178 0.03438356
v 0.03328767 0.03561644 0.03547945
v 0.02794521 0.02849315 0.02616438
v 0.03972603 0.00493151 0.04287671
v 0.04054795 0.00493151 0.04041096
v 0.04109589 0.00041096 0.03794521
v 0.04109589 0.00041096 0.03794521
v 0.04123288 0.00041096 0.03534247
v 0.04109589 0.00493151 0.03794521
v 0.04123288 0.00041096 0.03534247
v 0.04054795 0.00493151 0.04041096
v 0.04109589 0.00493151 0.03794521
v 0.04123288 0.00493151 0.03534247
v 0.04123288 0.00493151 0.03534247
v 0.04109589 0.00041096 0.03287671
v 0.04123288 0.00041096 0.03534247
v 0.04123288 0.00493151 0.03534247
v 0.04054795 0.00041096 0.03027397
v 0.04027397 0.00000000 0.03041096
v 0.04109589 0.00493151 0.03287671
v 0.04054795 0.00493151 0.03027397
v 0.04027397 0.00534247 0.03041096
v 0.03945205 0.00000000 0.02794521
v 0.03972603 0.00041096 0.02794521
v 0.03945205 0.00534247 0.02794521
v 0.03972603 0.00493151 0.02794521
v 0.02397260 0.04150685 0.05452055
v 0.02383562 0.04164384 0.05410959
v 0.02410959 0.04164384 0.05506849
v 0.02493151 0.04150685 0.05397260
v 0.02424658 0.04219178 0.05520548
v 0.02438356 0.04301370 0.05534247
v 0.02452055 0.04383562 0.05520548
v 0.02534247 0.04178082 0.05452055
v 0.02561644 0.04232877 0.05465753
v 0.02575342 0.04191781 0.05424658
v 0.02547945 0.04178082 0.05397260
v 0.02561644 0.04287671 0.05465753
v 0.02616438 0.04232877 0.05410959
v 0.02575342 0.04356164 0.05452055
v 0.02643836 0.04260274 0.05397260
v 0.02452055 0.04452055 0.05479452
v 0.02589041 0.04424658 0.05397260
v 0.02698630 0.04315068 0.05342466
v 0.02246575 0.04465753 0.05561644
v 0.02287671 0.04479452 0.05534247
v 0.02438356 0.04534247 0.05397260
v 0.02465753 0.03753425 0.05273973
v 0.02438356 0.03794521 0.05315068
v 0.02520548 0.03684932 0.05191781
v 0.02397260 0.03849315 0.05369863
v 0.02369863 0.03876712 0.05397260
v 0.02342466 0.03931507 0.05410959
v 0.02342466 0.03945205 0.05369863
v 0.02356164 0.03917808 0.05410959
v 0.02369863 0.03917808 0.05219178
v 0.02369863 0.03958904 0.05246575
v 0.02328767 0.04013699 0.05246575
v 0.02438356 0.03986301 0.05397260
v 0.02479452 0.03972603 0.05383562
v 0.02410959 0.04013699 0.05410959
v 0.02506849 0.03945205 0.05356164
v 0.02424658 0.03945205 0.05136986
v 0.02561644 0.03904110 0.05315068
v 0.02616438 0.03863014 0.05260274
v 0.02643836 0.04054795 0.05328767
v 0.02589041 0.04082192 0.05356164
v 0.02698630 0.03794521 0.05164384
v 0.02712329 0.04027397 0.05273973
v 0.02794521 0.03986301 0.05205479
v 0.02767123 0.03684932 0.05041096
v 0.02356164 0.04054795 0.05164384
v 0.02397260 0.04027397 0.05356164
v 0.02452055 0.04123288 0.05356164
v 0.02465753 0.04109589 0.05397260
v 0.02424658 0.04013699 0.05150685
v 0.02479452 0.04178082 0.05356164
v 0.02547945 0.04232877 0.05082192
v 0.02369863 0.04095890 0.05082192
v 0.02356164 0.04136986 0.04986301
v 0.02452055 0.03986301 0.05041096
v 0.02438356 0.04054795 0.05068493
v 0.02424658 0.04095890 0.04972603
v 0.02342466 0.04150685 0.04904110
v 0.02520548 0.04095890 0.05383562
v 0.02561644 0.04082192 0.05369863
v 0.02602740 0.04178082 0.05383562
v 0.02643836 0.04191781 0.05369863
v 0.02698630 0.04178082 0.05342466
v 0.02767123 0.04164384 0.05287671
v 0.02438356 0.04027397 0.04945205
v 0.02397260 0.04123288 0.04876712
v 0.02315068 0.04164384 0.04849315
v 0.02410959 0.04068493 0.04849315
v 0.02342466 0.04095890 0.04780822
v 0.02342466 0.04136986 0.04808219
v 0.02849315 0.03808219 0.05082192
v 0.02972603 0.03712329 0.04890411
v 0.02904110 0.03958904 0.05123288
v 0.03013699 0.03821918 0.04945205
v 0.02835616 0.04136986 0.05219178
v 0.02849315 0.04260274 0.05219178
v 0.02931507 0.04246575 0.05150685
v 0.02931507 0.04095890 0.05150685
v 0.02780822 0.04287671 0.05287671
v 0.02767123 0.04383562 0.05260274
v 0.02698630 0.04397260 0.05315068
v 0.02849315 0.04356164 0.05191781
v 0.02917808 0.04356164 0.05136986
v 0.02849315 0.04356164 0.05191781
v 0.02849315 0.04260274 0.05219178
v 0.02917808 0.04356164 0.05136986
v 0.02863014 0.04438356 0.05123288
v 0.02767123 0.04452055 0.05205479
v 0.02767123 0.04383562 0.05260274
v 0.02767123 0.04479452 0.05150685
v 0.03054795 0.04095890 0.05027397
v 0.03041096 0.03958904 0.05000000
v 0.03054795 0.04232877 0.05054795
v 0.03178082 0.04109589 0.04890411
v 0.03178082 0.03972603 0.04849315
v 0.03178082 0.04246575 0.04917808
v 0.03054795 0.04232877 0.05054795
v 0.03054795 0.04095890 0.05027397
v 0.03178082 0.04109589 0.04890411
v 0.03027397 0.04369863 0.05054795
v 0.02931507 0.04246575 0.05150685
v 0.02986301 0.04424658 0.05054795
v 0.03150685 0.04383562 0.04931507
v 0.03095890 0.04479452 0.04958904
v 0.03123288 0.03753425 0.04753425
v 0.02972603 0.03712329 0.04890411
v 0.03123288 0.03753425 0.04753425
v 0.03150685 0.03849315 0.04794521
v 0.03260274 0.03808219 0.04589041
v 0.03219178 0.03671233 0.04479452
v 0.02438356 0.04575342 0.05356164
v 0.02438356 0.04575342 0.05356164
v 0.02438356 0.04739726 0.05287671
v 0.02589041 0.04547945 0.05273973
v 0.02438356 0.04534247 0.05397260
v 0.02630137 0.04479452 0.05273973
v 0.02630137 0.04479452 0.05273973
v 0.02547945 0.04712329 0.05246575
v 0.02657534 0.04547945 0.05219178
v 0.02698630 0.04397260 0.05315068
v 0.02712329 0.04506849 0.05191781
v 0.02630137 0.04698630 0.05219178
v 0.02452055 0.04917808 0.05232877
v 0.02643836 0.04616438 0.05232877
v 0.02630137 0.04698630 0.05219178
v 0.02589041 0.04602740 0.05205479
v 0.02726027 0.04616438 0.05219178
v 0.02630137 0.04534247 0.05191781
v 0.02671233 0.04561644 0.05219178
v 0.02575342 0.04890411 0.05191781
v 0.02575342 0.04684932 0.05191781
v 0.02630137 0.04767123 0.05205479
v 0.02671233 0.04726027 0.05219178
v 0.02657534 0.04876712 0.05150685
v 0.02684932 0.04684932 0.05178082
v 0.02698630 0.04794521 0.05150685
v 0.02684932 0.04479452 0.05164384
v 0.02630137 0.04767123 0.05205479
v 0.02575342 0.04767123 0.05178082
v 0.02575342 0.04684932 0.05191781
v 0.02657534 0.04835616 0.05178082
v 0.02616438 0.04835616 0.05150685
v 0.02712329 0.04767123 0.05191781
v 0.02712329 0.04767123 0.05191781
v 0.02493151 0.05109589 0.05164384
v 0.02630137 0.05068493 0.05123288
v 0.02698630 0.04876712 0.05150685
v 0.02657534 0.04890411 0.05109589
v 0.02520548 0.05328767 0.05068493
v 0.02712329 0.04917808 0.05109589
v 0.02780822 0.05054795 0.05068493
v 0.02698630 0.05287671 0.05027397
v 0.02780822 0.04547945 0.05191781
v 0.02726027 0.04506849 0.05205479
v 0.02808219 0.04630137 0.05178082
v 0.02780822 0.04684932 0.05191781
v 0.02753425 0.04438356 0.05136986
v 0.02780822 0.04465753 0.05164384
v 0.02821918 0.04424658 0.05095890
v 0.02780822 0.04643836 0.05123288
v 0.02835616 0.04452055 0.05136986
v 0.02890411 0.04534247 0.05136986
v 0.02931507 0.04452055 0.05068493
v 0.02972603 0.04534247 0.05027397
v 0.02890411 0.04438356 0.05054795
v 0.02904110 0.04465753 0.05095890
v 0.02863014 0.04602740 0.05150685
v 0.02794521 0.04835616 0.05082192
v 0.02780822 0.04684932 0.05191781
v 0.02794521 0.04767123 0.05164384
v 0.02753425 0.04835616 0.05150685
v 0.02863014 0.04698630 0.05150685
v 0.02863014 0.04698630 0.05150685
v 0.02931507 0.04821918 0.05000000
v 0.02917808 0.04643836 0.05109589
v 0.02958904 0.04575342 0.05082192
v 0.02849315 0.04794521 0.05136986
v 0.02904110 0.04767123 0.05095890
v 0.02917808 0.04643836 0.05109589
v 0.02931507 0.04712329 0.05095890
v 0.02904110 0.04835616 0.05068493
v 0.02835616 0.04863014 0.05109589
v 0.02945205 0.04465753 0.05013699
v 0.02958904 0.04493151 0.05054795
v 0.03013699 0.04547945 0.05000000
v 0.03000000 0.04520548 0.04972603
v 0.03000000 0.04547945 0.05027397
v 0.03027397 0.04616438 0.05000000
v 0.02986301 0.04671233 0.05041096
v 0.03054795 0.04589041 0.04972603
v 0.02986301 0.04794521 0.04972603
v 0.03027397 0.04602740 0.04945205
v 0.02986301 0.04671233 0.05041096
v 0.02972603 0.04767123 0.05041096
v 0.03013699 0.04753425 0.04972603
v 0.02986301 0.04821918 0.04986301
v 0.03027397 0.04684932 0.04986301
v 0.03027397 0.04616438 0.05000000
v 0.03027397 0.04671233 0.04931507
v 0.03027397 0.04671233 0.04931507
v 0.02753425 0.04917808 0.05109589
v 0.02712329 0.04931507 0.05068493
v 0.02849315 0.04917808 0.05041096
v 0.02917808 0.05013699 0.04986301
v 0.02808219 0.04917808 0.05068493
v 0.02780822 0.04945205 0.05027397
v 0.02876712 0.04904110 0.05027397
v 0.02931507 0.04876712 0.05000000
v 0.02863014 0.04931507 0.04986301
v 0.02835616 0.05246575 0.04972603
v 0.02931507 0.04876712 0.05000000
v 0.03027397 0.04808219 0.04945205
v 0.03054795 0.04958904 0.04876712
v 0.02917808 0.04890411 0.04945205
v 0.03123288 0.04780822 0.04863014
v 0.03136986 0.04616438 0.04890411
v 0.03013699 0.04753425 0.04917808
v 0.02972603 0.04835616 0.04931507
v 0.02958904 0.05191781 0.04890411
v 0.02849315 0.05369863 0.04876712
v 0.02698630 0.05438356 0.04931507
v 0.03068493 0.05150685 0.04808219
v 0.03164384 0.04986301 0.04726027
v 0.02986301 0.05301370 0.04821918
v 0.03150685 0.05150685 0.04698630
v 0.03054795 0.05246575 0.04767123
v 0.03109589 0.05287671 0.04671233
v 0.03150685 0.03849315 0.04794521
v 0.03287671 0.03890411 0.04643836
v 0.03178082 0.03972603 0.04849315
v 0.03383562 0.03945205 0.04493151
v 0.03356164 0.03808219 0.04328767
v 0.03369863 0.03876712 0.04410959
v 0.03301370 0.04013699 0.04698630
v 0.03178082 0.04109589 0.04890411
v 0.03178082 0.03972603 0.04849315
v 0.03315068 0.04136986 0.04726027
v 0.03301370 0.04273973 0.04753425
v 0.03315068 0.04136986 0.04726027
v 0.03301370 0.04273973 0.04753425
v 0.03178082 0.04109589 0.04890411
v 0.03273973 0.04410959 0.04767123
v 0.03397260 0.04054795 0.04534247
v 0.03397260 0.04301370 0.04575342
v 0.03369863 0.04424658 0.04589041
v 0.03273973 0.04410959 0.04767123
v 0.03410959 0.04164384 0.04547945
v 0.03410959 0.04438356 0.04397260
v 0.03438356 0.04315068 0.04383562
v 0.03246575 0.04506849 0.04767123
v 0.03219178 0.04657534 0.04753425
v 0.03191781 0.04821918 0.04739726
v 0.03342466 0.04520548 0.04589041
v 0.03342466 0.04520548 0.04589041
v 0.03315068 0.04657534 0.04589041
v 0.03246575 0.04506849 0.04767123
v 0.03315068 0.04657534 0.04589041
v 0.03397260 0.04520548 0.04397260
v 0.03369863 0.04657534 0.04397260
v 0.03287671 0.04821918 0.04575342
v 0.03342466 0.04821918 0.04397260
v 0.03287671 0.04821918 0.04575342
v 0.03260274 0.04986301 0.04561644
v 0.03301370 0.04986301 0.04397260
v 0.03260274 0.04986301 0.04561644
v 0.03232877 0.05150685 0.04547945
v 0.03287671 0.05150685 0.04383562
v 0.03287671 0.05150685 0.04383562
v 0.02534247 0.05479452 0.04972603
v 0.02534247 0.05479452 0.04972603
v 0.02547945 0.05630137 0.04808219
v 0.02547945 0.05630137 0.04808219
v 0.02547945 0.05712329 0.04657534
v 0.02726027 0.05575342 0.04767123
v 0.02698630 0.05438356 0.04931507
v 0.02726027 0.05657534 0.04630137
v 0.02726027 0.05726027 0.04465753
v 0.02561644 0.05780822 0.04493151
v 0.02726027 0.05575342 0.04767123
v 0.02876712 0.05506849 0.04712329
v 0.02849315 0.05369863 0.04876712
v 0.02876712 0.05506849 0.04712329
v 0.02890411 0.05589041 0.04575342
v 0.03027397 0.05424658 0.04657534
v 0.03027397 0.05424658 0.04657534
v 0.03068493 0.05506849 0.04452055
v 0.03109589 0.05287671 0.04671233
v 0.03178082 0.05315068 0.04520548
v 0.02972603 0.05616438 0.04369863
v 0.02890411 0.05671233 0.04410959
v 0.03232877 0.05150685 0.04547945
v 0.02712329 0.04054795 0.02863014
v 0.02972603 0.04027397 0.03013699
v 0.03191781 0.03972603 0.03232877
v 0.03191781 0.03739726 0.03219178
v 0.03191781 0.03739726 0.03219178
v 0.02726027 0.04369863 0.02876712
v 0.02986301 0.04342466 0.03027397
v 0.03000000 0.04602740 0.03041096
v 0.02739726 0.04630137 0.02890411
v 0.03219178 0.04232877 0.03232877
v 0.03219178 0.04534247 0.03246575
v 0.02739726 0.05095890 0.02986301
v 0.02753425 0.04835616 0.02931507
v 0.02726027 0.05301370 0.03068493
v 0.03000000 0.04821918 0.03068493
v 0.03219178 0.04794521 0.03273973
v 0.03000000 0.05068493 0.03123288
v 0.02972603 0.05260274 0.03191781
v 0.03205479 0.05027397 0.03328767
v 0.03315068 0.03739726 0.04273973
v 0.03328767 0.03657534 0.04054795
v 0.03452055 0.04041096 0.04246575
v 0.03424658 0.03986301 0.04369863
v 0.03369863 0.03794521 0.04041096
v 0.03438356 0.03986301 0.04123288
v 0.03438356 0.04082192 0.04369863
v 0.03452055 0.04191781 0.04369863
v 0.03465753 0.04178082 0.04219178
v 0.03465753 0.04287671 0.04219178
v 0.03438356 0.04424658 0.04219178
v 0.03465753 0.04136986 0.04095890
v 0.03424658 0.03958904 0.03972603
v 0.03438356 0.04054795 0.03904110
v 0.03465753 0.04273973 0.04082192
v 0.03356164 0.03712329 0.03780822
v 0.03383562 0.03863014 0.03794521
v 0.03328767 0.03726027 0.03534247
v 0.03424658 0.04068493 0.03698630
v 0.03342466 0.03931507 0.03506849
v 0.03438356 0.04246575 0.03780822
v 0.03438356 0.04465753 0.04013699
v 0.03369863 0.04219178 0.03506849
v 0.03438356 0.04438356 0.03780822
v 0.03369863 0.04438356 0.03506849
v 0.03438356 0.04438356 0.03780822
v 0.03438356 0.04246575 0.03780822
v 0.03369863 0.04219178 0.03506849
v 0.03424658 0.04506849 0.04219178
v 0.03397260 0.04643836 0.04219178
v 0.03383562 0.04808219 0.04219178
v 0.03424658 0.04630137 0.04013699
v 0.03410959 0.04808219 0.04013699
v 0.03356164 0.04972603 0.04219178
v 0.03383562 0.04972603 0.04027397
v 0.03356164 0.04972603 0.04219178
v 0.03383562 0.04808219 0.04219178
v 0.03410959 0.04808219 0.04013699
v 0.03328767 0.05150685 0.04219178
v 0.03287671 0.05150685 0.04383562
v 0.03301370 0.04986301 0.04397260
v 0.03287671 0.05150685 0.04383562
v 0.03273973 0.05301370 0.04219178
v 0.03232877 0.05315068 0.04356164
v 0.03273973 0.05301370 0.04219178
v 0.03356164 0.05136986 0.04041096
v 0.03301370 0.05287671 0.04068493
v 0.03410959 0.04616438 0.03780822
v 0.03438356 0.04465753 0.04013699
v 0.03410959 0.04616438 0.03780822
v 0.03424658 0.04630137 0.04013699
v 0.03410959 0.04794521 0.03780822
v 0.03383562 0.04972603 0.03808219
v 0.03356164 0.04630137 0.03520548
v 0.03342466 0.04794521 0.03534247
v 0.03328767 0.04986301 0.03561644
v 0.03356164 0.05136986 0.03835616
v 0.03315068 0.05273973 0.03876712
v 0.03301370 0.05164384 0.03616438
v 0.03273973 0.05301370 0.03684932
v 0.03191781 0.03972603 0.03232877
v 0.03164384 0.05205479 0.03397260
v 0.03136986 0.05369863 0.03493151
v 0.02945205 0.05424658 0.03315068
v 0.02561644 0.05835616 0.04301370
v 0.02561644 0.05849315 0.04123288
v 0.02575342 0.05849315 0.03931507
v 0.02726027 0.05794521 0.04136986
v 0.02726027 0.05780822 0.04287671
v 0.02712329 0.05808219 0.03958904
v 0.02589041 0.05821918 0.03739726
v 0.02726027 0.05780822 0.03794521
v 0.02780822 0.05726027 0.03616438
v 0.02630137 0.05753425 0.03547945
v 0.03013699 0.05630137 0.04273973
v 0.02890411 0.05739726 0.04136986
v 0.02821918 0.05726027 0.04287671
v 0.03178082 0.05479452 0.04273973
v 0.03041096 0.05643836 0.04205479
v 0.03150685 0.05534247 0.04205479
v 0.02931507 0.05726027 0.04109589
v 0.03136986 0.05780822 0.04164384
v 0.02835616 0.05767123 0.03972603
v 0.02835616 0.05753425 0.03835616
v 0.02863014 0.05739726 0.03876712
v 0.02876712 0.05753425 0.03972603
v 0.02890411 0.05698630 0.03712329
v 0.02890411 0.05712329 0.03780822
v 0.02931507 0.05863014 0.03904110
v 0.02945205 0.05794521 0.03726027
v 0.03013699 0.05863014 0.04068493
v 0.03095890 0.05972603 0.04000000
v 0.03068493 0.05972603 0.03602740
v 0.03000000 0.05958904 0.03835616
v 0.02986301 0.05602740 0.03671233
v 0.02890411 0.05698630 0.03712329
v 0.02890411 0.05712329 0.03780822
v 0.02986301 0.05602740 0.03671233
v 0.02972603 0.05602740 0.03616438
v 0.02780822 0.05726027 0.03616438
v 0.03041096 0.05671233 0.03616438
v 0.03095890 0.05753425 0.03561644
v 0.03068493 0.06054795 0.03767123
v 0.03164384 0.06068493 0.03945205
v 0.03164384 0.06191781 0.03671233
v 0.03273973 0.06232877 0.03835616
v 0.02630137 0.05753425 0.03547945
v 0.02671233 0.05630137 0.03369863
v 0.02698630 0.05479452 0.03191781
v 0.02890411 0.05589041 0.03479452
v 0.03109589 0.05479452 0.03616438
v 0.03095890 0.05493151 0.03671233
v 0.03095890 0.05493151 0.03671233
v 0.03164384 0.05547945 0.03616438
v 0.03164384 0.05835616 0.03479452
v 0.03150685 0.06068493 0.03493151
v 0.03260274 0.05397260 0.04095890
v 0.03260274 0.05397260 0.04095890
v 0.03232877 0.05452055 0.04095890
v 0.03273973 0.05671233 0.04164384
v 0.03369863 0.05780822 0.04109589
v 0.03369863 0.05561644 0.04068493
v 0.03465753 0.05657534 0.04027397
v 0.03301370 0.06000000 0.04068493
v 0.03273973 0.05369863 0.03917808
v 0.03246575 0.05410959 0.03931507
v 0.03246575 0.05410959 0.03931507
v 0.03205479 0.05424658 0.03780822
v 0.03246575 0.05410959 0.03931507
v 0.03205479 0.05424658 0.03780822
v 0.03301370 0.05465753 0.03726027
v 0.03301370 0.05465753 0.03726027
v 0.03383562 0.05479452 0.03904110
v 0.03232877 0.05397260 0.03739726
v 0.03342466 0.05506849 0.03698630
v 0.03342466 0.05506849 0.03698630
v 0.03465753 0.05547945 0.03863014
v 0.03534247 0.05602740 0.03821918
v 0.03520548 0.05712329 0.03986301
v 0.03369863 0.05520548 0.03684932
v 0.03369863 0.05520548 0.03684932
v 0.03424658 0.05575342 0.03643836
v 0.03424658 0.05575342 0.03643836
v 0.03438356 0.06191781 0.03945205
v 0.03438356 0.05863014 0.04082192
v 0.03602740 0.06068493 0.03958904
v 0.03712329 0.05917808 0.03863014
v 0.03712329 0.05780822 0.03684932
v 0.03753425 0.06219178 0.03835616
v 0.03589041 0.06342466 0.03835616
v 0.03849315 0.05945205 0.03561644
v 0.03589041 0.05739726 0.03506849
v 0.03849315 0.06068493 0.03739726
v 0.03986301 0.06260274 0.03643836
v 0.03986301 0.06109589 0.03452055
v 0.03410959 0.06397260 0.03712329
v 0.03643836 0.06534247 0.03657534
v 0.03479452 0.06534247 0.03493151
v 0.03835616 0.06424658 0.03712329
v 0.03794521 0.06671233 0.03520548
v 0.03958904 0.06575342 0.03561644
v 0.04095890 0.06438356 0.03506849
v 0.03301370 0.05698630 0.03493151
v 0.03589041 0.05739726 0.03506849
v 0.03260274 0.05931507 0.03397260
v 0.03575342 0.05945205 0.03287671
v 0.03397260 0.06054795 0.03273973
v 0.03287671 0.06205479 0.03369863
v 0.03671233 0.06123288 0.03164384
v 0.03575342 0.05945205 0.03287671
v 0.03397260 0.06054795 0.03273973
v 0.03506849 0.06273973 0.03178082
v 0.03287671 0.06205479 0.03369863
v 0.03575342 0.05945205 0.03287671
v 0.03849315 0.06054795 0.03260274
v 0.03849315 0.06054795 0.03260274
v 0.03863014 0.06273973 0.03082192
v 0.04013699 0.06246575 0.03178082
v 0.04013699 0.06246575 0.03178082
v 0.03986301 0.06109589 0.03452055
v 0.03849315 0.06054795 0.03260274
v 0.03712329 0.06383562 0.03054795
v 0.03438356 0.06424658 0.03315068
v 0.03438356 0.06424658 0.03315068
v 0.03589041 0.06616438 0.03260274
v 0.03479452 0.06534247 0.03493151
v 0.03479452 0.06534247 0.03493151
v 0.03643836 0.06534247 0.03657534
v 0.03671233 0.06684932 0.03410959
v 0.03671233 0.06684932 0.03410959
v 0.03616438 0.06506849 0.03123288
v 0.03794521 0.06671233 0.03520548
v 0.03767123 0.06753425 0.03150685
v 0.03780822 0.06657534 0.03027397
v 0.03821918 0.06808219 0.03273973
v 0.03821918 0.06808219 0.03273973
v 0.03958904 0.06575342 0.03561644
v 0.03945205 0.06794521 0.03369863
v 0.04082192 0.06712329 0.03410959
v 0.04095890 0.06438356 0.03506849
v 0.04191781 0.06589041 0.03356164
v 0.03986301 0.06904110 0.03150685
v 0.03931507 0.06863014 0.03041096
v 0.03986301 0.06904110 0.03150685
v 0.04082192 0.06890411 0.03219178
v 0.03863014 0.06547945 0.02972603
v 0.04000000 0.06465753 0.03000000
v 0.03945205 0.06794521 0.02958904
v 0.03863014 0.06547945 0.02972603
v 0.03945205 0.06794521 0.02958904
v 0.04013699 0.06698630 0.02917808
v 0.04000000 0.06465753 0.03000000
v 0.04095890 0.06958904 0.02972603
v 0.03931507 0.06863014 0.03041096
v 0.03986301 0.06904110 0.03150685
v 0.04109589 0.06890411 0.02890411
v 0.04109589 0.06287671 0.03342466
v 0.04109589 0.06287671 0.03342466
v 0.04205479 0.06465753 0.03219178
v 0.04123288 0.06424658 0.03082192
v 0.04178082 0.06835616 0.03246575
v 0.04260274 0.06739726 0.03205479
v 0.04260274 0.06917808 0.03095890
v 0.04287671 0.06643836 0.03109589
v 0.04123288 0.06424658 0.03082192
v 0.04013699 0.06246575 0.03178082
v 0.04123288 0.06630137 0.02931507
v 0.04219178 0.06602740 0.03000000
v 0.04219178 0.06602740 0.03000000
v 0.04164384 0.06972603 0.03054795
v 0.04164384 0.06972603 0.03054795
v 0.04260274 0.07000000 0.02904110
v 0.04260274 0.06917808 0.03095890
v 0.04287671 0.07000000 0.02945205
v 0.04191781 0.06808219 0.02876712
v 0.04273973 0.06958904 0.02876712
v 0.04328767 0.06835616 0.03041096
v 0.04287671 0.06780822 0.02931507
v 0.04328767 0.06835616 0.03041096
v 0.04328767 0.06972603 0.02945205
v 0.04287671 0.06780822 0.02931507
v 0.04328767 0.06945205 0.02890411
v 0.04315068 0.07000000 0.02890411
v 0.02698630 0.01479452 0.02575342
v 0.02273973 0.01575342 0.02726027
v 0.02780822 0.01410959 0.01808219
v 0.02273973 0.01575342 0.02726027
v 0.02753425 0.01383562 0.01767123
v 0.02575342 0.01712329 0.02164384
v 0.02273973 0.01575342 0.02726027
v 0.02616438 0.01698630 0.02164384
v 0.02575342 0.01712329 0.02164384
v 0.02643836 0.01493151 0.02041096
v 0.02575342 0.01712329 0.02164384
v 0.02616438 0.01698630 0.02164384
v 0.02712329 0.02068493 0.02109589
v 0.02643836 0.02068493 0.02054795
v 0.02547945 0.01698630 0.02109589
v 0.02575342 0.01712329 0.02164384
v 0.02671233 0.02068493 0.02095890
v 0.02671233 0.02068493 0.02095890
v 0.02643836 0.01493151 0.02041096
v 0.02726027 0.01602740 0.01917808
v 0.02780822 0.01410959 0.01808219
v 0.02575342 0.01506849 0.01986301
v 0.02657534 0.01602740 0.01876712
v 0.02712329 0.01410959 0.01767123
v 0.02835616 0.01849315 0.02493151
v 0.02424658 0.00000000 0.01630137
v 0.02424658 0.00041096 0.01602740
v 0.02671233 0.00000000 0.01684932
v 0.02424658 0.00041096 0.01602740
v 0.02424658 0.00493151 0.01602740
v 0.02671233 0.00493151 0.01643836
v 0.02671233 0.00041096 0.01643836
v 0.02671233 0.00493151 0.01643836
v 0.02424658 0.00534247 0.01630137
v 0.02671233 0.00534247 0.01684932
v 0.02917808 0.00041096 0.01726027
v 0.02917808 0.00493151 0.01726027
v 0.03150685 0.00041096 0.01849315
v 0.03150685 0.00493151 0.01849315
v 0.02917808 0.00493151 0.01726027
v 0.02671233 0.00534247 0.01684932
v 0.02712329 0.01589041 0.01876712
v 0.02753425 0.01383562 0.01767123
v 0.03013699 0.01780822 0.01356164
v 0.02808219 0.01821918 0.01712329
v 0.03082192 0.01780822 0.01397260
v 0.02876712 0.01835616 0.01767123
v 0.03068493 0.01780822 0.01356164
v 0.03356164 0.00041096 0.01986301
v 0.03150685 0.00041096 0.01849315
v 0.03356164 0.00041096 0.01986301
v 0.03356164 0.00041096 0.01986301
v 0.03356164 0.00493151 0.01986301
v 0.03547945 0.00493151 0.02150685
v 0.03547945 0.00041096 0.02150685
v 0.03547945 0.00041096 0.02150685
v 0.03342466 0.00534247 0.02013699
v 0.03534247 0.00534247 0.02178082
v 0.03712329 0.00041096 0.02342466
v 0.03547945 0.00041096 0.02150685
v 0.03863014 0.00041096 0.02561644
v 0.03863014 0.00041096 0.02561644
v 0.03712329 0.00041096 0.02342466
v 0.03863014 0.00493151 0.02561644
v 0.03863014 0.00041096 0.02561644
v 0.03972603 0.00493151 0.02794521
v 0.03698630 0.00534247 0.02369863
v 0.03835616 0.00534247 0.02575342
v 0.03712329 0.00493151 0.02342466
v 0.03712329 0.00493151 0.02342466
v 0.03945205 0.00534247 0.02794521
v 0.02835616 0.01849315 0.02493151
v 0.02849315 0.02219178 0.02479452
v 0.02835616 0.02534247 0.02534247
v 0.02835616 0.02534247 0.02534247
v 0.02684932 0.02739726 0.02054795
v 0.02876712 0.02164384 0.01767123
v 0.02849315 0.02219178 0.02479452
v 0.03178082 0.02232877 0.02698630
v 0.02712329 0.02739726 0.02109589
v 0.02684932 0.02739726 0.02054795
v 0.02767123 0.02753425 0.02109589
v 0.02945205 0.02164384 0.01821918
v 0.02452055 0.03452055 0.02698630
v 0.02684932 0.02739726 0.02054795
v 0.02712329 0.02739726 0.02109589
v 0.02342466 0.03506849 0.02479452
v 0.03095890 0.02328767 0.01452055
v 0.02684932 0.02739726 0.02054795
v 0.03041096 0.02876712 0.01547945
v 0.03095890 0.02328767 0.01452055
v 0.03164384 0.03287671 0.01342466
v 0.02342466 0.03506849 0.02479452
v 0.02767123 0.02753425 0.02109589
v 0.02424658 0.03506849 0.02547945
v 0.02369863 0.03506849 0.02534247
v 0.03164384 0.02328767 0.01506849
v 0.03123288 0.02876712 0.01602740
v 0.03260274 0.03287671 0.01397260
v 0.03260274 0.03287671 0.01397260
v 0.02986301 0.02095890 0.01575342
v 0.03054795 0.02109589 0.01630137
v 0.03041096 0.02095890 0.01575342
v 0.03136986 0.02301370 0.01452055
v 0.03465753 0.02506849 0.00890411
v 0.03164384 0.03287671 0.01342466
v 0.03095890 0.02876712 0.01547945
v 0.03041096 0.02876712 0.01547945
v 0.03465753 0.02506849 0.00890411
v 0.03547945 0.02506849 0.00945205
v 0.03136986 0.02301370 0.01452055
v 0.03095890 0.02328767 0.01452055
v 0.03534247 0.02506849 0.00876712
v 0.03547945 0.02506849 0.00945205
v 0.03123288 0.02876712 0.01602740
v 0.03260274 0.03287671 0.01397260
v 0.03219178 0.03273973 0.01356164
v 0.03219178 0.03273973 0.01356164
v 0.03164384 0.03287671 0.01342466
v 0.03671233 0.03547945 0.00684932
v 0.03794521 0.03534247 0.00726027
v 0.03260274 0.03287671 0.01397260
v 0.03739726 0.03506849 0.00698630
v 0.03164384 0.03287671 0.01342466
v 0.02342466 0.03506849 0.02479452
v 0.02808219 0.04068493 0.01904110
v 0.03671233 0.03547945 0.00684932
v 0.02904110 0.04068493 0.01958904
v 0.02424658 0.03506849 0.02547945
v 0.03260274 0.03287671 0.01397260
v 0.03794521 0.03534247 0.00726027
v 0.02849315 0.04095890 0.01945205
v 0.02342466 0.03506849 0.02479452
v 0.02369863 0.03506849 0.02534247
v 0.02424658 0.03506849 0.02547945
v 0.02849315 0.04095890 0.01945205
v 0.02849315 0.04095890 0.01945205
v 0.03657534 0.04726027 0.01123288
v 0.03520548 0.04739726 0.01095890
v 0.03589041 0.04767123 0.01123288
v 0.03589041 0.04767123 0.01123288
v 0.04205479 0.05383562 0.00342466
v 0.04342466 0.05356164 0.00356164
v 0.04273973 0.05410959 0.00356164
v 0.04273973 0.05410959 0.00356164
v 0.04178082 0.03767123 0.00054795
v 0.04246575 0.03931507 0.00013699
v 0.04178082 0.03767123 0.00054795
v 0.04301370 0.03739726 0.00095890
v 0.04246575 0.03726027 0.00068493
v 0.04301370 0.03739726 0.00095890
v 0.04369863 0.03904110 0.00041096
v 0.04219178 0.03821918 0.00013699
v 0.04246575 0.03726027 0.00068493
v 0.04246575 0.03726027 0.00068493
v 0.04219178 0.03821918 0.00013699
v 0.04301370 0.03794521 0.00013699
v 0.04328767 0.03904110 0.00000000
v 0.04328767 0.03904110 0.00000000
v 0.04383562 0.05328767 0.00178082
v 0.04287671 0.05315068 0.00191781
v 0.04342466 0.03808219 0.00054795
v 0.04424658 0.05287671 0.00205479
v 0.04383562 0.05328767 0.00178082
v 0.04301370 0.05410959 0.00232877
v 0.04383562 0.05383562 0.00301370
v 0.04356164 0.05452055 0.00260274
v 0.04356164 0.05452055 0.00260274
v 0.04397260 0.05356164 0.00246575
v 0.01342466 0.04520548 0.04972603
v 0.01356164 0.04835616 0.04931507
v 0.01643836 0.04479452 0.05164384
v 0.01671233 0.04890411 0.05109589
v 0.02273973 0.03876712 0.05273973
v 0.01904110 0.03945205 0.05123288
v 0.02369863 0.03917808 0.05219178
v 0.01890411 0.03986301 0.05041096
v 0.02438356 0.04027397 0.04945205
v 0.01986301 0.04095890 0.04780822
v 0.02082192 0.04109589 0.04726027
v 0.02616438 0.04835616 0.05150685
v 0.02684932 0.04479452 0.05164384
v 0.02972603 0.04835616 0.04931507
v 0.02945205 0.04465753 0.05013699
vt 0.52544886 0.39038795
vt 0.51109189 0.40116668
vt 0.50947207 0.39952838
vt 0.49692425 0.41157246
vt 0.80285388 0.74038577
vt 0.80537987 0.75764668
vt 0.79240745 0.76142102
vt 0.81590456 0.73664230
vt 0.34456217 0.52725679
vt 0.32681793 0.52991462
vt 0.32578328 0.52826214
vt 0.79013759 0.74400365
vt 0.49589178 0.40762633
vt 0.32955402 0.51954293
vt 0.26343888 0.34003484
vt 0.52808917 0.54225576
vt 0.36523256 0.31710160
vt 0.36003971 0.32535350
vt 0.21443023 0.30481589
vt 0.37043142 0.30742717
vt 0.16603436 0.34853625
vt 0.16399874 0.34985316
vt 0.16120110 0.33976054
vt 0.17022125 0.35876977
vt 0.16239937 0.33799326
vt 0.81869167 0.75391543
vt 0.12750258 0.36028862
vt 0.11718591 0.19816560
vt 0.12750259 0.20122457
vt 0.16684739 0.36032045
vt 0.13721238 0.20673060
vt 0.32225657 0.53793192
vt 0.32939067 0.53765756
vt 0.36863786 0.53468955
vt 0.33287799 0.54597104
vt 0.37382558 0.54058987
vt 0.33739811 0.54477859
vt 0.78016341 0.76509231
vt 0.26434982 0.73735762
vt 0.15747292 0.20080370
vt 0.16753933 0.20267218
vt 0.15489940 0.35803211
vt 0.14678361 0.19950432
vt 0.98942780 0.66428083
vt 0.98835176 0.64560628
vt 0.99260032 0.64485103
vt 0.99305570 0.66374713
vt 0.37148729 0.53288007
vt 0.16252568 0.65141624
vt 0.16580112 0.49904484
vt 0.17554037 0.50145102
vt 0.17348988 0.18248820
vt 0.17821419 0.33319521
vt 0.16832556 0.33628017
vt 0.48486316 0.75021762
vt 0.45575076 0.62888306
vt 0.46659091 0.62200540
vt 0.37703142 0.53989363
vt 0.15548281 0.49827105
vt 0.77691209 0.40666950
vt 0.78692609 0.40742779
vt 0.78828996 0.40978301
vt 0.77841455 0.38887417
vt 0.77794313 0.40899885
vt 0.76843715 0.38802028
vt 0.79823762 0.40793091
vt 0.79011685 0.39050889
vt 0.78046912 0.56026000
vt 0.25908709 0.52734596
vt 0.25275618 0.52767259
vt 0.20550738 0.33316946
vt 0.79923922 0.41124326
vt 0.22068350 0.53917253
vt 0.21667196 0.53394985
vt 0.22463241 0.53701687
vt 0.21238610 0.53374416
vt 0.22542533 0.52868986
vt 0.18771371 0.67634302
vt 0.48477265 0.49157107
vt 0.45185238 0.61608124
vt 0.22473530 0.52743226
vt 0.18576136 0.39312661
vt 0.20540404 0.75016493
vt 0.25058526 0.55519331
vt 0.25929928 0.55723220
vt 0.80831867 0.40283811
vt 0.80037069 0.38874888
vt 0.80738389 0.40145826
vt 0.65530932 0.05498815
vt 0.65836436 0.04390061
vt 0.81722963 0.04390061
vt 0.79065609 0.06332451
vt 0.79254746 0.07413810
vt 0.62890804 0.06485474
vt 0.78697407 0.05252784
vt 0.24742837 0.52740198
vt 0.80053753 0.38705140
vt 0.63991183 0.07849503
vt 0.80281490 0.07849503
vt 0.80512047 0.08976525
vt 0.80348301 0.09492171
vt 0.63958472 0.09492165
vt 0.64207584 0.08423227
vt 0.48386574 0.41356683
vt 0.48173848 0.41712779
vt 0.47914734 0.40796143
vt 0.82824481 0.73306102
vt 0.84100479 0.72932577
vt 0.83129436 0.74990052
vt 0.47746006 0.40765238
vt 0.37958607 0.33409750
vt 0.02515003 0.52107018
vt 0.01607358 0.51526231
vt 0.01695908 0.38717520
vt 0.58544511 0.95375341
vt 0.58351982 0.95459920
vt 0.57756644 0.94576567
vt 0.84404325 0.74675995
vt 0.85457593 0.72489220
vt 0.57537109 0.94686341
vt 0.46467412 0.95090365
vt 0.01643135 0.53167713
vt 0.02411893 0.53890556
vt 0.01701153 0.65020132
vt 0.84449917 0.74869418
vt 0.83157647 0.75182521
vt 0.04747009 0.63160264
vt 0.03955757 0.62362593
vt 0.04881986 0.50223923
vt 0.17669867 0.36701494
vt 0.16401792 0.49379486
vt 0.89042044 0.20018888
vt 0.90664732 0.33260721
vt 0.90169096 0.34084803
vt 0.85674739 0.74478644
vt 0.85733640 0.74686545
vt 0.31893632 0.96190715
vt 0.31036428 0.96915829
vt 0.20659652 0.96806043
vt 0.43600005 0.96928203
vt 0.33236304 0.97296834
vt 0.32474229 0.96569556
vt 0.85623533 0.72309172
vt 0.86719185 0.72058994
vt 0.86627048 0.72414440
vt 0.88832492 0.62118840
vt 0.39389616 0.95554996
vt 0.38459486 0.96070218
vt 0.29767096 0.95045239
vt 0.40213245 0.94899726
vt 0.87645733 0.72700322
vt 0.86978227 0.74494988
vt 0.87755936 0.72943950
vt 0.91516155 0.71629632
vt 0.56760931 0.20774949
vt 0.56081915 0.20486474
vt 0.57831633 0.13097101
vt 0.86975068 0.74738050
vt 0.97372413 0.27925152
vt 0.97919428 0.28880298
vt 0.97372627 0.37427533
vt 0.61573094 0.25850797
vt 0.56984043 0.23895812
vt 0.57946008 0.23200911
vt 0.88155377 0.75264710
vt 0.88109314 0.75002789
vt 0.92912698 0.80678427
vt 0.59583598 0.30864239
vt 0.56301028 0.23913789
vt 0.50494498 0.21612704
vt 0.50477409 0.21307766
vt 0.51762986 0.21553516
vt 0.88914526 0.73178279
vt 0.89926082 0.73331439
vt 0.89918244 0.73572546
vt 0.50749832 0.23690581
vt 0.90042895 0.75496215
vt 0.89089239 0.75205648
vt 0.88860542 0.73365045
vt 0.51772827 0.21349692
vt 0.53090054 0.21176535
vt 0.49437606 0.21163571
vt 0.54501438 0.20936185
vt 0.53137797 0.21408015
vt 0.52102232 0.23447287
vt 0.50892460 0.23979032
vt 0.89969510 0.75650525
vt 0.52128780 0.23667747
vt 0.53462291 0.23594904
vt 0.89094365 0.75423115
vt 0.54717821 0.23585415
vt 0.49801928 0.24345982
vt 0.53500485 0.23330581
vt 0.48350686 0.20882475
vt 0.48783690 0.24852538
vt 0.25372815 0.16626865
vt 0.24540378 0.18016011
vt 0.22853677 0.16858214
vt 0.27188909 0.16679764
vt 0.34401006 0.17938066
vt 0.36470070 0.18649709
vt 0.35888973 0.19981921
vt 0.34465536 0.19221807
vt 0.32876512 0.18385851
vt 0.32675877 0.17665929
vt 0.22072738 0.18764347
vt 0.21797965 0.21067643
vt 0.19675398 0.19082522
vt 0.13361029 0.11423451
vt 0.11221901 0.08706290
vt 0.13981277 0.08862615
vt 0.13009757 0.13485336
vt 0.11141314 0.12478179
vt 0.17025724 0.11383122
vt 0.15987851 0.13601470
vt 0.24162510 0.19829422
vt 0.27009743 0.17589867
vt 0.26379168 0.18588096
vt 0.13426787 0.06423968
vt 0.22445083 0.23247057
vt 0.20494363 0.24838507
vt 0.20501126 0.16702688
vt 0.37986204 0.20976245
vt 0.12680635 0.15319097
vt 0.10950230 0.15129060
vt 0.34298369 0.20312500
vt 0.36228755 0.21891665
vt 0.17083892 0.06428194
vt 0.17552824 0.08863175
vt 0.14833881 0.03933996
vt 0.17687848 0.04134816
vt 0.20202649 0.06181961
vt 0.23437940 0.25541770
vt 0.24552831 0.21452308
vt 0.25202987 0.23487031
vt 0.13204771 0.04168898
vt 0.11608559 0.03365093
vt 0.84133101 0.48549676
vt 0.83037049 0.50023365
vt 0.81056547 0.49065590
vt 0.79487342 0.48740429
vt 0.82268059 0.47901261
vt 0.85165262 0.50711006
vt 0.20861250 0.04005164
vt 0.53883761 0.24792600
vt 0.52928555 0.26204365
vt 0.51815629 0.26680696
vt 0.29429612 0.18138695
vt 0.28055316 0.18524379
vt 0.29060960 0.17663687
vt 0.28607059 0.17387861
vt 0.29900703 0.17840600
vt 0.29861888 0.17441541
vt 0.29562697 0.18292725
vt 0.28518695 0.18756735
vt 0.28070310 0.19570887
vt 0.26461053 0.20237559
vt 0.29594788 0.18690515
vt 0.29410571 0.19128370
vt 0.29621443 0.18257099
vt 0.29738781 0.18129510
vt 0.29727685 0.18349910
vt 0.29908034 0.18312293
vt 0.29442906 0.19279718
vt 0.29697964 0.19151092
vt 0.28617167 0.19911355
vt 0.29678208 0.19871682
vt 0.29860198 0.19330668
vt 0.28622508 0.20370591
vt 0.26858872 0.22044241
vt 0.28002486 0.21102405
vt 0.28552926 0.22342992
vt 0.28450051 0.21059102
vt 0.27767825 0.23391372
vt 0.26887700 0.24900484
vt 0.25663981 0.26535881
vt 0.28303292 0.16574466
vt 0.31795642 0.18100244
vt 0.31592986 0.17631251
vt 0.31753805 0.18573880
vt 0.33122715 0.19406164
vt 0.29774973 0.17146093
vt 0.30455858 0.17656100
vt 0.99567151 0.67115694
vt 0.99778289 0.67141181
vt 0.99790424 0.68026781
vt 0.33135837 0.20266956
vt 0.34025133 0.21324563
vt 0.34927446 0.22144181
vt 0.31777766 0.19049609
vt 0.99703664 0.66964960
vt 0.99863285 0.66879070
vt 0.99621463 0.66847777
vt 0.99554539 0.67010832
vt 0.30123907 0.17647827
vt 0.30227381 0.17659152
vt 0.30831707 0.18477756
vt 0.31041512 0.19149894
vt 0.30402043 0.18856639
vt 0.30016810 0.19253755
vt 0.30989116 0.19965124
vt 0.30616048 0.20071149
vt 0.29840311 0.20412654
vt 0.29436031 0.20497394
vt 0.32129478 0.20082855
vt 0.30850518 0.20917177
vt 0.29991186 0.20586866
vt 0.31668299 0.20931083
vt 0.32751021 0.21178102
vt 0.33524007 0.22491091
vt 0.32322034 0.22213155
vt 0.31282306 0.21603703
vt 0.28963611 0.24329561
vt 0.28547829 0.25650847
vt 0.28146857 0.27142501
vt 0.32136369 0.24166697
vt 0.31442159 0.23071277
vt 0.33009791 0.23469144
vt 0.30586353 0.24272674
vt 0.30660343 0.24840784
vt 0.32379273 0.25277662
vt 0.85471016 0.10834259
vt 0.86003894 0.08829409
vt 0.87515599 0.11272955
vt 0.84013516 0.07818460
vt 0.87114185 0.13304031
vt 0.85194278 0.13042295
vt 0.83357823 0.12772059
vt 0.83469087 0.10672230
vt 0.30502445 0.26008618
vt 0.30325398 0.26997405
vt 0.29504523 0.20766413
vt 0.29523420 0.21509230
vt 0.29717466 0.20618767
vt 0.29827741 0.20864165
vt 0.30403417 0.21598834
vt 0.30907163 0.21980298
vt 0.86799467 0.06875801
vt 0.88399386 0.07351506
vt 0.87888694 0.09376329
vt 0.87670571 0.05214858
vt 0.85558724 0.06453735
vt 0.86062586 0.04730880
vt 0.89033878 0.05506122
vt 0.90152538 0.07713711
vt 0.89768147 0.09762073
vt 0.90515631 0.05761057
vt 0.89228326 0.03538626
vt 0.92034119 0.06107926
vt 0.90890729 0.03550583
vt 0.92597181 0.04119611
vt 0.58519799 0.84714842
vt 0.57741135 0.82776624
vt 0.59107995 0.81981063
vt 0.91928858 0.08058131
vt 0.29552317 0.22363168
vt 0.29834437 0.22302961
vt 0.29114655 0.23596478
vt 0.30130297 0.22414958
vt 0.31018347 0.22986978
vt 0.29911086 0.22501892
vt 0.29787493 0.22743320
vt 0.30073789 0.22762764
vt 0.30436432 0.23730147
vt 0.89395046 0.11658704
vt 0.91651380 0.10128570
vt 0.88993520 0.13690341
vt 0.90876305 0.14059168
vt 0.91412002 0.12051952
vt 0.24975993 0.28155136
vt 0.22917157 0.27690709
vt 0.80277085 0.46664011
vt 0.27560925 0.28655297
vt 0.83178401 0.14990288
vt 0.92146468 0.46522206
vt 0.90662211 0.48712361
vt 0.89208102 0.47560298
vt 0.82024014 0.11190856
vt 0.82062733 0.12621975
vt 0.90878564 0.45453763
vt 0.30209804 0.28394812
vt 0.26489431 0.30060780
vt 0.83112848 0.45634162
vt 0.91734248 0.51574862
vt 0.90041226 0.50557852
vt 0.88230336 0.49729657
vt 0.84909427 0.15093291
vt 0.84660649 0.16877198
vt 0.29769436 0.29771101
vt 0.85278553 0.43462479
vt 0.82163322 0.44252515
vt 0.84685683 0.46743333
vt 0.85637784 0.48290265
vt 0.56268352 0.25459683
vt 0.55064172 0.26338303
vt 0.54841286 0.25873411
vt 0.53621751 0.26465261
vt 0.56005216 0.24845099
vt 0.89662659 0.52703333
vt 0.87761164 0.51856488
vt 0.86626101 0.49656910
vt 0.54265386 0.25274265
vt 0.60307515 0.34932441
vt 0.62225628 0.35510063
vt 0.61699152 0.38083172
vt 0.53799671 0.27206028
vt 0.55563700 0.27723777
vt 0.59226686 0.37179089
vt 0.91296905 0.53800046
vt 0.62681288 0.34069014
vt 0.64156520 0.35833609
vt 0.63898242 0.38419104
vt 0.64513463 0.34247184
vt 0.86857152 0.15220153
vt 0.88611293 0.15580106
vt 0.86448449 0.17109311
vt 0.88237429 0.17336369
vt 0.90492380 0.15957654
vt 0.87856102 0.19247442
vt 0.89953476 0.17838824
vt 0.65990257 0.38548917
vt 0.63954139 0.40957958
vt 0.66240323 0.35987020
vt 0.67735004 0.38523102
vt 0.65934867 0.41016084
vt 0.92915261 0.54548329
vt 0.86259365 0.18916470
vt 0.66565686 0.34198558
vt 0.67908317 0.35868120
vt 0.61383265 0.63040787
vt 0.61248499 0.60465229
vt 0.62894791 0.60547024
vt 0.67662013 0.40974212
vt 0.63010252 0.65431207
vt 0.61434376 0.65389663
vt 0.62981761 0.63047695
vt 0.68087643 0.34288716
vt 0.61085719 0.58954489
vt 0.62592471 0.58811253
vt 0.89470339 0.19569296
vt 0.06042371 0.42982268
vt 0.07237466 0.56356019
vt 0.06348672 0.56952929
vt 0.05431525 0.57430512
vt 0.09884229 0.04829895
vt 0.09896841 0.04894280
vt 0.09793985 0.04860198
vt 0.09811619 0.05389845
vt 0.09820377 0.04619181
vt 0.09662091 0.05299014
vt 0.09489468 0.04666775
vt 0.09945756 0.04864329
vt 0.09933925 0.04933286
vt 0.10330909 0.04844081
vt 0.10100066 0.05371213
vt 0.10288830 0.05235463
vt 0.09334746 0.05948478
vt 0.09638466 0.06063002
vt 0.10349964 0.06077856
vt 0.10747045 0.05770266
vt 0.10696967 0.05297703
vt 0.09166518 0.06603718
vt 0.60610712 0.14662522
vt 0.61098778 0.14934117
vt 0.60217893 0.15338874
vt 0.59451437 0.15272194
vt 0.26211578 0.03599524
vt 0.27416435 0.03916413
vt 0.27198532 0.04461873
vt 0.26735425 0.04516083
vt 0.27957913 0.04990286
vt 0.28014040 0.03701055
vt 0.28868419 0.05503154
vt 0.95368665 0.39087331
vt 0.95899504 0.38254529
vt 0.96134400 0.38534784
vt 0.96462667 0.39051771
vt 0.95578784 0.39253175
vt 0.61832041 0.14395356
vt 0.61748040 0.14498943
vt 0.61623299 0.14464992
vt 0.61336654 0.14890420
vt 0.61609679 0.14196491
vt 0.61112297 0.14332193
vt 0.10186987 0.04181236
vt 0.10158060 0.04332960
vt 0.10059242 0.04289919
vt 0.10198697 0.04239213
vt 0.10667322 0.04739791
vt 0.61863518 0.14326954
vt 0.61684710 0.13725269
vt 0.10918399 0.04389298
vt 0.61385113 0.13860917
vt 0.61448920 0.13947046
vt 0.61385584 0.14017057
vt 0.61003160 0.13923448
vt 0.61470443 0.13816816
vt 0.61164349 0.13447213
vt 0.60979658 0.13705683
vt 0.61423123 0.13438708
vt 0.60477728 0.13710570
vt 0.61526829 0.13073605
vt 0.11164980 0.05327147
vt 0.61867845 0.12580162
vt 0.60898423 0.12919843
vt 0.59559935 0.13338506
vt 0.60651356 0.13421994
vt 0.10159018 0.07718563
vt 0.10652087 0.06944233
vt 0.10772037 0.07277060
vt 0.10348783 0.07995290
vt 0.61331934 0.12757534
vt 0.10445495 0.06579518
vt 0.09870218 0.07374704
vt 0.61544675 0.11786681
vt 0.30370107 0.05167222
vt 0.29958400 0.05319309
vt 0.29280940 0.04202974
vt 0.09790759 0.07062560
vt 0.28705034 0.03810072
vt 0.29306653 0.05596453
vt 0.29709211 0.05513453
vt 0.30866763 0.07327980
vt 0.31489444 0.09891039
vt 0.30591846 0.10387266
vt 0.31848377 0.11833489
vt 0.30278873 0.07492298
vt 0.29610255 0.10570860
vt 0.30607471 0.12504607
vt 0.29363126 0.12642038
vt 0.09357418 0.08388275
vt 0.10738024 0.09652305
vt 0.93603003 0.38284063
vt 0.29520833 0.07598603
vt 0.95723599 0.39801461
vt 0.95444381 0.40718031
vt 0.95728254 0.40555537
vt 0.29819927 0.07599503
vt 0.09166505 0.08071595
vt 0.31532514 0.07030499
vt 0.32385358 0.09343392
vt 0.32888645 0.10904694
vt 0.33154273 0.08577037
vt 0.34204721 0.10048074
vt 0.30588126 0.04883456
vt 0.32484144 0.06408191
vt 0.32188910 0.06758535
vt 0.31522304 0.04520857
vt 0.31772763 0.05118096
vt 0.32735956 0.06187063
vt 0.51720619 0.62630653
vt 0.53208673 0.62395537
vt 0.53439003 0.64227879
vt 0.52822590 0.60840034
vt 0.27539170 0.14756954
vt 0.28911278 0.14811039
vt 0.30426458 0.14448422
vt 0.51881301 0.64348882
vt 0.51296550 0.61110002
vt 0.54569483 0.62350410
vt 0.54344565 0.60751492
vt 0.54951406 0.63957763
vt 0.56471825 0.62550074
vt 0.56241018 0.60782403
vt 0.28007951 0.12690020
vt 0.25843322 0.14733458
vt 0.52222705 0.66115075
vt 0.26830956 0.12194932
vt 0.28618369 0.10380310
vt 0.27769631 0.09980267
vt 0.51145732 0.67288536
vt 0.53032440 0.67696202
vt 0.51538008 0.68537915
vt 0.50038475 0.68642282
vt 0.55089253 0.65041369
vt 0.53913838 0.65762562
vt 0.56212622 0.67221862
vt 0.56665277 0.63855773
vt 0.56530845 0.65322876
vt 0.31960467 0.13756704
vt 0.33112040 0.12684041
vt 0.52472848 0.59240282
vt 0.50902283 0.59646821
vt 0.50599682 0.58473963
vt 0.51947969 0.58033127
vt 0.51069230 0.57065529
vt 0.34124556 0.11524975
vt 0.60345334 0.04705399
vt 0.59875822 0.05102557
vt 0.59761387 0.04258287
vt 0.53597975 0.57829583
vt 0.53992158 0.59206063
vt 0.52794462 0.56467319
vt 0.55986142 0.59000236
vt 0.55818599 0.57834184
vt 0.58259815 0.57760662
vt 0.58535671 0.59476745
vt 0.94967538 0.39853382
vt 0.94744545 0.39701355
vt 0.95086402 0.40474176
vt 0.96733695 0.41408664
vt 0.94392771 0.40412182
vt 0.95178014 0.40952003
vt 0.94512737 0.40828019
vt 0.96320236 0.41816700
vt 0.94228995 0.40197653
vt 0.93120700 0.39632237
vt 0.93257475 0.39051306
vt 0.93864691 0.40727234
vt 0.93943572 0.41027004
vt 0.93769616 0.40485620
vt 0.92884773 0.40123934
vt 0.94591755 0.41244662
vt 0.95582712 0.42111051
vt 0.94150108 0.41398716
vt 0.94859403 0.42384714
vt 0.93861318 0.41478688
vt 0.94196290 0.42424977
vt 0.93549258 0.40843779
vt 0.92925060 0.40366292
vt 0.93416518 0.40605640
vt 0.93607026 0.41096044
vt 0.93682176 0.42241317
vt 0.93486756 0.41512191
vt 0.50153834 0.69656080
vt 0.51243639 0.70132661
vt 0.96311522 0.42963171
vt 0.53054404 0.69703174
vt 0.52289999 0.71473128
vt 0.95805281 0.44235218
vt 0.95394331 0.43246555
vt 0.55681193 0.69496632
vt 0.55028844 0.71822029
vt 0.96160322 0.45419455
vt 0.94855219 0.45239973
vt 0.94758576 0.44159460
vt 0.57533234 0.71954042
vt 0.55317557 0.73970300
vt 0.94509280 0.43266529
vt 0.93701601 0.42868018
vt 0.94180983 0.43823236
vt 0.93160701 0.42186570
vt 0.93127215 0.41861629
vt 0.93627667 0.43665576
vt 0.92998368 0.42719877
vt 0.93588668 0.44380695
vt 0.92712718 0.43182421
vt 0.92770094 0.49496859
vt 0.92976171 0.50836074
vt 0.92194968 0.49983203
vt 0.99805224 0.33174062
vt 0.98746526 0.34643060
vt 0.98630226 0.32888365
vt 0.93478304 0.49002051
vt 0.91993594 0.47971511
vt 0.92852128 0.46892214
vt 0.33811718 0.07746017
vt 0.34727585 0.08723640
vt 0.35056612 0.07469147
vt 0.35725659 0.07918179
vt 0.36016417 0.09845877
vt 0.34050232 0.06888467
vt 0.93182975 0.38290107
vt 0.92845458 0.39111912
vt 0.92475837 0.38541621
vt 0.92415529 0.39648473
vt 0.92088991 0.39691997
vt 0.34977075 0.06280756
vt 0.34140104 0.06078136
vt 0.35994858 0.06941122
vt 0.36394531 0.08306551
vt 0.38066080 0.07554227
vt 0.37813428 0.09620601
vt 0.61120135 0.08481210
vt 0.61645716 0.08484131
vt 0.61517358 0.08794117
vt 0.91696852 0.39647973
vt 0.91945481 0.39282167
vt 0.91681552 0.40162134
vt 0.61106104 0.08789408
vt 0.35411057 0.06108940
vt 0.61574370 0.08288550
vt 0.35873991 0.05868888
vt 0.36593220 0.05609739
vt 0.61383325 0.08086729
vt 0.60720974 0.08221239
vt 0.61162347 0.07767481
vt 0.60265076 0.05934358
vt 0.59177512 0.05763149
vt 0.61054134 0.05104619
vt 0.52372003 0.54881006
vt 0.53377861 0.54679644
vt 0.54953587 0.56348264
vt 0.60973465 0.04256392
vt 0.39218602 0.08767802
vt 0.41604927 0.09380388
vt 0.39996481 0.09746635
vt 0.61650580 0.05753237
vt 0.54816246 0.54139537
vt 0.39912543 0.08393103
vt 0.53209418 0.52143085
vt 0.57434905 0.55937856
vt 0.57813835 0.53788179
vt 0.86354595 0.03385901
vt 0.58463329 0.56295657
vt 0.39220420 0.07052875
vt 0.53430158 0.51545584
vt 0.55477315 0.53104597
vt 0.41070694 0.08491415
vt 0.53745991 0.50831872
vt 0.55622762 0.51975733
vt 0.40063834 0.07007575
vt 0.42034948 0.08287454
vt 0.54058522 0.50109559
vt 0.40700588 0.06808281
vt 0.41434115 0.06604928
vt 0.96037012 0.56767005
vt 0.97165585 0.57379395
vt 0.96913481 0.57770753
vt 0.57952279 0.52579015
vt 0.56036627 0.50998187
vt 0.98084241 0.58585685
vt 0.98470205 0.58084565
vt 0.09037831 0.12269771
vt 0.09037831 0.09012794
vt 0.10802471 0.11595249
vt 0.38359958 0.05211645
vt 0.37445614 0.05452442
vt 0.39101627 0.05029798
vt 0.39786071 0.04806840
vt 0.92792284 0.39729434
vt 0.92011988 0.40021503
vt 0.92351228 0.40218604
vt 0.92130852 0.40415519
vt 0.91918188 0.40541208
vt 0.92635345 0.40384555
vt 0.92728966 0.40577799
vt 0.92548013 0.40683770
vt 0.92621243 0.40830922
vt 0.92311990 0.40792155
vt 0.92448401 0.41030371
vt 0.92258984 0.41046423
vt 0.92601627 0.41402864
vt 0.92640984 0.41203600
vt 0.60553092 0.08600545
vt 0.91793454 0.40656948
vt 0.60570890 0.08532125
vt 0.59807396 0.08402848
vt 0.59831256 0.08595222
vt 0.59805214 0.08054268
vt 0.92165196 0.41103387
vt 0.92061985 0.41220200
vt 0.92597830 0.41587079
vt 0.92381138 0.41906869
vt 0.91831827 0.41240799
vt 0.92532939 0.41804850
vt 0.58990157 0.08646268
vt 0.92134136 0.42091584
vt 0.93268383 0.40833193
vt 0.93097478 0.40554750
vt 0.93328023 0.41104221
vt 0.93063492 0.40787899
vt 0.93043256 0.41018009
vt 0.92844856 0.40745640
vt 0.92773408 0.40946382
vt 0.92960054 0.41361886
vt 0.59701180 0.07672799
vt 0.61152434 0.07376087
vt 0.59443557 0.07066876
vt 0.61154598 0.06968743
vt 0.58789432 0.08125693
vt 0.61123329 0.06650531
vt 0.59542239 0.06773698
vt 0.58793825 0.06442446
vt 0.93221992 0.53497559
vt 0.93376493 0.52310312
vt 0.93976098 0.52330023
vt 0.59561235 0.06395602
vt 0.61214197 0.06348318
vt 0.99093837 0.66844708
vt 0.99093837 0.68326974
vt 0.98752177 0.66851193
vt 0.40438199 0.04547644
vt 0.92926282 0.52285701
vt 0.93617547 0.50714123
vt 0.95219642 0.52862591
vt 0.94520134 0.54101878
vt 0.94119430 0.53830659
vt 0.94627178 0.52487648
vt 0.94857758 0.54316688
vt 0.07464477 0.02102983
vt 0.08235555 0.01224655
vt 0.07724943 0.02395803
vt 0.94427532 0.50768590
vt 0.96146291 0.51593584
vt 0.95335215 0.51036060
vt 0.95670980 0.53222543
vt 0.06853179 0.03688890
vt 0.07395919 0.03621894
vt 0.58558452 0.62475371
vt 0.58637524 0.60956824
vt 0.58745068 0.64067596
vt 0.58746225 0.65517712
vt 0.58437896 0.67189246
vt 0.59884477 0.65367293
vt 0.03813494 0.79255098
vt 0.02646258 0.81218517
vt 0.01695976 0.78088063
vt 0.03327411 0.75988215
vt 0.00022141 0.80464643
vt 0.00892152 0.82977360
vt 0.59885323 0.67158246
vt 0.04888351 0.82113689
vt 0.03963659 0.84896821
vt 0.04646624 0.74080402
vt 0.05157426 0.77394801
vt 0.79707187 0.07099128
vt 0.79938430 0.05027503
vt 0.81848264 0.04914367
vt 0.81627095 0.07541978
vt 0.84060085 0.04576296
vt 0.06350643 0.75586271
vt 0.15090598 0.15156674
vt 0.14410771 0.16769034
vt 0.11551143 0.17459834
vt 0.06640015 0.78466743
vt 0.05463918 0.80232769
vt 0.17235804 0.15234756
vt 0.18751886 0.13830972
vt 0.16181597 0.16776049
vt 0.17607917 0.16681671
vt 0.18799014 0.15616214
vt 0.08048255 0.77118230
vt 0.08646358 0.78089023
vt 0.07512012 0.79296255
vt 0.14631137 0.19212353
vt 0.16198967 0.18878895
vt 0.12879926 0.19601023
vt 0.35721496 0.24818981
vt 0.10183861 0.77237153
vt 0.10485633 0.76177073
vt 0.08050603 0.74095178
vt 0.88781893 0.43459547
vt 0.90145671 0.41325736
vt 0.91255116 0.42241895
vt 0.80610836 0.10410893
vt 0.91732198 0.44084704
vt 0.89822733 0.44473910
vt 0.91543961 0.38046616
vt 0.91054869 0.39666629
vt 0.90315902 0.38910294
vt 0.92014140 0.37048364
vt 0.06461656 0.80670154
vt 0.07161898 0.80352962
vt 0.89034426 0.39957649
vt 0.87416601 0.41818726
vt 0.90008569 0.37863886
vt 0.06909295 0.81717670
vt 0.06004546 0.82543451
vt 0.20988567 0.14242595
vt 0.20014685 0.16213340
vt 0.22763976 0.14968383
vt 0.24023943 0.16135240
vt 0.05995157 0.87038189
vt 0.20045309 0.11664885
vt 0.20815179 0.08929765
vt 0.22971024 0.12213778
vt 0.25629422 0.09397584
vt 0.24071291 0.06293786
vt 0.25786868 0.13162982
vt 0.47692993 0.22176385
vt 0.45703354 0.22948760
vt 0.46797714 0.21391821
vt 0.45273051 0.25113374
vt 0.43924835 0.23702180
vt 0.44780609 0.22283560
vt 0.50027835 0.26857662
vt 0.52055001 0.25443029
vt 0.51196271 0.27379209
vt 0.49535537 0.27666473
vt 0.48306370 0.26207232
vt 0.52513742 0.26888537
vt 0.52431494 0.27895194
vt 0.54226822 0.28557789
vt 0.52988213 0.26231337
vt 0.53752238 0.25534457
vt 0.85744029 0.49293500
vt 0.85408521 0.50510442
vt 0.50828665 0.28371561
vt 0.47408533 0.27718329
vt 0.46099454 0.26269984
vt 0.57942545 0.69326723
vt 0.59674072 0.69394797
vt 0.51058233 0.17615163
vt 0.49726829 0.18801290
vt 0.48546341 0.17145264
vt 0.50098741 0.15781450
vt 0.47200504 0.15064073
vt 0.48755068 0.13599551
vt 0.48262268 0.20096552
vt 0.46979344 0.18644106
vt 0.45492619 0.16691446
vt 0.44038844 0.18336749
vt 0.45484018 0.20081127
vt 0.45313352 0.12929392
vt 0.47351548 0.10828334
vt 0.43690386 0.14661038
vt 0.42218077 0.16438675
vt 0.43851507 0.21627426
vt 0.42463079 0.19906485
vt 0.44956863 0.27577126
vt 0.44116738 0.25225055
vt 0.40955335 0.21459824
vt 0.42054278 0.26295292
vt 0.40772864 0.17989147
vt 0.39115164 0.16452515
vt 0.40433428 0.14767104
vt 0.39384004 0.19740176
vt 0.37749532 0.18258017
vt 0.34390500 0.23177600
vt 0.33631873 0.24583077
vt 0.36581686 0.25973171
vt 0.34579799 0.26343137
vt 0.88272631 0.39236009
vt 0.88042164 0.37309861
vt 0.35048217 0.27679509
vt 0.32632470 0.27048683
vt 0.86600310 0.40991074
vt 0.86428350 0.38800639
vt 0.32619408 0.28853166
vt 0.87242705 0.46223164
vt 0.88270980 0.46974403
vt 0.86412936 0.44526088
vt 0.84644520 0.42219800
vt 0.39460784 0.25650787
vt 0.39372885 0.27762592
vt 0.37093917 0.26974392
vt 0.37053320 0.24896818
vt 0.07334954 0.90517110
vt 0.05706970 0.90048724
vt 0.06755147 0.89191180
vt 0.33712029 0.01382804
vt 0.33989674 0.02408040
vt 0.33272544 0.02010912
vt 0.08474971 0.89696699
vt 0.33007193 0.01033437
vt 0.07988212 0.88513798
vt 0.06279568 0.87967128
vt 0.22865696 0.00112915
vt 0.23150451 0.00406700
vt 0.22926582 0.00584942
vt 0.23789951 0.00000000
vt 0.22133982 0.00490546
vt 0.32988271 0.04112393
vt 0.33442613 0.04494274
vt 0.32767010 0.04929692
vt 0.33230427 0.05394018
vt 0.32238623 0.04687279
vt 0.23136751 0.00562716
vt 0.23405066 0.00471890
vt 0.23037356 0.00707072
vt 0.22703993 0.01092499
vt 0.23293377 0.00666094
vt 0.34714660 0.02964854
vt 0.34809887 0.02244776
vt 0.33471471 0.03296882
vt 0.06421168 0.91525733
vt 0.08125492 0.91697919
vt 0.35339531 0.03572881
vt 0.34099132 0.03776485
vt 0.07043835 0.92386955
vt 0.32862386 0.02996212
vt 0.09128754 0.90637028
vt 0.34623921 0.04298455
vt 0.33848423 0.04909414
vt 0.34183303 0.05381548
vt 0.35059717 0.04819566
vt 0.35889137 0.04182279
vt 0.36203033 0.03204799
vt 0.24355757 0.01511598
vt 0.24754184 0.01047230
vt 0.25127462 0.01772696
vt 0.24802904 0.02262098
vt 0.35487086 0.05192339
vt 0.32487708 0.03926051
vt 0.22405979 0.02697706
vt 0.21639645 0.03448540
vt 0.21754208 0.02490693
vt 0.22493412 0.01830238
vt 0.22135378 0.01477140
vt 0.22306822 0.03624970
vt 0.21659167 0.04517031
vt 0.22952670 0.01907229
vt 0.23018384 0.02774799
vt 0.23961473 0.00734276
vt 0.23614037 0.01092583
vt 0.23203391 0.01223415
vt 0.23448581 0.01867980
vt 0.23886152 0.01746070
vt 0.23620111 0.02719074
vt 0.24230853 0.02598763
vt 0.56529206 0.43631887
vt 0.55555564 0.45074731
vt 0.53953147 0.43763644
vt 0.58107960 0.44800067
vt 0.54660583 0.42426836
vt 0.57168937 0.42121392
vt 0.58924979 0.43483776
vt 0.77280134 0.24789882
vt 0.76296586 0.23657119
vt 0.77870846 0.22740847
vt 0.75908995 0.25435972
vt 0.78854394 0.23873609
vt 0.57148790 0.46045566
vt 0.76984876 0.22048295
vt 0.75724983 0.23229313
vt 0.75166130 0.24344927
vt 0.54604852 0.29920852
vt 0.53405565 0.31324142
vt 0.53067523 0.30504453
vt 0.51936746 0.31818837
vt 0.52339619 0.29130554
vt 0.50904799 0.30341345
vt 0.51450753 0.31159163
vt 0.54891747 0.30646169
vt 0.53904569 0.38699424
vt 0.55928200 0.39469028
vt 0.55414271 0.40875793
vt 0.54799473 0.32339585
vt 0.53630847 0.32475483
vt 0.56349313 0.38337481
vt 0.57967806 0.40819681
vt 0.58505809 0.39361894
vt 0.59913319 0.42038500
vt 0.57276171 0.36597645
vt 0.52766168 0.41036427
vt 0.53200752 0.40057492
vt 0.53776717 0.33641583
vt 0.52126205 0.32814997
vt 0.80636150 0.22652280
vt 0.82370925 0.21421301
vt 0.81557035 0.23793077
vt 0.52262753 0.34969032
vt 0.52194935 0.33891493
vt 0.79701674 0.25062340
vt 0.81405443 0.20272845
vt 0.52247083 0.36185545
vt 0.50681520 0.35907352
vt 0.50581181 0.34865421
vt 0.79739696 0.21491873
vt 0.03483108 0.72518301
vt 0.04262489 0.72694689
vt 0.04022469 0.73232877
vt 0.03628571 0.71672463
vt 0.03005780 0.73247778
vt 0.02899495 0.72181052
vt 0.76120895 0.21173096
vt 0.75829625 0.21755284
vt 0.75288045 0.22154862
vt 0.75203037 0.23121768
vt 0.04872919 0.73608994
vt 0.83072037 0.91702300
vt 0.82524812 0.91241640
vt 0.82901585 0.90516388
vt 0.82418871 0.92122000
vt 0.04608789 0.71776456
vt 0.80899948 0.19505078
vt 0.52145529 0.36868680
vt 0.50614399 0.36620623
vt 0.79130346 0.20657110
vt 0.80006677 0.18307269
vt 0.81756890 0.17187178
vt 0.50471985 0.37754560
vt 0.78369248 0.19240344
vt 0.77089089 0.20390069
vt 0.77527463 0.17707491
vt 0.76324111 0.18797308
vt 0.79237765 0.16755778
vt 0.80805230 0.15749484
vt 0.75014824 0.19099748
vt 0.74693638 0.19417989
vt 0.74997634 0.17184812
vt 0.76711553 0.16160488
vt 0.82105136 0.90240681
vt 0.81904399 0.90803963
vt 0.80987900 0.89762127
vt 0.81508726 0.91772497
vt 0.81236124 0.90741789
vt 0.73785615 0.18874264
vt 0.78269118 0.15102202
vt 0.79755670 0.14323765
vt 0.76164597 0.14466739
vt 0.78923064 0.12806046
vt 0.74554443 0.14618093
vt 0.73242742 0.15403080
vt 0.73104012 0.17438310
vt 0.75378907 0.13186544
vt 0.73366672 0.13985765
vt 0.76664108 0.12079155
vt 0.60671014 0.51826835
vt 0.60511595 0.50245255
vt 0.61245733 0.49906623
vt 0.60934830 0.48798788
vt 0.61815417 0.49568242
vt 0.61465818 0.51264262
vt 0.61432201 0.48819584
vt 0.59934837 0.52118063
vt 0.59689242 0.50675553
vt 0.59820646 0.48787010
vt 0.62949252 0.51808447
vt 0.62684506 0.50406665
vt 0.63098902 0.50318807
vt 0.63217366 0.49005580
vt 0.63327146 0.51868421
vt 0.63490534 0.50462806
vt 0.62189865 0.50765991
vt 0.62383854 0.49278784
vt 0.62122554 0.48944688
vt 0.62543148 0.52010608
vt 0.62002629 0.52440804
vt 0.61497420 0.52962655
vt 0.61951929 0.53633708
vt 0.62753314 0.52821118
vt 0.66738111 0.78005910
vt 0.67076170 0.76991636
vt 0.67549413 0.77225518
vt 0.66541988 0.76719898
vt 0.67881304 0.77624124
vt 0.67662197 0.78610760
vt 0.68317109 0.77947330
vt 0.60981876 0.53280419
vt 0.61126560 0.54450500
vt 0.63209915 0.52538896
vt 0.66054869 0.76504308
vt 0.66507262 0.77641106
vt 0.65451342 0.76763934
vt 0.66057312 0.77300686
vt 0.64273793 0.51590145
vt 0.63715100 0.53041023
vt 0.68027198 0.76420534
vt 0.66861117 0.75737554
vt 0.67421716 0.76103336
vt 0.66430390 0.75603491
vt 0.65874100 0.75530434
vt 0.60160500 0.53763151
vt 0.59046429 0.54321337
vt 0.58902884 0.52665687
vt 0.60372061 0.54095680
vt 0.60688382 0.54251993
vt 0.60127109 0.54481405
vt 0.60444736 0.54412949
vt 0.58992916 0.55458343
vt 0.71571249 0.79878038
vt 0.70703971 0.78763020
vt 0.71642852 0.78710258
vt 0.58476889 0.54661047
vt 0.58295584 0.55592757
vt 0.69024593 0.78838611
vt 0.68696237 0.78544647
vt 0.68865019 0.78548890
vt 0.68595475 0.78042990
vt 0.69103843 0.78306317
vt 0.68781734 0.78141862
vt 0.69333702 0.78714657
vt 0.69493806 0.79008973
vt 0.69484824 0.78469241
vt 0.69654977 0.78526920
vt 0.68823338 0.77627397
vt 0.68554699 0.76740783
vt 0.68923479 0.77839100
vt 0.69184965 0.77738219
vt 0.69363594 0.78027064
vt 0.69525403 0.77926010
vt 0.70780140 0.77561182
vt 0.61136961 0.40891439
vt 0.61749405 0.43017352
vt 0.60011584 0.44635499
vt 0.62604433 0.44389904
vt 0.63190103 0.45313263
vt 0.61825377 0.46545517
vt 0.64569765 0.43927395
vt 0.64025849 0.42559379
vt 0.61068285 0.45677090
vt 0.62358904 0.47197562
vt 0.63714123 0.46137381
vt 0.64825797 0.44670165
vt 0.57629782 0.48004150
vt 0.58262104 0.47039878
vt 0.59089190 0.47869933
vt 0.59952027 0.46882004
vt 0.58317280 0.48859036
vt 0.60696113 0.47507232
vt 0.59011775 0.45841116
vt 0.56698459 0.47277325
vt 0.74223030 0.24751514
vt 0.74305272 0.23624355
vt 0.73336774 0.25039452
vt 0.73225200 0.24010527
vt 0.73308444 0.23499852
vt 0.61336160 0.48111248
vt 0.62684923 0.47587812
vt 0.61872506 0.48254567
vt 0.62445593 0.48696738
vt 0.63983572 0.46662652
vt 0.63085514 0.47970736
vt 0.58939815 0.49461067
vt 0.72462207 0.25336063
vt 0.65170962 0.45552742
vt 0.66197395 0.43648392
vt 0.66079676 0.42423403
vt 0.66449326 0.45177466
vt 0.65452439 0.46026284
vt 0.66335905 0.44362319
vt 0.66661775 0.45749182
vt 0.65611643 0.46424007
vt 0.64400053 0.47159505
vt 0.66663688 0.45996273
vt 0.65713108 0.46718609
vt 0.64615315 0.47540236
vt 0.66899014 0.46646053
vt 0.66035175 0.47126222
vt 0.66761225 0.46257329
vt 0.95119357 0.96766698
vt 0.96035677 0.97233337
vt 0.95876992 0.97650260
vt 0.94900584 0.97037858
vt 0.93820047 0.95463037
vt 0.67704982 0.42323065
vt 0.67686671 0.43394315
vt 0.67679727 0.44088233
vt 0.61442238 0.68347782
vt 0.61452210 0.67680091
vt 0.62688237 0.68552876
vt 0.67641562 0.44875628
vt 0.62563771 0.69341820
vt 0.61414993 0.69115072
vt 0.61451238 0.66658515
vt 0.62809730 0.67871648
vt 0.62912410 0.66704625
vt 0.67340076 0.49306595
vt 0.64967078 0.47802615
vt 0.67329824 0.46248174
vt 0.67316926 0.45909506
vt 0.60652995 0.69818175
vt 0.61363512 0.69699126
vt 0.61353183 0.69993675
vt 0.67484707 0.46507645
vt 0.60513318 0.70177001
vt 0.61336046 0.70256430
vt 0.61099684 0.70771378
vt 0.60637623 0.69436455
vt 0.60319972 0.70289618
vt 0.57384527 0.73083383
vt 0.71333158 0.49028403
vt 0.97032094 0.97303718
vt 0.93133581 0.63835078
vt 0.92036378 0.63733894
vt 0.92370141 0.63243812
vt 0.92791671 0.62758583
vt 0.94729114 0.97625351
vt 0.95240289 0.98285830
vt 0.96096933 0.98756379
vt 0.62572116 0.69887990
vt 0.62382364 0.70324844
vt 0.62205386 0.70544159
vt 0.61982846 0.71063936
vt 0.91331381 0.62851864
vt 0.90818053 0.63127303
vt 0.63665658 0.48352545
vt 0.63930076 0.49352944
vt 0.64265859 0.48747689
vt 0.93637890 0.96401483
vt 0.66530848 0.50982517
vt 0.66608709 0.52799296
vt 0.66148221 0.54630464
vt 0.69894272 0.51751769
vt 0.92569178 0.95550776
vt 0.93752617 0.97346926
vt 0.92752397 0.96597666
vt 0.92865801 0.97632653
vt 0.93891799 0.98566943
vt 0.94685161 0.98445356
vt 0.91585672 0.96332133
vt 0.91749936 0.97154266
vt 0.92981166 0.98934448
vt 0.91766709 0.97887224
vt 0.68457949 0.52984631
vt 0.95428544 0.99028623
vt 0.93520916 0.62971056
vt 0.93216640 0.62042207
vt 0.93936557 0.62195581
vt 0.93535596 0.61287761
vt 0.94191873 0.99547607
vt 0.91948229 0.62287068
vt 0.92252409 0.61769855
vt 0.62444061 0.78455269
vt 0.65203476 0.74759609
vt 0.94555354 0.60870618
vt 0.94002926 0.60401648
vt 0.92651170 0.99899364
vt 0.91795856 0.98927778
vt 0.92872596 0.60148847
vt 0.92496049 0.60999894
vt 0.91686666 0.99923998
vt 0.93219930 0.59193015
vt 0.94205695 0.59525651
vt 0.90843672 0.99067664
vt 0.90826565 0.98050952
vt 0.90652871 1.00000000
vt 0.93331701 0.58371723
vt 0.94426340 0.58553398
vt 0.72973788 0.52383554
vt 0.58405751 0.75635135
vt 0.54067290 0.76286459
vt 0.61308599 0.73711622
vt 0.90414089 0.96978134
vt 0.90586179 0.97553265
vt 0.90206224 0.98279673
vt 0.89463669 0.97308356
vt 0.89752114 0.97909439
vt 0.89266670 0.98839957
vt 0.88697177 0.98426813
vt 0.69181544 0.56636375
vt 0.89962399 0.98985839
vt 0.89896643 0.99903017
vt 0.94383764 0.57704180
vt 0.89074016 0.99807853
vt 0.93324393 0.56905216
vt 0.94174314 0.56621784
vt 0.93517840 0.57612431
vt 0.57592356 0.80268872
vt 0.92997462 0.56472266
vt 0.62166530 0.76682281
vt 0.59661657 0.76938969
vt 0.02132577 0.71771640
vt 0.02513636 0.71431339
vt 0.02520177 0.72581077
vt 0.02023695 0.70679480
vt 0.02982602 0.70584565
vt 0.01610841 0.71069109
vt 0.03561204 0.70110619
vt 0.04069908 0.70811629
vt 0.72921538 0.21810883
vt 0.73996210 0.19406313
vt 0.01788636 0.69986898
vt 0.02629423 0.69317466
vt 0.01666384 0.69170499
vt 0.01010928 0.69988114
vt 0.03518599 0.69264555
vt 0.02996933 0.68361348
vt 0.01787135 0.68373239
vt 0.81777126 0.92778933
vt 0.82219684 0.93387586
vt 0.81084681 0.93575037
vt 0.04271880 0.69654363
vt 0.81070054 0.92616498
vt 0.80685163 0.92005682
vt 0.80294555 0.92950332
vt 0.04002799 0.68731791
vt 0.80495518 0.94201714
vt 0.80058658 0.93443054
vt 0.79282665 0.93949676
vt 0.80265456 0.95154464
vt 0.72432548 0.23556447
vt 0.71697032 0.21838421
vt 0.71485400 0.20837539
vt 0.72409421 0.19919777
vt 0.79157966 0.93095821
vt 0.79769397 0.92401814
vt 0.58273059 0.50654721
vt 0.71568394 0.24318182
vt 0.02081479 0.67793804
vt 0.01033227 0.68193793
vt 0.00567608 0.69299114
vt 0.70845270 0.23758459
vt 0.71682692 0.23395127
vt 0.69158512 0.24684834
vt 0.70984179 0.21977103
vt 0.70088887 0.22150588
vt 0.69064665 0.24066371
vt 0.02586084 0.67055583
vt 0.78731471 0.95038003
vt 0.78969103 0.94665635
vt 0.01474509 0.67359579
vt 0.78573215 0.94387436
vt 0.70782477 0.20185643
vt 0.01876695 0.66663975
vt 0.77953714 0.95357263
vt 0.69849318 0.20436150
vt 0.78316754 0.93625784
vt 0.78015208 0.94454515
vt 0.77764070 0.93775541
vt 0.79949522 0.91320640
vt 0.80505282 0.90938157
vt 0.72740203 0.18831170
vt 0.79496902 0.90904814
vt 0.80330080 0.90286946
vt 0.79197097 0.91912138
vt 0.78564239 0.92420459
vt 0.78679484 0.91609609
vt 0.71266222 0.19485372
vt 0.77868593 0.92241514
vt 0.78285682 0.93066120
vt 0.77250546 0.93111241
vt 0.69881094 0.18342841
vt 0.71352059 0.17882925
vt 0.68211174 0.18515199
vt 0.68488777 0.20671535
vt 0.69905365 0.15660810
vt 0.71491498 0.15524715
vt 0.68099403 0.15812445
vt 0.71679664 0.13874030
vt 0.69873309 0.13727176
vt 0.58423835 0.53183556
vt 0.68715376 0.22289783
vt 0.67280143 0.22554046
vt 0.67511183 0.24471027
vt 0.66893828 0.20940685
vt 0.66029125 0.22868484
vt 0.72019815 0.80106890
vt 0.72949731 0.79473656
vt 0.65495998 0.21280843
vt 0.71459574 0.77648950
vt 0.84408146 0.87346488
vt 0.86360472 0.85962152
vt 0.85616362 0.87863499
vt 0.83917814 0.89047474
vt 0.66612816 0.18762916
vt 0.66202825 0.16119164
vt 0.64931011 0.19128209
vt 0.84981889 0.85514021
vt 0.87056303 0.84134847
vt 0.64364994 0.16383350
vt 0.85556561 0.83639771
vt 0.87857914 0.81982118
vt 0.74173683 0.11916041
vt 0.72149581 0.11649477
vt 0.16150011 0.86844420
vt 0.16833279 0.87324518
vt 0.16199234 0.87603241
vt 0.15075585 0.87168914
vt 0.15239376 0.86278093
vt 0.68061352 0.13757706
vt 0.70152622 0.11498201
vt 0.17180921 0.87898719
vt 0.17892347 0.87313348
vt 0.16583031 0.88392615
vt 0.15077151 0.87817359
vt 0.15638669 0.88118321
vt 0.68308562 0.11337298
vt 0.17952704 0.88192856
vt 0.18856171 0.87707216
vt 0.66030359 0.13861799
vt 0.64195317 0.13540077
vt 0.66297305 0.11163914
vt 0.86718345 0.79763788
vt 0.88453609 0.80373895
vt 0.86226600 0.81489658
vt 0.64294893 0.11097813
vt 0.87433225 0.77640611
vt 0.89168483 0.78250718
vt 0.19578581 0.88148189
vt 0.19072728 0.88510442
vt 0.20420510 0.88599551
vt 0.20038350 0.88976884
vt 0.07586320 0.70392978
vt 0.07695359 0.71281672
vt 0.06911213 0.71655262
vt 0.06832577 0.70818454
vt 0.18642917 0.88955092
vt 0.17583805 0.88683033
vt 0.19559509 0.89346784
vt 0.08281304 0.69918883
vt 0.08446087 0.70844650
vt 0.50881732 0.32925606
vt 0.50717419 0.33852297
vt 0.49579319 0.33446980
vt 0.49999568 0.32329667
vt 0.51013523 0.32065481
vt 0.49419925 0.34465271
vt 0.49269840 0.35504508
vt 0.48695907 0.32923794
vt 0.49072737 0.31696463
vt 0.47285369 0.31942356
vt 0.47927707 0.31219208
vt 0.48668823 0.29858464
vt 0.48397315 0.34019077
vt 0.46041715 0.33351392
vt 0.45635310 0.31750566
vt 0.46611685 0.30164003
vt 0.47605729 0.35511172
vt 0.43766567 0.32550544
vt 0.45705989 0.34934342
vt 0.43610054 0.34387863
vt 0.50514776 0.29609704
vt 0.48995131 0.28719664
vt 0.46696514 0.28901768
vt 0.44670653 0.28758204
vt 0.44237426 0.30278921
vt 0.49170125 0.36196291
vt 0.47535381 0.36932969
vt 0.45809361 0.36506921
vt 0.49109855 0.37288821
vt 0.49112359 0.38664615
vt 0.50406456 0.39091587
vt 0.47646907 0.38471979
vt 0.49164787 0.40163958
vt 0.47787684 0.39897764
vt 0.81340563 0.13268089
vt 0.80368882 0.11844069
vt 0.13701081 0.85975111
vt 0.13797909 0.85226917
vt 0.14470138 0.85509282
vt 0.14330140 0.86210591
vt 0.13935488 0.84580731
vt 0.13176413 0.85023665
vt 0.13351071 0.84310526
vt 0.13107201 0.85631585
vt 0.48533145 0.08849305
vt 0.49043003 0.08059788
vt 0.49817795 0.08813393
vt 0.49273717 0.09670013
vt 0.50263906 0.07943046
vt 0.49512908 0.07306027
vt 0.48799533 0.10476100
vt 0.50204778 0.10440987
vt 0.49723384 0.11345547
vt 0.50640106 0.09640777
vt 0.51107717 0.08726102
vt 0.12545072 0.84571260
vt 0.50678933 0.07137120
vt 0.12430834 0.85068047
vt 0.51515597 0.07792073
vt 0.51750249 0.07027996
vt 0.50955492 0.06501782
vt 0.41936782 0.28193450
vt 0.41684124 0.30061513
vt 0.49198481 0.12355113
vt 0.50484467 0.12982601
vt 0.49896687 0.14205015
vt 0.51526588 0.14688611
vt 0.51164454 0.11701709
vt 0.52080739 0.13292974
vt 0.51136190 0.15924776
vt 0.51734275 0.10415965
vt 0.52207977 0.09314418
vt 0.52579868 0.12088484
vt 0.53018749 0.11060858
vt 0.52553457 0.08374530
vt 0.52843434 0.07449180
vt 0.53857404 0.08927727
vt 0.53494996 0.09883362
vt 0.54141265 0.07879937
vt 0.54036343 0.12554491
vt 0.53599018 0.13751310
vt 0.54398602 0.11590660
vt 0.54900259 0.10355848
vt 0.53111720 0.15253419
vt 0.52670860 0.16609871
vt 0.54518437 0.15725106
vt 0.54149210 0.17170000
vt 0.52636051 0.18020689
vt 0.55013639 0.14341432
vt 0.55511409 0.13052857
vt 0.55901033 0.12098879
vt 0.56409252 0.10710275
vt 0.55244440 0.09334499
vt 0.57327032 0.12444937
vt 0.56894106 0.13544446
vt 0.57839972 0.11071306
vt 0.58117163 0.09943891
vt 0.56684113 0.09610724
vt 0.63862944 0.97419721
vt 0.62364095 0.97401619
vt 0.62481117 0.95898265
vt 0.64991540 0.95829076
vt 0.65086025 0.97370052
vt 0.63946384 0.95882326
vt 0.61192060 0.97233236
vt 0.10681394 0.87047911
vt 0.11118505 0.86805946
vt 0.11676732 0.87759203
vt 0.12236050 0.87244540
vt 0.11190626 0.88107544
vt 0.12259976 0.88595784
vt 0.12875733 0.87994987
vt 0.10643900 0.85770708
vt 0.11623742 0.86453754
vt 0.11127200 0.85537076
vt 0.09224501 0.87850523
vt 0.10188029 0.86041456
vt 0.09782678 0.89011902
vt 0.08745483 0.86686707
vt 0.11762206 0.89012587
vt 0.10411009 0.90037429
vt 0.12230273 0.89963180
vt 0.11027904 0.90949184
vt 0.09771769 0.91588300
vt 0.13948859 0.86977679
vt 0.13079062 0.86261714
vt 0.13668208 0.87347883
vt 0.13429654 0.88882929
vt 0.13018793 0.86621678
vt 0.14537436 0.87933856
vt 0.14241511 0.88175642
vt 0.14834039 0.88946724
vt 0.14544940 0.88986123
vt 0.12773751 0.89453250
vt 0.13890997 0.89681596
vt 0.12387525 0.85604256
vt 0.12277191 0.85882801
vt 0.11646502 0.85190666
vt 0.11770409 0.84940904
vt 0.51909679 0.06452107
vt 0.52836442 0.06602538
vt 0.11155189 0.84403712
vt 0.52757037 0.06323773
vt 0.10647543 0.84677309
vt 0.13235867 0.90393919
vt 0.12654278 0.90882975
vt 0.14326556 0.90558165
vt 0.14766963 0.89697021
vt 0.13636102 0.91183072
vt 0.13142574 0.91796660
vt 0.11664133 0.91818720
vt 0.08641625 0.83138120
vt 0.08380768 0.82198608
vt 0.08908369 0.81875747
vt 0.09536267 0.81741774
vt 0.12237744 0.92636913
vt 0.07557622 0.82508737
vt 0.08862887 0.92800117
vt 0.07703408 0.93321955
vt 0.10462117 0.92583036
vt 0.09570959 0.93837577
vt 0.07076696 0.86268085
vt 0.22551255 0.04753917
vt 0.22257122 0.05648476
vt 0.09325034 0.85180604
vt 0.23182467 0.05722845
vt 0.08048073 0.84594995
vt 0.06804029 0.85243303
vt 0.23435003 0.04710221
vt 0.23016928 0.03715855
vt 0.54232925 0.06759024
vt 0.10147899 0.83835566
vt 0.09602034 0.84032565
vt 0.53616297 0.06151259
vt 0.10482534 0.83585221
vt 0.53497458 0.05870187
vt 0.09699635 0.82792467
vt 0.08891231 0.84267598
vt 0.07729334 0.83599985
vt 0.06476147 0.84146804
vt 0.24187034 0.05642641
vt 0.36791074 0.04220366
vt 0.37309667 0.04873562
vt 0.36244941 0.04995674
vt 0.24454127 0.03538913
vt 0.25090915 0.03208452
vt 0.25200471 0.04230750
vt 0.24341179 0.04599291
vt 0.25314113 0.06229389
vt 0.23741682 0.03714979
vt 0.15606037 0.88636720
vt 0.15775296 0.89314115
vt 0.15039498 0.89742386
vt 0.16133881 0.88879663
vt 0.17005412 0.89138412
vt 0.16663314 0.89634395
vt 0.15699635 0.89945811
vt 0.16510500 0.90223497
vt 0.17674895 0.89986724
vt 0.09880348 0.81551200
vt 0.09999463 0.82040894
vt 0.10001594 0.81541878
vt 0.10163042 0.82119292
vt 0.54727352 0.04087687
vt 0.54177123 0.04802263
vt 0.54326314 0.04175979
vt 0.10198274 0.82733965
vt 0.53928840 0.05161095
vt 0.54078001 0.05489665
vt 0.54828954 0.04907352
vt 0.54790980 0.05812985
vt 0.55537331 0.04127032
vt 0.55639362 0.05075276
vt 0.56845975 0.05208999
vt 0.17537561 0.90549135
vt 0.56681317 0.04206961
vt 0.56987888 0.06282717
vt 0.55721974 0.06080931
vt 0.18148425 0.89623839
vt 0.19085573 0.89880222
vt 0.18839574 0.90326059
vt 0.09264693 0.69436926
vt 0.09426492 0.70419836
vt 0.10091805 0.70066404
vt 0.18306468 0.91117513
vt 0.10856620 0.68890113
vt 0.10933977 0.69812077
vt 0.10003196 0.69115216
vt 0.58077371 0.05246449
vt 0.57839084 0.04240781
vt 0.11829905 0.69821268
vt 0.58263731 0.06477201
vt 0.12489100 0.68904978
vt 0.12687621 0.69923818
vt 0.11653116 0.68809837
vt 0.55650115 0.07098007
vt 0.55482715 0.08284748
vt 0.56946135 0.07348341
vt 0.56866550 0.08532721
vt 0.58345288 0.07560092
vt 0.58316046 0.08841795
vt 0.13326067 0.69936723
vt 0.59085274 0.95149988
vt 0.60045582 0.96960902
vt 0.58834654 0.96467471
vt 0.13216344 0.68957502
vt 0.61336535 0.95805937
vt 0.60234976 0.95529056
vt 0.81661367 0.39403832
vt 0.81032467 0.38270748
vt 0.81732845 0.39542282
vt 0.66386354 0.03404498
vt 0.81017643 0.38099676
vt 0.14806347 0.55050194
vt 0.14639916 0.40082902
vt 0.15611324 0.39517510
vt 0.14133778 0.23088861
vt 0.15208165 0.39094728
vt 0.14133777 0.38733691
vt 0.13178764 0.38252312
vt 0.82395113 0.38846087
vt 0.07905045 0.15381670
vt 0.08174243 0.15375495
vt 0.08715020 0.16460991
vt 0.81865561 0.37551367
vt 0.06706887 0.16686952
vt 0.10469551 0.57093072
vt 0.09567229 0.56456131
vt 0.09878720 0.42723441
vt 0.45499009 0.58188552
vt 0.44047993 0.44615817
vt 0.45760825 0.44864130
vt 0.47111109 0.44729853
vt 0.07529750 0.14298278
vt 0.04088486 0.42405438
vt 0.04885158 0.43208575
vt 0.03952580 0.55430400
vt 0.44071954 0.43757582
vt 0.37270999 0.33507168
vt 0.13730292 0.40709198
vt 0.13561508 0.40520644
vt 0.02574877 0.42582309
vt 0.03500178 0.41929990
vt 0.03610463 0.42128921
vt 0.02714279 0.42826569
vt 0.03155335 0.55608749
vt 0.00196021 0.38334119
vt 0.01077465 0.38956320
vt 0.00773176 0.52371269
vt 0.07322703 0.14461708
vt 0.06049374 0.15772843
vt 0.06656703 0.13511300
vt 0.05272541 0.14870900
vt 0.06806590 0.13314086
vt 0.08595731 0.03506231
vt 0.46900252 0.97026795
vt 0.57669437 0.96659625
vt 0.58459681 0.97427917
vt 0.34837809 0.40442479
vt 0.34648499 0.40739596
vt 0.32942858 0.41021132
vt 0.32530746 0.41440809
vt 0.33483088 0.52278823
vt 0.00022450 0.48742723
vt 0.00858084 0.61439103
vt 0.00022448 0.60717028
vt 0.06097988 0.12359995
vt 0.04610908 0.14300579
vt 0.05935376 0.12641335
vt 0.32354501 0.40340525
vt 0.32049900 0.40115249
vt 0.27440938 0.33474851
vt 0.29341868 0.94603938
vt 0.28506231 0.95326006
vt 0.18299544 0.95326006
vt 0.27551222 0.95927733
vt 0.05117146 0.12182850
vt 0.07677604 0.22224814
vt 0.08104195 0.22234327
vt 0.07683600 0.23242414
vt 0.10136718 0.29184949
vt 0.61735797 0.23758924
vt 0.61146343 0.24701428
vt 0.61456466 0.15670776
vt 0.03561030 0.14035153
vt 0.32243353 0.39222431
vt 0.31973052 0.39322209
vt 0.94601399 0.49185193
vt 0.95775765 0.49556410
vt 0.94518328 0.47262591
vt 0.96207005 0.47795981
vt 0.93762785 0.09789938
vt 0.96548033 0.05233318
vt 0.94722259 0.08887959
vt 0.95932508 0.08787096
vt 0.02913751 0.12712729
vt 0.02773481 0.14199162
vt 0.02132855 0.12991047
vt 0.01027831 0.11820191
vt 0.96952194 0.50203627
vt 0.96997213 0.51875490
vt 0.06271195 0.05231857
vt 0.07147535 0.05187726
vt 0.97713983 0.48478913
vt 0.96307039 0.05076951
vt 0.96715569 0.04922378
vt 0.96180654 0.08743227
vt 0.96428216 0.04837853
vt 0.91386610 0.02907676
vt 0.02532046 0.20279628
vt 0.02971745 0.14240867
vt 0.03143046 0.14222270
vt 0.98207492 0.01653159
vt 0.08738638 0.29966497
vt 0.04933738 0.27492428
vt 0.05749564 0.27217782
vt 0.97339517 0.00796950
vt 0.99841917 0.68788815
vt 0.99530357 0.68788815
vt 0.99985713 0.68466020
vt 0.64427447 0.01257104
vt 0.63541019 0.05797011
vt 0.63236713 0.05791658
vt 0.62894070 0.05804545
vt 0.62990105 0.02780676
vt 0.63890219 0.02340192
vt 0.98189908 0.50107062
vt 0.05681861 0.06587911
vt 0.06638799 0.06823915
vt 0.07773776 0.20949757
vt 0.08115660 0.20696253
vt 0.09595597 0.16641569
vt 0.10490591 0.16083288
vt 0.26591107 0.79039770
vt 0.29186997 0.85926950
vt 0.28510946 0.86841404
vt 0.05601188 0.20751953
vt 0.05169619 0.21893990
vt 0.07811067 0.19677877
vt 0.05786437 0.19574010
vt 0.08107948 0.19641894
vt 0.08817050 0.17496353
vt 0.05251732 0.20475560
vt 0.05025206 0.21812475
vt 0.05094700 0.16188997
vt 0.04339612 0.15271568
vt 0.30230120 0.88563079
vt 0.31053141 0.87910211
vt 0.38590693 0.89083147
vt 0.05549417 0.19432861
vt 0.05642999 0.17125738
vt 0.08337329 0.18625087
vt 0.08060728 0.18538380
vt 0.05941177 0.18366295
vt 0.06041581 0.17110801
vt 0.08455562 0.17428821
vt 0.05661389 0.18307829
vt 0.03096995 0.12916690
vt 0.04741447 0.26749915
vt 0.04498711 0.27233684
vt 0.05797375 0.25891775
vt 0.92574114 0.45103693
vt 0.94155234 0.45664567
vt 0.41806230 0.12900198
vt 0.43235481 0.11072087
vt 0.00885002 0.27342677
vt 0.01155558 0.27095664
vt 0.01130356 0.24676645
vt 0.05983032 0.10579377
vt 0.03727199 0.10980093
vt 0.04875997 0.09408695
vt 0.05139908 0.09210724
vt 0.01434386 0.26919419
vt 0.03217809 0.25791025
vt 0.01528162 0.24966884
vt 0.93880719 0.89629358
vt 0.94553143 0.88411814
vt 0.94813943 0.88686681
vt 0.97369349 0.87013835
vt 0.95016730 0.89040440
vt 0.97809672 0.87395382
vt 0.97763985 0.87015182
vt 0.93630987 0.89578027
vt 0.92668563 0.89120340
vt 0.93925643 0.85494578
vt 0.88047296 0.71076918
vt 0.88094687 0.69334948
vt 0.89788210 0.69484311
vt 0.89750350 0.71033406
vt 0.88143218 0.67829680
vt 0.89839870 0.67915636
vt 0.38554353 0.13352764
vt 0.39703685 0.11433965
vt 0.00693494 0.11619908
vt 0.01572651 0.09812462
vt 0.01206187 0.09624451
vt 0.41774139 0.03376788
vt 0.41918105 0.02914017
vt 0.51728791 0.03779304
vt 0.03538159 0.08925641
vt 0.41878471 0.06154108
vt 0.91406631 0.69514644
vt 0.91295481 0.71095800
vt 0.91386127 0.67934686
vt 0.36639586 0.12196970
vt 0.37705091 0.10232013
vt 0.92931366 0.67874867
vt 0.26118872 0.79533029
vt 0.25494832 0.81469202
vt 0.24083611 0.78950709
vt 0.05943046 0.25691038
vt 0.04675881 0.23786688
vt 0.04824486 0.23700404
vt 0.92836785 0.71222001
vt 0.04881495 0.08173490
vt 0.05944438 0.08596063
vt 0.41861719 0.02483958
vt 0.51785886 0.02868068
vt 0.51842266 0.03298116
vt 0.02677747 0.23772085
vt 0.03873062 0.16866815
vt 0.93023711 0.69441646
vt 0.37312040 0.15137732
vt 0.36107916 0.17035794
vt 0.53892648 0.18617761
vt 0.35548124 0.14115429
vt 0.34656450 0.11164975
vt 0.23542149 0.80913955
vt 0.34422573 0.16074049
vt 0.55387062 0.17634809
vt 0.55139667 0.19076514
vt 0.33681491 0.13090545
vt 0.70877165 0.97401541
vt 0.69451851 0.97231477
vt 0.70795900 0.95980918
vt 0.32636216 0.15173155
vt 0.23001237 0.82877356
vt 0.24854733 0.83427984
vt 0.46097350 0.09984565
vt 0.93839902 0.89951289
vt 0.93840909 0.90960455
vt 0.97272277 0.90731615
vt 0.97535092 0.61597419
vt 0.97535092 0.67335117
vt 0.89210135 0.67325276
vt 0.94183820 0.85211003
vt 0.92856461 0.83032542
vt 0.71346390 0.89299595
vt 0.69948792 0.84264052
vt 0.71705860 0.84770697
vt 0.99533147 0.43831789
vt 0.99124599 0.43921936
vt 0.99574256 0.40666950
vt 0.99900275 0.45938635
vt 0.99779087 0.40508306
vt 0.71591896 0.84130448
vt 0.69999272 0.84074348
vt 0.40891671 0.86443090
vt 0.39555475 0.85563648
vt 0.39612535 0.85336268
vt 0.43573421 0.81976956
vt 0.41341317 0.85943937
vt 0.65118676 0.79467654
vt 0.65562832 0.79406697
vt 0.65509731 0.79758716
vt 0.67618608 0.82240254
vt 0.64681381 0.79505044
vt 0.67387831 0.82496941
vt 0.32823277 0.86659157
vt 0.33221149 0.86447471
vt 0.33237606 0.86711216
vt 0.36506832 0.85597396
vt 0.65181476 0.79158223
vt 0.32722753 0.86426926
vt 0.32313690 0.86216050
vt 0.36402339 0.85226643
vt 0.64676929 0.79048455
vt 0.60270101 0.81243289
vt 0.60249406 0.81922746
vt 0.32152048 0.86648440
vt 0.29314938 0.81996197
vt 0.59780544 0.81054711
vt 0.30214819 0.81442976
vt 0.29768521 0.82025927
vt 0.59937555 0.81500846
vt 0.59912956 0.81679487
vt 0.59535372 0.81429029
vt 0.67609870 0.87967688
vt 0.55804318 0.16373211
vt 0.99679250 0.51484436
vt 0.99342620 0.51575363
vt 0.99226236 0.45864332
vt 0.67372805 0.88313574
vt 0.68109459 0.97234678
vt 0.69366002 0.95898759
vt 0.99050915 0.51483315
vt 0.39780337 0.80977035
vt 0.39806849 0.80589461
vt 0.56334949 0.15041077
vt 0.66686130 0.97307599
vt 0.67868203 0.95828670
vt 0.66393918 0.95839232
vt 0.63279432 0.85781491
vt 0.35051432 0.80090022
vt 0.62859946 0.86124921
vt 0.34921300 0.79656154
vt 0.59829640 0.82015008
vt 0.30090329 0.81142408
vt 0.59564143 0.81701249
vt 0.29809779 0.81482077
vt 0.29652047 0.81270772
vt 0.29720429 0.81625980
vt 0.29460484 0.81576079
vt 0.54491186 0.21182990
vt 0.54809546 0.23424506
vt 0.55732930 0.21033108
vt 0.56798172 0.21225357
vt 0.56315202 0.23639363
vt 0.57099879 0.23381454
vt 0.38660121 0.96342534
vt 0.39511198 0.95721495
vt 0.57843381 0.20931578
vt 0.40334922 0.95079178
vt 0.57938987 0.23074102
vt 0.58731490 0.20860732
vt 0.33055809 0.97428304
vt 0.58945745 0.23059773
vt 0.32333693 0.96665001
vt 0.41254747 0.94585282
vt 0.59583712 0.20759386
vt 0.01825198 0.53037226
vt 0.01317519 0.52127355
vt 0.90317261 0.34332019
vt 0.90806937 0.33439553
vt 0.92427295 0.35606074
vt 0.91455686 0.36470318
vt 0.02360020 0.52284998
vt 0.89450604 0.35282290
vt 0.89562845 0.35362250
vt 0.09635071 0.33179939
vt 0.09739871 0.33052075
vt 0.10344627 0.34237742
vt 0.09505253 0.32924795
vt 0.09950801 0.34207958
vt 0.09248543 0.33552253
vt 0.09421668 0.33005291
vt 0.10325913 0.32937819
vt 0.09578204 0.32434452
vt 0.09617303 0.31927395
vt 0.09766449 0.32041550
vt 0.09542555 0.32031715
vt 0.09796166 0.31910348
vt 0.09246277 0.31896591
vt 0.09471806 0.31806535
vt 0.10822089 0.32891905
vt 0.09703914 0.34797287
vt 0.09783781 0.35892284
vt 0.09427225 0.35490811
vt 0.09119443 0.34281802
vt 0.08507134 0.36370814
vt 0.11291033 0.36093110
vt 0.09978469 0.37403822
vt 0.08931528 0.34454489
vt 0.08361012 0.35018981
vt 0.08116889 0.37681270
vt 0.09635275 0.39420873
vt 0.12570757 0.37699640
vt 0.56381059 0.83634186
vt 0.56453449 0.81189066
vt 0.55047560 0.82242060
vt 0.55222684 0.79379976
vt 0.08880017 0.33952332
vt 0.08879437 0.34235257
vt 0.08670922 0.33973891
vt 0.08614861 0.34310615
vt 0.08356083 0.33313382
vt 0.07676648 0.33731943
vt 0.07669789 0.34584087
vt 0.07958110 0.32941115
vt 0.06810714 0.33121026
vt 0.06888126 0.33827072
vt 0.07007849 0.34522939
vt 0.09322448 0.32878083
vt 0.08494293 0.32364070
vt 0.07889646 0.32121563
vt 0.08422975 0.31507933
vt 0.09425729 0.31370258
vt 0.06817145 0.32094550
vt 0.07218441 0.31174403
vt 0.53561610 0.80607170
vt 0.53974229 0.83098310
vt 0.55087131 0.84601027
vt 0.05586841 0.33489478
vt 0.05554031 0.32337213
vt 0.54053557 0.77720577
vt 0.52316195 0.78825831
vt 0.53047526 0.75791609
vt 0.07776350 0.35757494
vt 0.07667420 0.35504323
vt 0.06991229 0.36827648
vt 0.07391183 0.35390443
vt 0.07476360 0.35649818
vt 0.06169932 0.35079634
vt 0.07154183 0.35661554
vt 0.05782736 0.34689927
vt 0.07343572 0.35934591
vt 0.05969750 0.35936445
vt 0.06362092 0.37369037
vt 0.07240491 0.39196074
vt 0.05368552 0.38504899
vt 0.05392835 0.36221051
vt 0.04739472 0.36664689
vt 0.04240016 0.39661616
vt 0.06269404 0.40870196
vt 0.04416305 0.35112274
vt 0.04094234 0.33834827
vt 0.04045389 0.32594299
vt 0.51970470 0.82293242
vt 0.03284470 0.35574830
vt 0.03721029 0.37366104
vt 0.51249647 0.76751029
vt 0.49556234 0.77641833
vt 0.50320560 0.79731005
vt 0.02420547 0.38336593
vt 0.01827164 0.36159015
vt 0.10252999 0.31554192
vt 0.11174044 0.31434697
vt 0.09456917 0.30969805
vt 0.11603240 0.34396136
vt 0.12703070 0.95594978
vt 0.11052661 0.95462489
vt 0.12643281 0.93226629
vt 0.13887537 0.92101067
vt 0.14096934 0.93331254
vt 0.14242774 0.95309275
vt 0.09258021 0.95709532
vt 0.10997001 0.98417836
vt 0.08058024 0.42533481
vt 0.08842148 0.99303448
vt 0.09259079 0.30855978
vt 0.09124221 0.31012720
vt 0.09368072 0.30703658
vt 0.08978154 0.31014508
vt 0.09069848 0.30730134
vt 0.07798181 0.30286133
vt 0.09956330 0.29635310
vt 0.15918095 0.92122155
vt 0.15312311 0.92159200
vt 0.15692711 0.91009271
vt 0.16552888 0.91736490
vt 0.15497407 0.93151718
vt 0.16256958 0.93042523
vt 0.06016498 0.30329174
vt 0.17254624 0.92719126
vt 0.05672828 0.31369710
vt 0.04234606 0.31324577
vt 0.04470364 0.30287206
vt 0.17123757 0.94447154
vt 0.17834172 0.93649298
vt 0.16018818 0.94967318
vt 0.02612943 0.30353689
vt 0.04019841 0.29242635
vt 0.17690104 0.96310234
vt 0.16453205 0.97249478
vt 0.02411335 0.28869951
vt 0.14757033 0.97914070
vt 0.12965903 0.98463982
vt 0.51984864 0.74073118
vt 0.50231487 0.74833995
vt 0.92180622 0.16642791
vt 0.03003544 0.40850520
vt 0.93750882 0.78939259
vt 0.94430792 0.80917400
vt 0.93215978 0.81662351
vt 0.48575160 0.75527388
vt 0.96113348 0.80432689
vt 0.96446037 0.82282954
vt 0.05130738 0.42291462
vt 0.39213890 0.78936833
vt 0.37001199 0.78399283
vt 0.38865694 0.76981282
vt 0.41163537 0.77209008
vt 0.41402358 0.79948342
vt 0.64561224 0.60325938
vt 0.64772946 0.62915069
vt 0.64792693 0.65337366
vt 0.64363486 0.58704042
vt 0.91704631 0.18272060
vt 0.91170025 0.20174432
vt 0.66275299 0.59878343
vt 0.66645229 0.62358302
vt 0.95966834 0.78494203
vt 0.98257661 0.80335879
vt 0.66047639 0.58468014
vt 0.98192680 0.78156644
vt 0.94001186 0.77223891
vt 0.91765451 0.78168589
vt 0.48823991 0.79664755
vt 0.90222955 0.76493347
vt 0.91691214 0.76686877
vt 0.96300793 0.76790798
vt 0.34797662 0.78812665
vt 0.35172662 0.75983357
vt 0.36660710 0.76159048
vt 0.32815847 0.77112246
vt 0.32565862 0.79769474
vt 0.30531964 0.79791486
vt 0.36802706 0.74516714
vt 0.35250884 0.73319107
vt 0.33240300 0.73858678
vt 0.70212787 0.61856461
vt 0.70154709 0.61152607
vt 0.71542609 0.61148101
vt 0.71876544 0.61952770
vt 0.67875290 0.59188247
vt 0.98290545 0.76267409
vt 0.72997761 0.61056679
vt 0.96632481 0.75413865
vt 0.71684438 0.60318422
vt 0.73341888 0.61823499
vt 0.72302681 0.63480955
vt 0.68687052 0.61329561
vt 0.38582611 0.75478256
vt 0.37678507 0.72577465
vt 0.38207206 0.74136496
vt 0.28648442 0.80278337
vt 0.28420949 0.76997453
vt 0.30486506 0.76638740
vt 0.17168956 0.99324334
vt 0.26485339 0.77868074
vt 0.18758883 0.98038983
vt 0.00683046 0.29853225
vt 0.00000000 0.28464139
vt 0.23995517 0.78369689
vt 0.24676877 0.76784778
vt 0.28526866 0.73469752
vt 0.26591426 0.74343872
vt 0.30886057 0.73092693
vt 0.33664399 0.71368062
vt 0.74723333 0.60012633
vt 0.73490328 0.60289568
vt 0.72048223 0.59652144
vt 0.34765306 0.69649380
vt 0.00230236 0.92601573
vt 0.00719293 0.92376727
vt 0.00716203 0.92618877
vt 0.00544740 0.91994995
vt 0.96612626 0.54942113
vt 0.96758592 0.55214190
vt 0.96096790 0.55045557
vt 0.96306843 0.56047726
vt 0.96416003 0.54648715
vt 0.95767844 0.54576236
vt 0.00752250 0.92783082
vt 0.95121545 0.55055779
vt 0.01159324 0.92517227
vt 0.01158646 0.92031074
vt 0.99473447 0.38795066
vt 0.98921108 0.39316726
vt 0.98775852 0.39017045
vt 0.99647337 0.39062524
vt 0.99417222 0.38541234
vt 0.59039086 0.09765983
vt 0.59538341 0.09647816
vt 0.59722894 0.09904599
vt 0.59063947 0.09315920
vt 0.59182626 0.10285330
vt 0.97728008 0.55255598
vt 0.97124898 0.55821174
vt 0.97138721 0.54618478
vt 0.96730697 0.54096067
vt 0.97156149 0.53915203
vt 0.97854906 0.54411328
vt 0.96167183 0.54178798
vt 0.01082100 0.93050683
vt 0.00728072 0.93205172
vt 0.01295059 0.93724114
vt 0.53458476 0.03869295
vt 0.53242415 0.04902828
vt 0.52877325 0.04787594
vt 0.01563586 0.93494785
vt 0.01463330 0.92765409
vt 0.02286802 0.94889230
vt 0.01641295 0.95733774
vt 0.01400589 0.95513684
vt 0.01109432 0.95322573
vt 0.01988634 0.94660884
vt 0.99052525 0.39605099
vt 0.03266658 0.96665990
vt 0.98979163 0.37713397
vt 0.02026633 0.97157192
vt 0.96218616 0.53363526
vt 0.53666115 0.03720009
vt 0.96385634 0.53172654
vt 0.97526389 0.53591418
vt 0.55179954 0.03340709
vt 0.53636062 0.03410906
vt 0.99207246 0.40013397
vt 0.98676634 0.41147029
vt 0.99824435 0.39408916
vt 0.01724112 0.94353271
vt 0.96476817 0.52888697
vt 0.98653239 0.54012227
vt 0.98436093 0.52988136
vt 0.52914000 0.02514970
vt 0.59635657 0.11608058
vt 0.59067690 0.12337863
vt 0.59251601 0.11509407
vt 0.59664482 0.10706258
vt 0.02726704 0.93946469
vt 0.02472123 0.93804741
vt 0.04042638 0.94641739
vt 0.03732266 0.95619500
vt 0.02198361 0.93514961
vt 1.00000000 0.31134701
vt 1.00000000 0.32138264
vt 0.99712527 0.31185836
vt 0.97352028 0.56944627
vt 0.96187741 0.56452382
vt 0.97380084 0.56468338
vt 0.98824435 0.56859577
vt 0.98816752 0.57533604
vt 0.98394233 0.56053394
vt 0.99994320 0.57023519
vt 0.99427050 0.56090790
vt 0.99485677 0.58793575
vt 0.59103525 0.88265193
vt 0.55835444 0.85835207
vt 0.67708421 0.26914525
vt 0.65360665 0.28451544
vt 0.65713423 0.24764746
vt 0.68356919 0.28979826
vt 0.53797817 0.88530964
vt 0.53154933 0.85452574
vt 0.94708115 0.56109506
vt 0.94885606 0.55744886
vt 0.95028615 0.55411434
vt 0.98899990 0.55356479
vt 0.99707770 0.55126685
vt 0.69489950 0.25235116
vt 0.71702200 0.25751984
vt 0.70165658 0.27166998
vt 0.98492944 0.54946417
vt 0.99207813 0.54560965
vt 0.99748325 0.54162979
vt 0.99163371 0.53604299
vt 0.72565454 0.27403736
vt 0.73901713 0.25854981
vt 0.71169072 0.28694642
vt 0.69385850 0.30222619
vt 0.66216487 0.30835927
vt 0.72307515 0.30313933
vt 0.70767581 0.31996465
vt 0.67480314 0.32558370
vt 0.99145508 0.30996621
vt 0.99042225 0.32470882
vt 0.98644984 0.32470882
vt 0.06902529 0.02076226
vt 0.99397516 0.32474416
vt 0.07607701 0.01082283
vt 0.06471945 0.01858932
vt 0.01312056 0.91017032
vt 0.00249639 0.91742182
vt 0.05768772 0.03003383
vt 0.06311537 0.03418380
vt 0.01588978 0.91362220
vt 0.01802624 0.91587931
vt 0.01513901 0.92162061
vt 0.05415954 0.02681506
vt 0.06037405 0.01677829
vt 0.05706074 0.01596743
vt 0.02008987 0.91738981
vt 0.05118591 0.02409232
vt 0.05431261 0.01574183
vt 0.02872667 0.93180686
vt 0.03162987 0.93319827
vt 0.01636757 0.92244428
vt 0.01787083 0.92419189
vt 0.01833679 0.93177009
vt 0.02544175 0.92966938
vt 0.02114121 0.92725134
vt 0.03501602 0.92806637
vt 0.04246636 0.93858391
vt 0.03231390 0.92660654
vt 0.03264943 0.92450678
vt 0.04486153 0.00533891
vt 0.04358894 0.00196499
vt 0.04594703 0.00002301
vt 0.03747903 0.92749310
vt 0.04338552 0.93309492
vt 0.03020107 0.92402190
vt 0.04724083 0.00497305
vt 0.04756747 0.00806946
vt 0.04598370 0.00823957
vt 0.02173012 0.91869837
vt 0.02303340 0.92045510
vt 0.02460911 0.92294538
vt 0.04785239 0.02008563
vt 0.05259167 0.01437968
vt 0.04896936 0.02221870
vt 0.04688266 0.01774895
vt 0.05102153 0.01334763
vt 0.02584267 0.92102891
vt 0.04828741 0.01217473
vt 0.04613074 0.01387292
vt 0.05398615 0.93888879
vt 0.04924387 0.93508011
vt 0.05390202 0.93628383
vt 0.04907556 0.94143784
vt 0.06535196 0.93671507
vt 0.05329386 0.94304073
vt 0.06638635 0.94108289
vt 0.04313280 0.00503349
vt 0.04117046 0.00330722
vt 0.03883392 0.00352740
vt 0.03641259 0.00165576
vt 0.04429679 0.00861537
vt 0.04246586 0.00864834
vt 0.04184263 0.00589478
vt 0.04008922 0.00597906
vt 0.04325550 0.01507026
vt 0.04202195 0.02141917
vt 0.04204592 0.02514410
vt 0.04041252 0.00944459
vt 0.03891458 0.00694859
vt 0.04642779 0.93069184
vt 0.04631729 0.93378323
vt 0.03749179 0.00557828
vt 0.03763352 0.00941503
vt 0.04896735 0.93328851
vt 0.04493033 0.94011164
vt 0.04039124 0.01543862
vt 0.03666030 0.01531982
vt 0.03592752 0.02341121
vt 0.03500279 0.00976694
vt 0.02975997 0.02349806
vt 0.05510087 0.04822594
vt 0.04872200 0.04268134
vt 0.04481548 0.03709608
vt 0.04252167 0.03111023
vt 0.04219223 0.02836168
vt 0.03226168 0.03784758
vt 0.03396669 0.04579538
vt 0.03362599 0.02936965
vt 0.02679677 0.03869987
vt 0.02417368 0.03113508
vt 0.59967482 0.09457982
vt 0.59975922 0.09549123
vt 0.59567153 0.09451431
vt 0.60040355 0.09481221
vt 0.60106874 0.09294182
vt 0.60215795 0.09336954
vt 0.60062802 0.09541988
vt 0.60042644 0.09622145
vt 0.60287821 0.09954125
vt 0.59985030 0.10060644
vt 0.99638063 0.37795043
vt 0.60797638 0.09228683
vt 0.99188375 0.37231553
vt 0.99955279 0.37265199
vt 0.60218149 0.10875726
vt 0.60657948 0.09462357
vt 0.60711312 0.09387076
vt 0.60555530 0.10170770
vt 0.60836363 0.09453696
vt 0.61179239 0.09848392
vt 0.61382270 0.09758371
vt 0.60807723 0.09517175
vt 0.60982805 0.10192019
vt 0.61599433 0.09907067
vt 0.61374116 0.10014182
vt 0.61417723 0.09982896
vt 0.98686117 0.37049854
vt 0.02978877 0.97279662
vt 0.99144477 0.36882007
vt 0.99438244 0.36970568
vt 0.61413109 0.10073614
vt 0.61081213 0.10410088
vt 0.60708499 0.10629094
vt 0.61484718 0.10039574
vt 0.61699241 0.10466075
vt 0.61815888 0.10372329
vt 0.61399078 0.10471511
vt 0.61985487 0.11084569
vt 0.61295247 0.11150062
vt 0.60778534 0.11053818
vt 0.61779732 0.11143726
vt 0.59890783 0.11697495
vt 0.59603995 0.12549049
vt 0.98825407 0.52621400
vt 0.60205501 0.11789072
vt 0.05761372 0.97241533
vt 0.05231301 0.96556485
vt 0.05324167 0.96253812
vt 0.97679883 0.51817679
vt 0.99068141 0.52089190
vt 0.99606800 0.53073394
vt 0.99881047 0.52416384
vt 0.04351151 0.97233200
vt 0.04205289 0.97048652
vt 0.05299168 0.95930129
vt 0.06258953 0.96756947
vt 0.60654706 0.11896956
vt 0.03143734 0.97327673
vt 0.03537120 0.96665519
vt 0.03524892 0.97533959
vt 0.04011393 0.96640861
vt 0.03964060 0.95708948
vt 0.05226725 0.95682114
vt 0.05207001 0.95289660
vt 0.04477956 0.95708251
vt 0.36197582 0.32792532
vt 0.36771792 0.31947833
vt 0.90695381 0.37510121
vt 0.37254620 0.30885983
vt 0.06366079 0.57185125
vt 0.05436909 0.57626522
vt 0.88816667 0.36544991
vt 0.17939788 0.33527982
vt 0.16897643 0.33833313
vt 0.75216138 0.27364445
vt 0.76483679 0.25874221
vt 0.73776317 0.28907335
vt 0.77918696 0.27115881
vt 0.76584560 0.28773272
vt 0.75072688 0.30512273
vt 0.73634267 0.31843233
vt 0.76347703 0.32317168
vt 0.74854273 0.33631337
vt 0.72073656 0.33691639
vt 0.79356855 0.28228462
vt 0.79261291 0.25629234
vt 0.80429399 0.26284063
vt 0.06363691 0.96356124
vt 0.78269285 0.29903495
vt 0.80631185 0.30544960
vt 0.81834030 0.28516889
vt 0.06459149 0.95892859
vt 0.79218239 0.32182360
vt 0.80255616 0.34123886
vt 0.07419137 0.96176273
vt 0.07609880 0.95718980
vt 0.81857634 0.32359731
vt 0.75768507 0.34673429
vt 0.77354330 0.34285718
vt 0.73149019 0.34949517
vt 0.77038109 0.37565517
vt 0.74712980 0.36074269
vt 0.04284522 0.94766867
vt 0.04784373 0.94876581
vt 0.05260023 0.94896895
vt 0.06577202 0.95377797
vt 0.06565901 0.94749284
vt 0.07728653 0.95074683
vt 0.07793921 0.94455439
vt 0.08697993 0.94328839
vt 0.08715881 0.95187128
vt 0.02476331 0.02241665
vt 0.07545103 0.93943149
vt 0.02099178 0.04065198
vt 0.01631569 0.03145742
vt 0.01078891 0.04036045
vt 0.01801150 0.05219018
vt 0.00395879 0.05169553
vt 0.00012766 0.06259847
vt 0.01881124 0.06587130
vt 0.03625882 0.05375016
vt 0.09982828 0.94304538
vt 0.14953564 0.72804046
vt 0.15207997 0.70610964
vt 0.17011654 0.72493601
vt 0.17256378 0.74192470
vt 0.82384419 0.35379803
vt 0.13494350 0.70451587
vt 0.13001032 0.73092878
vt 0.02695429 0.34270477
vt 0.00701004 0.34653020
vt 0.41702530 0.66880852
vt 0.43287677 0.65554172
vt 0.44300294 0.67568803
vt 0.00014110 0.37716579
vt 0.50870407 0.85930997
vt 0.49593171 0.83481538
vt 0.02799542 0.32566923
vt 0.00694586 0.32649416
vt 0.47868642 0.84634584
vt 0.68650967 0.33959866
vt 0.48947716 0.86517453
vt 0.41519099 0.64703399
vt 0.42882454 0.63786751
vt 0.41264462 0.62367392
vt 0.40282363 0.63985372
vt 0.40626004 0.66114670
vt 0.37268135 0.64435852
vt 0.36428532 0.66417080
vt 0.33846921 0.63761204
vt 0.37150463 0.62046784
vt 0.34428713 0.61791748
vt 0.38020572 0.67202216
vt 0.91519123 0.75603801
vt 0.38487732 0.63803869
vt 0.38993564 0.66490126
vt 0.43459436 0.61200511
vt 0.39633277 0.61758631
vt 0.40151992 0.59375536
vt 0.41878995 0.60022640
vt 0.38225108 0.61717087
vt 0.38415059 0.59792179
vt 0.38942340 0.58646017
vt 0.43391576 0.77520841
vt 0.93967813 0.76237100
vt 0.43237099 0.76395583
vt 0.40943944 0.75950456
vt 0.40117526 0.68907887
vt 0.39117202 0.69775367
vt 0.39015481 0.72445565
vt 0.38291338 0.69949603
vt 0.38636047 0.73255092
vt 0.96779412 0.74631673
vt 0.38081348 0.73495358
vt 0.97745621 0.73487771
vt 0.73461211 0.60430658
vt 0.72468734 0.60172534
vt 0.74276406 0.60678476
vt 0.75053293 0.61525488
vt 0.73937529 0.63272858
vt 0.18973750 0.82368267
vt 0.18685617 0.84473836
vt 0.16655825 0.82397354
vt 0.20612434 0.84612679
vt 0.16830158 0.80342478
vt 0.19160688 0.80374074
vt 0.21091941 0.82540995
vt 0.16552950 0.84384096
vt 0.70335758 0.92945814
vt 0.69236839 0.94389904
vt 0.69109917 0.92695290
vt 0.70669943 0.94519824
vt 0.83926910 0.50906688
vt 0.85159653 0.52322841
vt 0.82481110 0.53282076
vt 0.69959581 0.35365665
vt 0.68688303 0.36738896
vt 0.34674293 0.60025430
vt 0.31436944 0.61806464
vt 0.69896722 0.38062900
vt 0.71331340 0.36893797
vt 0.43856302 0.59387058
vt 0.41962421 0.58154005
vt 0.25046459 0.75386119
vt 0.37148035 0.60118854
vt 0.36966369 0.58219618
vt 0.34625408 0.58188719
vt 0.38278982 0.58047795
vt 0.40208930 0.57416344
vt 0.41698068 0.55968791
vt 0.40307146 0.54747522
vt 0.38975808 0.56531996
vt 0.42408982 0.53419238
vt 0.71173418 0.39431012
vt 0.72670871 0.38192844
vt 0.36790437 0.56439203
vt 0.69465375 0.40525085
vt 0.38122857 0.56049299
vt 0.70519799 0.42667657
vt 0.73101765 0.41033030
vt 0.13071817 0.76546663
vt 0.12956943 0.78343636
vt 0.11711688 0.76505899
vt 0.35229117 0.54807323
vt 0.75273281 0.39472818
vt 0.40953669 0.52040792
vt 0.43608341 0.50704610
vt 0.42143270 0.49074805
vt 0.43748477 0.46580112
vt 0.39160314 0.53706366
vt 0.39489606 0.50772524
vt 0.76288879 0.58957958
vt 0.73763430 0.58967626
vt 0.41919336 0.44684649
vt 0.75669390 0.60203719
vt 0.77175575 0.59331965
vt 0.76628178 0.60826308
vt 0.40082115 0.46418452
vt 0.77363282 0.57298744
vt 0.38134179 0.52759373
vt 0.13099770 0.80483264
vt 0.12124658 0.80367416
vt 0.11109399 0.78774482
vt 0.11309040 0.81654531
vt 0.12767668 0.82183081
vt 0.11587349 0.83799261
vt 0.13352560 0.83846945
vt 0.79227245 0.55945700
vt 0.79034203 0.58017528
vt 0.13668343 0.82307023
vt 0.14792162 0.78576326
vt 0.16971952 0.78327078
vt 0.14907898 0.76410359
vt 0.17131950 0.76138401
vt 0.14924437 0.74488485
vt 0.13099837 0.74900997
vt 0.14784531 0.80469626
vt 0.19710304 0.76170087
vt 0.00695825 0.08079123
vt 0.19479711 0.78306633
vt 0.14720561 0.82521540
vt 0.80194086 0.53672218
vt 0.80953884 0.56044143
vt 0.21442150 0.80543810
vt 0.38622159 0.32865453
vt 0.39041859 0.31544745
vt 0.38122267 0.30088770
vt 0.15785502 0.19841695
vt 0.14696555 0.19745100
vt 0.39713010 0.30588078
vt 0.39165801 0.29417175
vt 0.45501307 0.62747192
vt 0.46108174 0.62212187
vt 0.40541023 0.29879296
vt 0.44933605 0.61721832
vt 0.26198295 0.53365171
vt 0.25252917 0.53019154
vt 0.25038782 0.55262113
vt 0.27714241 0.53464711
vt 0.27499235 0.53098243
vt 0.26107430 0.55377436
vt 0.27893510 0.55210114
vt 0.27775711 0.55448139
vt 0.29657975 0.53440851
vt 0.29484859 0.53602898
vt 0.29902264 0.55277044
vt 0.29759628 0.55115867
vt 0.65961570 0.74085987
vt 0.65602368 0.74073946
vt 0.66402876 0.74338269
vt 0.65641916 0.72878850
vt 0.66915220 0.74567938
vt 0.67672265 0.74960828
vt 0.68528295 0.75274050
vt 0.66445118 0.73226690
vt 0.67124188 0.73447806
vt 0.66735995 0.72859704
vt 0.66262347 0.72677332
vt 0.67630225 0.73724961
vt 0.67342883 0.72787905
vt 0.68389606 0.73991734
vt 0.67782408 0.72761428
vt 0.69344223 0.75586522
vt 0.69322121 0.74202895
vt 0.68752754 0.72618800
vt 0.69210279 0.77557290
vt 0.69491750 0.77221787
vt 0.70512992 0.76000643
vt 0.64260423 0.68100810
vt 0.64037907 0.68818384
vt 0.64718348 0.66729784
vt 0.63665491 0.69751447
vt 0.63430476 0.70216846
vt 0.63232797 0.70873833
vt 0.63082731 0.71314728
vt 0.63368046 0.70698518
vt 0.90178180 0.61912382
vt 0.90704852 0.61859667
vt 0.91444397 0.61825848
vt 0.64434582 0.71215647
vt 0.64773655 0.70900172
vt 0.64203191 0.71567339
vt 0.64994442 0.70403063
vt 0.90169185 0.60813862
vt 0.65446448 0.69584334
vt 0.65920812 0.68662047
vt 0.66700828 0.70812142
vt 0.66234350 0.71473080
vt 0.66608101 0.67084432
vt 0.67325068 0.69934887
vt 0.68005443 0.68793100
vt 0.67110270 0.65019047
vt 0.91587001 0.60888833
vt 0.63805425 0.72002077
vt 0.64613080 0.72794050
vt 0.65076077 0.72472417
vt 0.90812129 0.60713339
vt 0.64908600 0.73285311
vt 0.62194610 0.75066525
vt 0.91781926 0.59966511
vt 0.92152941 0.59009653
vt 0.90248090 0.59585291
vt 0.90943730 0.59760350
vt 0.91233391 0.58821321
vt 0.92479819 0.58270526
vt 0.65603691 0.72062665
vt 0.65940142 0.71667850
vt 0.66797274 0.72345126
vt 0.67278677 0.72191715
vt 0.67755467 0.71649837
vt 0.68423384 0.70901632
vt 0.90342796 0.58036584
vt 0.91890270 0.58039528
vt 0.92821479 0.57735527
vt 0.91370070 0.57825536
vt 0.92115217 0.57297480
vt 0.92567074 0.57380289
vt 0.68096703 0.66108209
vt 0.69172060 0.63430822
vt 0.69016385 0.67501384
vt 0.69755012 0.64719373
vt 0.69037980 0.69905186
vt 0.69883627 0.70733553
vt 0.70664704 0.69806224
vt 0.69772911 0.68668991
vt 0.69309860 0.71712786
vt 0.70049596 0.72477996
vt 0.69629687 0.73095298
vt 0.70586979 0.71387613
vt 0.77124882 0.87691849
vt 0.77808297 0.88177735
vt 0.77401781 0.89044243
vt 0.71000481 0.70313323
vt 0.77906281 0.87145734
vt 0.78965008 0.87815702
vt 0.78819364 0.88645881
vt 0.78931433 0.87227857
vt 0.71128476 0.67302758
vt 0.70384258 0.66123456
vt 0.71790606 0.68466485
vt 0.72424817 0.65933698
vt 0.71766371 0.64558113
vt 0.73957676 0.87054908
vt 0.75224084 0.87863654
vt 0.74653465 0.89084488
vt 0.73165023 0.88133961
vt 0.76123172 0.86873025
vt 0.76536810 0.88584501
vt 0.76705396 0.86574900
vt 0.74965554 0.86167306
vt 0.75981814 0.85784495
vt 0.70816076 0.62507862
vt 0.72672343 0.64901185
vt 0.74432951 0.64747387
vt 0.71407729 0.63432771
vt 0.76159286 0.64100569
vt 0.75802690 0.62571925
vt 0.82537186 0.88469750
vt 0.71074528 0.76191777
vt 0.83143151 0.86906117
vt 0.81014395 0.87852508
vt 0.82465047 0.89027429
vt 0.70542550 0.74034423
vt 0.80365247 0.88253933
vt 0.82046092 0.86571908
vt 0.80309993 0.87398112
vt 0.79583955 0.89011902
vt 0.79607153 0.87424558
vt 0.81261116 0.86281174
vt 0.83663511 0.85188788
vt 0.82117873 0.96704626
vt 0.81985533 0.97503507
vt 0.81498939 0.96866661
vt 0.82857955 0.96719122
vt 0.81688905 0.96109986
vt 0.82208341 0.96087813
vt 0.82444215 0.84844363
vt 0.81300288 0.97327262
vt 0.82159680 0.98157120
vt 0.82454163 0.97729892
vt 0.81617087 0.84524763
vt 0.80640131 0.86038649
vt 0.80928218 0.85070497
vt 0.81878209 0.95124406
vt 0.72886777 0.97209525
vt 0.73225731 0.97784054
vt 0.72729611 0.98523378
vt 0.73513681 0.96958685
vt 0.73961926 0.97380793
vt 0.83083767 0.98189956
vt 0.72789073 0.96310633
vt 0.84002542 0.83214724
vt 0.82609278 0.82944953
vt 0.73798329 0.96437913
vt 0.74456310 0.96636921
vt 0.84543616 0.80963880
vt 0.81242716 0.83862048
vt 0.81198114 0.82328790
vt 0.82805467 0.80549920
vt 0.83294785 0.95999759
vt 0.82611239 0.95548689
vt 0.83765376 0.96617353
vt 0.83651733 0.97277504
vt 0.82855213 0.94715047
vt 0.83212137 0.95106947
vt 0.83820099 0.94355172
vt 0.79538554 0.85815996
vt 0.83818024 0.94805998
vt 0.84363812 0.95401722
vt 0.77303863 0.86581951
vt 0.77251333 0.85615873
vt 0.84727263 0.93973953
vt 0.84606701 0.94521481
vt 0.84250772 0.96142191
vt 0.80147988 0.84164876
vt 0.71928018 0.95423025
vt 0.72554511 0.95334345
vt 0.73210394 0.95812649
vt 0.84477103 0.96933377
vt 0.71864563 0.94434774
vt 0.78764677 0.83508945
vt 0.84967434 0.96158379
vt 0.85199857 0.95359981
vt 0.72660220 0.94709772
vt 0.72561884 0.93905258
vt 0.71328551 0.93528908
vt 0.72006238 0.93511438
vt 0.73262525 0.93850535
vt 0.73372424 0.94788551
vt 0.85617226 0.93693370
vt 0.85225689 0.94464827
vt 0.76915938 0.85257578
vt 0.85929018 0.94387424
vt 0.85725689 0.94912475
vt 0.86364734 0.95322019
vt 0.85904038 0.95997828
vt 0.76634276 0.84862441
vt 0.78130019 0.83427119
vt 0.86539894 0.94801247
vt 0.72155958 0.92595875
vt 0.73015863 0.93019754
vt 0.73596609 0.92164987
vt 0.74046385 0.92773885
vt 0.72929287 0.91969889
vt 0.72157276 0.91843426
vt 0.87321019 0.95130038
vt 0.73246443 0.91382515
vt 0.73944676 0.95728970
vt 0.74458104 0.95888990
vt 0.79962534 0.83153987
vt 0.79673076 0.81941462
vt 0.74072409 0.94984752
vt 0.74621397 0.95133561
vt 0.74198186 0.94131708
vt 0.79007602 0.83057153
vt 0.74784756 0.94179887
vt 0.81384718 0.80210024
vt 0.74264544 0.93479991
vt 0.77768803 0.83080631
vt 0.77997422 0.81393182
vt 0.74918413 0.93297631
vt 0.76614255 0.82591552
vt 0.75642121 0.84299350
vt 0.73755765 0.91561067
vt 0.75058728 0.92513543
vt 0.79906422 0.79919064
vt 0.81793213 0.78631151
vt 0.83440208 0.78858149
vt 0.78599328 0.79527634
vt 0.76714426 0.80126876
vt 0.80248213 0.78495449
vt 0.77542758 0.78753680
vt 0.79263431 0.78445429
vt 0.78781903 0.77340478
vt 0.74856436 0.65649617
vt 0.76400578 0.64977556
vt 0.75423270 0.66780752
vt 0.77886099 0.64455765
vt 0.77893394 0.62532526
vt 0.77897143 0.63515961
vt 0.76911652 0.66089737
vt 0.99997741 0.36431575
vt 0.98634189 0.36431575
vt 0.99797589 0.34367973
vt 0.72628450 0.86796093
vt 0.77513027 0.67058277
vt 0.78166473 0.68132138
vt 0.77177364 0.68432063
vt 0.73429859 0.85715580
vt 0.78371990 0.65386730
vt 0.79671234 0.67136103
vt 0.80129284 0.68033797
vt 0.78870356 0.69112062
vt 0.79011703 0.66122168
vt 0.81552029 0.66925257
vt 0.80977124 0.66048735
vt 0.73834133 0.84848011
vt 0.74804336 0.82775682
vt 0.75759947 0.81414169
vt 0.72035074 0.84135890
vt 0.80440634 0.68789369
vt 0.73153698 0.82016253
vt 0.80725175 0.70277470
vt 0.81672466 0.69535154
vt 0.82031989 0.67428398
vt 0.82743847 0.68271947
vt 0.74290818 0.80295688
vt 0.83683407 0.69313514
vt 0.82745492 0.70532560
vt 0.75266463 0.79024625
vt 0.84528345 0.70467484
vt 0.83573365 0.71517557
vt 0.76241589 0.77753162
vt 0.85214251 0.71687651
vt 0.74961245 0.76700693
vt 0.85053355 0.79262793
vt 0.05715993 0.70656371
vt 0.06656025 0.69956142
vt 0.85416973 0.77146941
vt 0.07470018 0.69492126
vt 0.06615137 0.69126427
vt 0.05721523 0.69835544
vt 0.07331511 0.68662035
vt 0.08152429 0.68136245
vt 0.08249141 0.68973875
vt 0.83514094 0.76786041
vt 0.06530498 0.68357778
vt 0.05823863 0.69155455
vt 0.81773669 0.76557797
vt 0.07219394 0.67816877
vt 0.80057126 0.76490617
vt 0.06242092 0.67707610
vt 0.07145438 0.66766351
vt 0.05638837 0.67598289
vt 0.06085439 0.66868150
vt 0.07908510 0.66797930
vt 0.08071440 0.67216533
vt 0.05309772 0.66932851
vt 0.67821699 0.94307363
vt 0.67837286 0.92673880
vt 0.67968971 0.90954077
vt 0.83727962 0.54823637
vt 0.69053996 0.91044855
vt 0.66249436 0.94326448
vt 0.66336286 0.92737007
vt 0.65044528 0.92793053
vt 0.64979833 0.94353390
vt 0.66699153 0.91091204
vt 0.65206754 0.91213578
vt 0.62630445 0.94410086
vt 0.63953602 0.94315755
vt 0.61546057 0.94331521
vt 0.63944203 0.92852908
vt 0.63886386 0.91381365
vt 0.62690628 0.92893577
vt 0.61677063 0.92904240
vt 0.62654686 0.91423714
vt 0.77605563 0.61716312
vt 0.78351486 0.59837115
vt 0.79910594 0.63494039
vt 0.78917772 0.63972300
vt 0.79356802 0.60582674
vt 0.80234295 0.62327319
vt 0.79540855 0.64570421
vt 0.80249083 0.65183759
vt 0.80965382 0.64113969
vt 0.81655425 0.64765042
vt 0.82508463 0.65573120
vt 0.81380630 0.63102967
vt 0.80853516 0.61197388
vt 0.81844175 0.61350179
vt 0.82388639 0.63856268
vt 0.80352664 0.58438343
vt 0.81233692 0.59466803
vt 0.81868517 0.56992370
vt 0.83043152 0.60138118
vt 0.83231217 0.57988757
vt 0.83740318 0.61711335
vt 0.84255463 0.64430606
vt 0.85029548 0.59617627
vt 0.84903073 0.62913758
vt 0.65399581 0.89760661
vt 0.64994985 0.88509709
vt 0.66016036 0.88352060
vt 0.66534817 0.89581639
vt 0.82913345 0.66123289
vt 0.83735824 0.67057472
vt 0.84626895 0.68125713
vt 0.84434652 0.65653574
vt 0.85744059 0.66932368
vt 0.85397768 0.69331056
vt 0.61774045 0.88141036
vt 0.61320424 0.87366718
vt 0.62099743 0.87116152
vt 0.62640107 0.87943143
vt 0.60478789 0.87615055
vt 0.60096997 0.86984587
vt 0.60773522 0.86674744
vt 0.05614091 0.66177809
vt 0.59747279 0.87846386
vt 0.06369545 0.66069543
vt 0.06332681 0.65459162
vt 0.60927004 0.88333786
vt 0.60145330 0.88460207
vt 0.85437697 0.65609252
vt 0.64669788 0.87773550
vt 0.64061594 0.88693994
vt 0.63519305 0.87706870
vt 0.63143897 0.88918275
vt 0.62179488 0.89047909
vt 0.64370227 0.89906424
vt 0.63504696 0.90043628
vt 0.62501615 0.90162927
vt 0.61308706 0.89187616
vt 0.60558081 0.89251220
vt 0.61532027 0.90215278
vt 0.60745001 0.90158260
vt 0.85109198 0.56129330
vt 0.61661118 0.91471624
vt 0.60708487 0.91359645
vt 0.60645783 0.92734867
vt 0.09162094 0.68519902
vt 0.09940036 0.68145639
vt 0.10772900 0.67906964
vt 0.09761064 0.67340684
vt 0.09049375 0.67709339
vt 0.10597045 0.67236364
vt 0.11611354 0.67870033
vt 0.11368012 0.67211699
vt 0.12185722 0.67199814
vt 0.12447810 0.67902857
vt 0.08254462 0.66264391
vt 0.09435578 0.66505718
vt 0.08812628 0.67226100
vt 0.07333723 0.65754735
vt 0.08489049 0.65920442
vt 0.07711137 0.65491587
vt 0.09481062 0.66230726
vt 0.08922420 0.65101653
vt 0.10451553 0.66571796
vt 0.11282267 0.66640353
vt 0.11079934 0.66439098
vt 0.10435916 0.66355389
vt 0.11932618 0.66642505
vt 0.11678784 0.66471523
vt 0.10906071 0.65737146
vt 0.12017657 0.65875357
vt 0.09884472 0.65430963
vt 0.10219767 0.64689165
vt 0.12507723 0.64660192
vt 0.11228572 0.65043074
vt 0.59122097 0.91408753
vt 0.58533543 0.91795373
vt 0.58301091 0.91682303
vt 0.12612364 0.66513455
vt 0.59263891 0.91671675
vt 0.58561057 0.92613077
vt 0.12950478 0.66077644
vt 0.13118123 0.65531522
vt 0.11575951 0.64350009
vt 0.10518359 0.64018273
vt 0.12096911 0.63393617
vt 0.11075687 0.62882745
vt 0.58398342 0.93534458
vt 0.59398043 0.93826687
vt 0.60501325 0.94175690
vt 0.59562385 0.92464268
vt 0.59942210 0.91078019
vt 0.59721822 0.90900338
vt 0.13355263 0.66642731
vt 0.13768563 0.66244644
vt 0.13513237 0.64913398
vt 0.13118541 0.63927156
vt 0.06746268 0.64923137
vt 0.59578651 0.88530117
vt 0.07019350 0.64823282
vt 0.08019084 0.64577293
vt 0.08312586 0.63788670
vt 0.07253592 0.63967222
vt 0.07474300 0.63270801
vt 0.09491677 0.63669121
vt 0.60014427 0.89255250
vt 0.06286401 0.64252347
vt 0.59766042 0.89259875
vt 0.59907883 0.90042490
vt 0.14827679 0.67142683
vt 0.14132380 0.67010397
vt 0.14603418 0.66592413
vt 0.05534728 0.63071609
vt 0.06438760 0.63430732
vt 0.60177243 0.90134180
vt 0.05562230 0.62633693
vt 0.14776590 0.66442090
vt 0.06563603 0.62816846
vt 0.06668207 0.62298572
vt 0.07556103 0.62805820
vt 0.05591383 0.62433916
vt 0.14840196 0.66367704
vt 0.05647518 0.61897349
vt 0.15063925 0.66055936
vt 0.10110055 0.62303597
vt 0.08537419 0.63229436
vt 0.09128932 0.61757189
vt 0.08100682 0.61188668
vt 0.07035919 0.60745561
vt 0.09429842 0.60420871
vt 0.10475030 0.60972416
vt 0.07449646 0.59395456
vt 0.06017499 0.60268182
vt 0.08477689 0.59905064
vt 0.09141952 0.58674449
vt 0.07937903 0.58085895
vt 0.11542508 0.61594743
vt 0.11536978 0.59995729
vt 0.12595193 0.60646915
vt 0.10228436 0.59358031
vt 0.11633072 0.58641428
vt 0.10683658 0.58079541
vt 0.09830901 0.57486922
vt 0.14329505 0.65315312
vt 0.15709379 0.65125555
vt 0.13991460 0.64212590
vt 0.15634759 0.63576227
vt 0.14652199 0.63260055
vt 0.13724399 0.62840164
vt 0.38582584 0.03724158
vt 0.38042861 0.04527378
vt 0.37443060 0.03837055
vt 0.38015535 0.03001314
vt 0.36861053 0.03096062
vt 0.05369134 0.58600754
vt 0.06764784 0.57692134
vt 0.39171332 0.04281318
vt 0.39506230 0.03250730
vt 0.40067407 0.03700203
vt 0.26566726 0.02409393
vt 0.26278681 0.03133583
vt 0.25562894 0.02781385
vt 0.39008856 0.02699709
vt 0.13762794 0.61177331
vt 0.37543243 0.02250981
vt 0.38265178 0.01527965
vt 0.37222722 0.01451242
vt 0.31116337 0.03907037
vt 0.30436558 0.04234844
vt 0.30401251 0.03511828
vt 0.38070405 0.00794655
vt 0.38631910 0.02138120
vt 0.29749566 0.03494298
vt 0.39112705 0.01041633
vt 0.39417088 0.01599705
vt 0.30446634 0.02380049
vt 0.38980708 0.00452262
vt 0.28949729 0.03291595
vt 0.29807314 0.02374154
vt 0.29124081 0.02257842
vt 0.28120846 0.03080404
vt 0.28434753 0.02060610
vt 0.30289379 0.01395607
vt 0.39887840 0.00739372
vt 0.39762190 0.00216490
vt 0.29773065 0.01404536
vt 0.39786729 0.02115071
vt 0.40251511 0.02609229
vt 0.40150115 0.01174021
vt 0.59398973 0.18568194
vt 0.59189129 0.17533511
vt 0.59689718 0.17732120
vt 0.60091901 0.18663931
vt 0.59425068 0.16486025
vt 0.58888698 0.17241299
vt 0.58763450 0.16392547
vt 0.59713185 0.16900241
vt 0.08600897 0.56881130
vt 0.27226570 0.02812582
vt 0.27695709 0.01841193
vt 0.27109277 0.01491845
vt 0.29270676 0.01353765
vt 0.28715029 0.01214427
vt 0.29342863 0.00629801
vt 0.28147256 0.00993574
vt 0.60862786 0.18582332
vt 0.60861635 0.19464576
vt 0.60253620 0.17797875
vt 0.27652237 0.00693136
vt 0.60800070 0.17689210
vt 0.29902974 0.00625449
vt 0.59594756 0.15781778
vt 0.59963089 0.16311574
vt 0.60136420 0.15888256
vt 0.60074681 0.16194677
vt 0.60242462 0.17035639
vt 0.60133410 0.16491205
vt 0.28758898 0.00429535
vt 0.28253719 0.00112903
vt 0.60984033 0.15941459
vt 0.60345590 0.16255140
vt 0.60919297 0.16822088
vt 0.60396910 0.16457325
vt 0.60184699 0.16350907
vt 0.04538122 0.06040978
vt 0.99589735 0.68462545
vt 0.64822143 0.01363683
vt 0.63838887 0.05918789
vt 0.64635569 0.01201904
vt 0.62754971 0.02921557
vt 0.62508392 0.05774474
vt 0.65389329 0.03428888
vt 0.65491003 0.03589213
vt 0.64733630 0.02600956
vt 0.90009147 0.22509426
vt 0.90210176 0.22404253
vt 0.90712339 0.24561286
vt 0.95032924 0.20607710
vt 0.92692298 0.20068979
vt 0.92864501 0.19820106
vt 0.95160705 0.20484853
vt 0.90480870 0.24542785
vt 0.90784562 0.21578813
vt 0.91739100 0.21890634
vt 0.91194451 0.20839942
vt 0.92023140 0.20405424
vt 0.92344946 0.21268463
vt 0.91399574 0.20736253
vt 0.03371309 0.07479560
vt 0.30199429 0.84947973
vt 0.30321705 0.85031670
vt 0.29803383 0.85485733
vt 0.09352089 0.12709188
vt 0.10538514 0.14275616
vt 0.09668856 0.14965439
vt 0.29987079 0.85697603
vt 0.31384513 0.86988312
vt 0.10688167 0.14440089
vt 0.09821375 0.15169257
vt 0.29282811 0.86275780
vt 0.30820107 0.87662959
vt 0.28579780 0.87073857
vt 0.30013385 0.88404155
vt 0.09250379 0.16099954
vt 0.31717217 0.87578088
vt 0.91998440 0.21668649
vt 0.91209412 0.20644617
vt 0.94140118 0.22840935
vt 0.94667846 0.21975720
vt 0.93938428 0.23052257
vt 0.92459178 0.23538882
vt 0.94048607 0.22984856
vt 0.57879454 0.96470910
vt 0.61941212 0.23987991
vt 0.61299914 0.24824369
vt 0.27821872 0.88069487
vt 0.29186472 0.89285028
vt 0.28352076 0.90215391
vt 0.58602840 0.97294176
vt 0.27013066 0.89067680
vt 0.29308581 0.89450991
vt 0.28454295 0.90400201
vt 0.44258547 0.44434661
vt 0.44197196 0.43696338
vt 0.46149445 0.44401866
vt 0.31619924 0.53608060
vt 0.26202124 0.90039313
vt 0.26547852 0.91896242
vt 0.25358099 0.91027206
vt 0.25889057 0.93163967
vt 0.27495605 0.91530222
vt 0.26598135 0.92197347
vt 0.27467641 0.91084987
vt 0.00677379 0.61571401
vt 0.25998122 0.93269658
vt 0.94519842 0.71487856
vt 0.94712776 0.69247669
vt 0.94625199 0.67744201
vt 0.21810150 0.78463984
vt 0.98013151 0.21535671
vt 0.95911539 0.22554290
vt 0.02361012 0.08801979
vt 0.96536714 0.68965626
vt 0.90989298 0.28205371
vt 0.90626961 0.28249621
vt 0.91460001 0.28228426
vt 0.92908400 0.24999762
vt 0.22442265 0.84922999
vt 0.93045855 0.16190833
vt 0.93385518 0.15995216
vt 0.97196418 0.20573711
vt 0.95632035 0.25411725
vt 0.04718542 0.88597250
vt 0.01434068 0.87365735
vt 0.02624243 0.85476625
vt 0.00237724 0.89629263
vt 0.05947622 0.92948723
vt 0.93603581 0.15705627
vt 0.97728437 0.20070553
vt 0.97536087 0.20378101
vt 0.95039082 0.25612044
vt 0.95273560 0.28713834
vt 0.96021116 0.31073618
vt 0.97923565 0.10810316
vt 0.95272082 0.23565722
vt 0.94147658 0.24590307
vt 0.94926143 0.24059254
vt 0.95426440 0.25339341
vt 0.00316039 0.83421093
vt 0.52746874 0.95793068
vt 0.50003755 0.96080202
vt 0.50092387 0.95829242
vt 0.45228636 0.96121901
vt 0.97527403 0.27056444
vt 0.41196668 0.95659375
vt 0.41164219 0.95310533
vt 0.45342454 0.96358317
vt 0.45300964 0.96607608
vt 0.50159764 0.96376258
vt 0.52716273 0.96112680
vt 0.52661425 0.95920688
vt 0.01794588 0.98490900
vt 0.01702778 0.98177153
vt 0.05044398 0.98053664
vt 0.05184023 0.98898989
vt 0.01760042 0.98909074
vt 0.05151400 0.98482019
vt 0.43435490 0.93738443
vt 0.38046703 0.93752503
vt 0.39832529 0.90958565
vt 0.45547456 0.90959108
vt 0.88467252 0.83922935
vt 0.89585310 0.80722803
vt 0.92921388 0.85095608
vt 0.92114496 0.88549554
vt 0.99313372 0.64044797
vt 0.98942345 0.59347498
vt 0.99227691 0.59242803
vt 0.99493086 0.59332633
vt 0.39588174 0.90718931
vt 0.88179851 0.83826822
vt 0.86557376 0.88314313
vt 0.41936421 0.86774278
vt 0.41724372 0.86454862
vt 0.86161339 0.88176405
vt 0.45533365 0.83958280
vt 0.86676335 0.92932087
vt 0.45496958 0.83708191
vt 0.86350965 0.92865431
vt 0.08279096 0.98095977
vt 0.48606277 0.88566881
vt 0.48471186 0.89318925
vt 0.08412045 0.98915231
vt 0.08361138 0.98527604
vt 0.92501062 0.91917461
vt 0.92126167 0.92449230
vt 0.48676324 0.88987678
vt 0.48756284 0.89317226
vt 0.92808616 0.92005587
vt 0.92847371 0.92441052
vt 0.92587721 0.92298967
vt 0.48987815 0.88581491
vt 0.92430848 0.92709547
vt 0.46573919 0.83561736
vt 0.46259999 0.83862740
vt 0.92383677 0.92242843
vt 0.87172872 0.93503278
vt 0.86929673 0.93765342
vt 0.46002457 0.83631647
vt 0.86636728 0.93216085
vt 0.86415905 0.93360251
vt 0.45939088 0.83409566
vt 0.86838621 0.93432593
vt 0.84356552 0.89580452
vt 0.00231811 0.75250518
vt 0.74194616 0.89529467
vt 0.00578243 0.64080584
vt 0.97998995 0.97377324
vt 0.89473325 0.66125667
vt 0.95549834 0.91720057
vt 0.85509759 0.60561812
vt 0.87862116 0.94112337
vt 0.93877733 0.54388982
vt 0.93788022 0.55425757
vt 0.79875016 0.97738189
vt 0.78184789 0.97026092
vt 0.85156965 0.89964908
vt 0.73189414 0.88938230
f 1/1 2/2 3/3
f 3/3 2/2 4/4
f 5/5 6/6 7/7
f 8/8 6/6 5/5
f 9/9 10/10 11/11
f 7/7 12/12 5/5
f 4/4 13/13 3/3
f 14/14 11/11 15/15
f 16/16 4/4 2/2
f 17/17 18/18 19/19
f 20/20 17/17 19/19
f 21/21 22/22 23/23
f 24/24 22/22 21/21
f 23/23 25/25 21/21
f 6/6 8/8 26/26
f 27/27 28/28 29/29
f 22/22 24/24 30/30
f 29/29 31/31 27/27
f 32/32 10/10 33/33
f 33/33 10/10 34/34
f 35/35 32/32 33/33
f 33/33 34/34 36/36
f 33/33 37/37 35/35
f 36/36 37/37 33/33
f 32/32 11/11 10/10
f 7/7 38/38 12/12
f 11/11 32/32 15/15
f 32/32 35/35 39/39
f 40/40 41/41 42/42
f 43/43 40/40 42/42
f 44/44 45/45 46/46
f 44/44 46/46 47/47
f 34/34 48/48 36/36
f 49/49 50/50 51/51
f 52/52 53/53 54/54
f 55/55 56/56 57/57
f 58/58 36/36 48/48
f 49/49 59/59 50/50
f 60/60 61/61 62/62
f 63/63 61/61 60/60
f 62/62 64/64 60/60
f 60/60 65/65 63/63
f 66/66 62/62 61/61
f 61/61 63/63 67/67
f 67/67 66/66 61/61
f 64/64 62/62 68/68
f 69/69 70/70 71/71
f 62/62 66/66 72/72
f 62/62 72/72 68/68
f 73/73 74/74 75/75
f 74/74 73/73 76/76
f 74/74 76/76 77/77
f 78/78 76/76 73/73
f 79/79 57/57 80/80
f 81/81 77/77 76/76
f 82/82 81/81 76/76
f 83/83 84/84 85/85
f 86/86 72/72 66/66
f 66/66 67/67 87/87
f 66/66 88/88 86/86
f 87/87 88/88 66/66
f 89/89 90/90 91/91
f 92/92 93/93 94/94
f 95/95 92/92 94/94
f 77/77 81/81 96/96
f 97/97 87/87 67/67
f 98/98 99/99 100/100
f 101/101 102/102 103/103
f 104/104 105/105 106/106
f 4/4 105/105 104/104
f 107/107 108/108 109/109
f 107/107 109/109 26/26
f 104/104 13/13 4/4
f 26/26 8/8 107/107
f 110/110 106/106 105/105
f 111/111 110/110 105/105
f 105/105 4/4 16/16
f 112/112 113/113 114/114
f 115/115 116/116 117/117
f 118/118 109/109 108/108
f 119/119 118/118 108/108
f 120/120 117/117 116/116
f 121/121 120/120 116/116
f 122/122 123/123 124/124
f 125/125 126/126 109/109
f 109/109 126/126 26/26
f 109/109 118/118 125/125
f 127/127 128/128 129/129
f 30/30 24/24 130/130
f 131/131 30/30 130/130
f 132/132 133/133 134/134
f 135/135 125/125 118/118
f 118/118 119/119 135/135
f 125/125 135/135 136/136
f 137/137 138/138 139/139
f 140/140 141/141 142/142
f 119/119 143/143 144/144
f 144/144 145/145 119/119
f 119/119 145/145 135/135
f 146/146 144/144 143/143
f 147/147 148/148 149/149
f 150/150 147/147 149/149
f 145/145 144/144 151/151
f 152/152 135/135 145/145
f 153/153 152/152 145/145
f 151/151 153/153 145/145
f 154/154 151/151 144/144
f 155/155 156/156 157/157
f 158/158 136/136 135/135
f 135/135 152/152 158/158
f 159/159 160/160 161/161
f 162/162 163/163 164/164
f 165/165 158/158 152/152
f 152/152 153/153 166/166
f 152/152 166/166 165/165
f 158/158 165/165 167/167
f 168/168 169/169 163/163
f 170/170 171/171 172/172
f 173/173 174/174 175/175
f 170/170 172/172 176/176
f 175/175 177/177 178/178
f 175/175 179/179 173/173
f 178/178 179/179 175/175
f 180/180 172/172 171/171
f 181/181 180/180 171/171
f 171/171 182/182 183/183
f 183/183 181/181 171/171
f 172/172 180/180 184/184
f 185/185 176/176 172/172
f 184/184 185/185 172/172
f 181/181 184/184 180/180
f 185/185 186/186 176/176
f 177/177 187/187 178/178
f 186/186 185/185 188/188
f 186/186 188/188 189/189
f 190/190 178/178 187/187
f 191/191 192/192 186/186
f 186/186 189/189 191/191
f 193/193 188/188 185/185
f 185/185 184/184 193/193
f 188/188 193/193 189/189
f 153/153 151/151 173/173
f 173/173 179/179 153/153
f 153/153 179/179 166/166
f 156/156 182/182 194/194
f 178/178 166/166 179/179
f 156/156 183/183 182/182
f 190/190 165/165 166/166
f 166/166 178/178 190/190
f 195/195 192/192 169/169
f 192/192 191/191 169/169
f 196/196 197/197 198/198
f 199/199 197/197 196/196
f 200/200 201/201 202/202
f 200/200 202/202 203/203
f 204/204 205/205 200/200
f 203/203 204/204 200/200
f 206/206 207/207 208/208
f 209/209 210/210 211/211
f 212/212 213/213 209/209
f 209/209 211/211 214/214
f 215/215 212/212 209/209
f 214/214 215/215 209/209
f 197/197 206/206 198/198
f 216/216 206/206 197/197
f 217/217 218/218 197/197
f 197/197 218/218 216/216
f 199/199 217/217 197/197
f 207/207 206/206 216/216
f 219/219 211/211 210/210
f 207/207 220/220 221/221
f 216/216 220/220 207/207
f 222/222 198/198 206/206
f 223/223 202/202 201/201
f 212/212 224/224 225/225
f 226/226 203/203 202/202
f 227/227 226/226 202/202
f 202/202 223/223 227/227
f 219/219 228/228 211/211
f 211/211 228/228 229/229
f 229/229 214/214 211/211
f 228/228 219/219 230/230
f 228/228 230/230 231/231
f 228/228 231/231 232/232
f 232/232 229/229 228/228
f 233/233 221/221 220/220
f 220/220 234/234 235/235
f 216/216 234/234 220/220
f 220/220 235/235 233/233
f 236/236 230/230 219/219
f 219/219 237/237 236/236
f 238/238 239/239 240/240
f 240/240 241/241 242/242
f 240/240 242/242 238/238
f 239/239 238/238 243/243
f 244/244 232/232 231/231
f 245/245 246/246 247/247
f 248/248 249/249 250/250
f 250/250 249/249 251/251
f 252/252 248/248 250/250
f 250/250 251/251 253/253
f 250/250 253/253 252/252
f 254/254 255/255 249/249
f 249/249 255/255 256/256
f 249/249 248/248 254/254
f 257/257 218/218 249/249
f 249/249 218/218 251/251
f 256/256 257/257 249/249
f 255/255 254/254 258/258
f 255/255 259/259 256/256
f 258/258 259/259 255/255
f 248/248 260/260 254/254
f 261/261 260/260 248/248
f 248/248 252/252 261/261
f 262/262 254/254 260/260
f 260/260 261/261 263/263
f 263/263 262/262 260/260
f 254/254 262/262 258/258
f 259/259 264/264 256/256
f 265/265 264/264 259/259
f 259/259 258/258 265/265
f 264/264 266/266 256/256
f 267/267 266/266 264/264
f 264/264 265/265 268/268
f 268/268 267/267 264/264
f 269/269 256/256 266/266
f 266/266 267/267 269/269
f 257/257 234/234 218/218
f 218/218 234/234 216/216
f 218/218 217/217 251/251
f 234/234 257/257 270/270
f 270/270 235/235 234/234
f 257/257 256/256 271/271
f 257/257 271/271 270/270
f 269/269 271/271 256/256
f 272/272 270/270 271/271
f 271/271 269/269 273/273
f 271/271 273/273 272/272
f 235/235 270/270 274/274
f 274/274 275/275 235/235
f 235/235 275/275 276/276
f 276/276 233/233 235/235
f 270/270 272/272 274/274
f 217/217 199/199 277/277
f 217/217 277/277 251/251
f 205/205 204/204 278/278
f 278/278 279/279 205/205
f 280/280 278/278 204/204
f 204/204 203/203 281/281
f 204/204 281/281 280/280
f 282/282 251/251 277/277
f 279/279 278/278 283/283
f 284/284 285/285 286/286
f 282/282 253/253 251/251
f 280/280 283/283 278/278
f 203/203 226/226 281/281
f 287/287 281/281 226/226
f 288/288 287/287 226/226
f 226/226 227/227 289/289
f 289/289 288/288 226/226
f 290/290 280/280 281/281
f 287/287 290/290 281/281
f 291/291 292/292 285/285
f 293/293 292/292 291/291
f 291/291 285/285 284/284
f 291/291 284/284 294/294
f 291/291 294/294 293/293
f 253/253 295/295 252/252
f 280/280 296/296 283/283
f 297/297 295/295 296/296
f 296/296 280/280 290/290
f 290/290 297/297 296/296
f 297/297 252/252 295/295
f 252/252 297/297 263/263
f 263/263 261/261 252/252
f 298/298 263/263 297/297
f 290/290 298/298 297/297
f 262/262 263/263 299/299
f 299/299 258/258 262/262
f 298/298 299/299 263/263
f 258/258 299/299 300/300
f 300/300 265/265 258/258
f 301/301 300/300 299/299
f 299/299 298/298 301/301
f 265/265 300/300 268/268
f 301/301 302/302 300/300
f 300/300 302/302 268/268
f 268/268 302/302 267/267
f 267/267 302/302 303/303
f 304/304 269/269 267/267
f 303/303 304/304 267/267
f 305/305 301/301 298/298
f 298/298 290/290 305/305
f 302/302 301/301 306/306
f 307/307 303/303 302/302
f 306/306 307/307 302/302
f 301/301 305/305 308/308
f 301/301 308/308 306/306
f 287/287 305/305 290/290
f 305/305 287/287 309/309
f 305/305 309/309 308/308
f 310/310 309/309 287/287
f 287/287 288/288 310/310
f 311/311 308/308 309/309
f 310/310 311/311 309/309
f 308/308 311/311 312/312
f 312/312 306/306 308/308
f 275/275 274/274 313/313
f 275/275 313/313 314/314
f 275/275 314/314 315/315
f 315/315 276/276 275/275
f 311/311 316/316 317/317
f 318/318 316/316 311/311
f 317/317 312/312 311/311
f 311/311 310/310 318/318
f 319/319 317/317 316/316
f 320/320 319/319 316/316
f 321/321 320/320 316/316
f 316/316 318/318 321/321
f 322/322 323/323 324/324
f 325/325 323/323 322/322
f 322/322 324/324 326/326
f 327/327 328/328 322/322
f 322/322 328/328 329/329
f 326/326 327/327 322/322
f 329/329 325/325 322/322
f 330/330 314/314 320/320
f 331/331 314/314 330/330
f 330/330 320/320 321/321
f 330/330 321/321 331/331
f 304/304 273/273 269/269
f 273/273 304/304 332/332
f 273/273 332/332 333/333
f 273/273 333/333 272/272
f 304/304 303/303 334/334
f 304/304 334/334 332/332
f 307/307 334/334 303/303
f 335/335 332/332 334/334
f 334/334 307/307 335/335
f 332/332 335/335 333/333
f 306/306 335/335 307/307
f 335/335 306/306 336/336
f 336/336 333/333 335/335
f 337/337 336/336 306/306
f 306/306 312/312 337/337
f 338/338 339/339 340/340
f 341/341 339/339 338/338
f 340/340 323/323 338/338
f 338/338 323/323 342/342
f 342/342 343/343 338/338
f 338/338 343/343 341/341
f 339/339 344/344 345/345
f 341/341 344/344 339/339
f 339/339 345/345 346/346
f 346/346 340/340 339/339
f 344/344 347/347 345/345
f 348/348 347/347 344/344
f 341/341 348/348 344/344
f 349/349 345/345 347/347
f 347/347 348/348 350/350
f 347/347 350/350 351/351
f 352/352 353/353 354/354
f 355/355 346/346 345/345
f 345/345 349/349 355/355
f 356/356 272/272 333/333
f 333/333 336/336 357/357
f 357/357 356/356 333/333
f 272/272 356/356 358/358
f 358/358 274/274 272/272
f 336/336 337/337 359/359
f 359/359 357/357 336/336
f 317/317 337/337 312/312
f 360/360 359/359 337/337
f 337/337 317/317 360/360
f 356/356 357/357 361/361
f 356/356 361/361 362/362
f 356/356 362/362 358/358
f 357/357 359/359 361/361
f 363/363 361/361 359/359
f 360/360 363/363 359/359
f 363/363 362/362 361/361
f 362/362 363/363 364/364
f 364/364 358/358 362/362
f 363/363 360/360 364/364
f 274/274 358/358 313/313
f 364/364 313/313 358/358
f 313/313 364/364 319/319
f 313/313 319/319 320/320
f 320/320 314/314 313/313
f 364/364 360/360 317/317
f 319/319 364/364 317/317
f 323/323 340/340 324/324
f 325/325 342/342 323/323
f 365/365 324/324 340/340
f 340/340 346/346 365/365
f 331/331 315/315 314/314
f 324/324 365/365 326/326
f 366/366 365/365 346/346
f 346/346 355/355 366/366
f 367/367 326/326 365/365
f 368/368 367/367 365/365
f 365/365 366/366 369/369
f 365/365 369/369 368/368
f 370/370 371/371 233/233
f 233/233 276/276 370/370
f 241/241 372/372 242/242
f 276/276 315/315 373/373
f 373/373 370/370 276/276
f 327/327 374/374 328/328
f 375/375 376/376 377/377
f 328/328 378/378 329/329
f 379/379 378/378 328/328
f 377/377 380/380 375/375
f 381/381 373/373 315/315
f 315/315 331/331 381/381
f 370/370 373/373 382/382
f 383/383 242/242 372/372
f 384/384 385/385 376/376
f 376/376 385/385 386/386
f 374/374 327/327 387/387
f 374/374 387/387 388/388
f 386/386 377/377 376/376
f 373/373 381/381 389/389
f 390/390 383/383 391/391
f 392/392 238/238 242/242
f 242/242 383/383 392/392
f 393/393 243/243 238/238
f 392/392 393/393 238/238
f 394/394 395/395 396/396
f 396/396 395/395 397/397
f 398/398 394/394 396/396
f 386/386 399/399 400/400
f 400/400 401/401 386/386
f 397/397 402/402 396/396
f 403/403 404/404 405/405
f 395/395 406/406 397/397
f 407/407 406/406 395/395
f 405/405 408/408 403/403
f 409/409 399/399 385/385
f 385/385 399/399 386/386
f 385/385 384/384 409/409
f 404/404 410/410 411/411
f 411/411 412/412 404/404
f 404/404 412/412 405/405
f 410/410 413/413 411/411
f 327/327 326/326 414/414
f 414/414 387/387 327/327
f 415/415 414/414 326/326
f 326/326 367/367 415/415
f 387/387 414/414 416/416
f 416/416 388/388 387/387
f 414/414 415/415 417/417
f 414/414 417/417 416/416
f 368/368 415/415 367/367
f 418/418 417/417 415/415
f 415/415 368/368 418/418
f 419/419 416/416 417/417
f 420/420 419/419 417/417
f 417/417 418/418 420/420
f 411/411 421/421 412/412
f 412/412 421/421 422/422
f 422/422 405/405 412/412
f 421/421 411/411 423/423
f 421/421 423/423 424/424
f 421/421 424/424 425/425
f 425/425 422/422 421/421
f 426/426 409/409 384/384
f 388/388 416/416 427/427
f 423/423 411/411 413/413
f 428/428 423/423 413/413
f 419/419 427/427 416/416
f 429/429 424/424 423/423
f 428/428 429/429 423/423
f 430/430 431/431 432/432
f 433/433 425/425 424/424
f 434/434 435/435 430/430
f 432/432 436/436 430/430
f 430/430 436/436 434/434
f 429/429 428/428 437/437
f 431/431 438/438 439/439
f 439/439 432/432 431/431
f 419/419 420/420 440/440
f 441/441 442/442 443/443
f 441/441 443/443 444/444
f 445/445 446/446 447/447
f 447/447 446/446 448/448
f 449/449 445/445 447/447
f 448/448 450/450 447/447
f 447/447 450/450 451/451
f 451/451 449/449 447/447
f 446/446 445/445 452/452
f 446/446 452/452 453/453
f 446/446 453/453 448/448
f 449/449 452/452 445/445
f 454/454 453/453 452/452
f 452/452 449/449 454/454
f 455/455 448/448 453/453
f 456/456 455/455 453/453
f 454/454 456/456 453/453
f 450/450 448/448 457/457
f 450/450 457/457 451/451
f 448/448 455/455 458/458
f 458/458 457/457 448/448
f 455/455 456/456 459/459
f 459/459 458/458 455/455
f 460/460 459/459 456/456
f 456/456 454/454 461/461
f 456/456 461/461 460/460
f 457/457 458/458 462/462
f 463/463 464/464 465/465
f 466/466 463/463 465/465
f 467/467 468/468 469/469
f 467/467 469/469 470/470
f 471/471 469/469 468/468
f 468/468 472/472 473/473
f 473/473 471/471 468/468
f 474/474 475/475 476/476
f 476/476 477/477 478/478
f 476/476 478/478 474/474
f 479/479 480/480 481/481
f 481/481 480/480 482/482
f 483/483 479/479 481/481
f 481/481 482/482 464/464
f 481/481 464/464 484/484
f 481/481 484/484 483/483
f 485/485 486/486 487/487
f 487/487 486/486 449/449
f 486/486 485/485 488/488
f 486/486 488/488 489/489
f 454/454 449/449 486/486
f 489/489 454/454 486/486
f 483/483 490/490 479/479
f 490/490 483/483 491/491
f 488/488 492/492 489/489
f 493/493 494/494 495/495
f 495/495 494/494 483/483
f 496/496 493/493 495/495
f 483/483 484/484 495/495
f 495/495 484/484 496/496
f 494/494 493/493 497/497
f 494/494 497/497 483/483
f 498/498 497/497 493/493
f 493/493 496/496 499/499
f 493/493 499/499 498/498
f 491/491 483/483 497/497
f 500/500 491/491 497/497
f 498/498 500/500 497/497
f 463/463 484/484 464/464
f 454/454 489/489 461/461
f 484/484 463/463 501/501
f 501/501 496/496 484/484
f 491/491 500/500 502/502
f 503/503 489/489 492/492
f 491/491 502/502 504/504
f 500/500 498/498 505/505
f 505/505 502/502 500/500
f 506/506 501/501 463/463
f 463/463 466/466 506/506
f 503/503 461/461 489/489
f 503/503 460/460 461/461
f 501/501 499/499 496/496
f 507/507 498/498 499/499
f 499/499 501/501 507/507
f 498/498 507/507 505/505
f 506/506 507/507 501/501
f 508/508 509/509 510/510
f 511/511 508/508 510/510
f 505/505 512/512 502/502
f 502/502 512/512 504/504
f 513/513 509/509 514/514
f 515/515 504/504 512/512
f 516/516 517/517 518/518
f 514/514 519/519 513/513
f 509/509 508/508 514/514
f 472/472 520/520 521/521
f 521/521 473/473 472/472
f 522/522 521/521 520/520
f 520/520 517/517 522/522
f 523/523 524/524 525/525
f 525/525 524/524 526/526
f 525/525 527/527 523/523
f 528/528 527/527 525/525
f 529/529 530/530 525/525
f 525/525 530/530 528/528
f 526/526 529/529 525/525
f 531/531 511/511 532/532
f 475/475 474/474 533/533
f 471/471 473/473 534/534
f 535/535 478/478 477/477
f 536/536 535/535 477/477
f 477/477 537/537 536/536
f 473/473 521/521 527/527
f 473/473 527/527 538/538
f 538/538 534/534 473/473
f 521/521 522/522 523/523
f 523/523 527/527 521/521
f 508/508 511/511 531/531
f 539/539 514/514 508/508
f 531/531 539/539 508/508
f 523/523 522/522 517/517
f 517/517 516/516 540/540
f 540/540 523/523 517/517
f 523/523 541/541 524/524
f 524/524 541/541 542/542
f 542/542 526/526 524/524
f 541/541 523/523 540/540
f 541/541 540/540 543/543
f 544/544 542/542 541/541
f 541/541 543/543 544/544
f 516/516 545/545 546/546
f 547/547 540/540 516/516
f 546/546 547/547 516/516
f 545/545 548/548 549/549
f 545/545 549/549 550/550
f 550/550 546/546 545/545
f 527/527 528/528 538/538
f 547/547 543/543 540/540
f 551/551 552/552 553/553
f 554/554 552/552 551/551
f 555/555 530/530 556/556
f 556/556 530/530 557/557
f 553/553 558/558 551/551
f 551/551 559/559 554/554
f 552/552 560/560 553/553
f 561/561 560/560 552/552
f 552/552 554/554 561/561
f 562/562 553/553 560/560
f 563/563 562/562 560/560
f 560/560 561/561 564/564
f 564/564 563/563 560/560
f 530/530 555/555 565/565
f 530/530 565/565 528/528
f 530/530 529/529 557/557
f 566/566 565/565 555/555
f 558/558 553/553 567/567
f 568/568 569/569 565/565
f 565/565 569/569 528/528
f 566/566 568/568 565/565
f 569/569 568/568 570/570
f 538/538 528/528 569/569
f 569/569 534/534 538/538
f 570/570 534/534 569/569
f 571/571 567/567 572/572
f 573/573 574/574 571/571
f 572/572 573/573 571/571
f 553/553 575/575 576/576
f 562/562 575/575 553/553
f 576/576 567/567 553/553
f 577/577 576/576 575/575
f 575/575 562/562 578/578
f 578/578 579/579 575/575
f 575/575 579/579 577/577
f 567/567 576/576 572/572
f 577/577 572/572 576/576
f 562/562 563/563 578/578
f 580/580 529/529 526/526
f 557/557 529/529 580/580
f 580/580 526/526 581/581
f 582/582 559/559 583/583
f 583/583 584/584 585/585
f 585/585 582/582 583/583
f 542/542 581/581 526/526
f 559/559 582/582 554/554
f 586/586 585/585 584/584
f 581/581 542/542 587/587
f 588/588 589/589 590/590
f 582/582 585/585 591/591
f 592/592 554/554 582/582
f 591/591 592/592 582/582
f 585/585 586/586 593/593
f 585/585 593/593 591/591
f 544/544 587/587 542/542
f 592/592 561/561 554/554
f 561/561 592/592 594/594
f 561/561 594/594 564/564
f 595/595 594/594 592/592
f 592/592 591/591 595/595
f 594/594 595/595 596/596
f 597/597 564/564 594/594
f 596/596 597/597 594/594
f 598/598 474/474 478/478
f 478/478 535/535 598/598
f 474/474 598/598 599/599
f 474/474 599/599 533/533
f 600/600 598/598 535/535
f 536/536 600/600 535/535
f 601/601 536/536 537/537
f 598/598 600/600 602/602
f 602/602 599/599 598/598
f 600/600 536/536 603/603
f 604/604 602/602 600/600
f 600/600 603/603 604/604
f 605/605 603/603 536/536
f 536/536 601/601 605/605
f 599/599 602/602 606/606
f 599/599 606/606 607/607
f 608/608 533/533 599/599
f 607/607 608/608 599/599
f 609/609 606/606 602/602
f 602/602 604/604 610/610
f 610/610 609/609 602/602
f 609/609 611/611 606/606
f 606/606 611/611 612/612
f 612/612 607/607 606/606
f 613/613 604/604 603/603
f 614/614 613/613 603/603
f 603/603 605/605 614/614
f 604/604 613/613 615/615
f 604/604 615/615 610/610
f 616/616 615/615 613/613
f 613/613 614/614 616/616
f 617/617 610/610 615/615
f 618/618 617/617 615/615
f 615/615 616/616 618/618
f 611/611 609/609 619/619
f 620/620 612/612 611/611
f 619/619 621/621 611/611
f 611/611 621/621 620/620
f 609/609 610/610 622/622
f 622/622 619/619 609/609
f 610/610 617/617 622/622
f 617/617 618/618 623/623
f 617/617 623/623 624/624
f 617/617 624/624 622/622
f 573/573 625/625 574/574
f 625/625 573/573 626/626
f 605/605 627/627 614/614
f 628/628 626/626 573/573
f 573/573 572/572 628/628
f 626/626 628/628 629/629
f 627/627 630/630 631/631
f 631/631 614/614 627/627
f 632/632 628/628 572/572
f 572/572 577/577 632/632
f 633/633 629/629 628/628
f 632/632 633/633 628/628
f 630/630 634/634 635/635
f 636/636 631/631 630/630
f 635/635 636/636 630/630
f 637/637 638/638 633/633
f 633/633 632/632 637/637
f 631/631 616/616 614/614
f 616/616 631/631 639/639
f 616/616 639/639 618/618
f 636/636 639/639 631/631
f 640/640 618/618 639/639
f 641/641 640/640 639/639
f 636/636 641/641 639/639
f 640/640 623/623 618/618
f 623/623 640/640 642/642
f 643/643 624/624 623/623
f 642/642 643/643 623/623
f 640/640 641/641 644/644
f 640/640 644/644 645/645
f 645/645 642/642 640/640
f 646/646 644/644 641/641
f 641/641 636/636 646/646
f 647/647 645/645 644/644
f 648/648 649/649 650/650
f 636/636 635/635 646/646
f 651/651 652/652 653/653
f 654/654 648/648 655/655
f 656/656 654/654 655/655
f 657/657 658/658 543/543
f 543/543 658/658 544/544
f 547/547 657/657 543/543
f 658/658 657/657 659/659
f 659/659 660/660 658/658
f 658/658 660/660 661/661
f 661/661 544/544 658/658
f 657/657 547/547 546/546
f 657/657 662/662 659/659
f 546/546 662/662 657/657
f 663/663 533/533 608/608
f 664/664 665/665 663/663
f 663/663 608/608 664/664
f 665/665 664/664 666/666
f 666/666 667/667 665/665
f 668/668 659/659 662/662
f 662/662 669/669 668/668
f 546/546 669/669 662/662
f 670/670 671/671 660/660
f 660/660 671/671 661/661
f 660/660 659/659 670/670
f 671/671 670/670 672/672
f 673/673 661/661 671/671
f 672/672 673/673 671/671
f 659/659 668/668 670/670
f 674/674 675/675 676/676
f 677/677 678/678 667/667
f 677/677 667/667 679/679
f 676/676 680/680 674/674
f 681/681 670/670 668/668
f 674/674 682/682 675/675
f 670/670 681/681 683/683
f 670/670 683/683 684/684
f 684/684 672/672 670/670
f 674/674 685/685 682/682
f 685/685 674/674 686/686
f 685/685 686/686 687/687
f 688/688 689/689 589/589
f 589/589 588/588 690/690
f 690/690 688/688 589/589
f 593/593 691/691 692/692
f 593/593 692/692 693/693
f 693/693 591/591 593/593
f 588/588 694/694 690/690
f 695/695 696/696 697/697
f 688/688 690/690 698/698
f 697/697 673/673 695/695
f 699/699 693/693 692/692
f 696/696 695/695 700/700
f 692/692 701/701 699/699
f 672/672 695/695 673/673
f 693/693 595/595 591/591
f 595/595 693/693 702/702
f 595/595 702/702 596/596
f 699/699 702/702 693/693
f 702/702 699/699 703/703
f 704/704 348/348 341/341
f 705/705 596/596 702/702
f 341/341 343/343 704/704
f 706/706 700/700 695/695
f 695/695 672/672 706/706
f 701/701 707/707 708/708
f 706/706 709/709 700/700
f 708/708 699/699 701/701
f 707/707 710/710 711/711
f 712/712 713/713 709/709
f 711/711 708/708 707/707
f 709/709 706/706 712/712
f 714/714 711/711 710/710
f 713/713 712/712 715/715
f 713/713 715/715 716/716
f 717/717 718/718 719/719
f 699/699 708/708 703/703
f 708/708 711/711 720/720
f 720/720 703/703 708/708
f 721/721 720/720 711/711
f 722/722 718/718 723/723
f 724/724 725/725 726/726
f 727/727 706/706 672/672
f 672/672 684/684 728/728
f 672/672 728/728 727/727
f 729/729 712/712 706/706
f 706/706 727/727 729/729
f 730/730 715/715 712/712
f 712/712 729/729 730/730
f 715/715 730/730 716/716
f 607/607 664/664 608/608
f 731/731 666/666 664/664
f 664/664 607/607 731/731
f 667/667 666/666 732/732
f 667/667 732/732 679/679
f 733/733 732/732 666/666
f 666/666 731/731 733/733
f 732/732 733/733 734/734
f 732/732 734/734 735/735
f 735/735 679/679 732/732
f 612/612 731/731 607/607
f 731/731 612/612 736/736
f 731/731 736/736 733/733
f 737/737 736/736 612/612
f 612/612 620/620 737/737
f 738/738 733/733 736/736
f 739/739 738/738 736/736
f 736/736 737/737 739/739
f 740/740 734/734 733/733
f 738/738 740/740 733/733
f 734/734 740/740 735/735
f 738/738 741/741 740/740
f 740/740 741/741 742/742
f 742/742 735/735 740/740
f 741/741 738/738 739/739
f 743/743 742/742 741/741
f 741/741 739/739 744/744
f 741/741 744/744 743/743
f 745/745 674/674 680/680
f 679/679 735/735 746/746
f 674/674 747/747 686/686
f 745/745 747/747 674/674
f 748/748 686/686 747/747
f 747/747 745/745 749/749
f 747/747 749/749 748/748
f 686/686 748/748 750/750
f 750/750 687/687 686/686
f 751/751 746/746 735/735
f 735/735 742/742 751/751
f 746/746 751/751 752/752
f 743/743 751/751 742/742
f 753/753 752/752 751/751
f 751/751 743/743 753/753
f 754/754 755/755 752/752
f 752/752 753/753 756/756
f 752/752 756/756 754/754
f 757/757 750/750 748/748
f 755/755 754/754 758/758
f 621/621 619/619 759/759
f 621/621 759/759 760/760
f 760/760 620/620 621/621
f 761/761 759/759 619/619
f 619/619 622/622 761/761
f 762/762 760/760 759/759
f 763/763 762/762 759/759
f 759/759 761/761 763/763
f 620/620 760/760 764/764
f 764/764 737/737 620/620
f 762/762 764/764 760/760
f 737/737 764/764 765/765
f 765/765 739/739 737/737
f 764/764 762/762 763/763
f 763/763 765/765 764/764
f 624/624 766/766 761/761
f 643/643 766/766 624/624
f 761/761 622/622 624/624
f 763/763 761/761 766/766
f 744/744 765/765 766/766
f 766/766 765/765 763/763
f 743/743 744/744 766/766
f 643/643 743/743 766/766
f 739/739 765/765 744/744
f 643/643 753/753 743/743
f 753/753 643/643 642/642
f 753/753 642/642 756/756
f 767/767 768/768 687/687
f 687/687 750/750 767/767
f 768/768 767/767 769/769
f 768/768 769/769 770/770
f 757/757 767/767 750/750
f 771/771 769/769 767/767
f 767/767 757/757 771/771
f 772/772 770/770 769/769
f 773/773 772/772 769/769
f 774/774 773/773 769/769
f 775/775 776/776 777/777
f 778/778 779/779 772/772
f 772/772 773/773 778/778
f 780/780 781/781 782/782
f 783/783 716/716 730/730
f 642/642 645/645 756/756
f 645/645 647/647 758/758
f 754/754 756/756 645/645
f 758/758 754/754 645/645
f 776/776 784/784 649/649
f 785/785 776/776 649/649
f 648/648 785/785 649/649
f 786/786 787/787 788/788
f 788/788 777/777 789/789
f 788/788 789/789 786/786
f 787/787 786/786 790/790
f 791/791 792/792 793/793
f 785/785 777/777 776/776
f 794/794 789/789 777/777
f 777/777 785/785 794/794
f 795/795 786/786 789/789
f 789/789 794/794 796/796
f 789/789 796/796 795/795
f 786/786 795/795 797/797
f 798/798 791/791 799/799
f 800/800 578/578 563/563
f 563/563 564/564 801/801
f 801/801 800/800 563/563
f 579/579 578/578 802/802
f 579/579 802/802 803/803
f 579/579 803/803 804/804
f 804/804 577/577 579/579
f 800/800 802/802 578/578
f 805/805 803/803 802/802
f 806/806 807/807 808/808
f 808/808 809/809 806/806
f 810/810 807/807 811/811
f 812/812 804/804 803/803
f 807/807 806/806 813/813
f 807/807 813/813 814/814
f 814/814 811/811 807/807
f 564/564 597/597 801/801
f 809/809 815/815 816/816
f 809/809 816/816 806/806
f 817/817 818/818 819/819
f 820/820 817/817 819/819
f 819/819 821/821 820/820
f 822/822 816/816 815/815
f 224/224 212/212 823/823
f 224/224 823/823 824/824
f 824/824 825/825 224/224
f 212/212 215/215 823/823
f 822/822 826/826 816/816
f 816/816 826/826 827/827
f 827/827 806/806 816/816
f 215/215 828/828 823/823
f 829/829 828/828 215/215
f 215/215 214/214 829/829
f 830/830 823/823 828/828
f 831/831 830/830 828/828
f 828/828 832/832 831/831
f 829/829 832/832 828/828
f 823/823 830/830 824/824
f 826/826 822/822 833/833
f 826/826 833/833 834/834
f 834/834 835/835 826/826
f 826/826 835/835 827/827
f 836/836 824/824 830/830
f 831/831 837/837 830/830
f 830/830 837/837 836/836
f 825/825 824/824 838/838
f 839/839 289/289 227/227
f 840/840 833/833 841/841
f 841/841 833/833 842/842
f 843/843 844/844 845/845
f 846/846 820/820 378/378
f 845/845 847/847 848/848
f 845/845 848/848 843/843
f 842/842 833/833 822/822
f 836/836 838/838 824/824
f 840/840 834/834 833/833
f 849/849 850/850 851/851
f 849/849 851/851 852/852
f 853/853 827/827 835/835
f 835/835 854/854 853/853
f 850/850 844/844 851/851
f 855/855 851/851 844/844
f 856/856 855/855 844/844
f 844/844 843/843 856/856
f 855/855 857/857 851/851
f 806/806 827/827 813/813
f 827/827 853/853 813/813
f 858/858 859/859 853/853
f 860/860 861/861 832/832
f 853/853 854/854 858/858
f 832/832 829/829 860/860
f 813/813 853/853 859/859
f 814/814 813/813 859/859
f 861/861 860/860 862/862
f 861/861 862/862 863/863
f 864/864 814/814 859/859
f 865/865 829/829 214/214
f 229/229 865/865 214/214
f 829/829 865/865 860/860
f 865/865 866/866 867/867
f 229/229 866/866 865/865
f 867/867 860/860 865/865
f 868/868 867/867 866/866
f 866/866 229/229 232/232
f 866/866 232/232 869/869
f 866/866 869/869 868/868
f 860/860 867/867 862/862
f 870/870 862/862 867/867
f 868/868 870/870 867/867
f 871/871 872/872 873/873
f 872/872 874/874 875/875
f 876/876 873/873 872/872
f 875/875 876/876 872/872
f 247/247 877/877 878/878
f 877/877 247/247 879/879
f 877/877 879/879 880/880
f 880/880 881/881 877/877
f 406/406 882/882 397/397
f 883/883 882/882 406/406
f 407/407 884/884 406/406
f 406/406 884/884 883/883
f 247/247 246/246 885/885
f 885/885 246/246 886/886
f 885/885 882/882 247/247
f 397/397 882/882 885/885
f 887/887 401/401 888/888
f 885/885 402/402 397/397
f 243/243 393/393 887/887
f 879/879 247/247 882/882
f 883/883 879/879 882/882
f 883/883 889/889 879/879
f 879/879 889/889 880/880
f 890/890 891/891 881/881
f 881/881 880/880 890/890
f 577/577 804/804 892/892
f 892/892 632/632 577/577
f 893/893 892/892 804/804
f 894/894 895/895 896/896
f 632/632 892/892 637/637
f 897/897 896/896 898/898
f 898/898 899/899 897/897
f 895/895 900/900 901/901
f 901/901 896/896 895/895
f 873/873 901/901 900/900
f 896/896 901/901 902/902
f 902/902 898/898 896/896
f 903/903 902/902 901/901
f 901/901 873/873 904/904
f 901/901 904/904 903/903
f 899/899 898/898 905/905
f 905/905 906/906 899/899
f 898/898 902/902 907/907
f 907/907 905/905 898/898
f 902/902 903/903 908/908
f 902/902 908/908 907/907
f 876/876 904/904 873/873
f 904/904 876/876 909/909
f 904/904 909/909 910/910
f 910/910 903/903 904/904
f 876/876 875/875 909/909
f 911/911 912/912 891/891
f 891/891 890/890 911/911
f 913/913 910/910 909/909
f 912/912 911/911 914/914
f 915/915 908/908 903/903
f 903/903 910/910 915/915
f 908/908 915/915 916/916
f 917/917 907/907 908/908
f 916/916 917/917 908/908
f 918/918 915/915 910/910
f 913/913 918/918 910/910
f 915/915 918/918 919/919
f 919/919 916/916 915/915
f 821/821 343/343 342/342
f 821/821 342/342 325/325
f 325/325 820/820 821/821
f 288/288 289/289 920/920
f 288/288 920/920 310/310
f 329/329 378/378 820/820
f 820/820 325/325 329/329
f 839/839 920/920 289/289
f 920/920 839/839 921/921
f 921/921 310/310 920/920
f 380/380 848/848 847/847
f 839/839 922/922 923/923
f 923/923 921/921 839/839
f 857/857 855/855 924/924
f 857/857 924/924 925/925
f 856/856 924/924 855/855
f 926/926 927/927 923/923
f 928/928 929/929 924/924
f 924/924 856/856 928/928
f 310/310 921/921 318/318
f 321/321 318/318 921/921
f 927/927 321/321 921/921
f 923/923 927/927 921/921
f 321/321 927/927 331/331
f 381/381 331/331 927/927
f 930/930 381/381 927/927
f 931/931 843/843 848/848
f 848/848 380/380 932/932
f 848/848 932/932 931/931
f 843/843 931/931 933/933
f 933/933 856/856 843/843
f 377/377 932/932 380/380
f 932/932 377/377 401/401
f 887/887 931/931 932/932
f 932/932 401/401 887/887
f 386/386 401/401 377/377
f 393/393 933/933 931/931
f 887/887 393/393 931/931
f 856/856 390/390 928/928
f 933/933 390/390 856/856
f 928/928 390/390 934/934
f 383/383 390/390 392/392
f 390/390 933/933 392/392
f 933/933 393/393 392/392
f 935/935 914/914 936/936
f 935/935 936/936 937/937
f 935/935 937/937 938/938
f 939/939 940/940 941/941
f 942/942 943/943 944/944
f 945/945 939/939 941/941
f 942/942 944/944 946/946
f 947/947 945/945 941/941
f 948/948 947/947 941/941
f 949/949 950/950 951/951
f 952/952 950/950 949/949
f 949/949 951/951 953/953
f 954/954 955/955 956/956
f 956/956 955/955 957/957
f 958/958 954/954 956/956
f 959/959 951/951 950/950
f 960/960 959/959 950/950
f 950/950 952/952 960/960
f 951/951 959/959 961/961
f 962/962 953/953 951/951
f 951/951 961/961 962/962
f 959/959 960/960 963/963
f 963/963 961/961 959/959
f 964/964 943/943 965/965
f 966/966 943/943 964/964
f 967/967 939/939 968/968
f 969/969 970/970 964/964
f 964/964 970/970 966/966
f 968/968 971/971 967/967
f 943/943 966/966 972/972
f 943/943 972/972 944/944
f 939/939 945/945 973/973
f 939/939 973/973 968/968
f 974/974 975/975 970/970
f 970/970 975/975 955/955
f 970/970 969/969 974/974
f 954/954 966/966 970/970
f 970/970 955/955 954/954
f 975/975 974/974 976/976
f 957/957 955/955 975/975
f 976/976 957/957 975/975
f 977/977 974/974 969/969
f 978/978 977/977 969/969
f 969/969 979/979 978/978
f 974/974 977/977 976/976
f 980/980 981/981 982/982
f 983/983 980/980 982/982
f 977/977 978/978 984/984
f 985/985 972/972 966/966
f 966/966 954/954 985/985
f 986/986 987/987 988/988
f 989/989 986/986 988/988
f 988/988 990/990 989/989
f 987/987 986/986 991/991
f 991/991 992/992 987/987
f 986/986 989/989 993/993
f 986/986 993/993 994/994
f 994/994 991/991 986/986
f 958/958 985/985 954/954
f 952/952 995/995 960/960
f 981/981 995/995 952/952
f 963/963 960/960 995/995
f 996/996 963/963 995/995
f 980/980 996/996 995/995
f 995/995 981/981 980/980
f 990/990 953/953 962/962
f 962/962 989/989 990/990
f 989/989 962/962 993/993
f 961/961 963/963 997/997
f 997/997 962/962 961/961
f 963/963 996/996 997/997
f 998/998 997/997 996/996
f 996/996 980/980 999/999
f 996/996 999/999 998/998
f 962/962 997/997 993/993
f 998/998 993/993 997/997
f 983/983 999/999 980/980
f 1000/1000 998/998 999/999
f 999/999 983/983 1001/1001
f 1001/1001 1000/1000 999/999
f 993/993 998/998 994/994
f 1000/1000 994/994 998/998
f 1002/1002 1003/1003 1004/1004
f 1005/1005 1003/1003 1002/1002
f 1002/1002 1006/1006 1007/1007
f 1004/1004 1006/1006 1002/1002
f 1002/1002 1007/1007 1008/1008
f 1002/1002 1008/1008 1005/1005
f 1009/1009 1010/1010 1011/1011
f 1012/1012 1010/1010 1009/1009
f 1011/1011 1013/1013 1009/1009
f 1003/1003 1005/1005 1014/1014
f 1015/1015 1011/1011 1010/1010
f 1016/1016 1015/1015 1010/1010
f 1010/1010 1012/1012 1017/1017
f 1010/1010 1017/1017 1016/1016
f 1018/1018 1019/1019 1020/1020
f 1020/1020 1019/1019 1021/1021
f 1020/1020 884/884 1018/1018
f 1022/1022 884/884 1020/1020
f 1023/1023 1022/1022 1020/1020
f 1020/1020 1024/1024 1023/1023
f 1021/1021 1024/1024 1020/1020
f 1018/1018 1025/1025 1019/1019
f 1026/1026 1027/1027 1028/1028
f 1029/1029 1030/1030 1019/1019
f 1019/1019 1030/1030 1021/1021
f 1031/1031 1032/1032 1027/1027
f 1027/1027 1032/1032 1028/1028
f 1032/1032 1031/1031 1033/1033
f 1007/1007 1028/1028 1032/1032
f 1008/1008 1007/1007 1032/1032
f 1032/1032 1034/1034 1008/1008
f 1033/1033 1034/1034 1032/1032
f 1033/1033 1031/1031 1035/1035
f 408/408 1033/1033 1035/1035
f 884/884 1022/1022 883/883
f 1028/1028 1036/1036 1037/1037
f 1030/1030 1038/1038 1039/1039
f 1039/1039 1021/1021 1030/1030
f 1040/1040 1041/1041 1042/1042
f 1038/1038 1043/1043 1044/1044
f 1045/1045 1040/1040 1042/1042
f 1028/1028 1006/1006 1036/1036
f 1044/1044 1039/1039 1038/1038
f 1041/1041 1040/1040 1046/1046
f 1043/1043 1047/1047 1048/1048
f 1043/1043 1049/1049 1044/1044
f 1048/1048 1049/1049 1043/1043
f 1040/1040 1045/1045 1013/1013
f 1040/1040 1013/1013 1050/1050
f 1050/1050 1046/1046 1040/1040
f 1006/1006 1028/1028 1007/1007
f 1011/1011 1050/1050 1013/1013
f 1051/1051 1052/1052 1053/1053
f 1054/1054 1052/1052 1051/1051
f 1051/1051 1053/1053 1055/1055
f 1051/1051 1056/1056 1054/1054
f 1055/1055 1056/1056 1051/1051
f 1057/1057 1015/1015 1058/1058
f 1058/1058 1015/1015 1016/1016
f 1059/1059 1057/1057 1058/1058
f 1058/1058 1016/1016 1060/1060
f 1058/1058 1060/1060 1059/1059
f 1061/1061 1053/1053 1052/1052
f 1062/1062 1063/1063 1064/1064
f 1065/1065 1063/1063 1062/1062
f 1052/1052 1054/1054 1066/1066
f 1050/1050 1067/1067 1046/1046
f 1047/1047 1068/1068 1069/1069
f 1069/1069 1048/1048 1047/1047
f 1067/1067 1050/1050 1070/1070
f 1067/1067 1070/1070 1071/1071
f 1067/1067 1071/1071 1072/1072
f 1073/1073 1069/1069 1068/1068
f 1011/1011 1070/1070 1050/1050
f 1070/1070 1074/1074 1071/1071
f 1075/1075 1074/1074 1070/1070
f 1070/1070 1011/1011 1015/1015
f 1070/1070 1015/1015 1075/1075
f 1076/1076 1071/1071 1074/1074
f 1074/1074 1075/1075 1077/1077
f 1074/1074 1077/1077 1076/1076
f 1076/1076 1078/1078 1071/1071
f 1071/1071 1078/1078 1079/1079
f 1079/1079 1072/1072 1071/1071
f 1015/1015 1057/1057 1075/1075
f 1077/1077 1075/1075 1057/1057
f 1080/1080 1077/1077 1057/1057
f 1081/1081 1080/1080 1057/1057
f 1057/1057 1059/1059 1081/1081
f 1077/1077 1080/1080 1082/1082
f 1077/1077 1082/1082 1083/1083
f 1083/1083 1076/1076 1077/1077
f 1084/1084 1064/1064 1063/1063
f 1063/1063 1085/1085 1084/1084
f 1065/1065 1085/1085 1063/1063
f 1086/1086 1084/1084 1085/1085
f 1085/1085 1065/1065 1087/1087
f 1085/1085 1087/1087 1088/1088
f 1085/1085 1088/1088 1086/1086
f 1089/1089 1082/1082 1080/1080
f 1081/1081 1089/1089 1080/1080
f 1083/1083 1090/1090 1078/1078
f 1078/1078 1090/1090 1091/1091
f 1078/1078 1076/1076 1083/1083
f 1091/1091 1079/1079 1078/1078
f 1090/1090 1083/1083 1092/1092
f 1090/1090 1092/1092 1093/1093
f 1093/1093 1091/1091 1090/1090
f 1082/1082 1094/1094 1083/1083
f 1095/1095 1094/1094 1082/1082
f 1082/1082 1089/1089 1096/1096
f 1082/1082 1096/1096 1095/1095
f 1092/1092 1083/1083 1094/1094
f 1097/1097 1092/1092 1094/1094
f 1094/1094 1095/1095 1098/1098
f 1098/1098 1097/1097 1094/1094
f 1092/1092 1097/1097 1099/1099
f 1099/1099 1093/1093 1092/1092
f 1100/1100 1101/1101 1102/1102
f 1102/1102 1101/1101 1103/1103
f 1102/1102 1104/1104 1105/1105
f 1106/1106 1104/1104 1102/1102
f 1102/1102 1105/1105 1100/1100
f 1103/1103 1106/1106 1102/1102
f 1100/1100 1107/1107 1101/1101
f 1101/1101 1107/1107 1108/1108
f 1101/1101 1109/1109 1103/1103
f 1108/1108 1109/1109 1101/1101
f 1110/1110 1111/1111 1112/1112
f 1112/1112 1111/1111 1113/1113
f 1114/1114 1110/1110 1112/1112
f 1115/1115 1114/1114 1112/1112
f 1112/1112 1113/1113 1115/1115
f 1116/1116 1104/1104 1117/1117
f 1117/1117 1104/1104 1118/1118
f 1117/1117 1111/1111 1116/1116
f 1113/1113 1111/1111 1117/1117
f 1117/1117 1118/1118 1113/1113
f 1104/1104 1116/1116 1105/1105
f 1104/1104 1106/1106 1118/1118
f 1119/1119 1116/1116 1111/1111
f 1110/1110 1119/1119 1111/1111
f 1120/1120 1105/1105 1116/1116
f 1116/1116 1119/1119 1120/1120
f 1105/1105 1120/1120 1121/1121
f 1105/1105 1121/1121 1100/1100
f 1122/1122 1120/1120 1119/1119
f 1119/1119 1110/1110 1123/1123
f 1124/1124 1125/1125 1126/1126
f 1127/1127 1125/1125 1124/1124
f 1122/1122 1121/1121 1120/1120
f 1126/1126 1128/1128 1129/1129
f 1129/1129 1128/1128 1130/1130
f 1131/1131 1100/1100 1121/1121
f 1132/1132 1131/1131 1121/1121
f 1110/1110 1114/1114 1133/1133
f 1134/1134 1127/1127 1135/1135
f 1136/1136 1134/1134 1137/1137
f 1114/1114 1115/1115 1138/1138
f 1114/1114 1138/1138 1139/1139
f 1128/1128 1126/1126 1140/1140
f 1140/1140 1130/1130 1128/1128
f 1141/1141 1126/1126 1125/1125
f 1125/1125 1127/1127 1141/1141
f 1126/1126 1141/1141 1142/1142
f 1126/1126 1142/1142 1140/1140
f 1127/1127 1134/1134 1143/1143
f 1143/1143 1141/1141 1127/1127
f 1134/1134 1136/1136 1144/1144
f 1134/1134 1144/1144 1143/1143
f 1107/1107 1100/1100 1145/1145
f 1107/1107 1145/1145 1146/1146
f 1107/1107 1146/1146 1147/1147
f 1147/1147 1108/1108 1107/1107
f 1100/1100 1131/1131 1145/1145
f 1131/1131 1148/1148 1145/1145
f 1149/1149 1148/1148 1131/1131
f 1132/1132 1149/1149 1131/1131
f 1150/1150 1145/1145 1148/1148
f 1148/1148 1149/1149 1151/1151
f 1148/1148 1151/1151 1150/1150
f 1150/1150 1146/1146 1145/1145
f 1146/1146 1150/1150 1152/1152
f 1153/1153 1154/1154 1155/1155
f 1156/1156 1147/1147 1146/1146
f 1157/1157 1156/1156 1146/1146
f 1158/1158 1159/1159 1160/1160
f 1160/1160 1159/1159 1161/1161
f 1162/1162 1158/1158 1160/1160
f 1160/1160 1163/1163 1162/1162
f 1161/1161 1163/1163 1160/1160
f 1159/1159 1130/1130 1161/1161
f 1162/1162 1164/1164 1158/1158
f 1158/1158 1164/1164 1165/1165
f 1164/1164 1162/1162 1166/1166
f 1167/1167 1165/1165 1164/1164
f 1164/1164 1166/1166 1167/1167
f 1168/1168 1161/1161 1130/1130
f 1130/1130 1140/1140 1169/1169
f 1169/1169 1168/1168 1130/1130
f 1170/1170 1162/1162 1163/1163
f 1163/1163 1161/1161 1170/1170
f 1162/1162 1170/1170 1171/1171
f 1162/1162 1172/1172 1166/1166
f 1171/1171 1172/1172 1162/1162
f 1168/1168 1170/1170 1161/1161
f 1170/1170 1168/1168 1171/1171
f 1167/1167 1166/1166 1172/1172
f 1173/1173 1167/1167 1172/1172
f 1172/1172 1171/1171 1173/1173
f 1165/1165 1167/1167 1154/1154
f 1173/1173 1154/1154 1167/1167
f 1174/1174 1155/1155 1154/1154
f 1154/1154 1173/1173 1174/1174
f 1034/1034 1175/1175 1176/1176
f 1033/1033 1175/1175 1034/1034
f 1034/1034 1176/1176 1177/1177
f 1177/1177 1008/1008 1034/1034
f 1178/1178 1179/1179 1180/1180
f 1181/1181 1179/1179 1178/1178
f 1177/1177 1176/1176 1178/1178
f 1178/1178 1176/1176 1182/1182
f 1183/1183 1177/1177 1178/1178
f 1180/1180 1183/1183 1178/1178
f 1182/1182 1181/1181 1178/1178
f 1179/1179 1184/1184 1180/1180
f 1185/1185 1184/1184 1179/1179
f 1186/1186 1185/1185 1179/1179
f 1179/1179 1181/1181 1186/1186
f 422/422 1176/1176 1175/1175
f 1175/1175 1033/1033 405/405
f 1175/1175 405/405 422/422
f 422/422 1182/1182 1176/1176
f 1187/1187 1188/1188 1189/1189
f 1189/1189 1188/1188 1190/1190
f 1191/1191 1187/1187 1189/1189
f 1189/1189 1190/1190 1192/1192
f 1189/1189 1192/1192 1109/1109
f 1189/1189 1109/1109 1191/1191
f 1177/1177 1005/1005 1008/1008
f 1005/1005 1177/1177 1193/1193
f 1005/1005 1193/1193 1014/1014
f 1183/1183 1193/1193 1177/1177
f 1188/1188 1014/1014 1193/1193
f 1190/1190 1188/1188 1193/1193
f 1193/1193 1183/1183 1190/1190
f 1188/1188 1194/1194 1014/1014
f 1194/1194 1188/1188 1187/1187
f 1017/1017 1195/1195 1196/1196
f 1196/1196 1016/1016 1017/1017
f 1195/1195 1197/1197 1198/1198
f 1199/1199 1196/1196 1195/1195
f 1195/1195 1198/1198 1199/1199
f 1180/1180 1190/1190 1183/1183
f 1180/1180 1192/1192 1190/1190
f 1192/1192 1180/1180 1200/1200
f 1103/1103 1109/1109 1192/1192
f 1200/1200 1103/1103 1192/1192
f 1184/1184 1201/1201 1202/1202
f 1185/1185 1201/1201 1184/1184
f 1184/1184 1202/1202 1200/1200
f 1200/1200 1180/1180 1184/1184
f 1203/1203 1202/1202 1201/1201
f 1201/1201 1185/1185 1204/1204
f 1201/1201 1204/1204 1205/1205
f 1201/1201 1205/1205 1203/1203
f 1202/1202 1106/1106 1200/1200
f 1118/1118 1106/1106 1202/1202
f 1203/1203 1118/1118 1202/1202
f 1206/1206 1191/1191 1109/1109
f 1108/1108 1206/1206 1109/1109
f 1197/1197 1207/1207 1198/1198
f 1106/1106 1103/1103 1200/1200
f 1203/1203 1113/1113 1118/1118
f 1033/1033 408/408 405/405
f 1186/1186 1208/1208 1185/1185
f 1185/1185 1208/1208 1204/1204
f 1209/1209 1186/1186 1181/1181
f 1181/1181 1182/1182 1210/1210
f 1210/1210 1209/1209 1181/1181
f 1211/1211 1212/1212 1208/1208
f 1208/1208 1212/1212 1204/1204
f 1208/1208 1186/1186 1213/1213
f 1208/1208 1213/1213 1211/1211
f 1214/1214 1215/1215 1212/1212
f 1212/1212 1215/1215 1216/1216
f 1212/1212 1211/1211 1214/1214
f 1216/1216 1204/1204 1212/1212
f 1217/1217 1218/1218 1215/1215
f 1215/1215 1218/1218 1219/1219
f 1214/1214 1217/1217 1215/1215
f 1219/1219 1216/1216 1215/1215
f 1220/1220 1221/1221 1218/1218
f 1218/1218 1221/1221 1219/1219
f 1218/1218 1217/1217 1222/1222
f 1218/1218 1222/1222 1220/1220
f 1186/1186 1209/1209 1213/1213
f 1223/1223 1224/1224 1225/1225
f 1223/1223 1225/1225 1226/1226
f 1223/1223 1226/1226 1227/1227
f 1182/1182 422/422 425/425
f 1182/1182 425/425 1210/1210
f 433/433 1210/1210 425/425
f 1209/1209 1210/1210 1228/1228
f 1228/1228 1229/1229 1209/1209
f 1209/1209 1229/1229 1213/1213
f 433/433 1228/1228 1210/1210
f 1213/1213 1229/1229 1230/1230
f 1231/1231 1232/1232 1233/1233
f 1211/1211 1213/1213 1230/1230
f 1234/1234 1211/1211 1230/1230
f 1235/1235 1236/1236 1231/1231
f 1231/1231 1233/1233 1235/1235
f 1232/1232 1237/1237 1238/1238
f 1232/1232 1238/1238 1233/1233
f 1237/1237 435/435 1239/1239
f 1239/1239 1238/1238 1237/1237
f 1234/1234 1214/1214 1211/1211
f 1221/1221 1220/1220 1240/1240
f 1241/1241 1219/1219 1221/1221
f 1240/1240 1241/1241 1221/1221
f 1242/1242 1222/1222 1217/1217
f 1217/1217 1214/1214 1243/1243
f 1244/1244 1245/1245 1246/1246
f 1247/1247 1220/1220 1222/1222
f 1248/1248 1246/1246 1249/1249
f 1248/1248 1249/1249 1250/1250
f 1236/1236 1245/1245 1251/1251
f 1252/1252 1250/1250 1253/1253
f 1254/1254 1240/1240 1220/1220
f 1255/1255 1225/1225 1224/1224
f 1256/1256 1257/1257 1258/1258
f 1256/1256 1258/1258 1259/1259
f 1260/1260 1226/1226 1225/1225
f 1261/1261 1260/1260 1225/1225
f 1262/1262 1261/1261 1225/1225
f 1245/1245 1236/1236 1263/1263
f 1264/1264 1246/1246 1245/1245
f 1263/1263 1264/1264 1245/1245
f 1236/1236 1235/1235 1263/1263
f 1265/1265 1249/1249 1246/1246
f 1264/1264 1265/1265 1246/1246
f 1265/1265 1250/1250 1249/1249
f 1266/1266 1253/1253 1250/1250
f 1250/1250 1265/1265 1266/1266
f 1267/1267 1258/1258 1257/1257
f 1257/1257 1268/1268 1267/1267
f 1267/1267 1259/1259 1258/1258
f 434/434 1239/1239 435/435
f 1216/1216 1205/1205 1204/1204
f 1205/1205 1269/1269 1113/1113
f 1216/1216 1269/1269 1205/1205
f 1205/1205 1113/1113 1203/1203
f 1270/1270 1113/1113 1269/1269
f 1219/1219 1271/1271 1269/1269
f 1269/1269 1271/1271 1270/1270
f 1269/1269 1216/1216 1219/1219
f 1270/1270 1115/1115 1113/1113
f 1271/1271 1219/1219 1241/1241
f 1271/1271 1241/1241 1240/1240
f 1240/1240 1270/1270 1271/1271
f 1115/1115 1270/1270 1138/1138
f 1272/1272 1227/1227 1226/1226
f 1260/1260 1272/1272 1226/1226
f 1273/1273 1138/1138 1270/1270
f 1270/1270 1240/1240 1273/1273
f 1138/1138 1273/1273 1274/1274
f 1275/1275 1139/1139 1138/1138
f 1138/1138 1274/1274 1275/1275
f 1276/1276 1273/1273 1240/1240
f 1240/1240 1254/1254 1276/1276
f 1227/1227 1272/1272 1277/1277
f 1272/1272 1278/1278 1279/1279
f 1260/1260 1278/1278 1272/1272
f 1279/1279 1277/1277 1272/1272
f 1280/1280 1279/1279 1278/1278
f 1281/1281 1280/1280 1278/1278
f 1278/1278 1260/1260 1282/1282
f 1278/1278 1282/1282 1281/1281
f 1277/1277 1279/1279 1283/1283
f 1279/1279 1280/1280 1284/1284
f 1284/1284 1283/1283 1279/1279
f 1280/1280 1281/1281 1285/1285
f 1280/1280 1285/1285 1286/1286
f 1286/1286 1284/1284 1280/1280
f 1273/1273 1276/1276 1287/1287
f 1273/1273 1287/1287 1274/1274
f 1260/1260 1261/1261 1282/1282
f 1288/1288 1282/1282 1261/1261
f 1289/1289 1259/1259 1290/1290
f 1291/1291 1290/1290 1292/1292
f 1293/1293 1281/1281 1282/1282
f 1294/1294 1290/1290 1259/1259
f 1259/1259 1267/1267 1294/1294
f 1295/1295 1292/1292 1290/1290
f 1290/1290 1294/1294 1295/1295
f 1136/1136 1296/1296 1297/1297
f 1297/1297 1144/1144 1136/1136
f 1293/1293 1285/1285 1281/1281
f 1298/1298 1292/1292 1299/1299
f 1285/1285 1300/1300 1301/1301
f 1285/1285 1301/1301 1286/1286
f 1302/1302 1299/1299 1292/1292
f 1292/1292 1295/1295 1303/1303
f 1292/1292 1303/1303 1302/1302
f 1304/1304 1301/1301 1300/1300
f 1305/1305 1306/1306 1299/1299
f 1299/1299 1302/1302 1305/1305
f 1301/1301 1304/1304 1307/1307
f 1308/1308 1286/1286 1301/1301
f 1307/1307 1308/1308 1301/1301
f 1309/1309 1307/1307 1304/1304
f 1310/1310 1311/1311 1306/1306
f 1306/1306 1305/1305 1310/1310
f 1312/1312 1276/1276 1254/1254
f 1313/1313 1314/1314 1253/1253
f 1253/1253 1266/1266 1315/1315
f 1253/1253 1315/1315 1313/1313
f 1283/1283 1284/1284 1316/1316
f 1284/1284 1286/1286 1317/1317
f 1317/1317 1316/1316 1284/1284
f 1286/1286 1308/1308 1317/1317
f 1318/1318 1317/1317 1308/1308
f 1308/1308 1307/1307 1318/1318
f 1316/1316 1317/1317 1319/1319
f 1320/1320 1319/1319 1317/1317
f 1318/1318 1320/1320 1317/1317
f 1319/1319 1320/1320 1321/1321
f 1321/1321 1322/1322 1319/1319
f 1323/1323 1287/1287 1276/1276
f 1276/1276 1312/1312 1323/1323
f 1287/1287 1323/1323 1274/1274
f 1320/1320 1318/1318 1324/1324
f 1320/1320 1324/1324 1321/1321
f 1324/1324 1318/1318 1307/1307
f 1325/1325 1324/1324 1307/1307
f 1307/1307 1309/1309 1325/1325
f 1324/1324 1325/1325 1321/1321
f 1310/1310 1326/1326 1311/1311
f 1327/1327 1321/1321 1325/1325
f 1328/1328 1329/1329 1326/1326
f 1326/1326 1310/1310 1330/1330
f 1326/1326 1330/1330 1328/1328
f 1322/1322 1321/1321 1327/1327
f 1313/1313 1331/1331 1314/1314
f 1328/1328 1332/1332 1329/1329
f 1275/1275 1274/1274 1323/1323
f 1333/1333 1296/1296 1331/1331
f 1331/1331 1313/1313 1334/1334
f 1331/1331 1334/1334 1333/1333
f 1196/1196 1060/1060 1016/1016
f 1335/1335 1336/1336 1337/1337
f 1337/1337 1336/1336 1056/1056
f 1337/1337 1056/1056 1055/1055
f 1199/1199 1059/1059 1060/1060
f 1060/1060 1196/1196 1199/1199
f 1336/1336 1335/1335 1338/1338
f 1054/1054 1056/1056 1336/1336
f 1339/1339 1054/1054 1336/1336
f 1336/1336 1338/1338 1339/1339
f 1340/1340 1338/1338 1335/1335
f 1054/1054 1339/1339 1341/1341
f 1054/1054 1342/1342 1066/1066
f 1341/1341 1342/1342 1054/1054
f 1199/1199 1343/1343 1059/1059
f 1059/1059 1343/1343 1344/1344
f 1059/1059 1344/1344 1081/1081
f 1338/1338 1345/1345 1339/1339
f 1340/1340 1345/1345 1338/1338
f 1346/1346 1339/1339 1345/1345
f 1347/1347 1346/1346 1345/1345
f 1345/1345 1340/1340 1348/1348
f 1345/1345 1348/1348 1347/1347
f 1339/1339 1346/1346 1341/1341
f 1349/1349 1341/1341 1346/1346
f 1350/1350 1349/1349 1346/1346
f 1346/1346 1351/1351 1350/1350
f 1347/1347 1351/1351 1346/1346
f 1352/1352 1065/1065 1353/1353
f 1354/1354 1352/1352 1353/1353
f 1342/1342 1341/1341 1355/1355
f 1352/1352 1087/1087 1065/1065
f 1087/1087 1352/1352 1356/1356
f 1087/1087 1356/1356 1357/1357
f 1087/1087 1357/1357 1088/1088
f 1354/1354 1356/1356 1352/1352
f 1356/1356 1354/1354 1358/1358
f 1356/1356 1358/1358 1357/1357
f 1349/1349 1355/1355 1341/1341
f 1355/1355 1349/1349 1359/1359
f 1354/1354 1360/1360 1361/1361
f 1361/1361 1358/1358 1354/1354
f 1350/1350 1359/1359 1349/1349
f 1362/1362 1361/1361 1360/1360
f 1360/1360 1363/1363 1362/1362
f 1343/1343 1199/1199 1364/1364
f 1343/1343 1364/1364 1365/1365
f 1343/1343 1365/1365 1366/1366
f 1343/1343 1366/1366 1367/1367
f 1367/1367 1344/1344 1343/1343
f 1358/1358 1361/1361 1368/1368
f 1369/1369 1357/1357 1358/1358
f 1368/1368 1369/1369 1358/1358
f 1361/1361 1362/1362 1368/1368
f 1206/1206 1108/1108 1370/1370
f 1207/1207 1371/1371 1198/1198
f 1372/1372 1350/1350 1351/1351
f 1373/1373 1372/1372 1351/1351
f 1347/1347 1374/1374 1351/1351
f 1351/1351 1374/1374 1373/1373
f 1147/1147 1370/1370 1108/1108
f 1375/1375 1376/1376 1371/1371
f 1371/1371 1376/1376 1364/1364
f 1377/1377 1375/1375 1371/1371
f 1364/1364 1198/1198 1371/1371
f 1376/1376 1375/1375 1378/1378
f 1376/1376 1378/1378 1365/1365
f 1365/1365 1364/1364 1376/1376
f 1379/1379 1378/1378 1375/1375
f 1375/1375 1377/1377 1380/1380
f 1375/1375 1380/1380 1379/1379
f 1350/1350 1372/1372 1381/1381
f 1363/1363 1382/1382 1383/1383
f 1363/1363 1383/1383 1362/1362
f 1384/1384 1381/1381 1372/1372
f 1372/1372 1373/1373 1384/1384
f 1385/1385 1383/1383 1382/1382
f 1366/1366 1365/1365 1378/1378
f 1386/1386 1366/1366 1378/1378
f 1381/1381 1384/1384 1387/1387
f 1382/1382 1388/1388 1385/1385
f 1389/1389 1386/1386 1378/1378
f 1379/1379 1389/1389 1378/1378
f 1385/1385 1362/1362 1383/1383
f 1364/1364 1199/1199 1198/1198
f 1348/1348 1374/1374 1347/1347
f 1362/1362 1385/1385 1390/1390
f 1390/1390 1368/1368 1362/1362
f 1386/1386 1367/1367 1366/1366
f 1391/1391 1385/1385 1388/1388
f 1385/1385 1391/1391 1390/1390
f 1392/1392 1390/1390 1391/1391
f 1393/1393 1394/1394 1357/1357
f 1357/1357 1394/1394 1088/1088
f 1357/1357 1369/1369 1393/1393
f 1395/1395 1089/1089 1344/1344
f 1344/1344 1089/1089 1081/1081
f 1367/1367 1395/1395 1344/1344
f 1394/1394 1393/1393 1396/1396
f 1089/1089 1395/1395 1096/1096
f 1397/1397 1088/1088 1394/1394
f 1396/1396 1397/1397 1394/1394
f 1398/1398 1393/1393 1369/1369
f 1399/1399 1398/1398 1369/1369
f 1369/1369 1368/1368 1399/1399
f 1393/1393 1398/1398 1400/1400
f 1393/1393 1400/1400 1396/1396
f 1395/1395 1367/1367 1401/1401
f 1395/1395 1401/1401 1096/1096
f 1386/1386 1401/1401 1367/1367
f 1402/1402 1400/1400 1398/1398
f 1398/1398 1399/1399 1402/1402
f 1403/1403 1399/1399 1368/1368
f 1390/1390 1403/1403 1368/1368
f 1399/1399 1403/1403 1404/1404
f 1404/1404 1402/1402 1399/1399
f 1403/1403 1390/1390 1392/1392
f 1392/1392 1404/1404 1403/1403
f 1401/1401 1386/1386 1405/1405
f 1405/1405 1406/1406 1401/1401
f 1401/1401 1406/1406 1096/1096
f 1386/1386 1389/1389 1405/1405
f 1407/1407 1405/1405 1389/1389
f 1389/1389 1379/1379 1408/1408
f 1389/1389 1408/1408 1407/1407
f 1406/1406 1405/1405 1409/1409
f 1410/1410 1096/1096 1406/1406
f 1409/1409 1410/1410 1406/1406
f 1405/1405 1407/1407 1411/1411
f 1411/1411 1409/1409 1405/1405
f 1397/1397 1086/1086 1088/1088
f 1410/1410 1095/1095 1096/1096
f 1095/1095 1410/1410 1412/1412
f 1412/1412 1098/1098 1095/1095
f 1410/1410 1409/1409 1413/1413
f 1413/1413 1412/1412 1410/1410
f 1156/1156 1414/1414 1147/1147
f 1415/1415 1379/1379 1380/1380
f 1416/1416 1415/1415 1380/1380
f 1380/1380 1417/1417 1416/1416
f 1379/1379 1415/1415 1408/1408
f 1415/1415 1416/1416 1418/1418
f 1418/1418 1408/1408 1415/1415
f 1419/1419 1416/1416 1417/1417
f 1420/1420 1155/1155 1421/1421
f 1416/1416 1419/1419 1422/1422
f 1422/1422 1418/1418 1416/1416
f 1423/1423 1421/1421 1155/1155
f 1155/1155 1174/1174 1423/1423
f 1424/1424 1425/1425 1426/1426
f 1426/1426 1427/1427 1424/1424
f 1333/1333 1297/1297 1296/1296
f 1428/1428 1407/1407 1408/1408
f 1408/1408 1418/1418 1428/1428
f 1407/1407 1428/1428 1429/1429
f 1429/1429 1411/1411 1407/1407
f 1418/1418 1422/1422 1430/1430
f 1430/1430 1428/1428 1418/1418
f 1431/1431 1432/1432 1425/1425
f 1425/1425 1424/1424 1431/1431
f 1428/1428 1430/1430 1433/1433
f 1433/1433 1429/1429 1428/1428
f 1434/1434 1435/1435 1432/1432
f 1432/1432 1431/1431 1434/1434
f 1098/1098 1436/1436 1097/1097
f 1097/1097 1436/1436 1099/1099
f 1436/1436 1098/1098 1437/1437
f 1438/1438 1439/1439 1440/1440
f 1438/1438 1440/1440 1441/1441
f 1441/1441 1442/1442 1438/1438
f 1443/1443 1413/1413 1409/1409
f 1409/1409 1411/1411 1443/1443
f 1098/1098 1412/1412 1437/1437
f 1444/1444 1437/1437 1412/1412
f 1412/1412 1413/1413 1444/1444
f 1445/1445 1440/1440 1439/1439
f 1439/1439 1446/1446 1445/1445
f 1440/1440 1445/1445 1447/1447
f 1448/1448 1441/1441 1440/1440
f 1449/1449 1448/1448 1440/1440
f 1447/1447 1449/1449 1440/1440
f 1450/1450 1444/1444 1413/1413
f 1413/1413 1443/1443 1450/1450
f 1451/1451 1445/1445 1446/1446
f 1446/1446 1452/1452 1451/1451
f 1445/1445 1451/1451 1447/1447
f 1411/1411 1429/1429 1453/1453
f 1411/1411 1453/1453 1443/1443
f 1433/1433 1453/1453 1429/1429
f 1453/1453 1433/1433 1454/1454
f 1453/1453 1454/1454 1455/1455
f 1455/1455 1443/1443 1453/1453
f 1456/1456 1457/1457 1435/1435
f 1435/1435 1434/1434 1458/1458
f 1435/1435 1458/1458 1456/1456
f 1459/1459 1455/1455 1454/1454
f 1460/1460 1461/1461 1457/1457
f 1457/1457 1456/1456 1460/1460
f 1455/1455 1450/1450 1443/1443
f 1452/1452 1462/1462 1463/1463
f 1463/1463 1451/1451 1452/1452
f 1462/1462 1464/1464 1463/1463
f 1465/1465 1463/1463 1464/1464
f 1466/1466 1467/1467 1468/1468
f 1468/1468 1469/1469 1466/1466
f 1451/1451 1463/1463 1470/1470
f 1471/1471 1447/1447 1451/1451
f 1470/1470 1471/1471 1451/1451
f 1463/1463 1465/1465 1472/1472
f 1472/1472 1470/1470 1463/1463
f 1473/1473 1474/1474 1467/1467
f 1467/1467 1466/1466 1473/1473
f 1475/1475 1476/1476 1477/1477
f 1044/1044 1476/1476 1475/1475
f 1477/1477 1478/1478 1475/1475
f 1475/1475 1478/1478 1479/1479
f 1479/1479 1039/1039 1475/1475
f 1475/1475 1039/1039 1044/1044
f 1476/1476 1049/1049 1480/1480
f 1044/1044 1049/1049 1476/1476
f 1480/1480 1477/1477 1476/1476
f 1481/1481 1480/1480 1049/1049
f 1048/1048 1481/1481 1049/1049
f 1482/1482 1483/1483 1478/1478
f 1478/1478 1483/1483 1023/1023
f 1478/1478 1477/1477 1482/1482
f 1023/1023 1024/1024 1478/1478
f 1478/1478 1024/1024 1479/1479
f 1483/1483 1482/1482 1484/1484
f 1483/1483 1484/1484 1485/1485
f 1486/1486 1023/1023 1483/1483
f 1485/1485 1486/1486 1483/1483
f 1477/1477 1480/1480 1487/1487
f 1487/1487 1482/1482 1477/1477
f 1481/1481 1487/1487 1480/1480
f 1487/1487 1484/1484 1482/1482
f 1484/1484 1487/1487 1488/1488
f 1484/1484 1488/1488 1489/1489
f 1484/1484 1490/1490 1485/1485
f 1489/1489 1490/1490 1484/1484
f 1491/1491 1488/1488 1487/1487
f 1487/1487 1481/1481 1491/1491
f 1492/1492 1489/1489 1488/1488
f 1488/1488 1491/1491 1493/1493
f 1488/1488 1493/1493 1494/1494
f 1494/1494 1492/1492 1488/1488
f 1495/1495 889/889 1022/1022
f 1022/1022 889/889 883/883
f 1022/1022 1023/1023 1495/1495
f 1024/1024 1021/1021 1479/1479
f 889/889 1495/1495 1496/1496
f 889/889 1496/1496 880/880
f 1486/1486 1495/1495 1023/1023
f 1486/1486 1496/1496 1495/1495
f 1021/1021 1039/1039 1479/1479
f 890/890 880/880 1496/1496
f 1496/1496 1486/1486 1497/1497
f 1497/1497 890/890 1496/1496
f 1490/1490 1497/1497 1486/1486
f 1485/1485 1490/1490 1486/1486
f 890/890 1497/1497 911/911
f 1497/1497 1490/1490 1498/1498
f 1498/1498 911/911 1497/1497
f 1490/1490 1489/1489 1499/1499
f 1490/1490 1499/1499 1498/1498
f 1492/1492 1499/1499 1489/1489
f 1500/1500 1491/1491 1481/1481
f 1481/1481 1048/1048 1500/1500
f 1491/1491 1500/1500 1501/1501
f 1491/1491 1501/1501 1502/1502
f 1502/1502 1493/1493 1491/1491
f 1048/1048 1069/1069 1500/1500
f 1069/1069 1073/1073 1503/1503
f 1503/1503 1500/1500 1069/1069
f 1504/1504 1503/1503 1073/1073
f 1505/1505 1504/1504 1073/1073
f 1500/1500 1503/1503 1501/1501
f 1503/1503 1504/1504 1506/1506
f 1506/1506 1501/1501 1503/1503
f 1504/1504 1505/1505 1507/1507
f 1504/1504 1507/1507 1508/1508
f 1508/1508 1506/1506 1504/1504
f 1079/1079 1091/1091 1509/1509
f 1091/1091 1093/1093 1510/1510
f 1510/1510 1509/1509 1091/1091
f 1511/1511 1512/1512 1513/1513
f 1513/1513 1514/1514 1511/1511
f 1442/1442 1514/1514 1513/1513
f 1515/1515 1512/1512 1516/1516
f 1516/1516 1517/1517 1515/1515
f 1518/1518 1516/1516 1512/1512
f 1512/1512 1511/1511 1518/1518
f 1519/1519 1520/1520 1521/1521
f 1521/1521 1522/1522 1519/1519
f 1523/1523 1521/1521 1520/1520
f 1520/1520 1524/1524 1523/1523
f 1525/1525 1522/1522 1526/1526
f 1526/1526 1527/1527 1525/1525
f 1522/1522 1521/1521 1528/1528
f 1528/1528 1526/1526 1522/1522
f 1521/1521 1523/1523 1529/1529
f 1529/1529 1528/1528 1521/1521
f 1517/1517 1516/1516 1530/1530
f 1531/1531 1523/1523 1524/1524
f 1532/1532 1530/1530 1516/1516
f 1516/1516 1518/1518 1532/1532
f 1523/1523 1531/1531 1533/1533
f 1533/1533 1529/1529 1523/1523
f 1534/1534 1533/1533 1531/1531
f 1531/1531 1535/1535 1534/1534
f 911/911 1498/1498 1536/1536
f 1536/1536 914/914 911/911
f 1536/1536 1498/1498 1499/1499
f 1499/1499 1492/1492 1537/1537
f 1537/1537 1536/1536 1499/1499
f 1538/1538 1539/1539 1540/1540
f 1527/1527 1539/1539 1538/1538
f 914/914 1536/1536 936/936
f 1536/1536 1537/1537 936/936
f 1541/1541 1540/1540 1539/1539
f 1539/1539 1527/1527 1542/1542
f 1539/1539 1542/1542 1543/1543
f 1539/1539 1543/1543 1541/1541
f 1541/1541 1544/1544 1540/1540
f 1527/1527 1526/1526 1542/1542
f 1526/1526 1528/1528 1545/1545
f 1545/1545 1542/1542 1526/1526
f 1546/1546 1545/1545 1528/1528
f 1528/1528 1529/1529 1546/1546
f 1542/1542 1545/1545 1547/1547
f 1542/1542 1547/1547 1543/1543
f 1545/1545 1546/1546 1548/1548
f 1548/1548 1547/1547 1545/1545
f 1529/1529 1533/1533 1549/1549
f 1549/1549 1546/1546 1529/1529
f 1550/1550 1549/1549 1533/1533
f 1533/1533 1534/1534 1550/1550
f 1546/1546 1549/1549 1551/1551
f 1552/1552 1548/1548 1546/1546
f 1551/1551 1552/1552 1546/1546
f 1549/1549 1550/1550 1553/1553
f 1549/1549 1553/1553 1551/1551
f 1547/1547 1548/1548 1554/1554
f 1555/1555 1543/1543 1547/1547
f 1554/1554 1555/1555 1547/1547
f 1548/1548 1552/1552 1556/1556
f 1556/1556 1554/1554 1548/1548
f 1557/1557 1556/1556 1552/1552
f 1551/1551 1557/1557 1552/1552
f 1558/1558 1559/1559 1544/1544
f 1544/1544 1541/1541 1558/1558
f 1559/1559 1558/1558 1560/1560
f 1561/1561 1562/1562 1559/1559
f 1560/1560 1561/1561 1559/1559
f 1558/1558 1541/1541 1543/1543
f 1555/1555 1558/1558 1543/1543
f 1558/1558 1555/1555 1563/1563
f 1563/1563 1560/1560 1558/1558
f 1555/1555 1554/1554 1564/1564
f 1555/1555 1564/1564 1563/1563
f 1554/1554 1556/1556 1565/1565
f 1565/1565 1564/1564 1554/1554
f 1556/1556 1557/1557 1565/1565
f 1566/1566 1565/1565 1557/1557
f 1567/1567 1566/1566 1557/1557
f 1557/1557 1551/1551 1567/1567
f 1564/1564 1565/1565 1568/1568
f 1564/1564 1568/1568 1569/1569
f 1569/1569 1563/1563 1564/1564
f 1565/1565 1566/1566 1568/1568
f 1570/1570 1568/1568 1566/1566
f 1571/1571 1570/1570 1566/1566
f 1566/1566 1567/1567 1572/1572
f 1566/1566 1572/1572 1571/1571
f 1573/1573 1574/1574 1575/1575
f 1576/1576 1577/1577 1573/1573
f 1578/1578 1576/1576 1573/1573
f 1575/1575 1578/1578 1573/1573
f 1574/1574 1579/1579 1575/1575
f 1580/1580 1581/1581 1582/1582
f 1582/1582 1581/1581 1583/1583
f 1584/1584 1580/1580 1582/1582
f 1585/1585 1584/1584 1582/1582
f 1583/1583 1586/1586 1582/1582
f 1582/1582 1586/1586 1585/1585
f 1581/1581 1580/1580 1587/1587
f 1588/1588 1583/1583 1581/1581
f 1589/1589 1588/1588 1581/1581
f 1581/1581 1587/1587 1589/1589
f 1584/1584 1590/1590 1580/1580
f 1580/1580 1590/1590 1591/1591
f 1591/1591 1587/1587 1580/1580
f 1584/1584 1592/1592 1590/1590
f 1590/1590 1592/1592 947/947
f 1590/1590 947/947 1593/1593
f 1590/1590 1593/1593 1591/1591
f 945/945 1592/1592 973/973
f 947/947 1592/1592 945/945
f 1592/1592 1584/1584 1594/1594
f 1594/1594 1595/1595 1592/1592
f 1592/1592 1595/1595 973/973
f 1584/1584 1585/1585 1594/1594
f 1595/1595 1594/1594 1596/1596
f 1595/1595 1596/1596 1597/1597
f 1598/1598 973/973 1595/1595
f 1597/1597 1598/1598 1595/1595
f 1599/1599 1511/1511 1514/1514
f 1514/1514 1442/1442 1441/1441
f 1514/1514 1441/1441 1599/1599
f 1511/1511 1599/1599 1600/1600
f 1600/1600 1518/1518 1511/1511
f 1586/1586 1601/1601 1602/1602
f 1603/1603 1601/1601 1586/1586
f 1586/1586 1602/1602 1585/1585
f 1583/1583 1603/1603 1586/1586
f 1604/1604 1599/1599 1441/1441
f 1448/1448 1604/1604 1441/1441
f 1604/1604 1601/1601 1599/1599
f 1599/1599 1601/1601 1603/1603
f 1603/1603 1600/1600 1599/1599
f 1601/1601 1604/1604 1605/1605
f 1601/1601 1605/1605 1602/1602
f 1606/1606 1605/1605 1604/1604
f 1604/1604 1448/1448 1449/1449
f 1604/1604 1449/1449 1606/1606
f 1607/1607 1602/1602 1605/1605
f 1605/1605 1606/1606 1607/1607
f 1608/1608 1585/1585 1602/1602
f 1609/1609 1608/1608 1602/1602
f 1607/1607 1609/1609 1602/1602
f 1518/1518 1600/1600 1610/1610
f 1518/1518 1610/1610 1532/1532
f 1600/1600 1603/1603 1611/1611
f 1611/1611 1610/1610 1600/1600
f 1583/1583 1611/1611 1603/1603
f 1610/1610 1611/1611 1612/1612
f 1613/1613 1532/1532 1610/1610
f 1612/1612 1613/1613 1610/1610
f 1611/1611 1583/1583 1588/1588
f 1611/1611 1588/1588 1589/1589
f 1611/1611 1589/1589 1612/1612
f 1614/1614 1534/1534 1535/1535
f 1534/1534 1614/1614 1615/1615
f 1615/1615 1550/1550 1534/1534
f 1613/1613 1612/1612 1616/1616
f 1617/1617 1615/1615 1614/1614
f 1618/1618 1589/1589 1587/1587
f 1587/1587 1591/1591 1618/1618
f 1618/1618 1612/1612 1589/1589
f 1612/1612 1618/1618 1616/1616
f 1608/1608 1594/1594 1585/1585
f 1594/1594 1608/1608 1596/1596
f 1619/1619 1596/1596 1608/1608
f 1608/1608 1609/1609 1619/1619
f 1619/1619 1620/1620 1596/1596
f 1596/1596 1620/1620 1597/1597
f 1621/1621 1619/1619 1609/1609
f 1609/1609 1607/1607 1622/1622
f 1622/1622 1621/1621 1609/1609
f 1620/1620 1619/1619 1623/1623
f 1620/1620 1623/1623 1624/1624
f 1620/1620 1624/1624 1625/1625
f 1625/1625 1597/1597 1620/1620
f 1621/1621 1623/1623 1619/1619
f 1626/1626 1627/1627 1628/1628
f 1629/1629 1626/1626 1628/1628
f 1630/1630 1625/1625 1624/1624
f 1627/1627 1626/1626 1631/1631
f 1598/1598 968/968 973/973
f 968/968 1598/1598 1632/1632
f 968/968 1632/1632 1633/1633
f 1598/1598 1597/1597 1634/1634
f 1598/1598 1634/1634 1632/1632
f 1597/1597 1625/1625 1634/1634
f 1630/1630 1634/1634 1625/1625
f 1635/1635 1632/1632 1634/1634
f 1630/1630 1635/1635 1634/1634
f 947/947 948/948 1593/1593
f 1636/1636 1593/1593 948/948
f 1637/1637 1638/1638 992/992
f 991/991 1637/1637 992/992
f 1593/1593 1636/1636 1639/1639
f 1639/1639 1591/1591 1593/1593
f 1638/1638 1637/1637 1640/1640
f 1641/1641 1639/1639 1636/1636
f 1636/1636 1642/1642 1641/1641
f 1643/1643 1640/1640 1637/1637
f 1637/1637 991/991 1644/1644
f 1637/1637 1644/1644 1643/1643
f 1639/1639 1618/1618 1591/1591
f 1550/1550 1615/1615 1645/1645
f 1550/1550 1645/1645 1553/1553
f 1646/1646 1616/1616 1618/1618
f 1647/1647 1646/1646 1618/1618
f 1618/1618 1639/1639 1647/1647
f 1615/1615 1617/1617 1648/1648
f 1615/1615 1648/1648 1645/1645
f 1616/1616 1646/1646 1649/1649
f 1617/1617 1650/1650 1648/1648
f 1646/1646 1647/1647 1651/1651
f 1646/1646 1651/1651 1649/1649
f 1639/1639 1641/1641 1652/1652
f 1639/1639 1652/1652 1647/1647
f 1653/1653 1641/1641 1642/1642
f 1654/1654 1653/1653 1642/1642
f 1640/1640 1643/1643 1655/1655
f 1653/1653 1652/1652 1641/1641
f 1626/1626 1647/1647 1652/1652
f 1652/1652 1653/1653 1626/1626
f 1647/1647 1626/1626 1651/1651
f 1631/1631 1626/1626 1653/1653
f 1653/1653 1654/1654 1631/1631
f 1626/1626 1629/1629 1651/1651
f 1656/1656 1657/1657 1658/1658
f 1658/1658 978/978 1656/1656
f 1659/1659 1660/1660 1661/1661
f 1662/1662 1659/1659 1661/1661
f 1663/1663 1662/1662 1661/1661
f 978/978 1658/1658 984/984
f 1001/1001 983/983 1660/1660
f 1660/1660 1659/1659 1001/1001
f 1659/1659 1664/1664 1000/1000
f 1662/1662 1664/1664 1659/1659
f 1659/1659 1000/1000 1001/1001
f 994/994 1644/1644 991/991
f 1644/1644 994/994 1664/1664
f 1664/1664 1643/1643 1644/1644
f 1000/1000 1664/1664 994/994
f 1643/1643 1664/1664 1662/1662
f 1662/1662 1655/1655 1643/1643
f 1655/1655 1662/1662 1663/1663
f 1665/1665 1606/1606 1449/1449
f 1447/1447 1665/1665 1449/1449
f 1606/1606 1665/1665 1666/1666
f 1606/1606 1666/1666 1667/1667
f 1667/1667 1607/1607 1606/1606
f 1665/1665 1447/1447 1668/1668
f 1665/1665 1668/1668 1666/1666
f 1669/1669 1668/1668 1447/1447
f 1447/1447 1471/1471 1669/1669
f 1669/1669 1666/1666 1668/1668
f 1666/1666 1670/1670 1671/1671
f 1669/1669 1670/1670 1666/1666
f 1671/1671 1667/1667 1666/1666
f 1672/1672 1671/1671 1670/1670
f 1673/1673 1672/1672 1670/1670
f 1670/1670 1669/1669 1673/1673
f 1667/1667 1622/1622 1607/1607
f 1629/1629 1674/1674 1675/1675
f 1675/1675 1651/1651 1629/1629
f 1674/1674 1676/1676 1675/1675
f 1677/1677 1675/1675 1676/1676
f 1678/1678 1679/1679 1680/1680
f 1681/1681 1651/1651 1675/1675
f 1649/1649 1651/1651 1681/1681
f 1681/1681 1675/1675 1677/1677
f 1682/1682 1679/1679 1683/1683
f 1682/1682 1683/1683 1650/1650
f 1684/1684 1683/1683 1679/1679
f 1679/1679 1678/1678 1684/1684
f 1683/1683 1684/1684 1685/1685
f 1648/1648 1650/1650 1683/1683
f 1685/1685 1648/1648 1683/1683
f 1678/1678 1686/1686 1684/1684
f 1687/1687 1684/1684 1686/1686
f 1688/1688 1687/1687 1686/1686
f 1672/1672 1673/1673 1689/1689
f 1686/1686 1690/1690 1688/1688
f 1684/1684 1687/1687 1685/1685
f 1687/1687 1688/1688 1691/1691
f 1692/1692 1685/1685 1687/1687
f 1691/1691 1692/1692 1687/1687
f 1471/1471 1470/1470 1693/1693
f 1693/1693 1669/1669 1471/1471
f 1694/1694 1693/1693 1470/1470
f 1470/1470 1472/1472 1694/1694
f 1669/1669 1693/1693 1673/1673
f 1695/1695 1673/1673 1693/1693
f 1693/1693 1694/1694 1695/1695
f 1673/1673 1695/1695 1689/1689
f 1696/1696 1697/1697 1474/1474
f 1474/1474 1473/1473 1696/1696
f 1696/1696 1698/1698 1697/1697
f 1699/1699 1689/1689 1695/1695
f 1700/1700 1701/1701 1698/1698
f 1698/1698 1696/1696 1702/1702
f 1698/1698 1702/1702 1700/1700
f 1703/1703 1688/1688 1690/1690
f 1690/1690 1704/1704 1703/1703
f 1688/1688 1703/1703 1691/1691
f 1700/1700 1705/1705 1701/1701
f 1706/1706 1691/1691 1703/1703
f 1707/1707 1708/1708 1705/1705
f 1705/1705 1700/1700 1709/1709
f 1705/1705 1709/1709 1707/1707
f 1685/1685 1645/1645 1648/1648
f 1710/1710 1553/1553 1645/1645
f 1685/1685 1710/1710 1645/1645
f 1553/1553 1710/1710 1711/1711
f 1567/1567 1551/1551 1553/1553
f 1711/1711 1567/1567 1553/1553
f 1710/1710 1685/1685 1692/1692
f 1710/1710 1692/1692 1712/1712
f 1713/1713 1711/1711 1710/1710
f 1710/1710 1712/1712 1713/1713
f 1691/1691 1712/1712 1692/1692
f 1567/1567 1711/1711 1572/1572
f 1711/1711 1713/1713 1572/1572
f 1691/1691 1714/1714 1712/1712
f 1712/1712 1714/1714 1715/1715
f 1715/1715 1713/1713 1712/1712
f 1714/1714 1691/1691 1706/1706
f 1716/1716 1708/1708 1707/1707
f 1717/1717 1718/1718 1719/1719
f 1707/1707 1720/1720 1716/1716
f 1715/1715 1572/1572 1713/1713
f 1572/1572 1715/1715 1571/1571
f 1721/1721 1579/1579 1718/1718
f 1718/1718 1717/1717 1722/1722
f 1718/1718 1722/1722 1721/1721
f 1721/1721 1575/1575 1579/1579
f 1723/1723 86/86 88/88
f 88/88 87/87 1724/1724
f 1724/1724 1723/1723 88/88
f 86/86 1723/1723 1725/1725
f 90/90 1726/1726 91/91
f 87/87 97/97 1724/1724
f 1727/1727 1724/1724 97/97
f 1728/1728 1729/1729 1730/1730
f 1731/1731 1732/1732 1733/1733
f 1731/1731 1733/1733 1734/1734
f 1735/1735 1725/1725 1723/1723
f 1736/1736 1737/1737 1738/1738
f 1723/1723 1724/1724 1739/1739
f 1740/1740 1736/1736 1738/1738
f 1741/1741 1742/1742 1743/1743
f 1744/1744 1745/1745 1746/1746
f 1746/1746 1747/1747 1744/1744
f 1737/1737 1736/1736 1748/1748
f 1749/1749 1750/1750 1751/1751
f 1752/1752 1745/1745 1753/1753
f 1724/1724 1727/1727 1739/1739
f 1729/1729 1754/1754 1755/1755
f 1728/1728 1754/1754 1729/1729
f 1756/1756 1757/1757 1758/1758
f 1759/1759 1756/1756 1758/1758
f 1760/1760 1759/1759 1758/1758
f 1761/1761 1762/1762 1763/1763
f 1736/1736 1764/1764 1748/1748
f 1765/1765 1764/1764 1736/1736
f 1736/1736 1740/1740 1765/1765
f 1766/1766 1748/1748 1764/1764
f 1764/1764 1765/1765 1767/1767
f 1767/1767 1766/1766 1764/1764
f 1748/1748 1766/1766 1768/1768
f 1748/1748 1768/1768 1769/1769
f 1770/1770 1771/1771 1772/1772
f 1773/1773 1774/1774 1775/1775
f 1776/1776 1775/1775 1774/1774
f 1777/1777 1776/1776 1774/1774
f 1778/1778 1779/1779 1780/1780
f 1781/1781 1768/1768 1766/1766
f 1766/1766 1767/1767 1782/1782
f 1783/1783 1781/1781 1766/1766
f 1782/1782 1783/1783 1766/1766
f 1768/1768 1781/1781 1769/1769
f 1775/1775 1776/1776 1784/1784
f 1776/1776 1785/1785 1784/1784
f 1786/1786 1785/1785 1776/1776
f 1787/1787 1788/1788 1789/1789
f 1789/1789 1788/1788 1790/1790
f 1781/1781 1783/1783 1791/1791
f 1792/1792 1793/1793 1794/1794
f 1794/1794 1793/1793 1795/1795
f 1796/1796 1797/1797 1798/1798
f 1783/1783 1782/1782 1799/1799
f 1799/1799 1791/1791 1783/1783
f 1800/1800 1784/1784 1785/1785
f 1785/1785 1801/1801 1800/1800
f 1786/1786 1801/1801 1785/1785
f 1802/1802 794/794 785/785
f 785/785 648/648 654/654
f 785/785 654/654 1802/1802
f 794/794 1802/1802 1803/1803
f 1803/1803 796/796 794/794
f 1804/1804 1802/1802 654/654
f 654/654 656/656 1804/1804
f 1805/1805 1803/1803 1802/1802
f 1802/1802 1804/1804 1805/1805
f 1806/1806 1807/1807 1808/1808
f 1808/1808 1807/1807 1809/1809
f 1810/1810 1811/1811 1812/1812
f 1812/1812 1813/1813 1810/1810
f 1814/1814 795/795 796/796
f 796/796 1803/1803 1814/1814
f 795/795 1814/1814 1815/1815
f 1816/1816 798/798 1817/1817
f 1818/1818 1814/1814 1803/1803
f 1803/1803 1805/1805 1818/1818
f 1807/1807 1819/1819 1820/1820
f 1806/1806 1819/1819 1807/1807
f 1807/1807 1820/1820 1821/1821
f 1821/1821 1809/1809 1807/1807
f 1822/1822 1820/1820 1819/1819
f 1823/1823 1822/1822 1819/1819
f 1824/1824 1811/1811 1825/1825
f 1824/1824 1825/1825 1826/1826
f 1820/1820 1822/1822 1827/1827
f 1827/1827 1821/1821 1820/1820
f 1828/1828 1829/1829 1830/1830
f 1822/1822 1831/1831 1827/1827
f 1832/1832 1833/1833 1834/1834
f 1835/1835 1836/1836 1837/1837
f 1837/1837 1838/1838 1839/1839
f 1839/1839 1840/1840 1837/1837
f 1837/1837 1840/1840 1835/1835
f 1814/1814 1818/1818 1841/1841
f 1842/1842 1816/1816 1843/1843
f 1793/1793 1792/1792 1844/1844
f 1793/1793 1844/1844 1845/1845
f 1793/1793 1845/1845 1846/1846
f 1793/1793 1846/1846 1847/1847
f 1848/1848 1849/1849 1850/1850
f 1851/1851 1844/1844 1792/1792
f 1792/1792 1852/1852 1851/1851
f 1853/1853 1845/1845 1844/1844
f 1844/1844 1851/1851 1854/1854
f 1854/1854 1853/1853 1844/1844
f 1853/1853 1855/1855 1845/1845
f 1845/1845 1855/1855 1856/1856
f 1845/1845 1856/1856 1846/1846
f 1857/1857 1852/1852 1858/1858
f 1859/1859 1857/1857 1858/1858
f 1860/1860 1859/1859 1858/1858
f 1861/1861 1862/1862 1863/1863
f 1857/1857 1851/1851 1852/1852
f 1851/1851 1857/1857 1854/1854
f 1857/1857 1864/1864 1854/1854
f 1865/1865 1864/1864 1857/1857
f 1859/1859 1865/1865 1857/1857
f 1855/1855 1853/1853 1866/1866
f 1855/1855 1866/1866 1856/1856
f 1867/1867 1866/1866 1853/1853
f 1868/1868 1867/1867 1853/1853
f 1853/1853 1854/1854 1868/1868
f 1866/1866 1867/1867 1856/1856
f 1867/1867 1868/1868 1869/1869
f 1870/1870 1856/1856 1867/1867
f 1869/1869 1870/1870 1867/1867
f 1868/1868 1854/1854 1864/1864
f 1864/1864 1871/1871 1868/1868
f 1865/1865 1871/1871 1864/1864
f 1869/1869 1868/1868 1871/1871
f 1871/1871 1865/1865 1869/1869
f 1872/1872 1825/1825 1811/1811
f 1811/1811 1810/1810 1872/1872
f 1872/1872 1826/1826 1825/1825
f 1873/1873 1830/1830 1829/1829
f 1829/1829 1874/1874 1873/1873
f 1873/1873 1875/1875 1830/1830
f 656/656 1876/1876 1877/1877
f 1877/1877 1804/1804 656/656
f 905/905 907/907 1878/1878
f 1878/1878 1879/1879 905/905
f 917/917 1878/1878 907/907
f 1880/1880 1881/1881 1874/1874
f 1882/1882 1881/1881 1880/1880
f 1872/1872 1810/1810 1883/1883
f 1883/1883 1810/1810 1884/1884
f 1883/1883 1884/1884 1885/1885
f 1883/1883 1885/1885 1886/1886
f 1874/1874 1881/1881 1887/1887
f 1887/1887 1881/1881 1882/1882
f 1873/1873 1874/1874 1887/1887
f 1888/1888 1873/1873 1887/1887
f 1889/1889 1888/1888 1887/1887
f 1887/1887 1882/1882 1889/1889
f 1890/1890 1891/1891 1892/1892
f 1892/1892 1891/1891 1893/1893
f 1894/1894 1890/1890 1892/1892
f 1895/1895 1894/1894 1892/1892
f 1892/1892 1893/1893 1896/1896
f 1892/1892 1896/1896 1895/1895
f 1897/1897 1898/1898 1891/1891
f 1891/1891 1898/1898 1899/1899
f 1890/1890 1897/1897 1891/1891
f 1891/1891 1899/1899 1893/1893
f 1900/1900 1901/1901 1902/1902
f 1902/1902 1903/1903 1900/1900
f 1901/1901 1904/1904 1905/1905
f 1901/1901 1905/1905 1902/1902
f 1906/1906 1907/1907 1878/1878
f 1878/1878 917/917 1906/1906
f 1908/1908 1909/1909 1813/1813
f 1813/1813 1909/1909 1810/1810
f 1909/1909 1908/1908 1910/1910
f 1911/1911 1912/1912 1913/1913
f 1884/1884 1810/1810 1909/1909
f 1914/1914 1884/1884 1909/1909
f 1913/1913 1915/1915 1911/1911
f 1916/1916 1917/1917 1903/1903
f 1903/1903 1902/1902 1916/1916
f 1905/1905 1918/1918 1916/1916
f 1919/1919 1920/1920 1907/1907
f 1916/1916 1902/1902 1905/1905
f 1907/1907 1906/1906 1919/1919
f 1921/1921 1916/1916 1918/1918
f 1922/1922 1923/1923 1924/1924
f 1925/1925 1875/1875 1926/1926
f 1926/1926 1927/1927 1925/1925
f 1873/1873 1926/1926 1875/1875
f 1917/1917 1916/1916 1928/1928
f 1929/1929 1842/1842 1930/1930
f 1912/1912 1931/1931 1932/1932
f 1933/1933 1913/1913 1912/1912
f 1932/1932 1933/1933 1912/1912
f 1926/1926 1873/1873 1888/1888
f 1926/1926 1888/1888 1934/1934
f 1926/1926 1934/1934 1935/1935
f 1936/1936 1928/1928 1916/1916
f 1916/1916 1921/1921 1936/1936
f 917/917 916/916 1937/1937
f 1937/1937 1906/1906 917/917
f 916/916 919/919 1938/1938
f 1938/1938 1937/1937 916/916
f 1561/1561 1939/1939 1562/1562
f 1940/1940 1919/1919 1906/1906
f 1906/1906 1937/1937 1940/1940
f 1919/1919 1940/1940 1941/1941
f 1942/1942 1924/1924 1923/1923
f 1937/1937 1938/1938 1943/1943
f 1937/1937 1943/1943 1940/1940
f 1944/1944 1945/1945 1939/1939
f 1939/1939 1561/1561 1944/1944
f 1946/1946 1940/1940 1943/1943
f 1947/1947 1948/1948 1949/1949
f 1950/1950 1946/1946 1943/1943
f 1951/1951 1942/1942 1952/1952
f 1884/1884 1914/1914 1885/1885
f 1913/1913 1953/1953 1915/1915
f 1888/1888 1889/1889 1934/1934
f 1894/1894 1954/1954 1890/1890
f 1894/1894 1955/1955 1954/1954
f 1894/1894 1956/1956 1955/1955
f 1957/1957 1958/1958 1959/1959
f 1899/1899 1960/1960 1893/1893
f 1961/1961 1960/1960 1899/1899
f 1962/1962 1963/1963 1964/1964
f 1965/1965 1966/1966 1967/1967
f 1968/1968 1966/1966 1965/1965
f 1896/1896 1893/1893 1960/1960
f 1967/1967 1969/1969 1965/1965
f 1970/1970 1963/1963 1971/1971
f 1972/1972 1973/1973 1974/1974
f 1956/1956 1894/1894 1895/1895
f 1974/1974 1975/1975 1976/1976
f 1977/1977 1978/1978 1979/1979
f 1979/1979 1978/1978 1980/1980
f 1981/1981 1977/1977 1979/1979
f 1982/1982 1981/1981 1979/1979
f 1980/1980 1982/1982 1979/1979
f 1983/1983 1984/1984 1985/1985
f 1985/1985 1984/1984 1986/1986
f 1978/1978 1977/1977 1987/1987
f 1984/1984 1983/1983 1988/1988
f 1984/1984 1988/1988 1989/1989
f 1984/1984 1989/1989 1990/1990
f 1990/1990 1986/1986 1984/1984
f 1977/1977 1981/1981 1991/1991
f 1991/1991 1987/1987 1977/1977
f 1992/1992 1991/1991 1981/1981
f 1993/1993 1992/1992 1981/1981
f 1981/1981 1982/1982 1993/1993
f 1983/1983 1994/1994 1988/1988
f 1989/1989 1988/1988 1994/1994
f 1995/1995 1989/1989 1994/1994
f 1991/1991 1992/1992 1996/1996
f 1997/1997 1990/1990 1989/1989
f 1998/1998 1997/1997 1989/1989
f 1989/1989 1995/1995 1998/1998
f 1993/1993 1999/1999 1992/1992
f 1992/1992 1999/1999 1996/1996
f 1999/1999 1993/1993 2000/2000
f 1999/1999 2000/2000 2001/2001
f 2001/2001 1996/1996 1999/1999
f 1982/1982 1971/1971 1963/1963
f 1963/1963 1962/1962 2002/2002
f 1963/1963 2002/2002 1982/1982
f 1990/1990 1974/1974 1973/1973
f 1971/1971 1982/1982 1980/1980
f 1973/1973 1986/1986 1990/1990
f 2003/2003 1944/1944 1561/1561
f 1561/1561 1560/1560 2003/2003
f 2004/2004 2005/2005 2006/2006
f 2007/2007 2002/2002 1962/1962
f 1948/1948 2008/2008 2009/2009
f 2009/2009 1949/1949 1948/1948
f 2005/2005 2010/2010 2006/2006
f 2011/2011 2012/2012 1975/1975
f 1975/1975 1974/1974 2011/2011
f 1560/1560 1563/1563 2013/2013
f 2013/2013 2003/2003 1560/1560
f 1569/1569 2013/2013 1563/1563
f 2008/2008 2014/2014 2015/2015
f 2015/2015 2009/2009 2008/2008
f 2014/2014 1577/1577 2016/2016
f 2016/2016 2015/2015 2014/2014
f 2002/2002 2007/2007 2017/2017
f 2002/2002 2017/2017 1982/1982
f 2012/2012 2011/2011 2018/2018
f 2019/2019 2017/2017 2007/2007
f 2018/2018 2020/2020 2012/2012
f 1577/1577 1576/1576 2016/2016
f 1990/1990 2011/2011 1974/1974
f 2011/2011 1990/1990 2018/2018
f 2017/2017 2019/2019 1993/1993
f 1993/1993 1982/1982 2017/2017
f 2021/2021 1993/1993 2019/2019
f 1997/1997 2022/2022 2020/2020
f 2018/2018 1997/1997 2020/2020
f 1990/1990 1997/1997 2018/2018
f 2021/2021 2000/2000 1993/1993
f 2000/2000 2021/2021 2023/2023
f 2023/2023 2001/2001 2000/2000
f 2022/2022 1997/1997 2024/2024
f 2024/2024 2025/2025 2022/2022
f 1997/1997 1998/1998 2026/2026
f 1997/1997 2026/2026 2024/2024
f 2026/2026 1998/1998 1995/1995
f 2027/2027 2026/2026 1995/1995
f 2026/2026 2027/2027 2024/2024
f 2027/2027 2025/2025 2024/2024
f 184/184 181/181 183/183
f 2028/2028 193/193 184/184
f 183/183 2028/2028 184/184
f 191/191 189/189 193/193
f 193/193 2028/2028 2029/2029
f 193/193 2029/2029 191/191
f 2028/2028 183/183 156/156
f 156/156 2030/2030 2028/2028
f 2028/2028 2030/2030 2029/2029
f 2030/2030 156/156 2031/2031
f 2032/2032 2029/2029 2030/2030
f 2031/2031 2032/2032 2030/2030
f 155/155 2031/2031 156/156
f 169/169 191/191 2029/2029
f 2029/2029 2032/2032 169/169
f 163/163 169/169 2032/2032
f 2032/2032 2031/2031 2033/2033
f 2032/2032 2033/2033 163/163
f 2034/2034 148/148 147/147
f 147/147 2035/2035 2034/2034
f 2031/2031 2036/2036 2033/2033
f 2035/2035 147/147 2037/2037
f 2038/2038 2033/2033 2036/2036
f 2039/2039 2038/2038 2036/2036
f 150/150 2037/2037 147/147
f 164/164 163/163 2033/2033
f 2033/2033 2038/2038 164/164
f 142/142 141/141 2040/2040
f 2038/2038 2039/2039 2041/2041
f 2040/2040 2042/2042 142/142
f 2037/2037 150/150 2043/2043
f 2039/2039 2044/2044 2041/2041
f 122/122 2045/2045 123/123
f 2045/2045 122/122 2046/2046
f 2047/2047 2048/2048 2049/2049
f 2050/2050 2047/2047 2049/2049
f 113/113 112/112 2051/2051
f 134/134 133/133 2048/2048
f 2048/2048 2047/2047 134/134
f 2052/2052 134/134 2047/2047
f 2047/2047 2050/2050 2053/2053
f 2053/2053 2052/2052 2047/2047
f 2054/2054 2055/2055 2056/2056
f 2057/2057 2055/2055 2054/2054
f 2056/2056 2058/2058 2054/2054
f 2054/2054 2058/2058 2059/2059
f 2054/2054 2060/2060 2057/2057
f 2059/2059 2060/2060 2054/2054
f 2061/2061 2056/2056 2055/2055
f 2055/2055 2057/2057 2062/2062
f 2055/2055 2062/2062 2061/2061
f 2063/2063 2064/2064 2065/2065
f 2066/2066 2064/2064 2063/2063
f 2063/2063 2065/2065 2067/2067
f 2063/2063 2067/2067 2068/2068
f 2068/2068 2066/2066 2063/2063
f 2062/2062 2065/2065 2064/2064
f 2061/2061 2062/2062 2064/2064
f 2064/2064 2066/2066 2069/2069
f 2069/2069 2061/2061 2064/2064
f 2056/2056 2070/2070 2058/2058
f 2058/2058 2070/2070 2059/2059
f 2070/2070 2071/2071 2072/2072
f 2056/2056 2071/2071 2070/2070
f 2070/2070 2072/2072 2073/2073
f 2070/2070 2073/2073 2059/2059
f 2074/2074 2072/2072 2071/2071
f 2071/2071 2056/2056 2075/2075
f 2071/2071 2076/2076 2074/2074
f 2075/2075 2076/2076 2071/2071
f 2077/2077 2073/2073 2072/2072
f 2078/2078 2077/2077 2072/2072
f 2074/2074 2078/2078 2072/2072
f 2056/2056 2061/2061 2069/2069
f 2056/2056 2069/2069 2075/2075
f 2079/2079 2074/2074 2076/2076
f 2080/2080 2079/2079 2076/2076
f 2076/2076 2075/2075 2081/2081
f 2081/2081 2080/2080 2076/2076
f 2082/2082 2083/2083 353/353
f 353/353 352/352 2082/2082
f 2083/2083 2084/2084 2085/2085
f 2082/2082 2084/2084 2083/2083
f 2086/2086 2073/2073 2087/2087
f 2087/2087 2073/2073 2077/2077
f 2088/2088 2086/2086 2087/2087
f 2087/2087 2077/2077 2089/2089
f 2089/2089 2088/2088 2087/2087
f 2073/2073 2086/2086 2059/2059
f 2086/2086 2088/2088 2090/2090
f 2090/2090 2059/2059 2086/2086
f 2078/2078 2089/2089 2077/2077
f 2088/2088 2089/2089 2091/2091
f 2088/2088 2091/2091 2090/2090
f 2092/2092 2091/2091 2089/2089
f 2089/2089 2078/2078 2092/2092
f 2093/2093 2090/2090 2091/2091
f 2094/2094 2093/2093 2091/2091
f 2095/2095 2094/2094 2091/2091
f 2091/2091 2092/2092 2096/2096
f 2091/2091 2096/2096 2095/2095
f 2057/2057 2060/2060 2097/2097
f 2097/2097 2060/2060 2090/2090
f 2062/2062 2057/2057 2097/2097
f 2098/2098 2062/2062 2097/2097
f 2093/2093 2098/2098 2097/2097
f 2097/2097 2090/2090 2093/2093
f 2060/2060 2059/2059 2090/2090
f 2098/2098 2067/2067 2065/2065
f 2065/2065 2062/2062 2098/2098
f 2067/2067 2098/2098 2099/2099
f 2067/2067 2099/2099 2100/2100
f 2101/2101 2068/2068 2067/2067
f 2100/2100 2101/2101 2067/2067
f 2093/2093 2099/2099 2098/2098
f 2099/2099 2093/2093 2102/2102
f 2103/2103 2100/2100 2099/2099
f 2102/2102 2103/2103 2099/2099
f 2093/2093 2094/2094 2102/2102
f 2104/2104 2085/2085 2084/2084
f 2105/2105 2104/2104 2084/2084
f 2084/2084 2082/2082 2106/2106
f 2084/2084 2106/2106 2105/2105
f 2094/2094 2095/2095 2107/2107
f 2094/2094 2107/2107 2108/2108
f 2108/2108 2102/2102 2094/2094
f 2104/2104 2109/2109 2085/2085
f 2109/2109 2104/2104 2110/2110
f 2109/2109 2110/2110 2111/2111
f 2078/2078 2074/2074 2112/2112
f 2078/2078 2113/2113 2092/2092
f 2112/2112 2113/2113 2078/2078
f 2114/2114 2112/2112 2074/2074
f 2079/2079 2114/2114 2074/2074
f 2113/2113 2115/2115 2092/2092
f 2116/2116 2115/2115 2113/2113
f 2113/2113 2112/2112 2116/2116
f 2096/2096 2092/2092 2115/2115
f 2117/2117 2096/2096 2115/2115
f 2115/2115 2116/2116 2118/2118
f 2115/2115 2118/2118 2117/2117
f 2119/2119 2095/2095 2096/2096
f 2096/2096 2117/2117 2119/2119
f 2120/2120 2116/2116 2112/2112
f 2114/2114 2120/2120 2112/2112
f 2116/2116 2120/2120 2118/2118
f 2121/2121 2118/2118 2120/2120
f 2120/2120 2114/2114 2121/2121
f 2121/2121 2117/2117 2118/2118
f 2095/2095 2119/2119 2107/2107
f 2079/2079 2122/2122 2114/2114
f 2114/2114 2122/2122 2121/2121
f 2122/2122 2079/2079 2123/2123
f 2122/2122 2123/2123 2124/2124
f 2125/2125 2121/2121 2122/2122
f 2126/2126 2125/2125 2122/2122
f 2122/2122 2124/2124 2126/2126
f 2080/2080 2123/2123 2079/2079
f 2127/2127 2124/2124 2123/2123
f 2123/2123 2080/2080 2128/2128
f 2128/2128 2127/2127 2123/2123
f 2117/2117 2121/2121 2119/2119
f 2125/2125 2119/2119 2121/2121
f 2129/2129 2107/2107 2119/2119
f 2125/2125 2129/2129 2119/2119
f 2107/2107 2129/2129 2130/2130
f 2131/2131 2108/2108 2107/2107
f 2107/2107 2130/2130 2131/2131
f 2132/2132 2110/2110 2104/2104
f 2104/2104 2105/2105 2132/2132
f 2129/2129 2125/2125 2126/2126
f 2129/2129 2126/2126 2133/2133
f 2129/2129 2133/2133 2130/2130
f 2134/2134 2126/2126 2124/2124
f 2127/2127 2134/2134 2124/2124
f 2126/2126 2134/2134 2133/2133
f 2135/2135 2111/2111 2110/2110
f 2136/2136 2135/2135 2110/2110
f 2137/2137 2136/2136 2110/2110
f 2110/2110 2132/2132 2137/2137
f 2134/2134 2127/2127 2138/2138
f 2139/2139 2133/2133 2134/2134
f 2138/2138 2139/2139 2134/2134
f 2066/2066 2140/2140 2069/2069
f 2101/2101 2140/2140 2066/2066
f 2066/2066 2068/2068 2101/2101
f 2141/2141 2069/2069 2140/2140
f 2101/2101 2142/2142 2140/2140
f 2140/2140 2142/2142 2141/2141
f 2143/2143 2075/2075 2069/2069
f 2141/2141 2143/2143 2069/2069
f 2075/2075 2143/2143 2081/2081
f 2144/2144 2145/2145 2146/2146
f 2146/2146 2147/2147 2148/2148
f 2146/2146 2148/2148 2149/2149
f 2146/2146 2149/2149 2144/2144
f 2150/2150 2145/2145 2151/2151
f 2152/2152 2128/2128 2080/2080
f 2150/2150 2151/2151 2153/2153
f 2145/2145 2144/2144 2151/2151
f 2154/2154 2142/2142 2155/2155
f 2156/2156 2142/2142 2154/2154
f 2154/2154 2155/2155 2157/2157
f 2154/2154 2157/2157 2158/2158
f 2158/2158 2156/2156 2154/2154
f 2101/2101 2155/2155 2142/2142
f 2142/2142 2156/2156 2141/2141
f 2100/2100 2157/2157 2155/2155
f 2155/2155 2101/2101 2100/2100
f 2159/2159 2158/2158 2157/2157
f 2157/2157 2100/2100 2103/2103
f 2103/2103 2159/2159 2157/2157
f 2156/2156 2158/2158 2160/2160
f 2160/2160 2141/2141 2156/2156
f 2161/2161 2162/2162 2163/2163
f 2163/2163 2164/2164 2161/2161
f 2147/2147 2162/2162 2148/2148
f 2162/2162 2161/2161 2165/2165
f 2165/2165 2148/2148 2162/2162
f 2166/2166 2161/2161 2164/2164
f 2159/2159 2103/2103 2167/2167
f 2164/2164 2168/2168 2166/2166
f 2166/2166 2165/2165 2161/2161
f 2103/2103 2102/2102 2169/2169
f 2169/2169 2167/2167 2103/2103
f 2102/2102 2108/2108 2169/2169
f 2170/2170 2169/2169 2108/2108
f 2131/2131 2170/2170 2108/2108
f 2167/2167 2169/2169 2171/2171
f 2172/2172 2166/2166 2168/2168
f 2168/2168 2173/2173 2172/2172
f 2170/2170 2171/2171 2169/2169
f 2148/2148 2165/2165 2149/2149
f 2165/2165 2166/2166 2174/2174
f 2165/2165 2174/2174 2149/2149
f 2172/2172 2174/2174 2166/2166
f 2175/2175 2176/2176 2171/2171
f 2171/2171 2170/2170 2175/2175
f 2174/2174 2172/2172 2177/2177
f 2178/2178 2149/2149 2174/2174
f 2174/2174 2177/2177 2178/2178
f 2175/2175 2179/2179 2176/2176
f 2180/2180 2144/2144 2149/2149
f 2178/2178 2180/2180 2149/2149
f 2181/2181 2151/2151 2144/2144
f 2180/2180 2181/2181 2144/2144
f 2135/2135 2182/2182 2111/2111
f 2182/2182 2135/2135 2183/2183
f 418/418 2184/2184 420/420
f 2128/2128 2185/2185 2127/2127
f 2127/2127 2185/2185 2138/2138
f 2186/2186 2187/2187 2188/2188
f 2135/2135 2136/2136 2189/2189
f 2190/2190 2191/2191 2187/2187
f 2186/2186 2190/2190 2187/2187
f 2185/2185 2128/2128 2192/2192
f 2193/2193 2194/2194 2195/2195
f 2196/2196 2197/2197 2193/2193
f 2193/2193 2195/2195 2196/2196
f 436/436 432/432 2198/2198
f 2198/2198 2199/2199 436/436
f 436/436 2199/2199 2200/2200
f 2200/2200 434/434 436/436
f 432/432 439/439 2201/2201
f 432/432 2201/2201 2198/2198
f 2202/2202 440/440 420/420
f 440/440 2202/2202 2203/2203
f 2199/2199 2198/2198 2204/2204
f 2199/2199 2204/2204 2205/2205
f 2205/2205 2200/2200 2199/2199
f 2206/2206 2207/2207 2190/2190
f 2190/2190 2186/2186 2206/2206
f 2208/2208 2198/2198 2201/2201
f 2207/2207 2206/2206 2209/2209
f 2208/2208 2204/2204 2198/2198
f 2152/2152 2192/2192 2128/2128
f 2210/2210 2186/2186 2211/2211
f 2136/2136 2137/2137 2212/2212
f 2211/2211 2213/2213 2214/2214
f 2211/2211 2214/2214 2210/2210
f 2215/2215 2206/2206 2186/2186
f 2186/2186 2210/2210 2215/2215
f 2194/2194 2216/2216 2217/2217
f 2194/2194 2217/2217 2218/2218
f 2194/2194 2218/2218 2195/2195
f 2219/2219 2216/2216 2220/2220
f 2220/2220 2221/2221 2219/2219
f 2219/2219 2217/2217 2216/2216
f 2222/2222 2218/2218 2217/2217
f 2223/2223 2222/2222 2217/2217
f 2217/2217 2219/2219 2224/2224
f 2224/2224 2223/2223 2217/2217
f 2215/2215 2209/2209 2206/2206
f 2225/2225 2226/2226 2227/2227
f 2225/2225 2227/2227 2228/2228
f 2204/2204 2229/2229 2205/2205
f 2215/2215 2230/2230 2209/2209
f 2231/2231 2228/2228 2227/2227
f 2230/2230 2215/2215 2232/2232
f 2227/2227 2233/2233 2231/2231
f 2228/2228 2231/2231 2234/2234
f 2228/2228 2234/2234 2235/2235
f 2236/2236 2205/2205 2229/2229
f 2218/2218 2222/2222 2237/2237
f 2237/2237 2195/2195 2218/2218
f 2222/2222 2223/2223 2238/2238
f 2239/2239 2237/2237 2222/2222
f 2238/2238 2239/2239 2222/2222
f 2221/2221 2240/2240 2241/2241
f 2221/2221 2241/2241 2242/2242
f 2242/2242 2219/2219 2221/2221
f 2180/2180 2178/2178 2243/2243
f 2244/2244 2241/2241 2240/2240
f 2245/2245 2178/2178 2177/2177
f 2179/2179 2175/2175 2246/2246
f 2179/2179 2246/2246 2247/2247
f 2248/2248 2249/2249 2244/2244
f 2250/2250 2242/2242 2241/2241
f 2241/2241 2244/2244 2251/2251
f 2241/2241 2251/2251 2250/2250
f 2219/2219 2242/2242 2224/2224
f 2252/2252 2224/2224 2242/2242
f 2242/2242 2250/2250 2252/2252
f 2223/2223 2224/2224 2253/2253
f 2254/2254 2255/2255 2256/2256
f 2223/2223 2253/2253 2257/2257
f 2224/2224 2252/2252 2253/2253
f 2258/2258 2259/2259 2260/2260
f 2261/2261 2259/2259 2258/2258
f 2262/2262 2263/2263 2264/2264
f 2264/2264 2263/2263 2265/2265
f 2266/2266 2262/2262 2264/2264
f 2267/2267 2266/2266 2264/2264
f 2260/2260 2268/2268 2258/2258
f 2264/2264 2265/2265 2269/2269
f 2270/2270 2260/2260 2259/2259
f 2259/2259 2261/2261 2271/2271
f 2259/2259 2271/2271 2270/2270
f 2272/2272 2273/2273 2274/2274
f 2275/2275 2273/2273 2272/2272
f 2272/2272 2274/2274 2276/2276
f 2277/2277 2278/2278 2279/2279
f 2280/2280 2278/2278 2277/2277
f 2277/2277 2279/2279 2281/2281
f 2263/2263 2262/2262 2282/2282
f 2263/2263 2283/2283 2265/2265
f 2282/2282 2283/2283 2263/2263
f 2266/2266 2284/2284 2262/2262
f 2262/2262 2284/2284 2282/2282
f 2284/2284 2266/2266 2285/2285
f 2284/2284 2285/2285 2286/2286
f 2284/2284 2286/2286 2287/2287
f 2287/2287 2282/2282 2284/2284
f 2266/2266 2267/2267 2288/2288
f 2266/2266 2288/2288 2285/2285
f 2268/2268 2260/2260 2270/2270
f 2289/2289 2290/2290 2268/2268
f 2270/2270 2289/2289 2268/2268
f 2290/2290 2289/2289 2291/2291
f 2292/2292 2293/2293 2294/2294
f 2295/2295 2291/2291 2289/2289
f 2289/2289 2270/2270 2296/2296
f 2289/2289 2296/2296 2295/2295
f 2297/2297 2298/2298 2299/2299
f 2299/2299 2300/2300 2301/2301
f 2275/2275 2302/2302 2273/2273
f 2299/2299 2301/2301 2297/2297
f 2298/2298 2297/2297 2303/2303
f 2304/2304 2276/2276 2274/2274
f 2303/2303 2305/2305 2298/2298
f 2306/2306 2286/2286 2285/2285
f 2293/2293 2292/2292 2307/2307
f 2308/2308 2309/2309 2286/2286
f 2286/2286 2309/2309 2287/2287
f 2310/2310 2307/2307 2311/2311
f 2302/2302 2312/2312 2313/2313
f 2314/2314 2312/2312 2302/2302
f 2315/2315 2301/2301 2300/2300
f 2295/2295 2315/2315 2300/2300
f 2300/2300 2291/2291 2295/2295
f 2302/2302 2275/2275 2314/2314
f 2309/2309 2308/2308 2316/2316
f 2317/2317 2287/2287 2309/2309
f 2318/2318 2317/2317 2309/2309
f 2316/2316 2318/2318 2309/2309
f 2307/2307 2292/2292 2319/2319
f 2311/2311 2307/2307 2319/2319
f 2320/2320 2321/2321 2322/2322
f 2322/2322 2323/2323 2320/2320
f 2324/2324 2297/2297 2301/2301
f 2301/2301 2315/2315 2325/2325
f 2301/2301 2325/2325 2324/2324
f 2297/2297 2324/2324 2326/2326
f 2327/2327 2303/2303 2297/2297
f 2326/2326 2327/2327 2297/2297
f 2328/2328 2325/2325 2315/2315
f 2295/2295 2328/2328 2315/2315
f 2329/2329 2330/2330 2331/2331
f 718/718 2332/2332 723/723
f 2333/2333 2332/2332 718/718
f 718/718 717/717 2333/2333
f 2334/2334 2335/2335 2332/2332
f 2332/2332 2335/2335 2336/2336
f 2333/2333 2334/2334 2332/2332
f 2336/2336 723/723 2332/2332
f 2335/2335 2334/2334 2337/2337
f 2338/2338 2336/2336 2335/2335
f 2335/2335 2337/2337 2339/2339
f 2335/2335 2339/2339 2338/2338
f 2265/2265 2283/2283 2334/2334
f 2334/2334 2283/2283 2337/2337
f 2334/2334 2333/2333 2265/2265
f 2282/2282 2337/2337 2283/2283
f 2336/2336 2340/2340 723/723
f 352/352 2341/2341 2342/2342
f 352/352 2342/2342 2082/2082
f 2343/2343 2344/2344 2345/2345
f 2344/2344 2343/2343 2346/2346
f 2342/2342 2347/2347 2348/2348
f 2106/2106 2082/2082 2342/2342
f 2348/2348 2106/2106 2342/2342
f 2349/2349 2333/2333 717/717
f 2350/2350 2265/2265 2333/2333
f 2333/2333 2349/2349 2350/2350
f 2265/2265 2350/2350 2351/2351
f 2265/2265 2351/2351 2269/2269
f 2352/2352 2339/2339 2337/2337
f 2337/2337 2282/2282 2352/2352
f 2339/2339 2352/2352 2353/2353
f 2354/2354 2355/2355 2356/2356
f 2356/2356 2343/2343 2354/2354
f 2357/2357 2352/2352 2282/2282
f 2287/2287 2357/2357 2282/2282
f 2352/2352 2358/2358 2353/2353
f 2357/2357 2358/2358 2352/2352
f 2359/2359 2353/2353 2358/2358
f 2358/2358 2357/2357 2317/2317
f 2358/2358 2317/2317 2360/2360
f 2360/2360 2359/2359 2358/2358
f 2361/2361 2356/2356 2355/2355
f 2355/2355 2362/2362 2361/2361
f 2357/2357 2287/2287 2317/2317
f 2317/2317 2318/2318 2360/2360
f 2343/2343 2356/2356 2346/2346
f 2363/2363 2346/2346 2356/2356
f 2356/2356 2361/2361 2363/2363
f 2363/2363 2364/2364 2346/2346
f 2346/2346 2364/2364 2365/2365
f 2364/2364 2363/2363 2366/2366
f 2364/2364 2366/2366 2367/2367
f 2368/2368 2365/2365 2364/2364
f 2367/2367 2368/2368 2364/2364
f 2369/2369 2370/2370 2371/2371
f 791/791 2372/2372 792/792
f 2369/2369 2373/2373 2370/2370
f 2374/2374 2372/2372 2375/2375
f 2376/2376 2261/2261 2377/2377
f 2378/2378 2375/2375 2372/2372
f 2372/2372 791/791 2379/2379
f 2372/2372 2379/2379 2378/2378
f 2380/2380 2271/2271 2261/2261
f 2261/2261 2376/2376 2380/2380
f 2271/2271 2380/2380 2381/2381
f 2271/2271 2381/2381 2382/2382
f 2382/2382 2270/2270 2271/2271
f 2383/2383 2384/2384 2375/2375
f 2375/2375 2378/2378 2383/2383
f 2383/2383 2385/2385 2384/2384
f 2386/2386 2382/2382 2381/2381
f 2387/2387 2388/2388 2385/2385
f 2385/2385 2383/2383 2387/2387
f 2325/2325 2328/2328 2389/2389
f 2389/2389 2390/2390 2325/2325
f 2325/2325 2390/2390 2324/2324
f 2391/2391 2296/2296 2270/2270
f 2270/2270 2382/2382 2391/2391
f 2392/2392 2393/2393 2296/2296
f 2296/2296 2393/2393 2295/2295
f 2391/2391 2392/2392 2296/2296
f 2386/2386 2391/2391 2382/2382
f 2328/2328 2393/2393 2394/2394
f 2295/2295 2393/2393 2328/2328
f 2394/2394 2389/2389 2328/2328
f 2393/2393 2392/2392 2395/2395
f 2395/2395 2394/2394 2393/2393
f 2390/2390 2389/2389 2396/2396
f 2390/2390 2396/2396 2397/2397
f 2326/2326 2324/2324 2390/2390
f 2397/2397 2326/2326 2390/2390
f 2398/2398 2396/2396 2389/2389
f 2394/2394 2398/2398 2389/2389
f 2396/2396 2398/2398 2399/2399
f 2400/2400 2401/2401 2402/2402
f 2396/2396 2403/2403 2404/2404
f 2396/2396 2404/2404 2397/2397
f 2398/2398 2394/2394 2405/2405
f 2406/2406 2407/2407 2408/2408
f 2408/2408 2400/2400 2406/2406
f 2392/2392 2391/2391 2409/2409
f 2392/2392 2409/2409 2410/2410
f 2392/2392 2410/2410 2411/2411
f 2411/2411 2395/2395 2392/2392
f 2391/2391 2386/2386 2409/2409
f 2412/2412 2413/2413 2388/2388
f 2414/2414 2412/2412 2388/2388
f 2387/2387 2414/2414 2388/2388
f 2415/2415 2416/2416 2413/2413
f 2412/2412 2415/2415 2413/2413
f 2417/2417 2411/2411 2410/2410
f 2415/2415 2418/2418 2416/2416
f 2394/2394 2395/2395 2411/2411
f 2411/2411 2405/2405 2394/2394
f 2405/2405 2411/2411 2417/2417
f 2407/2407 2418/2418 2408/2408
f 2419/2419 2408/2408 2418/2418
f 2418/2418 2415/2415 2419/2419
f 2420/2420 2421/2421 2422/2422
f 2423/2423 2421/2421 2420/2420
f 2420/2420 2422/2422 2424/2424
f 2425/2425 2423/2423 2420/2420
f 2426/2426 2425/2425 2420/2420
f 2420/2420 2424/2424 2426/2426
f 2401/2401 2400/2400 2427/2427
f 2401/2401 2427/2427 2428/2428
f 2401/2401 2428/2428 2429/2429
f 2401/2401 2429/2429 2430/2430
f 2431/2431 2427/2427 2400/2400
f 2400/2400 2408/2408 2431/2431
f 2432/2432 2433/2433 2427/2427
f 2427/2427 2433/2433 2428/2428
f 2427/2427 2431/2431 2432/2432
f 2433/2433 2432/2432 2434/2434
f 2434/2434 2428/2428 2433/2433
f 2419/2419 2431/2431 2408/2408
f 2431/2431 2419/2419 2435/2435
f 2435/2435 2432/2432 2431/2431
f 2415/2415 2412/2412 2436/2436
f 2435/2435 2419/2419 2415/2415
f 2436/2436 2435/2435 2415/2415
f 2412/2412 2414/2414 2437/2437
f 2437/2437 2436/2436 2412/2412
f 2438/2438 2434/2434 2432/2432
f 2432/2432 2435/2435 2438/2438
f 2434/2434 2429/2429 2428/2428
f 2429/2429 2434/2434 2439/2439
f 2439/2439 2430/2430 2429/2429
f 2438/2438 2439/2439 2434/2434
f 2440/2440 2441/2441 2404/2404
f 2404/2404 2441/2441 2397/2397
f 2442/2442 2439/2439 2443/2443
f 2444/2444 2421/2421 2441/2441
f 2441/2441 2421/2421 2445/2445
f 2445/2445 2397/2397 2441/2441
f 2439/2439 2438/2438 2443/2443
f 2435/2435 2446/2446 2438/2438
f 2436/2436 2446/2446 2435/2435
f 2443/2443 2438/2438 2446/2446
f 2446/2446 2447/2447 2443/2443
f 2448/2448 2447/2447 2446/2446
f 2446/2446 2436/2436 2448/2448
f 2443/2443 2447/2447 2449/2449
f 2423/2423 2445/2445 2421/2421
f 2447/2447 2448/2448 2450/2450
f 791/791 798/798 2379/2379
f 2451/2451 2379/2379 798/798
f 798/798 1816/1816 2451/2451
f 2452/2452 2378/2378 2379/2379
f 2379/2379 2451/2451 2452/2452
f 2453/2453 2383/2383 2378/2378
f 2452/2452 2453/2453 2378/2378
f 2454/2454 2387/2387 2383/2383
f 2453/2453 2454/2454 2383/2383
f 2414/2414 2387/2387 2455/2455
f 2455/2455 2437/2437 2414/2414
f 2387/2387 2454/2454 2455/2455
f 2454/2454 2453/2453 2456/2456
f 2456/2456 2455/2455 2454/2454
f 2457/2457 2456/2456 2453/2453
f 2453/2453 2452/2452 2457/2457
f 2436/2436 2437/2437 2448/2448
f 2437/2437 2455/2455 2458/2458
f 2458/2458 2448/2448 2437/2437
f 2456/2456 2458/2458 2455/2455
f 2448/2448 2458/2458 2450/2450
f 2458/2458 2456/2456 2459/2459
f 2460/2460 2450/2450 2458/2458
f 2459/2459 2460/2460 2458/2458
f 2457/2457 2459/2459 2456/2456
f 2461/2461 2462/2462 2463/2463
f 2464/2464 2462/2462 2461/2461
f 2461/2461 2463/2463 2465/2465
f 2461/2461 2465/2465 2466/2466
f 2461/2461 2466/2466 2464/2464
f 2467/2467 2468/2468 2462/2462
f 2462/2462 2468/2468 2279/2279
f 2464/2464 2467/2467 2462/2462
f 2278/2278 2463/2463 2462/2462
f 2279/2279 2278/2278 2462/2462
f 2468/2468 2467/2467 2469/2469
f 2470/2470 2279/2279 2468/2468
f 2469/2469 2470/2470 2468/2468
f 2467/2467 2466/2466 2469/2469
f 2464/2464 2466/2466 2467/2467
f 2463/2463 2278/2278 2280/2280
f 2463/2463 2280/2280 2465/2465
f 2470/2470 2281/2281 2279/2279
f 2304/2304 2471/2471 2276/2276
f 2281/2281 2470/2470 2323/2323
f 2472/2472 2466/2466 2465/2465
f 2473/2473 2474/2474 2471/2471
f 2471/2471 2304/2304 2473/2473
f 2470/2470 2469/2469 2475/2475
f 2475/2475 2323/2323 2470/2470
f 2476/2476 2469/2469 2466/2466
f 2466/2466 2472/2472 2477/2477
f 2477/2477 2476/2476 2466/2466
f 2469/2469 2476/2476 2478/2478
f 2469/2469 2478/2478 2475/2475
f 2475/2475 2320/2320 2323/2323
f 2479/2479 2477/2477 2472/2472
f 2480/2480 2479/2479 2472/2472
f 2481/2481 2480/2480 2472/2472
f 2476/2476 2477/2477 2482/2482
f 2476/2476 2482/2482 2478/2478
f 2477/2477 2479/2479 2482/2482
f 2480/2480 2482/2482 2479/2479
f 2482/2482 2480/2480 2483/2483
f 2482/2482 2483/2483 2478/2478
f 2480/2480 2481/2481 2484/2484
f 2485/2485 2483/2483 2480/2480
f 2480/2480 2484/2484 2486/2486
f 2480/2480 2486/2486 2485/2485
f 2487/2487 2473/2473 2304/2304
f 2303/2303 2488/2488 2305/2305
f 2489/2489 2490/2490 2473/2473
f 2487/2487 2489/2489 2473/2473
f 2483/2483 2485/2485 2491/2491
f 2483/2483 2491/2491 2492/2492
f 2483/2483 2492/2492 2493/2493
f 2493/2493 2478/2478 2483/2483
f 2494/2494 2486/2486 2484/2484
f 2495/2495 2494/2494 2484/2484
f 2484/2484 2496/2496 2495/2495
f 2494/2494 2485/2485 2486/2486
f 2494/2494 2491/2491 2485/2485
f 2491/2491 2494/2494 2495/2495
f 2497/2497 2492/2492 2491/2491
f 2491/2491 2495/2495 2497/2497
f 2498/2498 2495/2495 2496/2496
f 2492/2492 2497/2497 2499/2499
f 2500/2500 2493/2493 2492/2492
f 2499/2499 2500/2500 2492/2492
f 2501/2501 2497/2497 2495/2495
f 2495/2495 2498/2498 2501/2501
f 2497/2497 2501/2501 2499/2499
f 2478/2478 2493/2493 2475/2475
f 2500/2500 2475/2475 2493/2493
f 2475/2475 2502/2502 2320/2320
f 2320/2320 2502/2502 2503/2503
f 2316/2316 2504/2504 2318/2318
f 2318/2318 2504/2504 2360/2360
f 2502/2502 2475/2475 2505/2505
f 2505/2505 2503/2503 2502/2502
f 2500/2500 2505/2505 2475/2475
f 2506/2506 2507/2507 2508/2508
f 2504/2504 2509/2509 2510/2510
f 2511/2511 2360/2360 2504/2504
f 2512/2512 2511/2511 2504/2504
f 2504/2504 2510/2510 2512/2512
f 2513/2513 2508/2508 2507/2507
f 2508/2508 2513/2513 2514/2514
f 2508/2508 2514/2514 2515/2515
f 2515/2515 2516/2516 2508/2508
f 2505/2505 2500/2500 2517/2517
f 2303/2303 2518/2518 2488/2488
f 2519/2519 2520/2520 2518/2518
f 2518/2518 2303/2303 2519/2519
f 2500/2500 2499/2499 2517/2517
f 2520/2520 2519/2519 2521/2521
f 2521/2521 2514/2514 2520/2520
f 2327/2327 2519/2519 2303/2303
f 2522/2522 2521/2521 2519/2519
f 2519/2519 2327/2327 2522/2522
f 2514/2514 2521/2521 2523/2523
f 2523/2523 2515/2515 2514/2514
f 2524/2524 2523/2523 2521/2521
f 2525/2525 2524/2524 2521/2521
f 2521/2521 2522/2522 2525/2525
f 17/17 2526/2526 18/18
f 2526/2526 17/17 2527/2527
f 2528/2528 2053/2053 2050/2050
f 2529/2529 2527/2527 17/17
f 17/17 20/20 2529/2529
f 443/443 2530/2530 444/444
f 2531/2531 444/444 2530/2530
f 2053/2053 2528/2528 2532/2532
f 53/53 2533/2533 2534/2534
f 2534/2534 54/54 53/53
f 2535/2535 2361/2361 2362/2362
f 2359/2359 2360/2360 2511/2511
f 2362/2362 2536/2536 2535/2535
f 2361/2361 2535/2535 2537/2537
f 2537/2537 2363/2363 2361/2361
f 2538/2538 2535/2535 2536/2536
f 2539/2539 2537/2537 2535/2535
f 2535/2535 2538/2538 2539/2539
f 2363/2363 2537/2537 2366/2366
f 2540/2540 2366/2366 2537/2537
f 2537/2537 2539/2539 2540/2540
f 2540/2540 2541/2541 2366/2366
f 2366/2366 2541/2541 2367/2367
f 2541/2541 2540/2540 2542/2542
f 2541/2541 2542/2542 2543/2543
f 2541/2541 2543/2543 2544/2544
f 2544/2544 2367/2367 2541/2541
f 2545/2545 2538/2538 2546/2546
f 2546/2546 2547/2547 2545/2545
f 2515/2515 2548/2548 2516/2516
f 2549/2549 2539/2539 2538/2538
f 2545/2545 2549/2549 2538/2538
f 2550/2550 2545/2545 2547/2547
f 2551/2551 2550/2550 2547/2547
f 2548/2548 2515/2515 2523/2523
f 2548/2548 2523/2523 2552/2552
f 2542/2542 2540/2540 2539/2539
f 2539/2539 2549/2549 2542/2542
f 2549/2549 2545/2545 2553/2553
f 2553/2553 2542/2542 2549/2549
f 2545/2545 2550/2550 2553/2553
f 2554/2554 2553/2553 2550/2550
f 2555/2555 2552/2552 2556/2556
f 2550/2550 2557/2557 2554/2554
f 2558/2558 2543/2543 2542/2542
f 2559/2559 2558/2558 2542/2542
f 2542/2542 2553/2553 2559/2559
f 2543/2543 2558/2558 2560/2560
f 2560/2560 2544/2544 2543/2543
f 2558/2558 2559/2559 2561/2561
f 2562/2562 2560/2560 2558/2558
f 2561/2561 2562/2562 2558/2558
f 2554/2554 2559/2559 2553/2553
f 2559/2559 2554/2554 2561/2561
f 2327/2327 2326/2326 2563/2563
f 2327/2327 2563/2563 2522/2522
f 2523/2523 2524/2524 2552/2552
f 2564/2564 2565/2565 2524/2524
f 2524/2524 2565/2565 2566/2566
f 2525/2525 2564/2564 2524/2524
f 2566/2566 2552/2552 2524/2524
f 2326/2326 2397/2397 2445/2445
f 2326/2326 2445/2445 2563/2563
f 2564/2564 2563/2563 2445/2445
f 2445/2445 2423/2423 2564/2564
f 2563/2563 2564/2564 2525/2525
f 2525/2525 2522/2522 2563/2563
f 2565/2565 2423/2423 2425/2425
f 2564/2564 2423/2423 2565/2565
f 2565/2565 2425/2425 2567/2567
f 2567/2567 2566/2566 2565/2565
f 2426/2426 2567/2567 2425/2425
f 2552/2552 2566/2566 2556/2556
f 2566/2566 2567/2567 2568/2568
f 2566/2566 2568/2568 2556/2556
f 2569/2569 2568/2568 2567/2567
f 2567/2567 2426/2426 2569/2569
f 2568/2568 2569/2569 2570/2570
f 2568/2568 2570/2570 2571/2571
f 2571/2571 2556/2556 2568/2568
f 2460/2460 2572/2572 2450/2450
f 2426/2426 2573/2573 2569/2569
f 2460/2460 2459/2459 2574/2574
f 2574/2574 2575/2575 2460/2460
f 2457/2457 2574/2574 2459/2459
f 2575/2575 2574/2574 2576/2576
f 2574/2574 2577/2577 2576/2576
f 2457/2457 2577/2577 2574/2574
f 2578/2578 2576/2576 2577/2577
f 2579/2579 2578/2578 2577/2577
f 2580/2580 2579/2579 2577/2577
f 2457/2457 2581/2581 2577/2577
f 2577/2577 2581/2581 2580/2580
f 2570/2570 2582/2582 2571/2571
f 2583/2583 2584/2584 2585/2585
f 2585/2585 2586/2586 2583/2583
f 2587/2587 2554/2554 2557/2557
f 2588/2588 2584/2584 2583/2583
f 2583/2583 2589/2589 2588/2588
f 2348/2348 2105/2105 2106/2106
f 2105/2105 2348/2348 2132/2132
f 2133/2133 2139/2139 2590/2590
f 2590/2590 2130/2130 2133/2133
f 2591/2591 2590/2590 2139/2139
f 2592/2592 2593/2593 2594/2594
f 2139/2139 2138/2138 2595/2595
f 2348/2348 2596/2596 2597/2597
f 2597/2597 2132/2132 2348/2348
f 2598/2598 2175/2175 2170/2170
f 2170/2170 2131/2131 2598/2598
f 2175/2175 2598/2598 2599/2599
f 2175/2175 2599/2599 2246/2246
f 2600/2600 2597/2597 2596/2596
f 2368/2368 2367/2367 2601/2601
f 2596/2596 2602/2602 2600/2600
f 2598/2598 2131/2131 2130/2130
f 2130/2130 2590/2590 2598/2598
f 2597/2597 2137/2137 2132/2132
f 2599/2599 2598/2598 2590/2590
f 2590/2590 2591/2591 2599/2599
f 2137/2137 2597/2597 2212/2212
f 2593/2593 2603/2603 2604/2604
f 2592/2592 2603/2603 2593/2593
f 2605/2605 2604/2604 2603/2603
f 2606/2606 2605/2605 2603/2603
f 2607/2607 2606/2606 2603/2603
f 2603/2603 2592/2592 2607/2607
f 2608/2608 2609/2609 2610/2610
f 2611/2611 2608/2608 2610/2610
f 2610/2610 2612/2612 2611/2611
f 2609/2609 2608/2608 2613/2613
f 2614/2614 2214/2214 2213/2213
f 2608/2608 2615/2615 2616/2616
f 2611/2611 2615/2615 2608/2608
f 2616/2616 2613/2613 2608/2608
f 2604/2604 2605/2605 2617/2617
f 2605/2605 2606/2606 2618/2618
f 2605/2605 2618/2618 2619/2619
f 2620/2620 2617/2617 2605/2605
f 2619/2619 2620/2620 2605/2605
f 2606/2606 2615/2615 2618/2618
f 2607/2607 2615/2615 2606/2606
f 2621/2621 2618/2618 2615/2615
f 2615/2615 2607/2607 2616/2616
f 2615/2615 2611/2611 2621/2621
f 2618/2618 2621/2621 2622/2622
f 2618/2618 2622/2622 2623/2623
f 2623/2623 2619/2619 2618/2618
f 2197/2197 2196/2196 2624/2624
f 2625/2625 2210/2210 2214/2214
f 2214/2214 2614/2614 2625/2625
f 2237/2237 2196/2196 2195/2195
f 2626/2626 2624/2624 2196/2196
f 2627/2627 2626/2626 2196/2196
f 2237/2237 2627/2627 2196/2196
f 2210/2210 2625/2625 2232/2232
f 2232/2232 2215/2215 2210/2210
f 2616/2616 2628/2628 2629/2629
f 2629/2629 2628/2628 2630/2630
f 2629/2629 2613/2613 2616/2616
f 2631/2631 2613/2613 2629/2629
f 2632/2632 2631/2631 2629/2629
f 2629/2629 2630/2630 2632/2632
f 2607/2607 2628/2628 2616/2616
f 2627/2627 2237/2237 2239/2239
f 2633/2633 2232/2232 2625/2625
f 2238/2238 2634/2634 2239/2239
f 2232/2232 2633/2633 2635/2635
f 2636/2636 2231/2231 2233/2233
f 2637/2637 2255/2255 2636/2636
f 2638/2638 2234/2234 2231/2231
f 2231/2231 2636/2636 2638/2638
f 2234/2234 2638/2638 2639/2639
f 2640/2640 2235/2235 2234/2234
f 2639/2639 2640/2640 2234/2234
f 2254/2254 2636/2636 2255/2255
f 2254/2254 2638/2638 2636/2636
f 2641/2641 2642/2642 2643/2643
f 2644/2644 2642/2642 2641/2641
f 2641/2641 2645/2645 2646/2646
f 2643/2643 2645/2645 2641/2641
f 2641/2641 2646/2646 2647/2647
f 2641/2641 2647/2647 2644/2644
f 2648/2648 2643/2643 2642/2642
f 2649/2649 2650/2650 2651/2651
f 2652/2652 2650/2650 2649/2649
f 2653/2653 2654/2654 2655/2655
f 2544/2544 2601/2601 2367/2367
f 2601/2601 2544/2544 2656/2656
f 2601/2601 2656/2656 2657/2657
f 2658/2658 2612/2612 2659/2659
f 2560/2560 2656/2656 2544/2544
f 2660/2660 2657/2657 2656/2656
f 2656/2656 2560/2560 2661/2661
f 2656/2656 2661/2661 2660/2660
f 2620/2620 2662/2662 2617/2617
f 2662/2662 2620/2620 2663/2663
f 2664/2664 2244/2244 2249/2249
f 2612/2612 2658/2658 2665/2665
f 2665/2665 2611/2611 2612/2612
f 2620/2620 2619/2619 2663/2663
f 2666/2666 2665/2665 2658/2658
f 2658/2658 2667/2667 2666/2666
f 2665/2665 2621/2621 2611/2611
f 2621/2621 2665/2665 2622/2622
f 2666/2666 2622/2622 2665/2665
f 2668/2668 2623/2623 2622/2622
f 2622/2622 2666/2666 2668/2668
f 2669/2669 2663/2663 2619/2619
f 2623/2623 2669/2669 2619/2619
f 2244/2244 2664/2664 2251/2251
f 2663/2663 2669/2669 2670/2670
f 2671/2671 2670/2670 2669/2669
f 2669/2669 2623/2623 2672/2672
f 2672/2672 2671/2671 2669/2669
f 2671/2671 2673/2673 2670/2670
f 2562/2562 2661/2661 2560/2560
f 2674/2674 2660/2660 2661/2661
f 2675/2675 2674/2674 2661/2661
f 2661/2661 2562/2562 2675/2675
f 2623/2623 2668/2668 2672/2672
f 2676/2676 2666/2666 2667/2667
f 2660/2660 2674/2674 2677/2677
f 2676/2676 2668/2668 2666/2666
f 2668/2668 2676/2676 2678/2678
f 2678/2678 2672/2672 2668/2668
f 2679/2679 2677/2677 2674/2674
f 2674/2674 2675/2675 2680/2680
f 2681/2681 2682/2682 2683/2683
f 2684/2684 2678/2678 2676/2676
f 2685/2685 2675/2675 2562/2562
f 2562/2562 2561/2561 2685/2685
f 2675/2675 2685/2685 2680/2680
f 2686/2686 2687/2687 2673/2673
f 2673/2673 2671/2671 2686/2686
f 2687/2687 2686/2686 2688/2688
f 2688/2688 2689/2689 2687/2687
f 2690/2690 2686/2686 2671/2671
f 2671/2671 2672/2672 2690/2690
f 2691/2691 2688/2688 2686/2686
f 2686/2686 2690/2690 2691/2691
f 2692/2692 2254/2254 2693/2693
f 2689/2689 2688/2688 2694/2694
f 2638/2638 2254/2254 2695/2695
f 2638/2638 2695/2695 2639/2639
f 2692/2692 2695/2695 2254/2254
f 2695/2695 2692/2692 2696/2696
f 2697/2697 2639/2639 2695/2695
f 2696/2696 2697/2697 2695/2695
f 2698/2698 2694/2694 2688/2688
f 2688/2688 2691/2691 2698/2698
f 2692/2692 2699/2699 2696/2696
f 2672/2672 2678/2678 2690/2690
f 2700/2700 2690/2690 2678/2678
f 2701/2701 2702/2702 2703/2703
f 2703/2703 2682/2682 2701/2701
f 2700/2700 2691/2691 2690/2690
f 2704/2704 2702/2702 2705/2705
f 2705/2705 2706/2706 2704/2704
f 2701/2701 2705/2705 2702/2702
f 2706/2706 2705/2705 2707/2707
f 2699/2699 2708/2708 2709/2709
f 2709/2709 2696/2696 2699/2699
f 2705/2705 2701/2701 2710/2710
f 2705/2705 2710/2710 2707/2707
f 2681/2681 2711/2711 2682/2682
f 2682/2682 2711/2711 2701/2701
f 2712/2712 2711/2711 2713/2713
f 2713/2713 2711/2711 2681/2681
f 2713/2713 2714/2714 2712/2712
f 2715/2715 2714/2714 2713/2713
f 2713/2713 2716/2716 2715/2715
f 2681/2681 2716/2716 2713/2713
f 2711/2711 2712/2712 2645/2645
f 2717/2717 2701/2701 2711/2711
f 2645/2645 2717/2717 2711/2711
f 2586/2586 2714/2714 2715/2715
f 2718/2718 2714/2714 2586/2586
f 2715/2715 2583/2583 2586/2586
f 2579/2579 2580/2580 2719/2719
f 2720/2720 2712/2712 2714/2714
f 2714/2714 2718/2718 2720/2720
f 2646/2646 2645/2645 2712/2712
f 2720/2720 2646/2646 2712/2712
f 2715/2715 2716/2716 2589/2589
f 2589/2589 2583/2583 2715/2715
f 2701/2701 2717/2717 2710/2710
f 2721/2721 2710/2710 2717/2717
f 2643/2643 2721/2721 2717/2717
f 2717/2717 2645/2645 2643/2643
f 2721/2721 2707/2707 2710/2710
f 2708/2708 2722/2722 2723/2723
f 2723/2723 2709/2709 2708/2708
f 2721/2721 2643/2643 2648/2648
f 2655/2655 2723/2723 2722/2722
f 2646/2646 2724/2724 2647/2647
f 2720/2720 2724/2724 2646/2646
f 2529/2529 2725/2725 2527/2527
f 2725/2725 2529/2529 2726/2726
f 2727/2727 2529/2529 20/20
f 41/41 40/40 2728/2728
f 2529/2529 2727/2727 2726/2726
f 2729/2729 2728/2728 40/40
f 40/40 43/43 2729/2729
f 2730/2730 2726/2726 2727/2727
f 2731/2731 2730/2730 2727/2727
f 56/56 2732/2732 57/57
f 2733/2733 57/57 2732/2732
f 57/57 2733/2733 80/80
f 2730/2730 2731/2731 2734/2734
f 2735/2735 80/80 2733/2733
f 2736/2736 2737/2737 70/70
f 70/70 69/69 2736/2736
f 2737/2737 2736/2736 2738/2738
f 2739/2739 2736/2736 69/69
f 69/69 2740/2740 2739/2739
f 2741/2741 2738/2738 2736/2736
f 2739/2739 2741/2741 2736/2736
f 84/84 2738/2738 85/85
f 2741/2741 85/85 2738/2738
f 85/85 2741/2741 2742/2742
f 2742/2742 2743/2743 85/85
f 2741/2741 2739/2739 2742/2742
f 2744/2744 2739/2739 2740/2740
f 2745/2745 2742/2742 2739/2739
f 2739/2739 2744/2744 2745/2745
f 2743/2743 2742/2742 2746/2746
f 2747/2747 2746/2746 2742/2742
f 2742/2742 2745/2745 2747/2747
f 1143/1143 1144/1144 2748/2748
f 2748/2748 1144/1144 2749/2749
f 2750/2750 1143/1143 2748/2748
f 2751/2751 2750/2750 2748/2748
f 2748/2748 2749/2749 2751/2751
f 2752/2752 1142/1142 1141/1141
f 1141/1141 1143/1143 2750/2750
f 1141/1141 2750/2750 2752/2752
f 2753/2753 1140/1140 1142/1142
f 1142/1142 2752/2752 2753/2753
f 1140/1140 2753/2753 2754/2754
f 2754/2754 1169/1169 1140/1140
f 1144/1144 1297/1297 2749/2749
f 2755/2755 2752/2752 2750/2750
f 2751/2751 2755/2755 2750/2750
f 2752/2752 2755/2755 2756/2756
f 2756/2756 2753/2753 2752/2752
f 2757/2757 2756/2756 2755/2755
f 2755/2755 2751/2751 2758/2758
f 2755/2755 2758/2758 2757/2757
f 2753/2753 2756/2756 2759/2759
f 2753/2753 2759/2759 2754/2754
f 2760/2760 2759/2759 2756/2756
f 2756/2756 2757/2757 2760/2760
f 2759/2759 2761/2761 2754/2754
f 2762/2762 2761/2761 2759/2759
f 2759/2759 2760/2760 2762/2762
f 2763/2763 2754/2754 2761/2761
f 2764/2764 2763/2763 2761/2761
f 2761/2761 2762/2762 2765/2765
f 2761/2761 2765/2765 2764/2764
f 2766/2766 1171/1171 1168/1168
f 1169/1169 2766/2766 1168/1168
f 1171/1171 2766/2766 1173/1173
f 2766/2766 1169/1169 2767/2767
f 2767/2767 1173/1173 2766/2766
f 2754/2754 2767/2767 1169/1169
f 1173/1173 2767/2767 1174/1174
f 2763/2763 1174/1174 2767/2767
f 2767/2767 2754/2754 2763/2763
f 1174/1174 2763/2763 2768/2768
f 2768/2768 1423/1423 1174/1174
f 2764/2764 2768/2768 2763/2763
f 1238/1238 1239/1239 2769/2769
f 2770/2770 1233/1233 1238/1238
f 1238/1238 2769/2769 2770/2770
f 1239/1239 434/434 2771/2771
f 2771/2771 2769/2769 1239/1239
f 2772/2772 1235/1235 1233/1233
f 2770/2770 2772/2772 1233/1233
f 2773/2773 1263/1263 1235/1235
f 2772/2772 2773/2773 1235/1235
f 2774/2774 1266/1266 1265/1265
f 1265/1265 1264/1264 2774/2774
f 1266/1266 2774/2774 2775/2775
f 1266/1266 2775/2775 1315/1315
f 1264/1264 1263/1263 2776/2776
f 2776/2776 2774/2774 1264/1264
f 1263/1263 2773/2773 2776/2776
f 2777/2777 1267/1267 1268/1268
f 1267/1267 2777/2777 2778/2778
f 2779/2779 1294/1294 1267/1267
f 1267/1267 2778/2778 2779/2779
f 2780/2780 2776/2776 2773/2773
f 2773/2773 2772/2772 2781/2781
f 2781/2781 2780/2780 2773/2773
f 2774/2774 2776/2776 2782/2782
f 2782/2782 2775/2775 2774/2774
f 2780/2780 2782/2782 2776/2776
f 2772/2772 2770/2770 2783/2783
f 2783/2783 2781/2781 2772/2772
f 2784/2784 2778/2778 2777/2777
f 434/434 2200/2200 2771/2771
f 2785/2785 2770/2770 2769/2769
f 2786/2786 2785/2785 2769/2769
f 2771/2771 2786/2786 2769/2769
f 2770/2770 2785/2785 2783/2783
f 2785/2785 2786/2786 2787/2787
f 2788/2788 2783/2783 2785/2785
f 2787/2787 2788/2788 2785/2785
f 2786/2786 2771/2771 2789/2789
f 2790/2790 2787/2787 2786/2786
f 2786/2786 2789/2789 2791/2791
f 2791/2791 2790/2790 2786/2786
f 2789/2789 2771/2771 2200/2200
f 2200/2200 2792/2792 2789/2789
f 2205/2205 2792/2792 2200/2200
f 2779/2779 1295/1295 1294/1294
f 1295/1295 2779/2779 2793/2793
f 2793/2793 1303/1303 1295/1295
f 2775/2775 2782/2782 2794/2794
f 2775/2775 2794/2794 1315/1315
f 2795/2795 2794/2794 2782/2782
f 2782/2782 2780/2780 2796/2796
f 2782/2782 2796/2796 2795/2795
f 2794/2794 2795/2795 1315/1315
f 2797/2797 2779/2779 2778/2778
f 2778/2778 2784/2784 2797/2797
f 2779/2779 2797/2797 2793/2793
f 2798/2798 2749/2749 1297/1297
f 2799/2799 2798/2798 1297/1297
f 1333/1333 2799/2799 1297/1297
f 2798/2798 2751/2751 2749/2749
f 2800/2800 1302/1302 1303/1303
f 1303/1303 2793/2793 2800/2800
f 1302/1302 2800/2800 2801/2801
f 2801/2801 1305/1305 1302/1302
f 2802/2802 2797/2797 2784/2784
f 2803/2803 2793/2793 2797/2797
f 2797/2797 2802/2802 2803/2803
f 2803/2803 2800/2800 2793/2793
f 2800/2800 2803/2803 2804/2804
f 2804/2804 2801/2801 2800/2800
f 1305/1305 2801/2801 2805/2805
f 1305/1305 2805/2805 1310/1310
f 2780/2780 2781/2781 2806/2806
f 2806/2806 2796/2796 2780/2780
f 2781/2781 2783/2783 2807/2807
f 2807/2807 2806/2806 2781/2781
f 2788/2788 2807/2807 2783/2783
f 2798/2798 2795/2795 2796/2796
f 2796/2796 2806/2806 2751/2751
f 2796/2796 2751/2751 2798/2798
f 2795/2795 2798/2798 1315/1315
f 2758/2758 2751/2751 2806/2806
f 2806/2806 2807/2807 2758/2758
f 2807/2807 2788/2788 2808/2808
f 2808/2808 2758/2758 2807/2807
f 2788/2788 2787/2787 2809/2809
f 2809/2809 2808/2808 2788/2788
f 2810/2810 2809/2809 2787/2787
f 2787/2787 2790/2790 2811/2811
f 2811/2811 2810/2810 2787/2787
f 2799/2799 1315/1315 2798/2798
f 2808/2808 2757/2757 2758/2758
f 2757/2757 2808/2808 2760/2760
f 2809/2809 2760/2760 2808/2808
f 2809/2809 2762/2762 2760/2760
f 2762/2762 2809/2809 2810/2810
f 2762/2762 2810/2810 2765/2765
f 2812/2812 2803/2803 2802/2802
f 1315/1315 2799/2799 1313/1313
f 2812/2812 2804/2804 2803/2803
f 1334/1334 1313/1313 2799/2799
f 1333/1333 1334/1334 2799/2799
f 2813/2813 2805/2805 2801/2801
f 2801/2801 2804/2804 2813/2813
f 2805/2805 2813/2813 2814/2814
f 2814/2814 1310/1310 2805/2805
f 2804/2804 2815/2815 2813/2813
f 2812/2812 2815/2815 2804/2804
f 2816/2816 2817/2817 2813/2813
f 1328/1328 2817/2817 2816/2816
f 2813/2813 2815/2815 2816/2816
f 2816/2816 1332/1332 1328/1328
f 2814/2814 2813/2813 2817/2817
f 2817/2817 1330/1330 2814/2814
f 1328/1328 1330/1330 2817/2817
f 2814/2814 1330/1330 1310/1310
f 2818/2818 2789/2789 2792/2792
f 2819/2819 2818/2818 2792/2792
f 2792/2792 2205/2205 2819/2819
f 2789/2789 2818/2818 2791/2791
f 2820/2820 2791/2791 2818/2818
f 2821/2821 2820/2820 2818/2818
f 2818/2818 2819/2819 2821/2821
f 2790/2790 2822/2822 2811/2811
f 2791/2791 2822/2822 2790/2790
f 2823/2823 2811/2811 2822/2822
f 2824/2824 2823/2823 2822/2822
f 2822/2822 2791/2791 2825/2825
f 2822/2822 2825/2825 2824/2824
f 2826/2826 2765/2765 2810/2810
f 2810/2810 2811/2811 2826/2826
f 2765/2765 2826/2826 2827/2827
f 2828/2828 2764/2764 2765/2765
f 2827/2827 2828/2828 2765/2765
f 2811/2811 2823/2823 2826/2826
f 2829/2829 2826/2826 2823/2823
f 2830/2830 2831/2831 2832/2832
f 2823/2823 2824/2824 2833/2833
f 2826/2826 2829/2829 2827/2827
f 2791/2791 2820/2820 2825/2825
f 2831/2831 2830/2830 2834/2834
f 2835/2835 2836/2836 2831/2831
f 2837/2837 2835/2835 2831/2831
f 2834/2834 2837/2837 2831/2831
f 2838/2838 2825/2825 2820/2820
f 2820/2820 2839/2839 2838/2838
f 2821/2821 2839/2839 2820/2820
f 2825/2825 2838/2838 2840/2840
f 2840/2840 2824/2824 2825/2825
f 2841/2841 2838/2838 2839/2839
f 2839/2839 2821/2821 2842/2842
f 2842/2842 2841/2841 2839/2839
f 2843/2843 2844/2844 2845/2845
f 2845/2845 2846/2846 2843/2843
f 2847/2847 2830/2830 2848/2848
f 2848/2848 2844/2844 2847/2847
f 2830/2830 2847/2847 2849/2849
f 2849/2849 2834/2834 2830/2830
f 2850/2850 2847/2847 2844/2844
f 2844/2844 2843/2843 2850/2850
f 2851/2851 2849/2849 2847/2847
f 2850/2850 2851/2851 2847/2847
f 2236/2236 2819/2819 2205/2205
f 2852/2852 2821/2821 2819/2819
f 2853/2853 2235/2235 2640/2640
f 2853/2853 2640/2640 2854/2854
f 2852/2852 2855/2855 2821/2821
f 2821/2821 2855/2855 2842/2842
f 2856/2856 2854/2854 2640/2640
f 2857/2857 2856/2856 2640/2640
f 2640/2640 2639/2639 2857/2857
f 2858/2858 1424/1424 1427/1427
f 1423/1423 2768/2768 2859/2859
f 1424/1424 2858/2858 2860/2860
f 1424/1424 2860/2860 1431/1431
f 2861/2861 2858/2858 2862/2862
f 2768/2768 2764/2764 2863/2863
f 2862/2862 2864/2864 2861/2861
f 2858/2858 2861/2861 2865/2865
f 2865/2865 2860/2860 2858/2858
f 2828/2828 2863/2863 2764/2764
f 2866/2866 2861/2861 2864/2864
f 2864/2864 2867/2867 2835/2835
f 2868/2868 2866/2866 2864/2864
f 2835/2835 2868/2868 2864/2864
f 2861/2861 2869/2869 2865/2865
f 2866/2866 2869/2869 2861/2861
f 2860/2860 2865/2865 2870/2870
f 2870/2870 1431/1431 2860/2860
f 2871/2871 2872/2872 2873/2873
f 2874/2874 2872/2872 2871/2871
f 2873/2873 2875/2875 2871/2871
f 2871/2871 2875/2875 2876/2876
f 2871/2871 2876/2876 2874/2874
f 2877/2877 2865/2865 2869/2869
f 2878/2878 2873/2873 2872/2872
f 2879/2879 2878/2878 2872/2872
f 2880/2880 2879/2879 2872/2872
f 2881/2881 2877/2877 2869/2869
f 2869/2869 2866/2866 2882/2882
f 2872/2872 2874/2874 2880/2880
f 2869/2869 2882/2882 2883/2883
f 2869/2869 2883/2883 2881/2881
f 2877/2877 2870/2870 2865/2865
f 2884/2884 2876/2876 2875/2875
f 2885/2885 2886/2886 2887/2887
f 2886/2886 2885/2885 2888/2888
f 2888/2888 2889/2889 2886/2886
f 2879/2879 2880/2880 2890/2890
f 2885/2885 2891/2891 2888/2888
f 2870/2870 1434/1434 1431/1431
f 1434/1434 2870/2870 2892/2892
f 1434/1434 2892/2892 1458/1458
f 2870/2870 2877/2877 2892/2892
f 2893/2893 2892/2892 2877/2877
f 2881/2881 2893/2893 2877/2877
f 2889/2889 2888/2888 2894/2894
f 2894/2894 2895/2895 2889/2889
f 2892/2892 2893/2893 2896/2896
f 2896/2896 1458/1458 2892/2892
f 2893/2893 2881/2881 2897/2897
f 2893/2893 2897/2897 2898/2898
f 2893/2893 2898/2898 2899/2899
f 2899/2899 2896/2896 2893/2893
f 2867/2867 2836/2836 2835/2835
f 2866/2866 2868/2868 2882/2882
f 2900/2900 2874/2874 2876/2876
f 2876/2876 2884/2884 2901/2901
f 2876/2876 2901/2901 2900/2900
f 2890/2890 2880/2880 2874/2874
f 2874/2874 2900/2900 2902/2902
f 2903/2903 2890/2890 2874/2874
f 2874/2874 2902/2902 2903/2903
f 2884/2884 2904/2904 2901/2901
f 2905/2905 2901/2901 2904/2904
f 2906/2906 2905/2905 2904/2904
f 2868/2868 2835/2835 2837/2837
f 2868/2868 2837/2837 2907/2907
f 2907/2907 2882/2882 2868/2868
f 2901/2901 2905/2905 2900/2900
f 2906/2906 2908/2908 2905/2905
f 2905/2905 2908/2908 2909/2909
f 2909/2909 2900/2900 2905/2905
f 2837/2837 2834/2834 2910/2910
f 2911/2911 2907/2907 2837/2837
f 2837/2837 2910/2910 2911/2911
f 2908/2908 2906/2906 2912/2912
f 2913/2913 2909/2909 2908/2908
f 2908/2908 2912/2912 2913/2913
f 2849/2849 2910/2910 2834/2834
f 2914/2914 2902/2902 2900/2900
f 2909/2909 2914/2914 2900/2900
f 2907/2907 2883/2883 2882/2882
f 2883/2883 2907/2907 2915/2915
f 2915/2915 2881/2881 2883/2883
f 2891/2891 2916/2916 2917/2917
f 2891/2891 2917/2917 2918/2918
f 2918/2918 2888/2888 2891/2891
f 2919/2919 2903/2903 2902/2902
f 2902/2902 2914/2914 2919/2919
f 2916/2916 2920/2920 2917/2917
f 2907/2907 2911/2911 2921/2921
f 2921/2921 2915/2915 2907/2907
f 2922/2922 2919/2919 2914/2914
f 2914/2914 2909/2909 2923/2923
f 2914/2914 2923/2923 2922/2922
f 2924/2924 2917/2917 2920/2920
f 2925/2925 2924/2924 2920/2920
f 2920/2920 2926/2926 2927/2927
f 2927/2927 2925/2925 2920/2920
f 2917/2917 2924/2924 2918/2918
f 2924/2924 2925/2925 2928/2928
f 2929/2929 2918/2918 2924/2924
f 2928/2928 2929/2929 2924/2924
f 2909/2909 2913/2913 2923/2923
f 2930/2930 2913/2913 2912/2912
f 2913/2913 2930/2930 2931/2931
f 2913/2913 2931/2931 2923/2923
f 2932/2932 2911/2911 2910/2910
f 2910/2910 2849/2849 2932/2932
f 2933/2933 2931/2931 2930/2930
f 2934/2934 2923/2923 2931/2931
f 2933/2933 2934/2934 2931/2931
f 2923/2923 2934/2934 2935/2935
f 2936/2936 2922/2922 2923/2923
f 2923/2923 2935/2935 2936/2936
f 2911/2911 2932/2932 2937/2937
f 2938/2938 2921/2921 2911/2911
f 2911/2911 2937/2937 2938/2938
f 2851/2851 2932/2932 2849/2849
f 2939/2939 2935/2935 2934/2934
f 2934/2934 2933/2933 2939/2939
f 2851/2851 2937/2937 2932/2932
f 2940/2940 2927/2927 2926/2926
f 2925/2925 2927/2927 2941/2941
f 2925/2925 2941/2941 2928/2928
f 2940/2940 2941/2941 2927/2927
f 2941/2941 2940/2940 2942/2942
f 2943/2943 2928/2928 2941/2941
f 2941/2941 2942/2942 2943/2943
f 2944/2944 2940/2940 2945/2945
f 2935/2935 2939/2939 2946/2946
f 2947/2947 2944/2944 2945/2945
f 2940/2940 2944/2944 2942/2942
f 2918/2918 2894/2894 2888/2888
f 2915/2915 2897/2897 2881/2881
f 2895/2895 2894/2894 2948/2948
f 2895/2895 2948/2948 2949/2949
f 2894/2894 2918/2918 2948/2948
f 2929/2929 2948/2948 2918/2918
f 2897/2897 2915/2915 2950/2950
f 2897/2897 2950/2950 2951/2951
f 2951/2951 2898/2898 2897/2897
f 2952/2952 2949/2949 2948/2948
f 2948/2948 2929/2929 2952/2952
f 2949/2949 2952/2952 2953/2953
f 2954/2954 2952/2952 2929/2929
f 2929/2929 2928/2928 2954/2954
f 2921/2921 2950/2950 2915/2915
f 2954/2954 2953/2953 2952/2952
f 2950/2950 2921/2921 2955/2955
f 2950/2950 2955/2955 2951/2951
f 2953/2953 2954/2954 2956/2956
f 2951/2951 2957/2957 2898/2898
f 2898/2898 2957/2957 2899/2899
f 2958/2958 2954/2954 2928/2928
f 2943/2943 2958/2958 2928/2928
f 2954/2954 2958/2958 2956/2956
f 2938/2938 2955/2955 2921/2921
f 2955/2955 2938/2938 2959/2959
f 2955/2955 2959/2959 2960/2960
f 2961/2961 2956/2956 2958/2958
f 2943/2943 2961/2961 2958/2958
f 2960/2960 2951/2951 2955/2955
f 2959/2959 2938/2938 2937/2937
f 2962/2962 2959/2959 2937/2937
f 2937/2937 2851/2851 2963/2963
f 2937/2937 2963/2963 2962/2962
f 2944/2944 2947/2947 2964/2964
f 2964/2964 2942/2942 2944/2944
f 2942/2942 2964/2964 2965/2965
f 2942/2942 2965/2965 2943/2943
f 2962/2962 2960/2960 2959/2959
f 2957/2957 2951/2951 2966/2966
f 2957/2957 2966/2966 2967/2967
f 2968/2968 2899/2899 2957/2957
f 2967/2967 2968/2968 2957/2957
f 2943/2943 2965/2965 2961/2961
f 2951/2951 2960/2960 2966/2966
f 2969/2969 2966/2966 2960/2960
f 2970/2970 2969/2969 2960/2960
f 2960/2960 2962/2962 2970/2970
f 2966/2966 2969/2969 2971/2971
f 2971/2971 2967/2967 2966/2966
f 2972/2972 2973/2973 2969/2969
f 2969/2969 2973/2973 2971/2971
f 2969/2969 2970/2970 2972/2972
f 2973/2973 2972/2972 2974/2974
f 2974/2974 2971/2971 2973/2973
f 2975/2975 2854/2854 2976/2976
f 2975/2975 2976/2976 2977/2977
f 2854/2854 2856/2856 2976/2976
f 2978/2978 2976/2976 2856/2856
f 2856/2856 2857/2857 2979/2979
f 2979/2979 2980/2980 2856/2856
f 2856/2856 2980/2980 2978/2978
f 2981/2981 2977/2977 2976/2976
f 2978/2978 2981/2981 2976/2976
f 2982/2982 2983/2983 2984/2984
f 2985/2985 2843/2843 2846/2846
f 2986/2986 2987/2987 2988/2988
f 2977/2977 2981/2981 2986/2986
f 2843/2843 2985/2985 2989/2989
f 2989/2989 2850/2850 2843/2843
f 2990/2990 2986/2986 2981/2981
f 2981/2981 2978/2978 2990/2990
f 2987/2987 2986/2986 2991/2991
f 2987/2987 2991/2991 2992/2992
f 2992/2992 2993/2993 2987/2987
f 2994/2994 2991/2991 2986/2986
f 2986/2986 2990/2990 2994/2994
f 2995/2995 2992/2992 2991/2991
f 2991/2991 2994/2994 2996/2996
f 2991/2991 2996/2996 2995/2995
f 2851/2851 2850/2850 2997/2997
f 2997/2997 2963/2963 2851/2851
f 2850/2850 2989/2989 2997/2997
f 2998/2998 2962/2962 2963/2963
f 2963/2963 2997/2997 2998/2998
f 2962/2962 2998/2998 2999/2999
f 2962/2962 2999/2999 2970/2970
f 3000/3000 2997/2997 2989/2989
f 2993/2993 2992/2992 3001/3001
f 3002/3002 2998/2998 2997/2997
f 3003/3003 3001/3001 3004/3004
f 2998/2998 3002/3002 2999/2999
f 3005/3005 3001/3001 2992/2992
f 2992/2992 2995/2995 3005/3005
f 3006/3006 3004/3004 3001/3001
f 3001/3001 3005/3005 3006/3006
f 3007/3007 2999/2999 3002/3002
f 3008/3008 3009/3009 3004/3004
f 3004/3004 3006/3006 3008/3008
f 3007/3007 2970/2970 2999/2999
f 2970/2970 3007/3007 3010/3010
f 2970/2970 3010/3010 2972/2972
f 3011/3011 3012/3012 3009/3009
f 3008/3008 3011/3011 3009/3009
f 3013/3013 2972/2972 3010/3010
f 3012/3012 3011/3011 3014/3014
f 3015/3015 3013/3013 3010/3010
f 3013/3013 2974/2974 2972/2972
f 2896/2896 1456/1456 1458/1458
f 1456/1456 2896/2896 3016/3016
f 3016/3016 1460/1460 1456/1456
f 2899/2899 3016/3016 2896/2896
f 1469/1469 3017/3017 3018/3018
f 1469/1469 3018/3018 1466/1466
f 2968/2968 3019/3019 3016/3016
f 3016/3016 2899/2899 2968/2968
f 3020/3020 1466/1466 3018/3018
f 3021/3021 3020/3020 3018/3018
f 3018/3018 3022/3022 3021/3021
f 1466/1466 3020/3020 1473/1473
f 3020/3020 3021/3021 3023/3023
f 3020/3020 3023/3023 3024/3024
f 3025/3025 1473/1473 3020/3020
f 3024/3024 3025/3025 3020/3020
f 2968/2968 2967/2967 3026/3026
f 3027/3027 3021/3021 3028/3028
f 2967/2967 2971/2971 3029/3029
f 3027/3027 3023/3023 3021/3021
f 3023/3023 3027/3027 3030/3030
f 3023/3023 3030/3030 3024/3024
f 2971/2971 3031/3031 3029/3029
f 2974/2974 3031/3031 2971/2971
f 3030/3030 3027/3027 3032/3032
f 3033/3033 3030/3030 3032/3032
f 3032/3032 3034/3034 3035/3035
f 3035/3035 3033/3033 3032/3032
f 3036/3036 3037/3037 3030/3030
f 3030/3030 3037/3037 3024/3024
f 3033/3033 3036/3036 3030/3030
f 3034/3034 3038/3038 3035/3035
f 3039/3039 2651/2651 2650/2650
f 2015/2015 3039/3039 2650/2650
f 2650/2650 2652/2652 2009/2009
f 2650/2650 2009/2009 2015/2015
f 2651/2651 3039/3039 3040/3040
f 2651/2651 3040/3040 3041/3041
f 3042/3042 2655/2655 2654/2654
f 3041/3041 3043/3043 2651/2651
f 3039/3039 3044/3044 3045/3045
f 2016/2016 3044/3044 3039/3039
f 3039/3039 3045/3045 3040/3040
f 3039/3039 2015/2015 2016/2016
f 3046/3046 3045/3045 3044/3044
f 3044/3044 1576/1576 3047/3047
f 2016/2016 1576/1576 3044/3044
f 3044/3044 3047/3047 3046/3046
f 3048/3048 3040/3040 3045/3045
f 3045/3045 3046/3046 3049/3049
f 3049/3049 3048/3048 3045/3045
f 3048/3048 3041/3041 3040/3040
f 1576/1576 1578/1578 3047/3047
f 1578/1578 1575/1575 3050/3050
f 3051/3051 3047/3047 1578/1578
f 3050/3050 3051/3051 1578/1578
f 3052/3052 3050/3050 1575/1575
f 1575/1575 1721/1721 3052/3052
f 3053/3053 3046/3046 3047/3047
f 3047/3047 3051/3051 3053/3053
f 3046/3046 3053/3053 3054/3054
f 3054/3054 3049/3049 3046/3046
f 3051/3051 3050/3050 3055/3055
f 3055/3055 3053/3053 3051/3051
f 3056/3056 3055/3055 3050/3050
f 3050/3050 3052/3052 3056/3056
f 3053/3053 3055/3055 3057/3057
f 3057/3057 3054/3054 3053/3053
f 3056/3056 3057/3057 3055/3055
f 2697/2697 2857/2857 2639/2639
f 2857/2857 2697/2697 3058/3058
f 3058/3058 2979/2979 2857/2857
f 3059/3059 3058/3058 2697/2697
f 2697/2697 2696/2696 3059/3059
f 2980/2980 2979/2979 3060/3060
f 3061/3061 2978/2978 2980/2980
f 3060/3060 3061/3061 2980/2980
f 2979/2979 3058/3058 3062/3062
f 3063/3063 3060/3060 2979/2979
f 3062/3062 3063/3063 2979/2979
f 3058/3058 3059/3059 3062/3062
f 3061/3061 2990/2990 2978/2978
f 2990/2990 3061/3061 3064/3064
f 2990/2990 3064/3064 2994/2994
f 3060/3060 3064/3064 3061/3061
f 3065/3065 2994/2994 3064/3064
f 3066/3066 3065/3065 3064/3064
f 3064/3064 3060/3060 3066/3066
f 2994/2994 3065/3065 2996/2996
f 3067/3067 2996/2996 3065/3065
f 3065/3065 3066/3066 3067/3067
f 2996/2996 3067/3067 3068/3068
f 3068/3068 2995/2995 2996/2996
f 3060/3060 3063/3063 3069/3069
f 3069/3069 3066/3066 3060/3060
f 3063/3063 3062/3062 3070/3070
f 3071/3071 3069/3069 3063/3063
f 3063/3063 3070/3070 3071/3071
f 3072/3072 3067/3067 3066/3066
f 3066/3066 3069/3069 3072/3072
f 3067/3067 3072/3072 3068/3068
f 2709/2709 3059/3059 2696/2696
f 3073/3073 3062/3062 3059/3059
f 3059/3059 2709/2709 3073/3073
f 3062/3062 3073/3073 3074/3074
f 3062/3062 3074/3074 3070/3070
f 2723/2723 3073/3073 2709/2709
f 3075/3075 3074/3074 3073/3073
f 3073/3073 2723/2723 3075/3075
f 3071/3071 3070/3070 3074/3074
f 3076/3076 3071/3071 3074/3074
f 3077/3077 3076/3076 3074/3074
f 3074/3074 3075/3075 3077/3077
f 3069/3069 3071/3071 3072/3072
f 3078/3078 3072/3072 3071/3071
f 3071/3071 3076/3076 3078/3078
f 3072/3072 3078/3078 3079/3079
f 3079/3079 3068/3068 3072/3072
f 3080/3080 3078/3078 3076/3076
f 3076/3076 3077/3077 3080/3080
f 3081/3081 3079/3079 3078/3078
f 3082/3082 3083/3083 3084/3084
f 3084/3084 3085/3085 3082/3082
f 3086/3086 3005/3005 2995/2995
f 2995/2995 3068/3068 3086/3086
f 3087/3087 3006/3006 3005/3005
f 3005/3005 3086/3086 3087/3087
f 3006/3006 3087/3087 3088/3088
f 3006/3006 3088/3088 3008/3008
f 3079/3079 3086/3086 3068/3068
f 3089/3089 3087/3087 3086/3086
f 3086/3086 3079/3079 3089/3089
f 3090/3090 3088/3088 3087/3087
f 3089/3089 3090/3090 3087/3087
f 3091/3091 3008/3008 3088/3088
f 3092/3092 3093/3093 3094/3094
f 3094/3094 3095/3095 3092/3092
f 3096/3096 3097/3097 3098/3098
f 3011/3011 3008/3008 3091/3091
f 3098/3098 3093/3093 3096/3096
f 3038/3038 3099/3099 3035/3035
f 3097/3097 3096/3096 3100/3100
f 3101/3101 3035/3035 3099/3099
f 3102/3102 3101/3101 3099/3099
f 3103/3103 3096/3096 3093/3093
f 3093/3093 3092/3092 3103/3103
f 3096/3096 3103/3103 3104/3104
f 3104/3104 3100/3100 3096/3096
f 3105/3105 3089/3089 3079/3079
f 3106/3106 3083/3083 3107/3107
f 3095/3095 3108/3108 3109/3109
f 3095/3095 3109/3109 3110/3110
f 3110/3110 3092/3092 3095/3095
f 3108/3108 3107/3107 3109/3109
f 3111/3111 3107/3107 3083/3083
f 3083/3083 3082/3082 3111/3111
f 3112/3112 3109/3109 3107/3107
f 3107/3107 3111/3111 3112/3112
f 3113/3113 3110/3110 3109/3109
f 3109/3109 3112/3112 3113/3113
f 3114/3114 3103/3103 3092/3092
f 3092/3092 3110/3110 3114/3114
f 3103/3103 3114/3114 3115/3115
f 3115/3115 3104/3104 3103/3103
f 3116/3116 3114/3114 3110/3110
f 3113/3113 3116/3116 3110/3110
f 3114/3114 3116/3116 3117/3117
f 3114/3114 3117/3117 3115/3115
f 3042/3042 3075/3075 2723/2723
f 2723/2723 2655/2655 3042/3042
f 3042/3042 3077/3077 3075/3075
f 3118/3118 3080/3080 3077/3077
f 3077/3077 3042/3042 3118/3118
f 3085/3085 3041/3041 3048/3048
f 3085/3085 3048/3048 3082/3082
f 3048/3048 3049/3049 3082/3082
f 3049/3049 3054/3054 3111/3111
f 3111/3111 3082/3082 3049/3049
f 3112/3112 3111/3111 3054/3054
f 3057/3057 3112/3112 3054/3054
f 3112/3112 3057/3057 3113/3113
f 3113/3113 3119/3119 3116/3116
f 3116/3116 3119/3119 3120/3120
f 3120/3120 3117/3117 3116/3116
f 3057/3057 3119/3119 3113/3113
f 3056/3056 3119/3119 3057/3057
f 3056/3056 3121/3121 3119/3119
f 3119/3119 3121/3121 3120/3120
f 3025/3025 1696/1696 1473/1473
f 3122/3122 1702/1702 1696/1696
f 1696/1696 3025/3025 3122/3122
f 1702/1702 3122/3122 3123/3123
f 1702/1702 3123/3123 3124/3124
f 3124/3124 1700/1700 1702/1702
f 3024/3024 3122/3122 3025/3025
f 3125/3125 3123/3123 3122/3122
f 3122/3122 3024/3024 3126/3126
f 3122/3122 3126/3126 3125/3125
f 3127/3127 3124/3124 3123/3123
f 3123/3123 3125/3125 3127/3127
f 3124/3124 1709/1709 1700/1700
f 1709/1709 3124/3124 3128/3128
f 1709/1709 3128/3128 1707/1707
f 3129/3129 3128/3128 3124/3124
f 3124/3124 3127/3127 3129/3129
f 3128/3128 3129/3129 3130/3130
f 3131/3131 1707/1707 3128/3128
f 3130/3130 3131/3131 3128/3128
f 3037/3037 3036/3036 3132/3132
f 3037/3037 3132/3132 3133/3133
f 3134/3134 3024/3024 3037/3037
f 3133/3133 3134/3134 3037/3037
f 3036/3036 3033/3033 3132/3132
f 3135/3135 3132/3132 3033/3033
f 3033/3033 3035/3035 3101/3101
f 3033/3033 3101/3101 3135/3135
f 3132/3132 3136/3136 3133/3133
f 3137/3137 3136/3136 3132/3132
f 3132/3132 3135/3135 3137/3137
f 3138/3138 3133/3133 3136/3136
f 3139/3139 3138/3138 3136/3136
f 3136/3136 3137/3137 3139/3139
f 3134/3134 3126/3126 3024/3024
f 3134/3134 3125/3125 3126/3126
f 3125/3125 3134/3134 3133/3133
f 3125/3125 3133/3133 3140/3140
f 3140/3140 3127/3127 3125/3125
f 3138/3138 3140/3140 3133/3133
f 3127/3127 3140/3140 3141/3141
f 3141/3141 3129/3129 3127/3127
f 3140/3140 3142/3142 3141/3141
f 3143/3143 3142/3142 3140/3140
f 3140/3140 3138/3138 3143/3143
f 3129/3129 3141/3141 3144/3144
f 3129/3129 3144/3144 3130/3130
f 3145/3145 3141/3141 3142/3142
f 3142/3142 3143/3143 3146/3146
f 3142/3142 3146/3146 3147/3147
f 3147/3147 3145/3145 3142/3142
f 3141/3141 3145/3145 3144/3144
f 3148/3148 3143/3143 3138/3138
f 3139/3139 3148/3148 3138/3138
f 3148/3148 3146/3146 3143/3143
f 3146/3146 3148/3148 3149/3149
f 3150/3150 3147/3147 3146/3146
f 3146/3146 3151/3151 3150/3150
f 3149/3149 3151/3151 3146/3146
f 3148/3148 3139/3139 3149/3149
f 3152/3152 3153/3153 3154/3154
f 3145/3145 3147/3147 3155/3155
f 3152/3152 3156/3156 3153/3153
f 3153/3153 3156/3156 3157/3157
f 3158/3158 3155/3155 3147/3147
f 3159/3159 3158/3158 3147/3147
f 3147/3147 3150/3150 3159/3159
f 3151/3151 3160/3160 3150/3150
f 3161/3161 3160/3160 3151/3151
f 3151/3151 3149/3149 3161/3161
f 3162/3162 3150/3150 3160/3160
f 3160/3160 3161/3161 3163/3163
f 3160/3160 3163/3163 3162/3162
f 1720/1720 1707/1707 3131/3131
f 1717/1717 3164/3164 3165/3165
f 3165/3165 1722/1722 1717/1717
f 3157/3157 3165/3165 3164/3164
f 3166/3166 1721/1721 1722/1722
f 1722/1722 3165/3165 3166/3166
f 3166/3166 3052/3052 1721/1721
f 3165/3165 3167/3167 3121/3121
f 3157/3157 3167/3167 3165/3165
f 3165/3165 3121/3121 3166/3166
f 3156/3156 3167/3167 3157/3157
f 3168/3168 3167/3167 3156/3156
f 3156/3156 3152/3152 3169/3169
f 3156/3156 3169/3169 3168/3168
f 3120/3120 3121/3121 3167/3167
f 3168/3168 3120/3120 3167/3167
f 3155/3155 3158/3158 3170/3170
f 3171/3171 3170/3170 3158/3158
f 3159/3159 3171/3171 3158/3158
f 3121/3121 3052/3052 3166/3166
f 3056/3056 3052/3052 3121/3121
f 3172/3172 3159/3159 3150/3150
f 3173/3173 3172/3172 3150/3150
f 3162/3162 3173/3173 3150/3150
f 3101/3101 3102/3102 3135/3135
f 3174/3174 3135/3135 3102/3102
f 3100/3100 3104/3104 3175/3175
f 3176/3176 3137/3137 3135/3135
f 3174/3174 3176/3176 3135/3135
f 3137/3137 3177/3177 3139/3139
f 3176/3176 3177/3177 3137/3137
f 3178/3178 3139/3139 3177/3177
f 3177/3177 3176/3176 3179/3179
f 3177/3177 3179/3179 3180/3180
f 3177/3177 3180/3180 3178/3178
f 3181/3181 3149/3149 3139/3139
f 3178/3178 3181/3181 3139/3139
f 3182/3182 3175/3175 3104/3104
f 3115/3115 3182/3182 3104/3104
f 3176/3176 3174/3174 3183/3183
f 3176/3176 3183/3183 3179/3179
f 3182/3182 3184/3184 3175/3175
f 3184/3184 3182/3182 3185/3185
f 3186/3186 3187/3187 3188/3188
f 3183/3183 3189/3189 3190/3190
f 3190/3190 3179/3179 3183/3183
f 3182/3182 3191/3191 3185/3185
f 3115/3115 3191/3191 3182/3182
f 3117/3117 3191/3191 3115/3115
f 3168/3168 3191/3191 3117/3117
f 3117/3117 3120/3120 3168/3168
f 3169/3169 3185/3185 3191/3191
f 3168/3168 3169/3169 3191/3191
f 3171/3171 3188/3188 3187/3187
f 3187/3187 3170/3170 3171/3171
f 3192/3192 3190/3190 3189/3189
f 3171/3171 3193/3193 3188/3188
f 3179/3179 3190/3190 3194/3194
f 3194/3194 3180/3180 3179/3179
f 3190/3190 3192/3192 3194/3194
f 3180/3180 3194/3194 3195/3195
f 3196/3196 3178/3178 3180/3180
f 3195/3195 3196/3196 3180/3180
f 3192/3192 3197/3197 3194/3194
f 3171/3171 3198/3198 3193/3193
f 3195/3195 3194/3194 3197/3197
f 3199/3199 3195/3195 3197/3197
f 3198/3198 3171/3171 3200/3200
f 3181/3181 3161/3161 3149/3149
f 3161/3161 3181/3181 3201/3201
f 3201/3201 3163/3163 3161/3161
f 3181/3181 3178/3178 3202/3202
f 3181/3181 3202/3202 3203/3203
f 3181/3181 3203/3203 3201/3201
f 3196/3196 3202/3202 3178/3178
f 3202/3202 3196/3196 3204/3204
f 3204/3204 3203/3203 3202/3202
f 3196/3196 3195/3195 3205/3205
f 3196/3196 3205/3205 3204/3204
f 3199/3199 3205/3205 3195/3195
f 3203/3203 3204/3204 3206/3206
f 3207/3207 3201/3201 3203/3203
f 3206/3206 3207/3207 3203/3203
f 3208/3208 3204/3204 3205/3205
f 3205/3205 3199/3199 3209/3209
f 3205/3205 3209/3209 3208/3208
f 3204/3204 3210/3210 3206/3206
f 3208/3208 3210/3210 3204/3204
f 3211/3211 3206/3206 3210/3210
f 3210/3210 3208/3208 3212/3212
f 3210/3210 3212/3212 3211/3211
f 3163/3163 3201/3201 3213/3213
f 3163/3163 3213/3213 3162/3162
f 3207/3207 3213/3213 3201/3201
f 3213/3213 3207/3207 3214/3214
f 3215/3215 3162/3162 3213/3213
f 3214/3214 3215/3215 3213/3213
f 3207/3207 3206/3206 3216/3216
f 3207/3207 3216/3216 3214/3214
f 3211/3211 3216/3216 3206/3206
f 3217/3217 3214/3214 3216/3216
f 3218/3218 3217/3217 3216/3216
f 3219/3219 3218/3218 3216/3216
f 3216/3216 3211/3211 3219/3219
f 3220/3220 3200/3200 3171/3171
f 3171/3171 3159/3159 3220/3220
f 3200/3200 3220/3220 3221/3221
f 3159/3159 3172/3172 3220/3220
f 3222/3222 3220/3220 3172/3172
f 3172/3172 3173/3173 3222/3222
f 3220/3220 3222/3222 3223/3223
f 3223/3223 3221/3221 3220/3220
f 3224/3224 3222/3222 3173/3173
f 3225/3225 3224/3224 3173/3173
f 3173/3173 3162/3162 3225/3225
f 3222/3222 3224/3224 3223/3223
f 3226/3226 3227/3227 3228/3228
f 3229/3229 3226/3226 3228/3228
f 3228/3228 3230/3230 3229/3229
f 3209/3209 3231/3231 3232/3232
f 3232/3232 3208/3208 3209/3209
f 3226/3226 3233/3233 3227/3227
f 3208/3208 3232/3232 3212/3212
f 3233/3233 3226/3226 3234/3234
f 3233/3233 3234/3234 3235/3235
f 3236/3236 3237/3237 3238/3238
f 3226/3226 3229/3229 3239/3239
f 3226/3226 3239/3239 3234/3234
f 3240/3240 3225/3225 3162/3162
f 3162/3162 3215/3215 3240/3240
f 3230/3230 3241/3241 3229/3229
f 3242/3242 3241/3241 3243/3243
f 3244/3244 3245/3245 3246/3246
f 3247/3247 3242/3242 3243/3243
f 3248/3248 3229/3229 3241/3241
f 3241/3241 3242/3242 3248/3248
f 3229/3229 3248/3248 3239/3239
f 3249/3249 3246/3246 3245/3245
f 3242/3242 3247/3247 3250/3250
f 3251/3251 3248/3248 3242/3242
f 3242/3242 3250/3250 3251/3251
f 3246/3246 3249/3249 3252/3252
f 3247/3247 3253/3253 3250/3250
f 3249/3249 3254/3254 3255/3255
f 3255/3255 3252/3252 3249/3249
f 3256/3256 3255/3255 3254/3254
f 3254/3254 3257/3257 3258/3258
f 3258/3258 3256/3256 3254/3254
f 3252/3252 3255/3255 3259/3259
f 3260/3260 3250/3250 3253/3253
f 3261/3261 3260/3260 3253/3253
f 3255/3255 3256/3256 3262/3262
f 3262/3262 3259/3259 3255/3255
f 3263/3263 3239/3239 3248/3248
f 3251/3251 3263/3263 3248/3248
f 3263/3263 3234/3234 3239/3239
f 3234/3234 3263/3263 3264/3264
f 3264/3264 3235/3235 3234/3234
f 3263/3263 3251/3251 3265/3265
f 3266/3266 3267/3267 3268/3268
f 3268/3268 3269/3269 3266/3266
f 3260/3260 3251/3251 3250/3250
f 3251/3251 3260/3260 3265/3265
f 3270/3270 3267/3267 3271/3271
f 3271/3271 3272/3272 3270/3270
f 3273/3273 3268/3268 3267/3267
f 3267/3267 3270/3270 3273/3273
f 3274/3274 3211/3211 3212/3212
f 3236/3236 3275/3275 3237/3237
f 3274/3274 3219/3219 3211/3211
f 3257/3257 3275/3275 3276/3276
f 3276/3276 3258/3258 3257/3257
f 3275/3275 3236/3236 3277/3277
f 3275/3275 3277/3277 3276/3276
f 3258/3258 3278/3278 3256/3256
f 3256/3256 3278/3278 3262/3262
f 3278/3278 3258/3258 3279/3279
f 3280/3280 3262/3262 3278/3278
f 3278/3278 3279/3279 3280/3280
f 3258/3258 3276/3276 3281/3281
f 3281/3281 3279/3279 3258/3258
f 3269/3269 3282/3282 3283/3283
f 3282/3282 3269/3269 3284/3284
f 3285/3285 3276/3276 3277/3277
f 3282/3282 3284/3284 3286/3286
f 3269/3269 3268/3268 3284/3284
f 3285/3285 3281/3281 3276/3276
f 3259/3259 3262/3262 3287/3287
f 3272/3272 3288/3288 3270/3270
f 3280/3280 3287/3287 3262/3262
f 3289/3289 3270/3270 3288/3288
f 3288/3288 3290/3290 3291/3291
f 3288/3288 3291/3291 3289/3289
f 3292/3292 3284/3284 3268/3268
f 3268/3268 3273/3273 3292/3292
f 3292/3292 3286/3286 3284/3284
f 3289/3289 3273/3273 3270/3270
f 3293/3293 3292/3292 3273/3273
f 3273/3273 3289/3289 3293/3293
f 3279/3279 3281/3281 3294/3294
f 3294/3294 3280/3280 3279/3279
f 3295/3295 3294/3294 3281/3281
f 3281/3281 3285/3285 3295/3295
f 3290/3290 3296/3296 3297/3297
f 3297/3297 3291/3291 3290/3290
f 3296/3296 3298/3298 3299/3299
f 3299/3299 3297/3297 3296/3296
f 3292/3292 3298/3298 3286/3286
f 3298/3298 3292/3292 3299/3299
f 3300/3300 3289/3289 3291/3291
f 3291/3291 3297/3297 3300/3300
f 3292/3292 3293/3293 3299/3299
f 3300/3300 3293/3293 3289/3289
f 3300/3300 3299/3299 3293/3293
f 3297/3297 3299/3299 3300/3300
f 1842/1842 2451/2451 1816/1816
f 2451/2451 1842/1842 3301/3301
f 3301/3301 2452/2452 2451/2451
f 1833/1833 3302/3302 1834/1834
f 3303/3303 3304/3304 1836/1836
f 1836/1836 1835/1835 3305/3305
f 1836/1836 3305/3305 3303/3303
f 3306/3306 1838/1838 3307/3307
f 3308/3308 3309/3309 3304/3304
f 3310/3310 3308/3308 3304/3304
f 3303/3303 3310/3310 3304/3304
f 1838/1838 3306/3306 1839/1839
f 1929/1929 3301/3301 1842/1842
f 3311/3311 3312/3312 3313/3313
f 3314/3314 3315/3315 3316/3316
f 3317/3317 3314/3314 3316/3316
f 3313/3313 3318/3318 3311/3311
f 3312/3312 3319/3319 3320/3320
f 3312/3312 3320/3320 3313/3313
f 3319/3319 3321/3321 3320/3320
f 3322/3322 3315/3315 3323/3323
f 3323/3323 3324/3324 3322/3322
f 3314/3314 3323/3323 3315/3315
f 2452/2452 3301/3301 2581/2581
f 2452/2452 2581/2581 2457/2457
f 3325/3325 2581/2581 3301/3301
f 3301/3301 1929/1929 3325/3325
f 2581/2581 3325/3325 2580/2580
f 3326/3326 3327/3327 3328/3328
f 3329/3329 3330/3330 3331/3331
f 3332/3332 3328/3328 3327/3327
f 3333/3333 3332/3332 3327/3327
f 3331/3331 3330/3330 3334/3334
f 3334/3334 3335/3335 3331/3331
f 3328/3328 3332/3332 3336/3336
f 3336/3336 1849/1849 3328/3328
f 3337/3337 3336/3336 3332/3332
f 3332/3332 3333/3333 3337/3337
f 1849/1849 3336/3336 3338/3338
f 3338/3338 1850/1850 1849/1849
f 3336/3336 3337/3337 3339/3339
f 3339/3339 3338/3338 3336/3336
f 3340/3340 3331/3331 3335/3335
f 3341/3341 1862/1862 3337/3337
f 3339/3339 3337/3337 1862/1862
f 1862/1862 1861/1861 3339/3339
f 3342/3342 3343/3343 3324/3324
f 3324/3324 3323/3323 3342/3342
f 3342/3342 3321/3321 3343/3343
f 3342/3342 3320/3320 3321/3321
f 3344/3344 3342/3342 3323/3323
f 3323/3323 3314/3314 3345/3345
f 3323/3323 3345/3345 3344/3344
f 3320/3320 3342/3342 3346/3346
f 3347/3347 3313/3313 3320/3320
f 3346/3346 3347/3347 3320/3320
f 3348/3348 3346/3346 3342/3342
f 3342/3342 3344/3344 3348/3348
f 1771/1771 3349/3349 1772/1772
f 3350/3350 3351/3351 1797/1797
f 1797/1797 1796/1796 3350/3350
f 3352/3352 3353/3353 3354/3354
f 3338/3338 3353/3353 3352/3352
f 3355/3355 1772/1772 3349/3349
f 3354/3354 3356/3356 3352/3352
f 3354/3354 3353/3353 3357/3357
f 3357/3357 3353/3353 1861/1861
f 3357/3357 3358/3358 3354/3354
f 3353/3353 3338/3338 3339/3339
f 3339/3339 1861/1861 3353/3353
f 3359/3359 1746/1746 1745/1745
f 1745/1745 1752/1752 3360/3360
f 1745/1745 3360/3360 3359/3359
f 1747/1747 1746/1746 3361/3361
f 2744/2744 3362/3362 2745/2745
f 3359/3359 3361/3361 1746/1746
f 3363/3363 3364/3364 3365/3365
f 3365/3365 3364/3364 3366/3366
f 2747/2747 2745/2745 3362/3362
f 3367/3367 3368/3368 3364/3364
f 3367/3367 3364/3364 3369/3369
f 3370/3370 1780/1780 1779/1779
f 3366/3366 3368/3368 3371/3371
f 3366/3366 3364/3364 3368/3368
f 3364/3364 3363/3363 3369/3369
f 3369/3369 3363/3363 3356/3356
f 3356/3356 3354/3354 3369/3369
f 3369/3369 3354/3354 3358/3358
f 1928/1928 1936/1936 3372/3372
f 3373/3373 1936/1936 1921/1921
f 3374/3374 3373/3373 1921/1921
f 1942/1942 3375/3375 1924/1924
f 3314/3314 3317/3317 3376/3376
f 3314/3314 3376/3376 3377/3377
f 3377/3377 3345/3345 3314/3314
f 3373/3373 3372/3372 1936/1936
f 3325/3325 3378/3378 2580/2580
f 3373/3373 3374/3374 3379/3379
f 2719/2719 2580/2580 3378/3378
f 3375/3375 1942/1942 2724/2724
f 3375/3375 2724/2724 2720/2720
f 2720/2720 2718/2718 3375/3375
f 3318/3318 3313/3313 3380/3380
f 3380/3380 3381/3381 3318/3318
f 3382/3382 3380/3380 3313/3313
f 3383/3383 3382/3382 3313/3313
f 3313/3313 3347/3347 3383/3383
f 1942/1942 1951/1951 2724/2724
f 1951/1951 3384/3384 2647/2647
f 2647/2647 2724/2724 1951/1951
f 2644/2644 2647/2647 3384/3384
f 2009/2009 2652/2652 1949/1949
f 3385/3385 3386/3386 3387/3387
f 3388/3388 3377/3377 3376/3376
f 3389/3389 3390/3390 3391/3391
f 3392/3392 3390/3390 3389/3389
f 3393/3393 3392/3392 3389/3389
f 3386/3386 3394/3394 3395/3395
f 3386/3386 3396/3396 3387/3387
f 3395/3395 3396/3396 3386/3386
f 3382/3382 3383/3383 3397/3397
f 3382/3382 3397/3397 3398/3398
f 3382/3382 3398/3398 3399/3399
f 3394/3394 3400/3400 3395/3395
f 3345/3345 3377/3377 3401/3401
f 3345/3345 3401/3401 3344/3344
f 3402/3402 3383/3383 3347/3347
f 3346/3346 3402/3402 3347/3347
f 3383/3383 3402/3402 3397/3397
f 3388/3388 3401/3401 3377/3377
f 3346/3346 3403/3403 3402/3402
f 3402/3402 3403/3403 3397/3397
f 3401/3401 3403/3403 3344/3344
f 3388/3388 3403/3403 3401/3401
f 3403/3403 3346/3346 3348/3348
f 3348/3348 3344/3344 3403/3403
f 3404/3404 3397/3397 3403/3403
f 3403/3403 3388/3388 3404/3404
f 3405/3405 3391/3391 3390/3390
f 3406/3406 3407/3407 3408/3408
f 3408/3408 3407/3407 3409/3409
f 3397/3397 3404/3404 3410/3410
f 3410/3410 3398/3398 3397/3397
f 3409/3409 3411/3411 3412/3412
f 3411/3411 3409/3409 3413/3413
f 3413/3413 3414/3414 3411/3411
f 3415/3415 3407/3407 3416/3416
f 3414/3414 3407/3407 3415/3415
f 3406/3406 3417/3417 3407/3407
f 3407/3407 3417/3417 3416/3416
f 3413/3413 3409/3409 3407/3407
f 3407/3407 3414/3414 3413/3413
f 3418/3418 3419/3419 3420/3420
f 3421/3421 3422/3422 3418/3418
f 3418/3418 3420/3420 3423/3423
f 3418/3418 3423/3423 3421/3421
f 3424/3424 3425/3425 3426/3426
f 3424/3424 3426/3426 3427/3427
f 3428/3428 3429/3429 3430/3430
f 3431/3431 3428/3428 3430/3430
f 3432/3432 3433/3433 3434/3434
f 3434/3434 3435/3435 3432/3432
f 3425/3425 3436/3436 3426/3426
f 3428/3428 3437/3437 3429/3429
f 3437/3437 3428/3428 3438/3438
f 3439/3439 3426/3426 3436/3436
f 3440/3440 3439/3439 3436/3436
f 3438/3438 3441/3441 3437/3437
f 3431/3431 3438/3438 3428/3428
f 3426/3426 3439/3439 3427/3427
f 3439/3439 3440/3440 3442/3442
f 3442/3442 3427/3427 3439/3439
f 3441/3441 3438/3438 3443/3443
f 3444/3444 3442/3442 3440/3440
f 3443/3443 3445/3445 3441/3441
f 3438/3438 3431/3431 3443/3443
f 3446/3446 3423/3423 3420/3420
f 3447/3447 3448/3448 3427/3427
f 3442/3442 3447/3447 3427/3427
f 3449/3449 3421/3421 3423/3423
f 3423/3423 3446/3446 3450/3450
f 3423/3423 3450/3450 3449/3449
f 3431/3431 3451/3451 3452/3452
f 3431/3431 3452/3452 3443/3443
f 3453/3453 3454/3454 3448/3448
f 3447/3447 3453/3453 3448/3448
f 3455/3455 3456/3456 3457/3457
f 3457/3457 3451/3451 3455/3455
f 3453/3453 3447/3447 3458/3458
f 3459/3459 3457/3457 3456/3456
f 3460/3460 3458/3458 3447/3447
f 3447/3447 3442/3442 3461/3461
f 3447/3447 3461/3461 3460/3460
f 3451/3451 3457/3457 3462/3462
f 3451/3451 3462/3462 3452/3452
f 3459/3459 3462/3462 3457/3457
f 3462/3462 3459/3459 3452/3452
f 3463/3463 3452/3452 3459/3459
f 3459/3459 3464/3464 3463/3463
f 3463/3463 3443/3443 3452/3452
f 3442/3442 3444/3444 3465/3465
f 3465/3465 3461/3461 3442/3442
f 3445/3445 3443/3443 3466/3466
f 3445/3445 3466/3466 3467/3467
f 3468/3468 3465/3465 3444/3444
f 3465/3465 3460/3460 3461/3461
f 3469/3469 3466/3466 3443/3443
f 3463/3463 3469/3469 3443/3443
f 3466/3466 3469/3469 3467/3467
f 3469/3469 3464/3464 3467/3467
f 3463/3463 3464/3464 3469/3469
f 3460/3460 3465/3465 3468/3468
f 1061/1061 1055/1055 1053/1053
f 1064/1064 1084/1084 3470/3470
f 1084/1084 1086/1086 3470/3470
f 3471/3471 1337/1337 1055/1055
f 3471/3471 1335/1335 1337/1337
f 3471/3471 1340/1340 1335/1335
f 3471/3471 1348/1348 1340/1340
f 3471/3471 1374/1374 1348/1348
f 1086/1086 1397/1397 3472/3472
f 1397/1397 1396/1396 3472/3472
f 1396/1396 1400/1400 3472/3472
f 1400/1400 1402/1402 3472/3472
f 1402/1402 1404/1404 3472/3472
f 3473/3473 1373/1373 1374/1374
f 3473/3473 1384/1384 1373/1373
f 3473/3473 1387/1387 1384/1384
f 1404/1404 1392/1392 1388/1388
f 1392/1392 1391/1391 1388/1388
f 1227/1227 1255/1255 1223/1223
f 1255/1255 1224/1224 1223/1223
f 1227/1227 3474/3474 1255/1255
f 3475/3475 2777/2777 1268/1268
f 1227/1227 1277/1277 3476/3476
f 3477/3477 2784/2784 2777/2777
f 3477/3477 2802/2802 2784/2784
f 3477/3477 2812/2812 2802/2802
f 1277/1277 1283/1283 3478/3478
f 1283/1283 1316/1316 3478/3478
f 1316/1316 1319/1319 3478/3478
f 3479/3479 3480/3480 2812/2812
f 3480/3480 1332/1332 2812/2812
f 1332/1332 2816/2816 2812/2812
f 2816/2816 2815/2815 2812/2812
f 3480/3480 1329/1329 1332/1332
f 2878/2878 3481/3481 2873/2873
f 2887/2887 2886/2886 2889/2889
f 3481/3481 2875/2875 2873/2873
f 3481/3481 2884/2884 2875/2875
f 2889/2889 2895/2895 3482/3482
f 2895/2895 2949/2949 3482/3482
f 2949/2949 2953/2953 3482/3482
f 2953/2953 2956/2956 3482/3482
f 2956/2956 2961/2961 3482/3482
f 2961/2961 2965/2965 3482/3482
f 3483/3483 2904/2904 2884/2884
f 3483/3483 2906/2906 2904/2904
f 3483/3483 2912/2912 2906/2906
f 3483/3483 2930/2930 2912/2912
f 2965/2965 2964/2964 3484/3484
f 2964/2964 2947/2947 3484/3484
f 2946/2946 2939/2939 2930/2930
f 2939/2939 2933/2933 2930/2930

